// <auto-generated/>
// Generated by the shader compiler. Do not edit.
#nullable enable

using System;
using System.Collections.Generic;
using NFMWorld.Shaders;

namespace NFMWorld.Shaders.Generated;

internal static class GroundFullbright
{
    /// <summary>SPIR-V for the Vertex stage (entry point <c>VertexShaderFunction</c>).</summary>
    private static ReadOnlyMemory<byte> VertexSpirv => new byte[]
    {
        0x03, 0x02, 0x23, 0x07, 0x00, 0x03, 0x01, 0x00, 0x0b, 0x00, 0x0d, 0x00, 0x88, 0x00, 0x00, 0x00,
        0x00, 0x00, 0x00, 0x00, 0x11, 0x00, 0x02, 0x00, 0x01, 0x00, 0x00, 0x00, 0x0b, 0x00, 0x06, 0x00,
        0x03, 0x00, 0x00, 0x00, 0x47, 0x4c, 0x53, 0x4c, 0x2e, 0x73, 0x74, 0x64, 0x2e, 0x34, 0x35, 0x30,
        0x00, 0x00, 0x00, 0x00, 0x0e, 0x00, 0x03, 0x00, 0x00, 0x00, 0x00, 0x00, 0x01, 0x00, 0x00, 0x00,
        0x0f, 0x00, 0x0f, 0x00, 0x00, 0x00, 0x00, 0x00, 0x06, 0x00, 0x00, 0x00, 0x56, 0x65, 0x72, 0x74,
        0x65, 0x78, 0x53, 0x68, 0x61, 0x64, 0x65, 0x72, 0x46, 0x75, 0x6e, 0x63, 0x74, 0x69, 0x6f, 0x6e,
        0x00, 0x00, 0x00, 0x00, 0x48, 0x00, 0x00, 0x00, 0x4c, 0x00, 0x00, 0x00, 0x55, 0x00, 0x00, 0x00,
        0x58, 0x00, 0x00, 0x00, 0x5b, 0x00, 0x00, 0x00, 0x5f, 0x00, 0x00, 0x00, 0x07, 0x00, 0x0b, 0x00,
        0x01, 0x00, 0x00, 0x00, 0x6e, 0x66, 0x6d, 0x2d, 0x77, 0x6f, 0x72, 0x6c, 0x64, 0x2f, 0x64, 0x61,
        0x74, 0x61, 0x2f, 0x73, 0x68, 0x61, 0x64, 0x65, 0x72, 0x73, 0x5c, 0x47, 0x72, 0x6f, 0x75, 0x6e,
        0x64, 0x2e, 0x66, 0x78, 0x00, 0x00, 0x00, 0x00, 0x07, 0x00, 0x05, 0x00, 0x02, 0x00, 0x00, 0x00,
        0x2e, 0x2f, 0x4d, 0x61, 0x64, 0x2e, 0x66, 0x78, 0x68, 0x00, 0x00, 0x00, 0x03, 0x00, 0x80, 0x01,
        0x05, 0x00, 0x00, 0x00, 0xf4, 0x01, 0x00, 0x00, 0x01, 0x00, 0x00, 0x00, 0x23, 0x69, 0x66, 0x20,
        0x4f, 0x50, 0x45, 0x4e, 0x47, 0x4c, 0x0a, 0x09, 0x23, 0x64, 0x65, 0x66, 0x69, 0x6e, 0x65, 0x20,
        0x53, 0x56, 0x5f, 0x50, 0x4f, 0x53, 0x49, 0x54, 0x49, 0x4f, 0x4e, 0x20, 0x50, 0x4f, 0x53, 0x49,
        0x54, 0x49, 0x4f, 0x4e, 0x0a, 0x09, 0x23, 0x64, 0x65, 0x66, 0x69, 0x6e, 0x65, 0x20, 0x56, 0x53,
        0x5f, 0x53, 0x48, 0x41, 0x44, 0x45, 0x52, 0x4d, 0x4f, 0x44, 0x45, 0x4c, 0x20, 0x76, 0x73, 0x5f,
        0x33, 0x5f, 0x30, 0x0a, 0x09, 0x23, 0x64, 0x65, 0x66, 0x69, 0x6e, 0x65, 0x20, 0x50, 0x53, 0x5f,
        0x53, 0x48, 0x41, 0x44, 0x45, 0x52, 0x4d, 0x4f, 0x44, 0x45, 0x4c, 0x20, 0x70, 0x73, 0x5f, 0x33,
        0x5f, 0x30, 0x0a, 0x23, 0x65, 0x6c, 0x73, 0x65, 0x0a, 0x09, 0x23, 0x64, 0x65, 0x66, 0x69, 0x6e,
        0x65, 0x20, 0x56, 0x53, 0x5f, 0x53, 0x48, 0x41, 0x44, 0x45, 0x52, 0x4d, 0x4f, 0x44, 0x45, 0x4c,
        0x20, 0x76, 0x73, 0x5f, 0x33, 0x5f, 0x30, 0x0a, 0x09, 0x23, 0x64, 0x65, 0x66, 0x69, 0x6e, 0x65,
        0x20, 0x50, 0x53, 0x5f, 0x53, 0x48, 0x41, 0x44, 0x45, 0x52, 0x4d, 0x4f, 0x44, 0x45, 0x4c, 0x20,
        0x70, 0x73, 0x5f, 0x33, 0x5f, 0x30, 0x0a, 0x23, 0x65, 0x6e, 0x64, 0x69, 0x66, 0x0a, 0x0a, 0x23,
        0x69, 0x6e, 0x63, 0x6c, 0x75, 0x64, 0x65, 0x20, 0x22, 0x2e, 0x2f, 0x4d, 0x61, 0x64, 0x2e, 0x66,
        0x78, 0x68, 0x22, 0x0a, 0x0a, 0x66, 0x6c, 0x6f, 0x61, 0x74, 0x34, 0x78, 0x34, 0x20, 0x57, 0x6f,
        0x72, 0x6c, 0x64, 0x56, 0x69, 0x65, 0x77, 0x3b, 0x0a, 0x66, 0x6c, 0x6f, 0x61, 0x74, 0x34, 0x78,
        0x34, 0x20, 0x57, 0x6f, 0x72, 0x6c, 0x64, 0x56, 0x69, 0x65, 0x77, 0x50, 0x72, 0x6f, 0x6a, 0x3b,
        0x0a, 0x0a, 0x66, 0x6c, 0x6f, 0x61, 0x74, 0x33, 0x20, 0x46, 0x6f, 0x67, 0x43, 0x6f, 0x6c, 0x6f,
        0x72, 0x3b, 0x0a, 0x66, 0x6c, 0x6f, 0x61, 0x74, 0x20, 0x46, 0x6f, 0x67, 0x44, 0x69, 0x73, 0x74,
        0x61, 0x6e, 0x63, 0x65, 0x3b, 0x0a, 0x2f, 0x2f, 0x20, 0x6c, 0x6f, 0x67, 0x32, 0x20, 0x6f, 0x66,
        0x20, 0x74, 0x68, 0x65, 0x20, 0x6e, 0x6f, 0x72, 0x6d, 0x61, 0x6c, 0x69, 0x7a, 0x65, 0x64, 0x20,
        0x66, 0x6f, 0x67, 0x20, 0x64, 0x65, 0x6e, 0x73, 0x69, 0x74, 0x79, 0x20, 0x28, 0x73, 0x65, 0x65,
        0x20, 0x56, 0x53, 0x5f, 0x41, 0x70, 0x70, 0x6c, 0x79, 0x46, 0x6f, 0x67, 0x29, 0x0a, 0x66, 0x6c,
        0x6f, 0x61, 0x74, 0x20, 0x46, 0x6f, 0x67, 0x4c, 0x6f, 0x67, 0x44, 0x65, 0x6e, 0x73, 0x69, 0x74,
        0x79, 0x3b, 0x0a, 0x0a, 0x73, 0x74, 0x72, 0x75, 0x63, 0x74, 0x20, 0x56, 0x65, 0x72, 0x74, 0x65,
        0x78, 0x53, 0x68, 0x61, 0x64, 0x65, 0x72, 0x4f, 0x75, 0x74, 0x70, 0x75, 0x74, 0x0a, 0x7b, 0x0a,
        0x20, 0x20, 0x20, 0x20, 0x66, 0x6c, 0x6f, 0x61, 0x74, 0x34, 0x20, 0x50, 0x6f, 0x73, 0x69, 0x74,
        0x69, 0x6f, 0x6e, 0x20, 0x3a, 0x20, 0x53, 0x56, 0x5f, 0x50, 0x4f, 0x53, 0x49, 0x54, 0x49, 0x4f,
        0x4e, 0x3b, 0x20, 0x2f, 0x2f, 0x20, 0x56, 0x65, 0x72, 0x74, 0x65, 0x78, 0x20, 0x70, 0x6f, 0x73,
        0x69, 0x74, 0x69, 0x6f, 0x6e, 0x20, 0x69, 0x6e, 0x20, 0x73, 0x63, 0x72, 0x65, 0x65, 0x6e, 0x20,
        0x73, 0x70, 0x61, 0x63, 0x65, 0x0a, 0x20, 0x20, 0x20, 0x20, 0x66, 0x6c, 0x6f, 0x61, 0x74, 0x34,
        0x20, 0x43, 0x6f, 0x6c, 0x6f, 0x72, 0x20, 0x3a, 0x20, 0x43, 0x4f, 0x4c, 0x4f, 0x52, 0x30, 0x3b,
        0x20, 0x2f, 0x2f, 0x20, 0x56, 0x65, 0x72, 0x74, 0x65, 0x78, 0x20, 0x63, 0x6f, 0x6c, 0x6f, 0x72,
        0x0a, 0x20, 0x20, 0x20, 0x20, 0x66, 0x6c, 0x6f, 0x61, 0x74, 0x34, 0x20, 0x57, 0x6f, 0x72, 0x6c,
        0x64, 0x50, 0x6f, 0x73, 0x20, 0x3a, 0x20, 0x54, 0x45, 0x58, 0x43, 0x4f, 0x4f, 0x52, 0x44, 0x32,
        0x3b, 0x0a, 0x20, 0x20, 0x20, 0x20, 0x66, 0x6c, 0x6f, 0x61, 0x74, 0x20, 0x56, 0x69, 0x65, 0x77,
        0x4c, 0x65, 0x6e, 0x67, 0x74, 0x68, 0x20, 0x3a, 0x20, 0x54, 0x45, 0x58, 0x43, 0x4f, 0x4f, 0x52,
        0x44, 0x34, 0x3b, 0x0a, 0x7d, 0x3b, 0x0a, 0x0a, 0x56, 0x65, 0x72, 0x74, 0x65, 0x78, 0x53, 0x68,
        0x61, 0x64, 0x65, 0x72, 0x4f, 0x75, 0x74, 0x70, 0x75, 0x74, 0x20, 0x56, 0x65, 0x72, 0x74, 0x65,
        0x78, 0x53, 0x68, 0x61, 0x64, 0x65, 0x72, 0x46, 0x75, 0x6e, 0x63, 0x74, 0x69, 0x6f, 0x6e, 0x28,
        0x0a, 0x20, 0x20, 0x20, 0x20, 0x66, 0x6c, 0x6f, 0x61, 0x74, 0x34, 0x20, 0x50, 0x6f, 0x73, 0x69,
        0x74, 0x69, 0x6f, 0x6e, 0x20, 0x3a, 0x20, 0x50, 0x4f, 0x53, 0x49, 0x54, 0x49, 0x4f, 0x4e, 0x2c,
        0x20, 0x66, 0x6c, 0x6f, 0x61, 0x74, 0x33, 0x20, 0x43, 0x6f, 0x6c, 0x6f, 0x72, 0x20, 0x3a, 0x20,
        0x43, 0x4f, 0x4c, 0x4f, 0x52, 0x30, 0x29, 0x0a, 0x7b, 0x0a, 0x20, 0x20, 0x20, 0x20, 0x56, 0x65,
        0x72, 0x74, 0x65, 0x78, 0x53, 0x68, 0x61, 0x64, 0x65, 0x72, 0x4f, 0x75, 0x74, 0x70, 0x75, 0x74,
        0x20, 0x6f, 0x75, 0x74, 0x70, 0x75, 0x74, 0x3b, 0x0a, 0x20, 0x20, 0x20, 0x20, 0x6f, 0x75, 0x74,
        0x70, 0x75, 0x74, 0x2e, 0x50, 0x6f, 0x73, 0x69, 0x74, 0x69, 0x6f, 0x6e, 0x20, 0x3d, 0x20, 0x6d,
        0x75, 0x6c, 0x28, 0x50, 0x6f, 0x73, 0x69, 0x74, 0x69, 0x6f, 0x6e, 0x2c, 0x20, 0x57, 0x6f, 0x72,
        0x6c, 0x64, 0x56, 0x69, 0x65, 0x77, 0x50, 0x72, 0x6f, 0x6a, 0x29, 0x3b, 0x20, 0x2f, 0x2f, 0x20,
        0x54, 0x72, 0x61, 0x6e, 0x73, 0x66, 0x6f, 0x72, 0x6d, 0x20, 0x76, 0x65, 0x72, 0x74, 0x65, 0x78,
        0x20, 0x70, 0x6f, 0x73, 0x69, 0x74, 0x69, 0x6f, 0x6e, 0x0a, 0x0a, 0x20, 0x20, 0x20, 0x20, 0x66,
        0x6c, 0x6f, 0x61, 0x74, 0x33, 0x20, 0x63, 0x6f, 0x6c, 0x6f, 0x72, 0x20, 0x3d, 0x20, 0x43, 0x6f,
        0x6c, 0x6f, 0x72, 0x3b, 0x0a, 0x09, 0x66, 0x6c, 0x6f, 0x61, 0x74, 0x33, 0x20, 0x76, 0x69, 0x65,
        0x77, 0x50, 0x6f, 0x73, 0x20, 0x3d, 0x20, 0x6d, 0x75, 0x6c, 0x28, 0x50, 0x6f, 0x73, 0x69, 0x74,
        0x69, 0x6f, 0x6e, 0x2c, 0x20, 0x57, 0x6f, 0x72, 0x6c, 0x64, 0x56, 0x69, 0x65, 0x77, 0x29, 0x2e,
        0x78, 0x79, 0x7a, 0x3b, 0x0a, 0x20, 0x20, 0x20, 0x20, 0x6f, 0x75, 0x74, 0x70, 0x75, 0x74, 0x2e,
        0x56, 0x69, 0x65, 0x77, 0x4c, 0x65, 0x6e, 0x67, 0x74, 0x68, 0x20, 0x3d, 0x20, 0x6c, 0x65, 0x6e,
        0x67, 0x74, 0x68, 0x28, 0x76, 0x69, 0x65, 0x77, 0x50, 0x6f, 0x73, 0x29, 0x3b, 0x0a, 0x20, 0x20,
        0x20, 0x20, 0x2f, 0x2f, 0x20, 0x56, 0x53, 0x5f, 0x41, 0x70, 0x70, 0x6c, 0x79, 0x46, 0x6f, 0x67,
        0x28, 0x63, 0x6f, 0x6c, 0x6f, 0x72, 0x2c, 0x20, 0x76, 0x69, 0x65, 0x77, 0x50, 0x6f, 0x73, 0x2c,
        0x20, 0x46, 0x6f, 0x67, 0x43, 0x6f, 0x6c, 0x6f, 0x72, 0x2c, 0x20, 0x46, 0x6f, 0x67, 0x44, 0x69,
        0x73, 0x74, 0x61, 0x6e, 0x63, 0x65, 0x2c, 0x20, 0x46, 0x6f, 0x67, 0x4c, 0x6f, 0x67, 0x44, 0x65,
        0x6e, 0x73, 0x69, 0x74, 0x79, 0x29, 0x3b, 0x0a, 0x20, 0x20, 0x20, 0x20, 0x56, 0x53, 0x5f, 0x43,
        0x6f, 0x6c, 0x6f, 0x72, 0x43, 0x6f, 0x72, 0x72, 0x65, 0x63, 0x74, 0x28, 0x63, 0x6f, 0x6c, 0x6f,
        0x72, 0x29, 0x3b, 0x0a, 0x0a, 0x20, 0x20, 0x20, 0x20, 0x6f, 0x75, 0x74, 0x70, 0x75, 0x74, 0x2e,
        0x43, 0x6f, 0x6c, 0x6f, 0x72, 0x20, 0x3d, 0x20, 0x66, 0x6c, 0x6f, 0x61, 0x74, 0x34, 0x28, 0x63,
        0x6f, 0x6c, 0x6f, 0x72, 0x2c, 0x20, 0x31, 0x2e, 0x30, 0x29, 0x3b, 0x0a, 0x0a, 0x20, 0x20, 0x20,
        0x20, 0x2f, 0x2f, 0x20, 0x53, 0x61, 0x76, 0x65, 0x20, 0x74, 0x68, 0x65, 0x20, 0x76, 0x65, 0x72,
        0x74, 0x69, 0x63, 0x65, 0x73, 0x20, 0x70, 0x6f, 0x73, 0x74, 0x69, 0x6f, 0x6e, 0x20, 0x69, 0x6e,
        0x20, 0x77, 0x6f, 0x72, 0x6c, 0x64, 0x20, 0x73, 0x70, 0x61, 0x63, 0x65, 0x20, 0x28, 0x66, 0x6f,
        0x72, 0x20, 0x73, 0x68, 0x61, 0x64, 0x6f, 0x77, 0x20, 0x6d, 0x61, 0x70, 0x70, 0x69, 0x6e, 0x67,
        0x29, 0x0a, 0x20, 0x20, 0x20, 0x20, 0x6f, 0x75, 0x74, 0x70, 0x75, 0x74, 0x2e, 0x57, 0x6f, 0x72,
        0x6c, 0x64, 0x50, 0x6f, 0x73, 0x20, 0x3d, 0x20, 0x50, 0x6f, 0x73, 0x69, 0x74, 0x69, 0x6f, 0x6e,
        0x3b, 0x0a, 0x0a, 0x20, 0x20, 0x20, 0x20, 0x72, 0x65, 0x74, 0x75, 0x72, 0x6e, 0x20, 0x6f, 0x75,
        0x74, 0x70, 0x75, 0x74, 0x3b, 0x0a, 0x7d, 0x0a, 0x0a, 0x66, 0x6c, 0x6f, 0x61, 0x74, 0x34, 0x20,
        0x50, 0x69, 0x78, 0x65, 0x6c, 0x53, 0x68, 0x61, 0x64, 0x65, 0x72, 0x46, 0x75, 0x6e, 0x63, 0x74,
        0x69, 0x6f, 0x6e, 0x28, 0x56, 0x65, 0x72, 0x74, 0x65, 0x78, 0x53, 0x68, 0x61, 0x64, 0x65, 0x72,
        0x4f, 0x75, 0x74, 0x70, 0x75, 0x74, 0x20, 0x69, 0x6e, 0x70, 0x75, 0x74, 0x29, 0x20, 0x3a, 0x20,
        0x53, 0x56, 0x5f, 0x54, 0x41, 0x52, 0x47, 0x45, 0x54, 0x0a, 0x7b, 0x0a, 0x20, 0x20, 0x20, 0x20,
        0x66, 0x6c, 0x6f, 0x61, 0x74, 0x33, 0x20, 0x64, 0x69, 0x66, 0x66, 0x75, 0x73, 0x65, 0x20, 0x3d,
        0x20, 0x69, 0x6e, 0x70, 0x75, 0x74, 0x2e, 0x43, 0x6f, 0x6c, 0x6f, 0x72, 0x2e, 0x78, 0x79, 0x7a,
        0x3b, 0x0a, 0x0a, 0x20, 0x20, 0x20, 0x20, 0x56, 0x53, 0x5f, 0x41, 0x70, 0x70, 0x6c, 0x79, 0x46,
        0x6f, 0x67, 0x28, 0x64, 0x69, 0x66, 0x66, 0x75, 0x73, 0x65, 0x2c, 0x20, 0x69, 0x6e, 0x70, 0x75,
        0x74, 0x2e, 0x56, 0x69, 0x65, 0x77, 0x4c, 0x65, 0x6e, 0x67, 0x74, 0x68, 0x2c, 0x20, 0x46, 0x6f,
        0x67, 0x43, 0x6f, 0x6c, 0x6f, 0x72, 0x2c, 0x20, 0x46, 0x6f, 0x67, 0x44, 0x69, 0x73, 0x74, 0x61,
        0x6e, 0x63, 0x65, 0x2c, 0x20, 0x46, 0x6f, 0x67, 0x4c, 0x6f, 0x67, 0x44, 0x65, 0x6e, 0x73, 0x69,
        0x74, 0x79, 0x29, 0x3b, 0x0a, 0x0a, 0x20, 0x20, 0x20, 0x20, 0x50, 0x53, 0x5f, 0x41, 0x70, 0x70,
        0x6c, 0x79, 0x53, 0x68, 0x61, 0x64, 0x6f, 0x77, 0x69, 0x6e, 0x67, 0x28, 0x64, 0x69, 0x66, 0x66,
        0x75, 0x73, 0x65, 0x2c, 0x20, 0x66, 0x6c, 0x6f, 0x61, 0x74, 0x34, 0x28, 0x69, 0x6e, 0x70, 0x75,
        0x74, 0x2e, 0x57, 0x6f, 0x72, 0x6c, 0x64, 0x50, 0x6f, 0x73, 0x2e, 0x78, 0x79, 0x7a, 0x2c, 0x20,
        0x31, 0x29, 0x2c, 0x20, 0x66, 0x6c, 0x6f, 0x61, 0x74, 0x33, 0x28, 0x30, 0x2c, 0x20, 0x31, 0x2c,
        0x20, 0x30, 0x29, 0x29, 0x3b, 0x0a, 0x0a, 0x20, 0x20, 0x20, 0x20, 0x72, 0x65, 0x74, 0x75, 0x72,
        0x6e, 0x20, 0x66, 0x6c, 0x6f, 0x61, 0x74, 0x34, 0x28, 0x64, 0x69, 0x66, 0x66, 0x75, 0x73, 0x65,
        0x2c, 0x20, 0x69, 0x6e, 0x70, 0x75, 0x74, 0x2e, 0x43, 0x6f, 0x6c, 0x6f, 0x72, 0x2e, 0x77, 0x29,
        0x3b, 0x0a, 0x7d, 0x0a, 0x0a, 0x2f, 0x2f, 0x20, 0x54, 0x65, 0x63, 0x68, 0x6e, 0x69, 0x71, 0x75,
        0x65, 0x20, 0x64, 0x65, 0x66, 0x69, 0x6e, 0x69, 0x74, 0x69, 0x6f, 0x6e, 0x20, 0x66, 0x6f, 0x72,
        0x20, 0x75, 0x73, 0x65, 0x20, 0x69, 0x6e, 0x20, 0x43, 0x23, 0x0a, 0x00, 0x03, 0x00, 0xea, 0x0b,
        0x05, 0x00, 0x00, 0x00, 0xf4, 0x01, 0x00, 0x00, 0x02, 0x00, 0x00, 0x00, 0x76, 0x6f, 0x69, 0x64,
        0x20, 0x56, 0x53, 0x5f, 0x55, 0x6e, 0x70, 0x61, 0x63, 0x6b, 0x50, 0x61, 0x72, 0x61, 0x6d, 0x65,
        0x74, 0x65, 0x72, 0x73, 0x28, 0x69, 0x6e, 0x20, 0x66, 0x6c, 0x6f, 0x61, 0x74, 0x34, 0x20, 0x70,
        0x61, 0x72, 0x61, 0x6d, 0x65, 0x74, 0x65, 0x72, 0x73, 0x2c, 0x20, 0x6f, 0x75, 0x74, 0x20, 0x62,
        0x6f, 0x6f, 0x6c, 0x20, 0x67, 0x65, 0x74, 0x73, 0x53, 0x68, 0x61, 0x64, 0x6f, 0x77, 0x65, 0x64,
        0x2c, 0x20, 0x6f, 0x75, 0x74, 0x20, 0x66, 0x6c, 0x6f, 0x61, 0x74, 0x20, 0x61, 0x6c, 0x70, 0x68,
        0x61, 0x4f, 0x76, 0x65, 0x72, 0x72, 0x69, 0x64, 0x65, 0x2c, 0x20, 0x6f, 0x75, 0x74, 0x20, 0x62,
        0x6f, 0x6f, 0x6c, 0x20, 0x69, 0x73, 0x46, 0x75, 0x6c, 0x6c, 0x62, 0x72, 0x69, 0x67, 0x68, 0x74,
        0x2c, 0x20, 0x6f, 0x75, 0x74, 0x20, 0x62, 0x6f, 0x6f, 0x6c, 0x20, 0x67, 0x6c, 0x6f, 0x77, 0x29,
        0x0a, 0x7b, 0x0a, 0x20, 0x20, 0x20, 0x20, 0x67, 0x65, 0x74, 0x73, 0x53, 0x68, 0x61, 0x64, 0x6f,
        0x77, 0x65, 0x64, 0x20, 0x3d, 0x20, 0x70, 0x61, 0x72, 0x61, 0x6d, 0x65, 0x74, 0x65, 0x72, 0x73,
        0x2e, 0x78, 0x20, 0x3e, 0x20, 0x30, 0x2e, 0x30, 0x66, 0x3b, 0x0a, 0x20, 0x20, 0x20, 0x20, 0x61,
        0x6c, 0x70, 0x68, 0x61, 0x4f, 0x76, 0x65, 0x72, 0x72, 0x69, 0x64, 0x65, 0x20, 0x3d, 0x20, 0x70,
        0x61, 0x72, 0x61, 0x6d, 0x65, 0x74, 0x65, 0x72, 0x73, 0x2e, 0x79, 0x3b, 0x0a, 0x20, 0x20, 0x20,
        0x20, 0x69, 0x73, 0x46, 0x75, 0x6c, 0x6c, 0x62, 0x72, 0x69, 0x67, 0x68, 0x74, 0x20, 0x3d, 0x20,
        0x70, 0x61, 0x72, 0x61, 0x6d, 0x65, 0x74, 0x65, 0x72, 0x73, 0x2e, 0x7a, 0x20, 0x3e, 0x20, 0x30,
        0x2e, 0x30, 0x66, 0x3b, 0x0a, 0x20, 0x20, 0x20, 0x20, 0x67, 0x6c, 0x6f, 0x77, 0x20, 0x3d, 0x20,
        0x70, 0x61, 0x72, 0x61, 0x6d, 0x65, 0x74, 0x65, 0x72, 0x73, 0x2e, 0x77, 0x20, 0x3e, 0x20, 0x30,
        0x2e, 0x30, 0x66, 0x3b, 0x0a, 0x7d, 0x0a, 0x0a, 0x76, 0x6f, 0x69, 0x64, 0x20, 0x56, 0x53, 0x5f,
        0x55, 0x6e, 0x70, 0x61, 0x63, 0x6b, 0x50, 0x61, 0x72, 0x61, 0x6d, 0x65, 0x74, 0x65, 0x72, 0x73,
        0x32, 0x28, 0x69, 0x6e, 0x20, 0x66, 0x6c, 0x6f, 0x61, 0x74, 0x34, 0x20, 0x70, 0x61, 0x72, 0x61,
        0x6d, 0x65, 0x74, 0x65, 0x72, 0x73, 0x2c, 0x20, 0x6f, 0x75, 0x74, 0x20, 0x66, 0x6c, 0x6f, 0x61,
        0x74, 0x20, 0x6c, 0x61, 0x79, 0x65, 0x72, 0x29, 0x0a, 0x7b, 0x0a, 0x20, 0x20, 0x20, 0x20, 0x6c,
        0x61, 0x79, 0x65, 0x72, 0x20, 0x3d, 0x20, 0x70, 0x61, 0x72, 0x61, 0x6d, 0x65, 0x74, 0x65, 0x72,
        0x73, 0x2e, 0x78, 0x3b, 0x0a, 0x7d, 0x0a, 0x0a, 0x2f, 0x2f, 0x20, 0x41, 0x6c, 0x6c, 0x20, 0x63,
        0x6f, 0x6d, 0x70, 0x6f, 0x6e, 0x65, 0x6e, 0x74, 0x73, 0x20, 0x61, 0x72, 0x65, 0x20, 0x69, 0x6e,
        0x20, 0x74, 0x68, 0x65, 0x20, 0x72, 0x61, 0x6e, 0x67, 0x65, 0x20, 0x5b, 0x30, 0xe2, 0x80, 0xa6,
        0x31, 0x5d, 0x2c, 0x20, 0x69, 0x6e, 0x63, 0x6c, 0x75, 0x64, 0x69, 0x6e, 0x67, 0x20, 0x68, 0x75,
        0x65, 0x2e, 0x0a, 0x66, 0x6c, 0x6f, 0x61, 0x74, 0x33, 0x20, 0x72, 0x67, 0x62, 0x32, 0x68, 0x73,
        0x76, 0x28, 0x66, 0x6c, 0x6f, 0x61, 0x74, 0x33, 0x20, 0x63, 0x29, 0x0a, 0x7b, 0x0a, 0x20, 0x20,
        0x20, 0x20, 0x66, 0x6c, 0x6f, 0x61, 0x74, 0x34, 0x20, 0x4b, 0x20, 0x3d, 0x20, 0x66, 0x6c, 0x6f,
        0x61, 0x74, 0x34, 0x28, 0x30, 0x2e, 0x30, 0x2c, 0x20, 0x2d, 0x31, 0x2e, 0x30, 0x20, 0x2f, 0x20,
        0x33, 0x2e, 0x30, 0x2c, 0x20, 0x32, 0x2e, 0x30, 0x20, 0x2f, 0x20, 0x33, 0x2e, 0x30, 0x2c, 0x20,
        0x2d, 0x31, 0x2e, 0x30, 0x29, 0x3b, 0x0a, 0x20, 0x20, 0x20, 0x20, 0x66, 0x6c, 0x6f, 0x61, 0x74,
        0x34, 0x20, 0x70, 0x20, 0x3d, 0x20, 0x6c, 0x65, 0x72, 0x70, 0x28, 0x66, 0x6c, 0x6f, 0x61, 0x74,
        0x34, 0x28, 0x63, 0x2e, 0x62, 0x67, 0x2c, 0x20, 0x4b, 0x2e, 0x77, 0x7a, 0x29, 0x2c, 0x20, 0x66,
        0x6c, 0x6f, 0x61, 0x74, 0x34, 0x28, 0x63, 0x2e, 0x67, 0x62, 0x2c, 0x20, 0x4b, 0x2e, 0x78, 0x79,
        0x29, 0x2c, 0x20, 0x73, 0x74, 0x65, 0x70, 0x28, 0x63, 0x2e, 0x62, 0x2c, 0x20, 0x63, 0x2e, 0x67,
        0x29, 0x29, 0x3b, 0x0a, 0x20, 0x20, 0x20, 0x20, 0x66, 0x6c, 0x6f, 0x61, 0x74, 0x34, 0x20, 0x71,
        0x20, 0x3d, 0x20, 0x6c, 0x65, 0x72, 0x70, 0x28, 0x66, 0x6c, 0x6f, 0x61, 0x74, 0x34, 0x28, 0x70,
        0x2e, 0x78, 0x79, 0x77, 0x2c, 0x20, 0x63, 0x2e, 0x72, 0x29, 0x2c, 0x20, 0x66, 0x6c, 0x6f, 0x61,
        0x74, 0x34, 0x28, 0x63, 0x2e, 0x72, 0x2c, 0x20, 0x70, 0x2e, 0x79, 0x7a, 0x78, 0x29, 0x2c, 0x20,
        0x73, 0x74, 0x65, 0x70, 0x28, 0x70, 0x2e, 0x78, 0x2c, 0x20, 0x63, 0x2e, 0x72, 0x29, 0x29, 0x3b,
        0x0a, 0x0a, 0x20, 0x20, 0x20, 0x20, 0x66, 0x6c, 0x6f, 0x61, 0x74, 0x20, 0x64, 0x20, 0x3d, 0x20,
        0x71, 0x2e, 0x78, 0x20, 0x2d, 0x20, 0x6d, 0x69, 0x6e, 0x28, 0x71, 0x2e, 0x77, 0x2c, 0x20, 0x71,
        0x2e, 0x79, 0x29, 0x3b, 0x0a, 0x20, 0x20, 0x20, 0x20, 0x66, 0x6c, 0x6f, 0x61, 0x74, 0x20, 0x65,
        0x20, 0x3d, 0x20, 0x31, 0x2e, 0x30, 0x65, 0x2d, 0x31, 0x30, 0x3b, 0x0a, 0x20, 0x20, 0x20, 0x20,
        0x72, 0x65, 0x74, 0x75, 0x72, 0x6e, 0x20, 0x66, 0x6c, 0x6f, 0x61, 0x74, 0x33, 0x28, 0x61, 0x62,
        0x73, 0x28, 0x71, 0x2e, 0x7a, 0x20, 0x2b, 0x20, 0x28, 0x71, 0x2e, 0x77, 0x20, 0x2d, 0x20, 0x71,
        0x2e, 0x79, 0x29, 0x20, 0x2f, 0x20, 0x28, 0x36, 0x2e, 0x30, 0x20, 0x2a, 0x20, 0x64, 0x20, 0x2b,
        0x20, 0x65, 0x29, 0x29, 0x2c, 0x20, 0x64, 0x20, 0x2f, 0x20, 0x28, 0x71, 0x2e, 0x78, 0x20, 0x2b,
        0x20, 0x65, 0x29, 0x2c, 0x20, 0x71, 0x2e, 0x78, 0x29, 0x3b, 0x0a, 0x7d, 0x0a, 0x0a, 0x2f, 0x2f,
        0x20, 0x41, 0x6c, 0x6c, 0x20, 0x63, 0x6f, 0x6d, 0x70, 0x6f, 0x6e, 0x65, 0x6e, 0x74, 0x73, 0x20,
        0x61, 0x72, 0x65, 0x20, 0x69, 0x6e, 0x20, 0x74, 0x68, 0x65, 0x20, 0x72, 0x61, 0x6e, 0x67, 0x65,
        0x20, 0x5b, 0x30, 0xe2, 0x80, 0xa6, 0x31, 0x5d, 0x2c, 0x20, 0x69, 0x6e, 0x63, 0x6c, 0x75, 0x64,
        0x69, 0x6e, 0x67, 0x20, 0x68, 0x75, 0x65, 0x2e, 0x0a, 0x66, 0x6c, 0x6f, 0x61, 0x74, 0x33, 0x20,
        0x68, 0x73, 0x76, 0x32, 0x72, 0x67, 0x62, 0x28, 0x66, 0x6c, 0x6f, 0x61, 0x74, 0x33, 0x20, 0x63,
        0x29, 0x0a, 0x7b, 0x0a, 0x20, 0x20, 0x20, 0x20, 0x66, 0x6c, 0x6f, 0x61, 0x74, 0x34, 0x20, 0x4b,
        0x20, 0x3d, 0x20, 0x66, 0x6c, 0x6f, 0x61, 0x74, 0x34, 0x28, 0x31, 0x2e, 0x30, 0x2c, 0x20, 0x32,
        0x2e, 0x30, 0x20, 0x2f, 0x20, 0x33, 0x2e, 0x30, 0x2c, 0x20, 0x31, 0x2e, 0x30, 0x20, 0x2f, 0x20,
        0x33, 0x2e, 0x30, 0x2c, 0x20, 0x33, 0x2e, 0x30, 0x29, 0x3b, 0x0a, 0x20, 0x20, 0x20, 0x20, 0x66,
        0x6c, 0x6f, 0x61, 0x74, 0x33, 0x20, 0x70, 0x20, 0x3d, 0x20, 0x61, 0x62, 0x73, 0x28, 0x66, 0x72,
        0x61, 0x63, 0x28, 0x63, 0x2e, 0x78, 0x78, 0x78, 0x20, 0x2b, 0x20, 0x4b, 0x2e, 0x78, 0x79, 0x7a,
        0x29, 0x20, 0x2a, 0x20, 0x36, 0x2e, 0x30, 0x20, 0x2d, 0x20, 0x4b, 0x2e, 0x77, 0x77, 0x77, 0x29,
        0x3b, 0x0a, 0x20, 0x20, 0x20, 0x20, 0x72, 0x65, 0x74, 0x75, 0x72, 0x6e, 0x20, 0x63, 0x2e, 0x7a,
        0x20, 0x2a, 0x20, 0x6c, 0x65, 0x72, 0x70, 0x28, 0x4b, 0x2e, 0x78, 0x78, 0x78, 0x2c, 0x20, 0x63,
        0x6c, 0x61, 0x6d, 0x70, 0x28, 0x70, 0x20, 0x2d, 0x20, 0x4b, 0x2e, 0x78, 0x78, 0x78, 0x2c, 0x20,
        0x30, 0x2e, 0x30, 0x2c, 0x20, 0x31, 0x2e, 0x30, 0x29, 0x2c, 0x20, 0x63, 0x2e, 0x79, 0x29, 0x3b,
        0x0a, 0x7d, 0x0a, 0x0a, 0x76, 0x6f, 0x69, 0x64, 0x20, 0x56, 0x53, 0x5f, 0x43, 0x6f, 0x6c, 0x6f,
        0x72, 0x43, 0x6f, 0x72, 0x72, 0x65, 0x63, 0x74, 0x28, 0x69, 0x6e, 0x6f, 0x75, 0x74, 0x20, 0x66,
        0x6c, 0x6f, 0x61, 0x74, 0x33, 0x20, 0x63, 0x6f, 0x6c, 0x6f, 0x72, 0x29, 0x0a, 0x7b, 0x0a, 0x20,
        0x20, 0x20, 0x20, 0x2f, 0x2f, 0x20, 0x66, 0x6c, 0x6f, 0x61, 0x74, 0x33, 0x20, 0x68, 0x73, 0x76,
        0x20, 0x3d, 0x20, 0x72, 0x67, 0x62, 0x32, 0x68, 0x73, 0x76, 0x28, 0x63, 0x6f, 0x6c, 0x6f, 0x72,
        0x29, 0x3b, 0x0a, 0x20, 0x20, 0x20, 0x20, 0x2f, 0x2f, 0x20, 0x68, 0x73, 0x76, 0x2e, 0x7a, 0x20,
        0x2a, 0x3d, 0x20, 0x30, 0x2e, 0x39, 0x3b, 0x0a, 0x20, 0x20, 0x20, 0x20, 0x2f, 0x2f, 0x20, 0x63,
        0x6f, 0x6c, 0x6f, 0x72, 0x20, 0x3d, 0x20, 0x68, 0x73, 0x76, 0x32, 0x72, 0x67, 0x62, 0x28, 0x68,
        0x73, 0x76, 0x29, 0x3b, 0x0a, 0x7d, 0x0a, 0x0a, 0x2f, 0x2f, 0x20, 0x47, 0x65, 0x74, 0x20, 0x75,
        0x6e, 0x69, 0x71, 0x75, 0x65, 0x6c, 0x79, 0x20, 0x6c, 0x6f, 0x6f, 0x6b, 0x69, 0x6e, 0x67, 0x20,
        0x72, 0x61, 0x6e, 0x64, 0x6f, 0x6d, 0x20, 0x66, 0x6c, 0x6f, 0x61, 0x74, 0x20, 0x62, 0x65, 0x74,
        0x77, 0x65, 0x65, 0x6e, 0x20, 0x30, 0x20, 0x61, 0x6e, 0x64, 0x20, 0x31, 0x20, 0x66, 0x72, 0x6f,
        0x6d, 0x20, 0x66, 0x6c, 0x6f, 0x61, 0x74, 0x20, 0x69, 0x6e, 0x70, 0x75, 0x74, 0x20, 0x77, 0x69,
        0x74, 0x68, 0x6f, 0x75, 0x74, 0x20, 0x75, 0x73, 0x69, 0x6e, 0x67, 0x20, 0x62, 0x69, 0x74, 0x77,
        0x69, 0x73, 0x65, 0x20, 0x6f, 0x70, 0x65, 0x72, 0x61, 0x74, 0x69, 0x6f, 0x6e, 0x73, 0x20, 0x28,
        0x6e, 0x6f, 0x74, 0x20, 0x73, 0x75, 0x70, 0x70, 0x6f, 0x72, 0x74, 0x65, 0x64, 0x20, 0x69, 0x6e,
        0x20, 0x76, 0x73, 0x5f, 0x33, 0x5f, 0x30, 0x29, 0x0a, 0x66, 0x6c, 0x6f, 0x61, 0x74, 0x20, 0x52,
        0x61, 0x6e, 0x64, 0x6f, 0x6d, 0x28, 0x66, 0x6c, 0x6f, 0x61, 0x74, 0x20, 0x69, 0x6e, 0x70, 0x75,
        0x74, 0x29, 0x0a, 0x7b, 0x0a, 0x20, 0x20, 0x20, 0x20, 0x72, 0x65, 0x74, 0x75, 0x72, 0x6e, 0x20,
        0x66, 0x72, 0x61, 0x63, 0x28, 0x73, 0x69, 0x6e, 0x28, 0x69, 0x6e, 0x70, 0x75, 0x74, 0x20, 0x2a,
        0x20, 0x31, 0x32, 0x2e, 0x39, 0x38, 0x39, 0x38, 0x29, 0x20, 0x2a, 0x20, 0x34, 0x33, 0x37, 0x35,
        0x38, 0x2e, 0x35, 0x34, 0x35, 0x33, 0x29, 0x3b, 0x0a, 0x7d, 0x0a, 0x0a, 0x76, 0x6f, 0x69, 0x64,
        0x20, 0x56, 0x53, 0x5f, 0x44, 0x65, 0x63, 0x61, 0x6c, 0x4f, 0x66, 0x66, 0x73, 0x65, 0x74, 0x28,
        0x0a, 0x20, 0x20, 0x20, 0x20, 0x69, 0x6e, 0x6f, 0x75, 0x74, 0x20, 0x66, 0x6c, 0x6f, 0x61, 0x74,
        0x33, 0x20, 0x70, 0x6f, 0x73, 0x69, 0x74, 0x69, 0x6f, 0x6e, 0x2c, 0x0a, 0x20, 0x20, 0x20, 0x20,
        0x69, 0x6e, 0x20, 0x66, 0x6c, 0x6f, 0x61, 0x74, 0x33, 0x20, 0x6e, 0x6f, 0x72, 0x6d, 0x61, 0x6c,
        0x2c, 0x0a, 0x20, 0x20, 0x20, 0x20, 0x69, 0x6e, 0x20, 0x66, 0x6c, 0x6f, 0x61, 0x74, 0x20, 0x64,
        0x65, 0x63, 0x61, 0x6c, 0x4f, 0x66, 0x66, 0x73, 0x65, 0x74, 0x0a, 0x29, 0x20, 0x7b, 0x0a, 0x20,
        0x20, 0x20, 0x20, 0x2f, 0x2f, 0x20, 0x44, 0x65, 0x63, 0x61, 0x6c, 0x4f, 0x66, 0x66, 0x73, 0x65,
        0x74, 0x20, 0x69, 0x73, 0x20, 0x6e, 0x65, 0x67, 0x61, 0x74, 0x69, 0x76, 0x65, 0x20, 0x74, 0x6f,
        0x20, 0x70, 0x75, 0x6c, 0x6c, 0x20, 0x61, 0x77, 0x61, 0x79, 0x20, 0x66, 0x72, 0x6f, 0x6d, 0x20,
        0x73, 0x75, 0x72, 0x66, 0x61, 0x63, 0x65, 0x2c, 0x20, 0x70, 0x6f, 0x73, 0x69, 0x74, 0x69, 0x76,
        0x65, 0x20, 0x74, 0x6f, 0x20, 0x70, 0x75, 0x73, 0x68, 0x20, 0x69, 0x6e, 0x74, 0x6f, 0x20, 0x69,
        0x74, 0x0a, 0x20, 0x20, 0x20, 0x20, 0x2f, 0x2f, 0x20, 0x4d, 0x75, 0x6c, 0x74, 0x69, 0x70, 0x6c,
        0x79, 0x20, 0x62, 0x79, 0x20, 0x74, 0x68, 0x65, 0x20, 0x73, 0x69, 0x67, 0x6e, 0x20, 0x74, 0x6f,
        0x20, 0x63, 0x6f, 0x6e, 0x74, 0x72, 0x6f, 0x6c, 0x20, 0x64, 0x69, 0x72, 0x65, 0x63, 0x74, 0x69,
        0x6f, 0x6e, 0x0a, 0x20, 0x20, 0x20, 0x20, 0x70, 0x6f, 0x73, 0x69, 0x74, 0x69, 0x6f, 0x6e, 0x20,
        0x3d, 0x20, 0x70, 0x6f, 0x73, 0x69, 0x74, 0x69, 0x6f, 0x6e, 0x20, 0x2d, 0x20, 0x6e, 0x6f, 0x72,
        0x6d, 0x61, 0x6c, 0x20, 0x2a, 0x20, 0x64, 0x65, 0x63, 0x61, 0x6c, 0x4f, 0x66, 0x66, 0x73, 0x65,
        0x74, 0x20, 0x2a, 0x20, 0x30, 0x2e, 0x31, 0x3b, 0x0a, 0x7d, 0x0a, 0x0a, 0x76, 0x6f, 0x69, 0x64,
        0x20, 0x56, 0x53, 0x5f, 0x45, 0x78, 0x70, 0x61, 0x6e, 0x64, 0x28, 0x0a, 0x20, 0x20, 0x20, 0x20,
        0x69, 0x6e, 0x6f, 0x75, 0x74, 0x20, 0x66, 0x6c, 0x6f, 0x61, 0x74, 0x33, 0x20, 0x70, 0x6f, 0x73,
        0x69, 0x74, 0x69, 0x6f, 0x6e, 0x2c, 0x0a, 0x20, 0x20, 0x20, 0x20, 0x69, 0x6e, 0x20, 0x66, 0x6c,
        0x6f, 0x61, 0x74, 0x33, 0x20, 0x61, 0x63, 0x65, 0x6e, 0x74, 0x72, 0x6f, 0x69, 0x64, 0x2c, 0x0a,
        0x20, 0x20, 0x20, 0x20, 0x69, 0x6e, 0x20, 0x66, 0x6c, 0x6f, 0x61, 0x74, 0x20, 0x72, 0x61, 0x6e,
        0x64, 0x6f, 0x6d, 0x46, 0x6c, 0x6f, 0x61, 0x74, 0x0a, 0x29, 0x20, 0x7b, 0x0a, 0x20, 0x20, 0x20,
        0x20, 0x2f, 0x2f, 0x20, 0x54, 0x72, 0x61, 0x6e, 0x73, 0x6c, 0x61, 0x74, 0x65, 0x20, 0x76, 0x65,
        0x72, 0x74, 0x65, 0x78, 0x20, 0x61, 0x72, 0x6f, 0x75, 0x6e, 0x64, 0x20, 0x63, 0x65, 0x6e, 0x74,
        0x72, 0x6f, 0x69, 0x64, 0x20, 0x62, 0x79, 0x20, 0x61, 0x20, 0x72, 0x61, 0x6e, 0x64, 0x6f, 0x6d,
        0x20, 0x66, 0x61, 0x63, 0x74, 0x6f, 0x72, 0x20, 0x62, 0x65, 0x74, 0x77, 0x65, 0x65, 0x6e, 0x20,
        0x2d, 0x31, 0x35, 0x20, 0x61, 0x6e, 0x64, 0x20, 0x31, 0x35, 0x20, 0x75, 0x6e, 0x69, 0x74, 0x73,
        0x0a, 0x0a, 0x20, 0x20, 0x20, 0x20, 0x66, 0x6c, 0x6f, 0x61, 0x74, 0x33, 0x20, 0x64, 0x69, 0x72,
        0x65, 0x63, 0x74, 0x69, 0x6f, 0x6e, 0x20, 0x3d, 0x20, 0x6e, 0x6f, 0x72, 0x6d, 0x61, 0x6c, 0x69,
        0x7a, 0x65, 0x28, 0x70, 0x6f, 0x73, 0x69, 0x74, 0x69, 0x6f, 0x6e, 0x20, 0x2d, 0x20, 0x61, 0x63,
        0x65, 0x6e, 0x74, 0x72, 0x6f, 0x69, 0x64, 0x29, 0x3b, 0x0a, 0x20, 0x20, 0x20, 0x20, 0x66, 0x6c,
        0x6f, 0x61, 0x74, 0x33, 0x20, 0x72, 0x61, 0x6e, 0x64, 0x6f, 0x6d, 0x53, 0x63, 0x61, 0x6c, 0x65,
        0x20, 0x3d, 0x20, 0x66, 0x6c, 0x6f, 0x61, 0x74, 0x33, 0x28, 0x0a, 0x20, 0x20, 0x20, 0x20, 0x20,
        0x20, 0x20, 0x20, 0x31, 0x35, 0x2e, 0x30, 0x20, 0x2d, 0x20, 0x52, 0x61, 0x6e, 0x64, 0x6f, 0x6d,
        0x28, 0x61, 0x63, 0x65, 0x6e, 0x74, 0x72, 0x6f, 0x69, 0x64, 0x2e, 0x78, 0x20, 0x2b, 0x20, 0x72,
        0x61, 0x6e, 0x64, 0x6f, 0x6d, 0x46, 0x6c, 0x6f, 0x61, 0x74, 0x29, 0x20, 0x2a, 0x20, 0x33, 0x30,
        0x2e, 0x30, 0x2c, 0x0a, 0x20, 0x20, 0x20, 0x20, 0x20, 0x20, 0x20, 0x20, 0x31, 0x35, 0x2e, 0x30,
        0x20, 0x2d, 0x20, 0x52, 0x61, 0x6e, 0x64, 0x6f, 0x6d, 0x28, 0x61, 0x63, 0x65, 0x6e, 0x74, 0x72,
        0x6f, 0x69, 0x64, 0x2e, 0x79, 0x20, 0x2b, 0x20, 0x72, 0x61, 0x6e, 0x64, 0x6f, 0x6d, 0x46, 0x6c,
        0x6f, 0x61, 0x74, 0x29, 0x20, 0x2a, 0x20, 0x33, 0x30, 0x2e, 0x30, 0x2c, 0x0a, 0x20, 0x20, 0x20,
        0x20, 0x20, 0x20, 0x20, 0x20, 0x31, 0x35, 0x2e, 0x30, 0x20, 0x2d, 0x20, 0x52, 0x61, 0x6e, 0x64,
        0x6f, 0x6d, 0x28, 0x61, 0x63, 0x65, 0x6e, 0x74, 0x72, 0x6f, 0x69, 0x64, 0x2e, 0x7a, 0x20, 0x2b,
        0x20, 0x72, 0x61, 0x6e, 0x64, 0x6f, 0x6d, 0x46, 0x6c, 0x6f, 0x61, 0x74, 0x29, 0x20, 0x2a, 0x20,
        0x33, 0x30, 0x2e, 0x30, 0x0a, 0x20, 0x20, 0x20, 0x20, 0x29, 0x3b, 0x0a, 0x20, 0x20, 0x20, 0x20,
        0x70, 0x6f, 0x73, 0x69, 0x74, 0x69, 0x6f, 0x6e, 0x20, 0x3d, 0x20, 0x70, 0x6f, 0x73, 0x69, 0x74,
        0x69, 0x6f, 0x6e, 0x20, 0x2b, 0x20, 0x64, 0x69, 0x72, 0x65, 0x63, 0x74, 0x69, 0x6f, 0x6e, 0x20,
        0x2a, 0x20, 0x72, 0x61, 0x6e, 0x64, 0x6f, 0x6d, 0x53, 0x63, 0x61, 0x6c, 0x65, 0x3b, 0x0a, 0x7d,
        0x0a, 0x0a, 0x76, 0x6f, 0x69, 0x64, 0x20, 0x56, 0x53, 0x5f, 0x44, 0x61, 0x72, 0x6b, 0x65, 0x6e,
        0x28, 0x0a, 0x20, 0x20, 0x20, 0x20, 0x69, 0x6e, 0x6f, 0x75, 0x74, 0x20, 0x66, 0x6c, 0x6f, 0x61,
        0x74, 0x33, 0x20, 0x63, 0x6f, 0x6c, 0x6f, 0x72, 0x2c, 0x0a, 0x20, 0x20, 0x20, 0x20, 0x69, 0x6e,
        0x20, 0x66, 0x6c, 0x6f, 0x61, 0x74, 0x20, 0x64, 0x61, 0x72, 0x6b, 0x65, 0x6e, 0x0a, 0x29, 0x20,
        0x7b, 0x0a, 0x20, 0x20, 0x20, 0x20, 0x66, 0x6c, 0x6f, 0x61, 0x74, 0x33, 0x20, 0x68, 0x73, 0x76,
        0x20, 0x3d, 0x20, 0x72, 0x67, 0x62, 0x32, 0x68, 0x73, 0x76, 0x28, 0x63, 0x6f, 0x6c, 0x6f, 0x72,
        0x29, 0x3b, 0x0a, 0x20, 0x20, 0x20, 0x20, 0x69, 0x66, 0x20, 0x28, 0x68, 0x73, 0x76, 0x2e, 0x7a,
        0x20, 0x3e, 0x20, 0x64, 0x61, 0x72, 0x6b, 0x65, 0x6e, 0x29, 0x0a, 0x20, 0x20, 0x20, 0x20, 0x7b,
        0x0a, 0x20, 0x20, 0x20, 0x20, 0x20, 0x20, 0x20, 0x20, 0x68, 0x73, 0x76, 0x2e, 0x7a, 0x20, 0x3d,
        0x20, 0x64, 0x61, 0x72, 0x6b, 0x65, 0x6e, 0x3b, 0x0a, 0x20, 0x20, 0x20, 0x20, 0x20, 0x20, 0x20,
        0x20, 0x63, 0x6f, 0x6c, 0x6f, 0x72, 0x20, 0x3d, 0x20, 0x68, 0x73, 0x76, 0x32, 0x72, 0x67, 0x62,
        0x28, 0x68, 0x73, 0x76, 0x29, 0x3b, 0x0a, 0x20, 0x20, 0x20, 0x20, 0x7d, 0x0a, 0x7d, 0x0a, 0x0a,
        0x76, 0x6f, 0x69, 0x64, 0x20, 0x56, 0x53, 0x5f, 0x53, 0x6e, 0x61, 0x70, 0x28, 0x0a, 0x20, 0x20,
        0x20, 0x20, 0x69, 0x6e, 0x6f, 0x75, 0x74, 0x20, 0x66, 0x6c, 0x6f, 0x61, 0x74, 0x33, 0x20, 0x63,
        0x6f, 0x6c, 0x6f, 0x72, 0x2c, 0x0a, 0x20, 0x20, 0x20, 0x20, 0x69, 0x6e, 0x20, 0x66, 0x6c, 0x6f,
        0x61, 0x74, 0x33, 0x20, 0x73, 0x6e, 0x61, 0x70, 0x43, 0x6f, 0x6c, 0x6f, 0x72, 0x0a, 0x29, 0x0a,
        0x7b, 0x0a, 0x20, 0x20, 0x20, 0x20, 0x63, 0x6f, 0x6c, 0x6f, 0x72, 0x20, 0x2b, 0x3d, 0x20, 0x28,
        0x63, 0x6f, 0x6c, 0x6f, 0x72, 0x20, 0x2a, 0x20, 0x28, 0x73, 0x6e, 0x61, 0x70, 0x43, 0x6f, 0x6c,
        0x6f, 0x72, 0x20, 0x2a, 0x20, 0x32, 0x35, 0x35, 0x2e, 0x30, 0x20, 0x2f, 0x20, 0x31, 0x30, 0x30,
        0x2e, 0x30, 0x29, 0x29, 0x3b, 0x0a, 0x20, 0x20, 0x20, 0x20, 0x2f, 0x2f, 0x20, 0x63, 0x6c, 0x61,
        0x6d, 0x70, 0x20, 0x74, 0x6f, 0x20, 0x31, 0x2e, 0x30, 0x0a, 0x20, 0x20, 0x20, 0x20, 0x63, 0x6f,
        0x6c, 0x6f, 0x72, 0x20, 0x3d, 0x20, 0x6d, 0x69, 0x6e, 0x28, 0x63, 0x6f, 0x6c, 0x6f, 0x72, 0x2c,
        0x20, 0x66, 0x6c, 0x6f, 0x61, 0x74, 0x33, 0x28, 0x31, 0x2e, 0x30, 0x2c, 0x20, 0x31, 0x2e, 0x30,
        0x2c, 0x20, 0x31, 0x2e, 0x30, 0x29, 0x29, 0x3b, 0x0a, 0x7d, 0x0a, 0x0a, 0x2f, 0x2f, 0x20, 0x52,
        0x65, 0x74, 0x75, 0x72, 0x6e, 0x73, 0x20, 0x74, 0x68, 0x65, 0x20, 0x67, 0x65, 0x6f, 0x6d, 0x65,
        0x74, 0x72, 0x69, 0x63, 0x20, 0x64, 0x69, 0x66, 0x66, 0x75, 0x73, 0x65, 0x20, 0x66, 0x61, 0x63,
        0x74, 0x6f, 0x72, 0x20, 0x69, 0x6e, 0x20, 0x5b, 0x30, 0x2e, 0x2e, 0x31, 0x5d, 0x2e, 0x20, 0x52,
        0x65, 0x74, 0x75, 0x72, 0x6e, 0x73, 0x20, 0x30, 0x20, 0x77, 0x68, 0x65, 0x6e, 0x20, 0x74, 0x68,
        0x65, 0x20, 0x63, 0x61, 0x6d, 0x65, 0x72, 0x61, 0x20, 0x69, 0x73, 0x0a, 0x2f, 0x2f, 0x20, 0x6f,
        0x6e, 0x20, 0x74, 0x68, 0x65, 0x20, 0x6f, 0x70, 0x70, 0x6f, 0x73, 0x69, 0x74, 0x65, 0x20, 0x73,
        0x69, 0x64, 0x65, 0x20, 0x6f, 0x66, 0x20, 0x74, 0x68, 0x65, 0x20, 0x66, 0x61, 0x63, 0x65, 0x20,
        0x66, 0x72, 0x6f, 0x6d, 0x20, 0x74, 0x68, 0x65, 0x20, 0x6c, 0x69, 0x67, 0x68, 0x74, 0x20, 0x28,
        0x61, 0x20, 0x22, 0x6d, 0x61, 0x78, 0x20, 0x73, 0x68, 0x61, 0x64, 0x6f, 0x77, 0x22, 0x20, 0x73,
        0x69, 0x74, 0x75, 0x61, 0x74, 0x69, 0x6f, 0x6e, 0x29, 0x2c, 0x0a, 0x2f, 0x2f, 0x20, 0x6f, 0x74,
        0x68, 0x65, 0x72, 0x77, 0x69, 0x73, 0x65, 0x20, 0x74, 0x68, 0x65, 0x20, 0x61, 0x6e, 0x67, 0x6c,
        0x65, 0x2d, 0x62, 0x61, 0x73, 0x65, 0x64, 0x20, 0x74, 0x65, 0x72, 0x6d, 0x20, 0x61, 0x62, 0x73,
        0x28, 0x64, 0x6f, 0x74, 0x28, 0x6e, 0x2c, 0x20, 0x4c, 0x29, 0x29, 0x2e, 0x0a, 0x66, 0x6c, 0x6f,
        0x61, 0x74, 0x20, 0x43, 0x6f, 0x6d, 0x70, 0x75, 0x74, 0x65, 0x50, 0x6f, 0x6c, 0x79, 0x67, 0x6f,
        0x6e, 0x44, 0x69, 0x66, 0x66, 0x75, 0x73, 0x65, 0x28, 0x0a, 0x20, 0x20, 0x20, 0x20, 0x69, 0x6e,
        0x20, 0x66, 0x6c, 0x6f, 0x61, 0x74, 0x33, 0x20, 0x43, 0x65, 0x6e, 0x74, 0x72, 0x6f, 0x69, 0x64,
        0x57, 0x6f, 0x72, 0x6c, 0x64, 0x2c, 0x0a, 0x20, 0x20, 0x20, 0x20, 0x69, 0x6e, 0x20, 0x66, 0x6c,
        0x6f, 0x61, 0x74, 0x33, 0x20, 0x4e, 0x6f, 0x72, 0x6d, 0x61, 0x6c, 0x57, 0x6f, 0x72, 0x6c, 0x64,
        0x2c, 0x0a, 0x20, 0x20, 0x20, 0x20, 0x69, 0x6e, 0x20, 0x66, 0x6c, 0x6f, 0x61, 0x74, 0x33, 0x20,
        0x4c, 0x69, 0x67, 0x68, 0x74, 0x44, 0x69, 0x72, 0x65, 0x63, 0x74, 0x69, 0x6f, 0x6e, 0x2c, 0x0a,
        0x20, 0x20, 0x20, 0x20, 0x69, 0x6e, 0x20, 0x66, 0x6c, 0x6f, 0x61, 0x74, 0x33, 0x20, 0x43, 0x61,
        0x6d, 0x65, 0x72, 0x61, 0x50, 0x6f, 0x73, 0x69, 0x74, 0x69, 0x6f, 0x6e, 0x0a, 0x29, 0x0a, 0x7b,
        0x0a, 0x20, 0x20, 0x20, 0x20, 0x66, 0x6c, 0x6f, 0x61, 0x74, 0x33, 0x20, 0x63, 0x20, 0x3d, 0x20,
        0x43, 0x65, 0x6e, 0x74, 0x72, 0x6f, 0x69, 0x64, 0x57, 0x6f, 0x72, 0x6c, 0x64, 0x3b, 0x0a, 0x20,
        0x20, 0x20, 0x20, 0x66, 0x6c, 0x6f, 0x61, 0x74, 0x33, 0x20, 0x6e, 0x20, 0x3d, 0x20, 0x4e, 0x6f,
        0x72, 0x6d, 0x61, 0x6c, 0x57, 0x6f, 0x72, 0x6c, 0x64, 0x3b, 0x0a, 0x20, 0x20, 0x20, 0x20, 0x66,
        0x6c, 0x6f, 0x61, 0x74, 0x20, 0x64, 0x69, 0x66, 0x66, 0x20, 0x3d, 0x20, 0x30, 0x2e, 0x30, 0x3b,
        0x0a, 0x20, 0x20, 0x20, 0x20, 0x2f, 0x2f, 0x20, 0x70, 0x68, 0x79, 0x20, 0x6f, 0x72, 0x69, 0x67,
        0x69, 0x6e, 0x61, 0x6c, 0x0a, 0x20, 0x20, 0x20, 0x20, 0x69, 0x66, 0x20, 0x28, 0x73, 0x69, 0x67,
        0x6e, 0x28, 0x64, 0x6f, 0x74, 0x28, 0x6e, 0x2c, 0x20, 0x4c, 0x69, 0x67, 0x68, 0x74, 0x44, 0x69,
        0x72, 0x65, 0x63, 0x74, 0x69, 0x6f, 0x6e, 0x29, 0x29, 0x20, 0x3d, 0x3d, 0x20, 0x73, 0x69, 0x67,
        0x6e, 0x28, 0x64, 0x6f, 0x74, 0x28, 0x6e, 0x2c, 0x20, 0x63, 0x20, 0x2d, 0x20, 0x43, 0x61, 0x6d,
        0x65, 0x72, 0x61, 0x50, 0x6f, 0x73, 0x69, 0x74, 0x69, 0x6f, 0x6e, 0x29, 0x29, 0x29, 0x0a, 0x20,
        0x20, 0x20, 0x20, 0x7b, 0x0a, 0x20, 0x20, 0x20, 0x20, 0x20, 0x20, 0x20, 0x20, 0x64, 0x69, 0x66,
        0x66, 0x20, 0x3d, 0x20, 0x61, 0x62, 0x73, 0x28, 0x64, 0x6f, 0x74, 0x28, 0x6e, 0x2c, 0x20, 0x4c,
        0x69, 0x67, 0x68, 0x74, 0x44, 0x69, 0x72, 0x65, 0x63, 0x74, 0x69, 0x6f, 0x6e, 0x29, 0x29, 0x3b,
        0x0a, 0x20, 0x20, 0x20, 0x20, 0x7d, 0x0a, 0x20, 0x20, 0x20, 0x20, 0x72, 0x65, 0x74, 0x75, 0x72,
        0x6e, 0x20, 0x64, 0x69, 0x66, 0x66, 0x3b, 0x0a, 0x7d, 0x0a, 0x0a, 0x2f, 0x2f, 0x20, 0x41, 0x70,
        0x70, 0x6c, 0x69, 0x65, 0x73, 0x20, 0x61, 0x20, 0x64, 0x69, 0x66, 0x66, 0x75, 0x73, 0x65, 0x20,
        0x66, 0x61, 0x63, 0x74, 0x6f, 0x72, 0x20, 0x74, 0x6f, 0x20, 0x63, 0x6f, 0x6c, 0x6f, 0x72, 0x20,
        0x65, 0x78, 0x61, 0x63, 0x74, 0x6c, 0x79, 0x20, 0x6f, 0x6e, 0x63, 0x65, 0x20, 0x28, 0x61, 0x6d,
        0x62, 0x69, 0x65, 0x6e, 0x74, 0x20, 0x2b, 0x20, 0x64, 0x69, 0x72, 0x65, 0x63, 0x74, 0x69, 0x6f,
        0x6e, 0x61, 0x6c, 0x20, 0x74, 0x65, 0x72, 0x6d, 0x29, 0x2e, 0x0a, 0x76, 0x6f, 0x69, 0x64, 0x20,
        0x41, 0x70, 0x70, 0x6c, 0x79, 0x44, 0x69, 0x66, 0x66, 0x75, 0x73, 0x65, 0x46, 0x61, 0x63, 0x74,
        0x6f, 0x72, 0x28, 0x0a, 0x20, 0x20, 0x20, 0x20, 0x69, 0x6e, 0x6f, 0x75, 0x74, 0x20, 0x66, 0x6c,
        0x6f, 0x61, 0x74, 0x33, 0x20, 0x63, 0x6f, 0x6c, 0x6f, 0x72, 0x2c, 0x0a, 0x20, 0x20, 0x20, 0x20,
        0x69, 0x6e, 0x20, 0x66, 0x6c, 0x6f, 0x61, 0x74, 0x20, 0x64, 0x69, 0x66, 0x66, 0x2c, 0x0a, 0x20,
        0x20, 0x20, 0x20, 0x69, 0x6e, 0x20, 0x66, 0x6c, 0x6f, 0x61, 0x74, 0x32, 0x20, 0x45, 0x6e, 0x76,
        0x69, 0x72, 0x6f, 0x6e, 0x6d, 0x65, 0x6e, 0x74, 0x4c, 0x69, 0x67, 0x68, 0x74, 0x0a, 0x29, 0x0a,
        0x7b, 0x0a, 0x20, 0x20, 0x20, 0x20, 0x63, 0x6f, 0x6c, 0x6f, 0x72, 0x20, 0x3d, 0x20, 0x28, 0x45,
        0x6e, 0x76, 0x69, 0x72, 0x6f, 0x6e, 0x6d, 0x65, 0x6e, 0x74, 0x4c, 0x69, 0x67, 0x68, 0x74, 0x2e,
        0x78, 0x20, 0x2b, 0x20, 0x45, 0x6e, 0x76, 0x69, 0x72, 0x6f, 0x6e, 0x6d, 0x65, 0x6e, 0x74, 0x4c,
        0x69, 0x67, 0x68, 0x74, 0x2e, 0x79, 0x20, 0x2a, 0x20, 0x64, 0x69, 0x66, 0x66, 0x29, 0x20, 0x2a,
        0x20, 0x63, 0x6f, 0x6c, 0x6f, 0x72, 0x3b, 0x0a, 0x7d, 0x0a, 0x0a, 0x76, 0x6f, 0x69, 0x64, 0x20,
        0x56, 0x53, 0x5f, 0x41, 0x70, 0x70, 0x6c, 0x79, 0x50, 0x6f, 0x6c, 0x79, 0x67, 0x6f, 0x6e, 0x44,
        0x69, 0x66, 0x66, 0x75, 0x73, 0x65, 0x28, 0x0a, 0x20, 0x20, 0x20, 0x20, 0x69, 0x6e, 0x6f, 0x75,
        0x74, 0x20, 0x66, 0x6c, 0x6f, 0x61, 0x74, 0x33, 0x20, 0x63, 0x6f, 0x6c, 0x6f, 0x72, 0x2c, 0x0a,
        0x20, 0x20, 0x20, 0x20, 0x69, 0x6e, 0x20, 0x66, 0x6c, 0x6f, 0x61, 0x74, 0x33, 0x20, 0x43, 0x65,
        0x6e, 0x74, 0x72, 0x6f, 0x69, 0x64, 0x57, 0x6f, 0x72, 0x6c, 0x64, 0x2c, 0x0a, 0x20, 0x20, 0x20,
        0x20, 0x69, 0x6e, 0x20, 0x66, 0x6c, 0x6f, 0x61, 0x74, 0x33, 0x20, 0x4e, 0x6f, 0x72, 0x6d, 0x61,
        0x6c, 0x57, 0x6f, 0x72, 0x6c, 0x64, 0x2c, 0x0a, 0x20, 0x20, 0x20, 0x20, 0x69, 0x6e, 0x20, 0x66,
        0x6c, 0x6f, 0x61, 0x74, 0x33, 0x20, 0x4c, 0x69, 0x67, 0x68, 0x74, 0x44, 0x69, 0x72, 0x65, 0x63,
        0x74, 0x69, 0x6f, 0x6e, 0x2c, 0x0a, 0x20, 0x20, 0x20, 0x20, 0x69, 0x6e, 0x20, 0x66, 0x6c, 0x6f,
        0x61, 0x74, 0x33, 0x20, 0x43, 0x61, 0x6d, 0x65, 0x72, 0x61, 0x50, 0x6f, 0x73, 0x69, 0x74, 0x69,
        0x6f, 0x6e, 0x2c, 0x0a, 0x20, 0x20, 0x20, 0x20, 0x69, 0x6e, 0x20, 0x66, 0x6c, 0x6f, 0x61, 0x74,
        0x32, 0x20, 0x45, 0x6e, 0x76, 0x69, 0x72, 0x6f, 0x6e, 0x6d, 0x65, 0x6e, 0x74, 0x4c, 0x69, 0x67,
        0x68, 0x74, 0x0a, 0x29, 0x0a, 0x7b, 0x0a, 0x20, 0x20, 0x20, 0x20, 0x66, 0x6c, 0x6f, 0x61, 0x74,
        0x20, 0x64, 0x69, 0x66, 0x66, 0x20, 0x3d, 0x20, 0x43, 0x6f, 0x6d, 0x70, 0x75, 0x74, 0x65, 0x50,
        0x6f, 0x6c, 0x79, 0x67, 0x6f, 0x6e, 0x44, 0x69, 0x66, 0x66, 0x75, 0x73, 0x65, 0x28, 0x43, 0x65,
        0x6e, 0x74, 0x72, 0x6f, 0x69, 0x64, 0x57, 0x6f, 0x72, 0x6c, 0x64, 0x2c, 0x20, 0x4e, 0x6f, 0x72,
        0x6d, 0x61, 0x6c, 0x57, 0x6f, 0x72, 0x6c, 0x64, 0x2c, 0x20, 0x4c, 0x69, 0x67, 0x68, 0x74, 0x44,
        0x69, 0x72, 0x65, 0x63, 0x74, 0x69, 0x6f, 0x6e, 0x2c, 0x20, 0x43, 0x61, 0x6d, 0x65, 0x72, 0x61,
        0x50, 0x6f, 0x73, 0x69, 0x74, 0x69, 0x6f, 0x6e, 0x29, 0x3b, 0x0a, 0x20, 0x20, 0x20, 0x20, 0x41,
        0x70, 0x70, 0x6c, 0x79, 0x44, 0x69, 0x66, 0x66, 0x75, 0x73, 0x65, 0x46, 0x61, 0x63, 0x74, 0x6f,
        0x72, 0x28, 0x63, 0x6f, 0x6c, 0x6f, 0x72, 0x2c, 0x20, 0x64, 0x69, 0x66, 0x66, 0x2c, 0x20, 0x45,
        0x6e, 0x76, 0x69, 0x72, 0x6f, 0x6e, 0x6d, 0x65, 0x6e, 0x74, 0x4c, 0x69, 0x67, 0x68, 0x74, 0x29,
        0x3b, 0x0a, 0x7d, 0x0a, 0x0a, 0x2f, 0x2f, 0x20, 0x46, 0x6f, 0x67, 0x4c, 0x6f, 0x67, 0x44, 0x65,
        0x6e, 0x73, 0x69, 0x74, 0x79, 0x20, 0x69, 0x73, 0x20, 0x6c, 0x6f, 0x67, 0x32, 0x20, 0x6f, 0x66,
        0x20, 0x74, 0x68, 0x65, 0x20, 0x66, 0x6f, 0x67, 0x20, 0x64, 0x65, 0x6e, 0x73, 0x69, 0x74, 0x79,
        0x2c, 0x20, 0x6e, 0x6f, 0x72, 0x6d, 0x61, 0x6c, 0x69, 0x7a, 0x65, 0x64, 0x20, 0x6f, 0x6e, 0x20,
        0x74, 0x68, 0x65, 0x20, 0x43, 0x50, 0x55, 0x20, 0x28, 0x73, 0x65, 0x65, 0x20, 0x57, 0x6f, 0x72,
        0x6c, 0x64, 0x2e, 0x46, 0x6f, 0x67, 0x4c, 0x6f, 0x67, 0x44, 0x65, 0x6e, 0x73, 0x69, 0x74, 0x79,
        0x29, 0x2e, 0x0a, 0x2f, 0x2f, 0x20, 0x70, 0x6f, 0x77, 0x28, 0x64, 0x65, 0x6e, 0x73, 0x69, 0x74,
        0x79, 0x2c, 0x20, 0x74, 0x29, 0x20, 0x69, 0x73, 0x20, 0x65, 0x78, 0x61, 0x63, 0x74, 0x6c, 0x79,
        0x20, 0x65, 0x78, 0x70, 0x32, 0x28, 0x74, 0x20, 0x2a, 0x20, 0x6c, 0x6f, 0x67, 0x32, 0x28, 0x64,
        0x65, 0x6e, 0x73, 0x69, 0x74, 0x79, 0x29, 0x29, 0x2c, 0x20, 0x73, 0x6f, 0x20, 0x66, 0x6f, 0x6c,
        0x64, 0x69, 0x6e, 0x67, 0x20, 0x74, 0x68, 0x65, 0x20, 0x28, 0x75, 0x6e, 0x69, 0x66, 0x6f, 0x72,
        0x6d, 0x29, 0x20, 0x6c, 0x6f, 0x67, 0x32, 0x20, 0x69, 0x6e, 0x74, 0x6f, 0x20, 0x74, 0x68, 0x65,
        0x0a, 0x2f, 0x2f, 0x20, 0x63, 0x6f, 0x6e, 0x73, 0x74, 0x61, 0x6e, 0x74, 0x20, 0x6c, 0x65, 0x61,
        0x76, 0x65, 0x73, 0x20, 0x74, 0x68, 0x65, 0x20, 0x72, 0x65, 0x73, 0x75, 0x6c, 0x74, 0x20, 0x75,
        0x6e, 0x63, 0x68, 0x61, 0x6e, 0x67, 0x65, 0x64, 0x20, 0x77, 0x68, 0x69, 0x6c, 0x65, 0x20, 0x72,
        0x65, 0x70, 0x6c, 0x61, 0x63, 0x69, 0x6e, 0x67, 0x20, 0x61, 0x20, 0x70, 0x65, 0x72, 0x2d, 0x70,
        0x69, 0x78, 0x65, 0x6c, 0x20, 0x6c, 0x6f, 0x67, 0x32, 0x20, 0x2b, 0x20, 0x65, 0x78, 0x70, 0x32,
        0x20, 0x70, 0x61, 0x69, 0x72, 0x20, 0x77, 0x69, 0x74, 0x68, 0x20, 0x61, 0x0a, 0x2f, 0x2f, 0x20,
        0x73, 0x69, 0x6e, 0x67, 0x6c, 0x65, 0x20, 0x65, 0x78, 0x70, 0x32, 0x2e, 0x0a, 0x76, 0x6f, 0x69,
        0x64, 0x20, 0x56, 0x53, 0x5f, 0x41, 0x70, 0x70, 0x6c, 0x79, 0x46, 0x6f, 0x67, 0x28, 0x0a, 0x20,
        0x20, 0x20, 0x20, 0x69, 0x6e, 0x6f, 0x75, 0x74, 0x20, 0x66, 0x6c, 0x6f, 0x61, 0x74, 0x33, 0x20,
        0x63, 0x6f, 0x6c, 0x6f, 0x72, 0x2c, 0x0a, 0x20, 0x20, 0x20, 0x20, 0x69, 0x6e, 0x20, 0x66, 0x6c,
        0x6f, 0x61, 0x74, 0x20, 0x56, 0x69, 0x65, 0x77, 0x4c, 0x65, 0x6e, 0x67, 0x74, 0x68, 0x2c, 0x0a,
        0x20, 0x20, 0x20, 0x20, 0x69, 0x6e, 0x20, 0x66, 0x6c, 0x6f, 0x61, 0x74, 0x33, 0x20, 0x46, 0x6f,
        0x67, 0x43, 0x6f, 0x6c, 0x6f, 0x72, 0x2c, 0x0a, 0x20, 0x20, 0x20, 0x20, 0x69, 0x6e, 0x20, 0x66,
        0x6c, 0x6f, 0x61, 0x74, 0x20, 0x46, 0x6f, 0x67, 0x44, 0x69, 0x73, 0x74, 0x61, 0x6e, 0x63, 0x65,
        0x2c, 0x0a, 0x20, 0x20, 0x20, 0x20, 0x69, 0x6e, 0x20, 0x66, 0x6c, 0x6f, 0x61, 0x74, 0x20, 0x46,
        0x6f, 0x67, 0x4c, 0x6f, 0x67, 0x44, 0x65, 0x6e, 0x73, 0x69, 0x74, 0x79, 0x0a, 0x29, 0x0a, 0x7b,
        0x0a, 0x0a, 0x09, 0x66, 0x6c, 0x6f, 0x61, 0x74, 0x20, 0x66, 0x20, 0x3d, 0x20, 0x65, 0x78, 0x70,
        0x32, 0x28, 0x6d, 0x61, 0x78, 0x28, 0x28, 0x56, 0x69, 0x65, 0x77, 0x4c, 0x65, 0x6e, 0x67, 0x74,
        0x68, 0x20, 0x2d, 0x20, 0x46, 0x6f, 0x67, 0x44, 0x69, 0x73, 0x74, 0x61, 0x6e, 0x63, 0x65, 0x20,
        0x2f, 0x20, 0x32, 0x2e, 0x30, 0x29, 0x20, 0x2f, 0x20, 0x46, 0x6f, 0x67, 0x44, 0x69, 0x73, 0x74,
        0x61, 0x6e, 0x63, 0x65, 0x2c, 0x20, 0x30, 0x2e, 0x30, 0x29, 0x20, 0x2a, 0x20, 0x46, 0x6f, 0x67,
        0x4c, 0x6f, 0x67, 0x44, 0x65, 0x6e, 0x73, 0x69, 0x74, 0x79, 0x29, 0x3b, 0x0a, 0x0a, 0x09, 0x63,
        0x6f, 0x6c, 0x6f, 0x72, 0x20, 0x3d, 0x20, 0x63, 0x6f, 0x6c, 0x6f, 0x72, 0x20, 0x2a, 0x20, 0x66,
        0x6c, 0x6f, 0x61, 0x74, 0x33, 0x28, 0x66, 0x2c, 0x20, 0x66, 0x2c, 0x20, 0x66, 0x29, 0x20, 0x2b,
        0x20, 0x46, 0x6f, 0x67, 0x43, 0x6f, 0x6c, 0x6f, 0x72, 0x20, 0x2a, 0x20, 0x66, 0x6c, 0x6f, 0x61,
        0x74, 0x33, 0x28, 0x31, 0x2e, 0x30, 0x20, 0x2d, 0x20, 0x66, 0x2c, 0x20, 0x31, 0x2e, 0x30, 0x20,
        0x2d, 0x20, 0x66, 0x2c, 0x20, 0x31, 0x2e, 0x30, 0x20, 0x2d, 0x20, 0x66, 0x29, 0x3b, 0x0a, 0x7d,
        0x0a, 0x0a, 0x66, 0x6c, 0x6f, 0x61, 0x74, 0x34, 0x78, 0x34, 0x20, 0x4c, 0x69, 0x67, 0x68, 0x74,
        0x56, 0x69, 0x65, 0x77, 0x50, 0x72, 0x6f, 0x6a, 0x30, 0x3b, 0x0a, 0x23, 0x69, 0x66, 0x20, 0x53,
        0x4d, 0x36, 0x0a, 0x54, 0x65, 0x78, 0x74, 0x75, 0x72, 0x65, 0x32, 0x44, 0x20, 0x53, 0x68, 0x61,
        0x64, 0x6f, 0x77, 0x4d, 0x61, 0x70, 0x30, 0x20, 0x3a, 0x20, 0x72, 0x65, 0x67, 0x69, 0x73, 0x74,
        0x65, 0x72, 0x28, 0x74, 0x30, 0x29, 0x3b, 0x0a, 0x53, 0x61, 0x6d, 0x70, 0x6c, 0x65, 0x72, 0x53,
        0x74, 0x61, 0x74, 0x65, 0x20, 0x53, 0x68, 0x61, 0x64, 0x6f, 0x77, 0x4d, 0x61, 0x70, 0x53, 0x61,
        0x6d, 0x70, 0x6c, 0x65, 0x72, 0x30, 0x20, 0x3a, 0x20, 0x72, 0x65, 0x67, 0x69, 0x73, 0x74, 0x65,
        0x72, 0x28, 0x73, 0x30, 0x29, 0x3b, 0x0a, 0x23, 0x65, 0x6c, 0x73, 0x65, 0x0a, 0x74, 0x65, 0x78,
        0x74, 0x75, 0x72, 0x65, 0x20, 0x53, 0x68, 0x61, 0x64, 0x6f, 0x77, 0x4d, 0x61, 0x70, 0x30, 0x3b,
        0x0a, 0x73, 0x61, 0x6d, 0x70, 0x6c, 0x65, 0x72, 0x20, 0x53, 0x68, 0x61, 0x64, 0x6f, 0x77, 0x4d,
        0x61, 0x70, 0x53, 0x61, 0x6d, 0x70, 0x6c, 0x65, 0x72, 0x30, 0x20, 0x3d, 0x20, 0x73, 0x61, 0x6d,
        0x70, 0x6c, 0x65, 0x72, 0x5f, 0x73, 0x74, 0x61, 0x74, 0x65, 0x0a, 0x7b, 0x0a, 0x20, 0x20, 0x20,
        0x20, 0x4d, 0x69, 0x70, 0x46, 0x69, 0x6c, 0x74, 0x65, 0x72, 0x20, 0x3d, 0x20, 0x50, 0x4f, 0x49,
        0x4e, 0x54, 0x3b, 0x0a, 0x20, 0x20, 0x20, 0x20, 0x4d, 0x69, 0x6e, 0x46, 0x69, 0x6c, 0x74, 0x65,
        0x72, 0x20, 0x3d, 0x20, 0x50, 0x4f, 0x49, 0x4e, 0x54, 0x3b, 0x0a, 0x20, 0x20, 0x20, 0x20, 0x4d,
        0x61, 0x67, 0x46, 0x69, 0x6c, 0x74, 0x65, 0x72, 0x20, 0x3d, 0x20, 0x50, 0x4f, 0x49, 0x4e, 0x54,
        0x3b, 0x0a, 0x20, 0x20, 0x20, 0x20, 0x54, 0x65, 0x78, 0x74, 0x75, 0x72, 0x65, 0x20, 0x3d, 0x20,
        0x3c, 0x53, 0x68, 0x61, 0x64, 0x6f, 0x77, 0x4d, 0x61, 0x70, 0x30, 0x3e, 0x3b, 0x0a, 0x20, 0x20,
        0x20, 0x20, 0x41, 0x64, 0x64, 0x72, 0x65, 0x73, 0x73, 0x55, 0x20, 0x3d, 0x20, 0x43, 0x6c, 0x61,
        0x6d, 0x70, 0x3b, 0x0a, 0x20, 0x20, 0x20, 0x20, 0x41, 0x64, 0x64, 0x72, 0x65, 0x73, 0x73, 0x56,
        0x20, 0x3d, 0x20, 0x43, 0x6c, 0x61, 0x6d, 0x70, 0x3b, 0x0a, 0x7d, 0x3b, 0x0a, 0x23, 0x65, 0x6e,
        0x64, 0x69, 0x66, 0x0a, 0x66, 0x6c, 0x6f, 0x61, 0x74, 0x34, 0x78, 0x34, 0x20, 0x4c, 0x69, 0x67,
        0x68, 0x74, 0x56, 0x69, 0x65, 0x77, 0x50, 0x72, 0x6f, 0x6a, 0x31, 0x3b, 0x0a, 0x23, 0x69, 0x66,
        0x20, 0x53, 0x4d, 0x36, 0x0a, 0x54, 0x65, 0x78, 0x74, 0x75, 0x72, 0x65, 0x32, 0x44, 0x20, 0x53,
        0x68, 0x61, 0x64, 0x6f, 0x77, 0x4d, 0x61, 0x70, 0x31, 0x20, 0x3a, 0x20, 0x72, 0x65, 0x67, 0x69,
        0x73, 0x74, 0x65, 0x72, 0x28, 0x74, 0x31, 0x29, 0x3b, 0x0a, 0x53, 0x61, 0x6d, 0x70, 0x6c, 0x65,
        0x72, 0x53, 0x74, 0x61, 0x74, 0x65, 0x20, 0x53, 0x68, 0x61, 0x64, 0x6f, 0x77, 0x4d, 0x61, 0x70,
        0x53, 0x61, 0x6d, 0x70, 0x6c, 0x65, 0x72, 0x31, 0x20, 0x3a, 0x20, 0x72, 0x65, 0x67, 0x69, 0x73,
        0x74, 0x65, 0x72, 0x28, 0x73, 0x31, 0x29, 0x3b, 0x0a, 0x23, 0x65, 0x6c, 0x73, 0x65, 0x0a, 0x74,
        0x65, 0x78, 0x74, 0x75, 0x72, 0x65, 0x20, 0x53, 0x68, 0x61, 0x64, 0x6f, 0x77, 0x4d, 0x61, 0x70,
        0x31, 0x3b, 0x0a, 0x73, 0x61, 0x6d, 0x70, 0x6c, 0x65, 0x72, 0x20, 0x53, 0x68, 0x61, 0x64, 0x6f,
        0x77, 0x4d, 0x61, 0x70, 0x53, 0x61, 0x6d, 0x70, 0x6c, 0x65, 0x72, 0x31, 0x20, 0x3d, 0x20, 0x73,
        0x61, 0x6d, 0x70, 0x6c, 0x65, 0x72, 0x5f, 0x73, 0x74, 0x61, 0x74, 0x65, 0x0a, 0x7b, 0x0a, 0x20,
        0x20, 0x20, 0x20, 0x4d, 0x69, 0x70, 0x46, 0x69, 0x6c, 0x74, 0x65, 0x72, 0x20, 0x3d, 0x20, 0x50,
        0x4f, 0x49, 0x4e, 0x54, 0x3b, 0x0a, 0x20, 0x20, 0x20, 0x20, 0x4d, 0x69, 0x6e, 0x46, 0x69, 0x6c,
        0x74, 0x65, 0x72, 0x20, 0x3d, 0x20, 0x50, 0x4f, 0x49, 0x4e, 0x54, 0x3b, 0x0a, 0x20, 0x20, 0x20,
        0x20, 0x4d, 0x61, 0x67, 0x46, 0x69, 0x6c, 0x74, 0x65, 0x72, 0x20, 0x3d, 0x20, 0x50, 0x4f, 0x49,
        0x4e, 0x54, 0x3b, 0x0a, 0x20, 0x20, 0x20, 0x20, 0x54, 0x65, 0x78, 0x74, 0x75, 0x72, 0x65, 0x20,
        0x3d, 0x20, 0x3c, 0x53, 0x68, 0x61, 0x64, 0x6f, 0x77, 0x4d, 0x61, 0x70, 0x31, 0x3e, 0x3b, 0x0a,
        0x20, 0x20, 0x20, 0x20, 0x41, 0x64, 0x64, 0x72, 0x65, 0x73, 0x73, 0x55, 0x20, 0x3d, 0x20, 0x43,
        0x6c, 0x61, 0x6d, 0x70, 0x3b, 0x0a, 0x20, 0x20, 0x20, 0x20, 0x41, 0x64, 0x64, 0x72, 0x65, 0x73,
        0x73, 0x56, 0x20, 0x3d, 0x20, 0x43, 0x6c, 0x61, 0x6d, 0x70, 0x3b, 0x0a, 0x7d, 0x3b, 0x0a, 0x23,
        0x65, 0x6e, 0x64, 0x69, 0x66, 0x0a, 0x66, 0x6c, 0x6f, 0x61, 0x74, 0x34, 0x78, 0x34, 0x20, 0x4c,
        0x69, 0x67, 0x68, 0x74, 0x56, 0x69, 0x65, 0x77, 0x50, 0x72, 0x6f, 0x6a, 0x32, 0x3b, 0x0a, 0x23,
        0x69, 0x66, 0x20, 0x53, 0x4d, 0x36, 0x0a, 0x54, 0x65, 0x78, 0x74, 0x75, 0x72, 0x65, 0x32, 0x44,
        0x20, 0x53, 0x68, 0x61, 0x64, 0x6f, 0x77, 0x4d, 0x61, 0x70, 0x32, 0x20, 0x3a, 0x20, 0x72, 0x65,
        0x67, 0x69, 0x73, 0x74, 0x65, 0x72, 0x28, 0x74, 0x32, 0x29, 0x3b, 0x0a, 0x53, 0x61, 0x6d, 0x70,
        0x6c, 0x65, 0x72, 0x53, 0x74, 0x61, 0x74, 0x65, 0x20, 0x53, 0x68, 0x61, 0x64, 0x6f, 0x77, 0x4d,
        0x61, 0x70, 0x53, 0x61, 0x6d, 0x70, 0x6c, 0x65, 0x72, 0x32, 0x20, 0x3a, 0x20, 0x72, 0x65, 0x67,
        0x69, 0x73, 0x74, 0x65, 0x72, 0x28, 0x73, 0x32, 0x29, 0x3b, 0x0a, 0x23, 0x65, 0x6c, 0x73, 0x65,
        0x0a, 0x74, 0x65, 0x78, 0x74, 0x75, 0x72, 0x65, 0x20, 0x53, 0x68, 0x61, 0x64, 0x6f, 0x77, 0x4d,
        0x61, 0x70, 0x32, 0x3b, 0x0a, 0x73, 0x61, 0x6d, 0x70, 0x6c, 0x65, 0x72, 0x20, 0x53, 0x68, 0x61,
        0x64, 0x6f, 0x77, 0x4d, 0x61, 0x70, 0x53, 0x61, 0x6d, 0x70, 0x6c, 0x65, 0x72, 0x32, 0x20, 0x3d,
        0x20, 0x73, 0x61, 0x6d, 0x70, 0x6c, 0x65, 0x72, 0x5f, 0x73, 0x74, 0x61, 0x74, 0x65, 0x0a, 0x7b,
        0x0a, 0x20, 0x20, 0x20, 0x20, 0x4d, 0x69, 0x70, 0x46, 0x69, 0x6c, 0x74, 0x65, 0x72, 0x20, 0x3d,
        0x20, 0x50, 0x4f, 0x49, 0x4e, 0x54, 0x3b, 0x0a, 0x20, 0x20, 0x20, 0x20, 0x4d, 0x69, 0x6e, 0x46,
        0x69, 0x6c, 0x74, 0x65, 0x72, 0x20, 0x3d, 0x20, 0x50, 0x4f, 0x49, 0x4e, 0x54, 0x3b, 0x0a, 0x20,
        0x20, 0x20, 0x20, 0x4d, 0x61, 0x67, 0x46, 0x69, 0x6c, 0x74, 0x65, 0x72, 0x20, 0x3d, 0x20, 0x50,
        0x4f, 0x49, 0x4e, 0x54, 0x3b, 0x0a, 0x20, 0x20, 0x20, 0x20, 0x54, 0x65, 0x78, 0x74, 0x75, 0x72,
        0x65, 0x20, 0x3d, 0x20, 0x3c, 0x53, 0x68, 0x61, 0x64, 0x6f, 0x77, 0x4d, 0x61, 0x70, 0x32, 0x3e,
        0x3b, 0x0a, 0x20, 0x20, 0x20, 0x20, 0x41, 0x64, 0x64, 0x72, 0x65, 0x73, 0x73, 0x55, 0x20, 0x3d,
        0x20, 0x43, 0x6c, 0x61, 0x6d, 0x70, 0x3b, 0x0a, 0x20, 0x20, 0x20, 0x20, 0x41, 0x64, 0x64, 0x72,
        0x65, 0x73, 0x73, 0x56, 0x20, 0x3d, 0x20, 0x43, 0x6c, 0x61, 0x6d, 0x70, 0x3b, 0x0a, 0x7d, 0x3b,
        0x0a, 0x23, 0x65, 0x6e, 0x64, 0x69, 0x66, 0x0a, 0x2f, 0x2f, 0x20, 0x53, 0x68, 0x61, 0x64, 0x6f,
        0x77, 0x2d, 0x6d, 0x61, 0x70, 0x20, 0x64, 0x65, 0x70, 0x74, 0x68, 0x20, 0x62, 0x69, 0x61, 0x73,
        0x2c, 0x20, 0x69, 0x6e, 0x20, 0x6e, 0x6f, 0x72, 0x6d, 0x61, 0x6c, 0x69, 0x7a, 0x65, 0x64, 0x20,
        0x73, 0x68, 0x61, 0x64, 0x6f, 0x77, 0x2d, 0x6d, 0x61, 0x70, 0x20, 0x64, 0x65, 0x70, 0x74, 0x68,
        0x20, 0x28, 0x72, 0x61, 0x6e, 0x67, 0x65, 0x20, 0x5b, 0x30, 0x2e, 0x2e, 0x31, 0x5d, 0x29, 0x2e,
        0x0a, 0x2f, 0x2f, 0x20, 0x20, 0x20, 0x54, 0x6f, 0x6f, 0x20, 0x73, 0x6d, 0x61, 0x6c, 0x6c, 0x20,
        0x2d, 0x3e, 0x20, 0x73, 0x68, 0x61, 0x64, 0x6f, 0x77, 0x20, 0x61, 0x63, 0x6e, 0x65, 0x20, 0x28,
        0x73, 0x68, 0x69, 0x6d, 0x6d, 0x65, 0x72, 0x69, 0x6e, 0x67, 0x20, 0x73, 0x65, 0x6c, 0x66, 0x2d,
        0x73, 0x68, 0x61, 0x64, 0x6f, 0x77, 0x20, 0x6f, 0x6e, 0x20, 0x6c, 0x69, 0x74, 0x20, 0x66, 0x61,
        0x63, 0x65, 0x73, 0x29, 0x2e, 0x0a, 0x2f, 0x2f, 0x20, 0x20, 0x20, 0x54, 0x6f, 0x6f, 0x20, 0x6c,
        0x61, 0x72, 0x67, 0x65, 0x20, 0x2d, 0x3e, 0x20, 0x70, 0x65, 0x74, 0x65, 0x72, 0x2d, 0x70, 0x61,
        0x6e, 0x6e, 0x69, 0x6e, 0x67, 0x20, 0x28, 0x73, 0x68, 0x61, 0x64, 0x6f, 0x77, 0x20, 0x64, 0x65,
        0x74, 0x61, 0x63, 0x68, 0x65, 0x73, 0x20, 0x2f, 0x20, 0x73, 0x6c, 0x69, 0x64, 0x65, 0x73, 0x20,
        0x6f, 0x66, 0x66, 0x20, 0x69, 0x74, 0x73, 0x20, 0x63, 0x61, 0x73, 0x74, 0x65, 0x72, 0x29, 0x2e,
        0x0a, 0x2f, 0x2f, 0x20, 0x4c, 0x6f, 0x77, 0x65, 0x72, 0x65, 0x64, 0x20, 0x66, 0x72, 0x6f, 0x6d,
        0x20, 0x30, 0x2e, 0x32, 0x35, 0x2c, 0x20, 0x77, 0x68, 0x69, 0x63, 0x68, 0x20, 0x77, 0x61, 0x73,
        0x20, 0x7e, 0x31, 0x2f, 0x34, 0x20, 0x6f, 0x66, 0x20, 0x74, 0x68, 0x65, 0x20, 0x77, 0x68, 0x6f,
        0x6c, 0x65, 0x20, 0x64, 0x65, 0x70, 0x74, 0x68, 0x20, 0x72, 0x61, 0x6e, 0x67, 0x65, 0x20, 0x61,
        0x6e, 0x64, 0x20, 0x6d, 0x61, 0x64, 0x65, 0x20, 0x73, 0x68, 0x61, 0x64, 0x6f, 0x77, 0x73, 0x0a,
        0x2f, 0x2f, 0x20, 0x64, 0x65, 0x74, 0x61, 0x63, 0x68, 0x65, 0x64, 0x20, 0x61, 0x6e, 0x64, 0x20,
        0x69, 0x6e, 0x61, 0x63, 0x63, 0x75, 0x72, 0x61, 0x74, 0x65, 0x2e, 0x20, 0x54, 0x75, 0x6e, 0x65,
        0x20, 0x69, 0x6e, 0x20, 0x74, 0x68, 0x65, 0x20, 0x30, 0x2e, 0x30, 0x30, 0x30, 0x35, 0x20, 0x2e,
        0x2e, 0x20, 0x30, 0x2e, 0x30, 0x30, 0x33, 0x20, 0x72, 0x61, 0x6e, 0x67, 0x65, 0x3b, 0x20, 0x72,
        0x61, 0x69, 0x73, 0x65, 0x20, 0x6f, 0x6e, 0x6c, 0x79, 0x20, 0x75, 0x6e, 0x74, 0x69, 0x6c, 0x0a,
        0x2f, 0x2f, 0x20, 0x61, 0x63, 0x6e, 0x65, 0x20, 0x64, 0x69, 0x73, 0x61, 0x70, 0x70, 0x65, 0x61,
        0x72, 0x73, 0x2c, 0x20, 0x6e, 0x6f, 0x20, 0x66, 0x75, 0x72, 0x74, 0x68, 0x65, 0x72, 0x2e, 0x0a,
        0x2f, 0x2f, 0x20, 0x4e, 0x4f, 0x54, 0x45, 0x3a, 0x20, 0x69, 0x66, 0x20, 0x44, 0x65, 0x70, 0x74,
        0x68, 0x42, 0x69, 0x61, 0x73, 0x20, 0x69, 0x73, 0x20, 0x61, 0x6c, 0x73, 0x6f, 0x20, 0x73, 0x65,
        0x74, 0x20, 0x66, 0x72, 0x6f, 0x6d, 0x20, 0x68, 0x6f, 0x73, 0x74, 0x2f, 0x43, 0x23, 0x20, 0x63,
        0x6f, 0x64, 0x65, 0x2c, 0x20, 0x74, 0x68, 0x61, 0x74, 0x20, 0x76, 0x61, 0x6c, 0x75, 0x65, 0x20,
        0x6f, 0x76, 0x65, 0x72, 0x72, 0x69, 0x64, 0x65, 0x73, 0x20, 0x74, 0x68, 0x69, 0x73, 0x0a, 0x2f,
        0x2f, 0x20, 0x64, 0x65, 0x66, 0x61, 0x75, 0x6c, 0x74, 0x20, 0xe2, 0x80, 0x94, 0x20, 0x6c, 0x6f,
        0x77, 0x65, 0x72, 0x20, 0x69, 0x74, 0x20, 0x74, 0x68, 0x65, 0x72, 0x65, 0x20, 0x74, 0x6f, 0x6f,
        0x2e, 0x0a, 0x66, 0x6c, 0x6f, 0x61, 0x74, 0x20, 0x44, 0x65, 0x70, 0x74, 0x68, 0x42, 0x69, 0x61,
        0x73, 0x20, 0x3d, 0x20, 0x30, 0x2e, 0x30, 0x30, 0x30, 0x35, 0x66, 0x3b, 0x0a, 0x66, 0x6c, 0x6f,
        0x61, 0x74, 0x20, 0x4e, 0x75, 0x6d, 0x43, 0x61, 0x73, 0x63, 0x61, 0x64, 0x65, 0x73, 0x20, 0x3d,
        0x20, 0x33, 0x3b, 0x0a, 0x66, 0x6c, 0x6f, 0x61, 0x74, 0x33, 0x20, 0x4c, 0x69, 0x67, 0x68, 0x74,
        0x44, 0x69, 0x72, 0x65, 0x63, 0x74, 0x69, 0x6f, 0x6e, 0x3b, 0x0a, 0x0a, 0x23, 0x69, 0x66, 0x20,
        0x53, 0x4d, 0x36, 0x0a, 0x76, 0x6f, 0x69, 0x64, 0x20, 0x61, 0x70, 0x70, 0x6c, 0x79, 0x53, 0x68,
        0x61, 0x64, 0x6f, 0x77, 0x69, 0x6e, 0x67, 0x53, 0x69, 0x6e, 0x67, 0x6c, 0x65, 0x28, 0x0a, 0x20,
        0x20, 0x20, 0x20, 0x69, 0x6e, 0x20, 0x66, 0x6c, 0x6f, 0x61, 0x74, 0x34, 0x20, 0x77, 0x6f, 0x72,
        0x6c, 0x64, 0x50, 0x6f, 0x73, 0x2c, 0x0a, 0x20, 0x20, 0x20, 0x20, 0x69, 0x6e, 0x20, 0x66, 0x6c,
        0x6f, 0x61, 0x74, 0x34, 0x78, 0x34, 0x20, 0x6c, 0x69, 0x67, 0x68, 0x74, 0x56, 0x69, 0x65, 0x77,
        0x50, 0x72, 0x6f, 0x6a, 0x2c, 0x0a, 0x20, 0x20, 0x20, 0x20, 0x69, 0x6e, 0x20, 0x54, 0x65, 0x78,
        0x74, 0x75, 0x72, 0x65, 0x32, 0x44, 0x20, 0x73, 0x68, 0x61, 0x64, 0x6f, 0x77, 0x4d, 0x61, 0x70,
        0x54, 0x65, 0x78, 0x74, 0x75, 0x72, 0x65, 0x2c, 0x0a, 0x20, 0x20, 0x20, 0x20, 0x69, 0x6e, 0x20,
        0x53, 0x61, 0x6d, 0x70, 0x6c, 0x65, 0x72, 0x53, 0x74, 0x61, 0x74, 0x65, 0x20, 0x73, 0x68, 0x61,
        0x64, 0x6f, 0x77, 0x4d, 0x61, 0x70, 0x53, 0x61, 0x6d, 0x70, 0x6c, 0x65, 0x72, 0x2c, 0x0a, 0x20,
        0x20, 0x20, 0x20, 0x6f, 0x75, 0x74, 0x20, 0x62, 0x6f, 0x6f, 0x6c, 0x20, 0x69, 0x73, 0x49, 0x6e,
        0x4c, 0x69, 0x67, 0x68, 0x74, 0x2c, 0x0a, 0x20, 0x20, 0x20, 0x20, 0x6f, 0x75, 0x74, 0x20, 0x62,
        0x6f, 0x6f, 0x6c, 0x20, 0x69, 0x73, 0x53, 0x68, 0x61, 0x64, 0x6f, 0x77, 0x65, 0x64, 0x0a, 0x29,
        0x0a, 0x7b, 0x0a, 0x20, 0x20, 0x20, 0x20, 0x69, 0x73, 0x53, 0x68, 0x61, 0x64, 0x6f, 0x77, 0x65,
        0x64, 0x20, 0x3d, 0x20, 0x66, 0x61, 0x6c, 0x73, 0x65, 0x3b, 0x0a, 0x0a, 0x20, 0x20, 0x20, 0x20,
        0x2f, 0x2f, 0x20, 0x46, 0x69, 0x6e, 0x64, 0x20, 0x74, 0x68, 0x65, 0x20, 0x70, 0x6f, 0x73, 0x69,
        0x74, 0x69, 0x6f, 0x6e, 0x20, 0x6f, 0x66, 0x20, 0x74, 0x68, 0x69, 0x73, 0x20, 0x70, 0x69, 0x78,
        0x65, 0x6c, 0x20, 0x69, 0x6e, 0x20, 0x6c, 0x69, 0x67, 0x68, 0x74, 0x20, 0x73, 0x70, 0x61, 0x63,
        0x65, 0x0a, 0x20, 0x20, 0x20, 0x20, 0x66, 0x6c, 0x6f, 0x61, 0x74, 0x34, 0x20, 0x6c, 0x69, 0x67,
        0x68, 0x74, 0x69, 0x6e, 0x67, 0x50, 0x6f, 0x73, 0x69, 0x74, 0x69, 0x6f, 0x6e, 0x20, 0x3d, 0x20,
        0x6d, 0x75, 0x6c, 0x28, 0x77, 0x6f, 0x72, 0x6c, 0x64, 0x50, 0x6f, 0x73, 0x2c, 0x20, 0x6c, 0x69,
        0x67, 0x68, 0x74, 0x56, 0x69, 0x65, 0x77, 0x50, 0x72, 0x6f, 0x6a, 0x29, 0x3b, 0x0a, 0x0a, 0x20,
        0x20, 0x20, 0x20, 0x2f, 0x2f, 0x20, 0x46, 0x69, 0x6e, 0x64, 0x20, 0x74, 0x68, 0x65, 0x20, 0x70,
        0x6f, 0x73, 0x69, 0x74, 0x69, 0x6f, 0x6e, 0x20, 0x69, 0x6e, 0x20, 0x74, 0x68, 0x65, 0x20, 0x73,
        0x68, 0x61, 0x64, 0x6f, 0x77, 0x20, 0x6d, 0x61, 0x70, 0x20, 0x66, 0x6f, 0x72, 0x20, 0x74, 0x68,
        0x69, 0x73, 0x20, 0x70, 0x69, 0x78, 0x65, 0x6c, 0x0a, 0x20, 0x20, 0x20, 0x20, 0x66, 0x6c, 0x6f,
        0x61, 0x74, 0x32, 0x20, 0x73, 0x68, 0x61, 0x64, 0x6f, 0x77, 0x54, 0x65, 0x78, 0x43, 0x6f, 0x6f,
        0x72, 0x64, 0x20, 0x3d, 0x20, 0x30, 0x2e, 0x35, 0x20, 0x2a, 0x20, 0x6c, 0x69, 0x67, 0x68, 0x74,
        0x69, 0x6e, 0x67, 0x50, 0x6f, 0x73, 0x69, 0x74, 0x69, 0x6f, 0x6e, 0x2e, 0x78, 0x79, 0x20, 0x2f,
        0x0a, 0x20, 0x20, 0x20, 0x20, 0x20, 0x20, 0x20, 0x20, 0x20, 0x20, 0x20, 0x20, 0x20, 0x20, 0x20,
        0x20, 0x20, 0x20, 0x20, 0x20, 0x20, 0x20, 0x20, 0x20, 0x20, 0x20, 0x20, 0x20, 0x6c, 0x69, 0x67,
        0x68, 0x74, 0x69, 0x6e, 0x67, 0x50, 0x6f, 0x73, 0x69, 0x74, 0x69, 0x6f, 0x6e, 0x2e, 0x77, 0x20,
        0x2b, 0x20, 0x66, 0x6c, 0x6f, 0x61, 0x74, 0x32, 0x28, 0x20, 0x30, 0x2e, 0x35, 0x2c, 0x20, 0x30,
        0x2e, 0x35, 0x20, 0x29, 0x3b, 0x0a, 0x20, 0x20, 0x20, 0x20, 0x73, 0x68, 0x61, 0x64, 0x6f, 0x77,
        0x54, 0x65, 0x78, 0x43, 0x6f, 0x6f, 0x72, 0x64, 0x2e, 0x79, 0x20, 0x3d, 0x20, 0x31, 0x2e, 0x30,
        0x66, 0x20, 0x2d, 0x20, 0x73, 0x68, 0x61, 0x64, 0x6f, 0x77, 0x54, 0x65, 0x78, 0x43, 0x6f, 0x6f,
        0x72, 0x64, 0x2e, 0x79, 0x3b, 0x0a, 0x0a, 0x20, 0x20, 0x20, 0x20, 0x2f, 0x2f, 0x20, 0x4f, 0x6e,
        0x6c, 0x79, 0x20, 0x61, 0x70, 0x70, 0x6c, 0x79, 0x20, 0x73, 0x68, 0x61, 0x64, 0x6f, 0x77, 0x73,
        0x20, 0x69, 0x66, 0x20, 0x77, 0x65, 0x27, 0x72, 0x65, 0x20, 0x69, 0x6e, 0x73, 0x69, 0x64, 0x65,
        0x20, 0x74, 0x68, 0x65, 0x20, 0x6c, 0x69, 0x67, 0x68, 0x74, 0x27, 0x73, 0x20, 0x76, 0x69, 0x65,
        0x77, 0x20, 0x66, 0x72, 0x75, 0x73, 0x74, 0x75, 0x6d, 0x0a, 0x20, 0x20, 0x20, 0x20, 0x69, 0x66,
        0x20, 0x28, 0x73, 0x68, 0x61, 0x64, 0x6f, 0x77, 0x54, 0x65, 0x78, 0x43, 0x6f, 0x6f, 0x72, 0x64,
        0x2e, 0x78, 0x20, 0x3e, 0x3d, 0x20, 0x30, 0x2e, 0x30, 0x20, 0x26, 0x26, 0x20, 0x73, 0x68, 0x61,
        0x64, 0x6f, 0x77, 0x54, 0x65, 0x78, 0x43, 0x6f, 0x6f, 0x72, 0x64, 0x2e, 0x78, 0x20, 0x3c, 0x3d,
        0x20, 0x31, 0x2e, 0x30, 0x20, 0x26, 0x26, 0x0a, 0x20, 0x20, 0x20, 0x20, 0x20, 0x20, 0x20, 0x20,
        0x73, 0x68, 0x61, 0x64, 0x6f, 0x77, 0x54, 0x65, 0x78, 0x43, 0x6f, 0x6f, 0x72, 0x64, 0x2e, 0x79,
        0x20, 0x3e, 0x3d, 0x20, 0x30, 0x2e, 0x30, 0x20, 0x26, 0x26, 0x20, 0x73, 0x68, 0x61, 0x64, 0x6f,
        0x77, 0x54, 0x65, 0x78, 0x43, 0x6f, 0x6f, 0x72, 0x64, 0x2e, 0x79, 0x20, 0x3c, 0x3d, 0x20, 0x31,
        0x2e, 0x30, 0x20, 0x26, 0x26, 0x0a, 0x20, 0x20, 0x20, 0x20, 0x20, 0x20, 0x20, 0x20, 0x6c, 0x69,
        0x67, 0x68, 0x74, 0x69, 0x6e, 0x67, 0x50, 0x6f, 0x73, 0x69, 0x74, 0x69, 0x6f, 0x6e, 0x2e, 0x7a,
        0x20, 0x3e, 0x20, 0x30, 0x2e, 0x30, 0x29, 0x0a, 0x20, 0x20, 0x20, 0x20, 0x7b, 0x0a, 0x20, 0x20,
        0x20, 0x20, 0x20, 0x20, 0x20, 0x20, 0x2f, 0x2f, 0x20, 0x47, 0x65, 0x74, 0x20, 0x74, 0x68, 0x65,
        0x20, 0x63, 0x75, 0x72, 0x72, 0x65, 0x6e, 0x74, 0x20, 0x64, 0x65, 0x70, 0x74, 0x68, 0x20, 0x73,
        0x74, 0x6f, 0x72, 0x65, 0x64, 0x20, 0x69, 0x6e, 0x20, 0x74, 0x68, 0x65, 0x20, 0x73, 0x68, 0x61,
        0x64, 0x6f, 0x77, 0x20, 0x6d, 0x61, 0x70, 0x0a, 0x20, 0x20, 0x20, 0x20, 0x20, 0x20, 0x20, 0x20,
        0x66, 0x6c, 0x6f, 0x61, 0x74, 0x20, 0x73, 0x68, 0x61, 0x64, 0x6f, 0x77, 0x64, 0x65, 0x70, 0x74,
        0x68, 0x20, 0x3d, 0x20, 0x73, 0x68, 0x61, 0x64, 0x6f, 0x77, 0x4d, 0x61, 0x70, 0x54, 0x65, 0x78,
        0x74, 0x75, 0x72, 0x65, 0x2e, 0x53, 0x61, 0x6d, 0x70, 0x6c, 0x65, 0x28, 0x73, 0x68, 0x61, 0x64,
        0x6f, 0x77, 0x4d, 0x61, 0x70, 0x53, 0x61, 0x6d, 0x70, 0x6c, 0x65, 0x72, 0x2c, 0x20, 0x73, 0x68,
        0x61, 0x64, 0x6f, 0x77, 0x54, 0x65, 0x78, 0x43, 0x6f, 0x6f, 0x72, 0x64, 0x29, 0x2e, 0x72, 0x3b,
        0x0a, 0x0a, 0x20, 0x20, 0x20, 0x20, 0x20, 0x20, 0x20, 0x20, 0x2f, 0x2f, 0x20, 0x43, 0x61, 0x6c,
        0x63, 0x75, 0x6c, 0x61, 0x74, 0x65, 0x20, 0x74, 0x68, 0x65, 0x20, 0x63, 0x75, 0x72, 0x72, 0x65,
        0x6e, 0x74, 0x20, 0x70, 0x69, 0x78, 0x65, 0x6c, 0x20, 0x64, 0x65, 0x70, 0x74, 0x68, 0x0a, 0x20,
        0x20, 0x20, 0x20, 0x20, 0x20, 0x20, 0x20, 0x2f, 0x2f, 0x20, 0x54, 0x68, 0x65, 0x20, 0x62, 0x69,
        0x61, 0x73, 0x20, 0x69, 0x73, 0x20, 0x75, 0x73, 0x65, 0x64, 0x20, 0x74, 0x6f, 0x20, 0x70, 0x72,
        0x65, 0x76, 0x65, 0x6e, 0x74, 0x20, 0x66, 0x6c, 0x6f, 0x61, 0x74, 0x69, 0x6e, 0x67, 0x20, 0x70,
        0x6f, 0x69, 0x6e, 0x74, 0x20, 0x65, 0x72, 0x72, 0x6f, 0x72, 0x73, 0x20, 0x74, 0x68, 0x61, 0x74,
        0x20, 0x6f, 0x63, 0x63, 0x75, 0x72, 0x20, 0x77, 0x68, 0x65, 0x6e, 0x0a, 0x20, 0x20, 0x20, 0x20,
        0x20, 0x20, 0x20, 0x20, 0x2f, 0x2f, 0x20, 0x74, 0x68, 0x65, 0x20, 0x70, 0x69, 0x78, 0x65, 0x6c,
        0x20, 0x6f, 0x66, 0x20, 0x74, 0x68, 0x65, 0x20, 0x6f, 0x63, 0x63, 0x6c, 0x75, 0x64, 0x65, 0x72,
        0x20, 0x69, 0x73, 0x20, 0x62, 0x65, 0x69, 0x6e, 0x67, 0x20, 0x64, 0x72, 0x61, 0x77, 0x6e, 0x0a,
        0x20, 0x20, 0x20, 0x20, 0x20, 0x20, 0x20, 0x20, 0x66, 0x6c, 0x6f, 0x61, 0x74, 0x20, 0x6f, 0x75,
        0x72, 0x64, 0x65, 0x70, 0x74, 0x68, 0x20, 0x3d, 0x20, 0x28, 0x6c, 0x69, 0x67, 0x68, 0x74, 0x69,
        0x6e, 0x67, 0x50, 0x6f, 0x73, 0x69, 0x74, 0x69, 0x6f, 0x6e, 0x2e, 0x7a, 0x20, 0x2f, 0x20, 0x6c,
        0x69, 0x67, 0x68, 0x74, 0x69, 0x6e, 0x67, 0x50, 0x6f, 0x73, 0x69, 0x74, 0x69, 0x6f, 0x6e, 0x2e,
        0x77, 0x29, 0x3b, 0x0a, 0x0a, 0x20, 0x20, 0x20, 0x20, 0x20, 0x20, 0x20, 0x20, 0x2f, 0x2f, 0x20,
        0x53, 0x6c, 0x6f, 0x70, 0x65, 0x2d, 0x73, 0x63, 0x61, 0x6c, 0x65, 0x64, 0x20, 0x62, 0x69, 0x61,
        0x73, 0x20, 0x66, 0x72, 0x6f, 0x6d, 0x20, 0x6c, 0x69, 0x67, 0x68, 0x74, 0x2d, 0x73, 0x70, 0x61,
        0x63, 0x65, 0x20, 0x64, 0x65, 0x70, 0x74, 0x68, 0x20, 0x64, 0x65, 0x72, 0x69, 0x76, 0x61, 0x74,
        0x69, 0x76, 0x65, 0x73, 0x0a, 0x20, 0x20, 0x20, 0x20, 0x20, 0x20, 0x20, 0x20, 0x66, 0x6c, 0x6f,
        0x61, 0x74, 0x20, 0x64, 0x7a, 0x64, 0x78, 0x20, 0x3d, 0x20, 0x64, 0x64, 0x78, 0x28, 0x6f, 0x75,
        0x72, 0x64, 0x65, 0x70, 0x74, 0x68, 0x29, 0x3b, 0x0a, 0x20, 0x20, 0x20, 0x20, 0x20, 0x20, 0x20,
        0x20, 0x66, 0x6c, 0x6f, 0x61, 0x74, 0x20, 0x64, 0x7a, 0x64, 0x79, 0x20, 0x3d, 0x20, 0x64, 0x64,
        0x79, 0x28, 0x6f, 0x75, 0x72, 0x64, 0x65, 0x70, 0x74, 0x68, 0x29, 0x3b, 0x0a, 0x20, 0x20, 0x20,
        0x20, 0x20, 0x20, 0x20, 0x20, 0x66, 0x6c, 0x6f, 0x61, 0x74, 0x20, 0x73, 0x6c, 0x6f, 0x70, 0x65,
        0x46, 0x61, 0x63, 0x74, 0x6f, 0x72, 0x20, 0x3d, 0x20, 0x73, 0x71, 0x72, 0x74, 0x28, 0x64, 0x7a,
        0x64, 0x78, 0x20, 0x2a, 0x20, 0x64, 0x7a, 0x64, 0x78, 0x20, 0x2b, 0x20, 0x64, 0x7a, 0x64, 0x79,
        0x20, 0x2a, 0x20, 0x64, 0x7a, 0x64, 0x79, 0x29, 0x3b, 0x0a, 0x20, 0x20, 0x20, 0x20, 0x20, 0x20,
        0x20, 0x20, 0x66, 0x6c, 0x6f, 0x61, 0x74, 0x20, 0x62, 0x69, 0x61, 0x73, 0x20, 0x3d, 0x20, 0x44,
        0x65, 0x70, 0x74, 0x68, 0x42, 0x69, 0x61, 0x73, 0x20, 0x2b, 0x20, 0x63, 0x6c, 0x61, 0x6d, 0x70,
        0x28, 0x73, 0x6c, 0x6f, 0x70, 0x65, 0x46, 0x61, 0x63, 0x74, 0x6f, 0x72, 0x20, 0x2a, 0x20, 0x31,
        0x2e, 0x30, 0x2c, 0x20, 0x30, 0x2e, 0x30, 0x2c, 0x20, 0x30, 0x2e, 0x30, 0x31, 0x29, 0x3b, 0x20,
        0x2f, 0x2f, 0x20, 0x73, 0x6c, 0x6f, 0x70, 0x65, 0x2d, 0x73, 0x63, 0x61, 0x6c, 0x65, 0x64, 0x20,
        0x61, 0x64, 0x64, 0x2d, 0x6f, 0x6e, 0x20, 0x28, 0x30, 0x20, 0x2e, 0x2e, 0x20, 0x30, 0x2e, 0x30,
        0x31, 0x29, 0x0a, 0x0a, 0x20, 0x20, 0x20, 0x20, 0x20, 0x20, 0x20, 0x20, 0x6f, 0x75, 0x72, 0x64,
        0x65, 0x70, 0x74, 0x68, 0x20, 0x2d, 0x3d, 0x20, 0x62, 0x69, 0x61, 0x73, 0x3b, 0x0a, 0x0a, 0x20,
        0x20, 0x20, 0x20, 0x20, 0x20, 0x20, 0x20, 0x2f, 0x2f, 0x20, 0x43, 0x68, 0x65, 0x63, 0x6b, 0x20,
        0x74, 0x6f, 0x20, 0x73, 0x65, 0x65, 0x20, 0x69, 0x66, 0x20, 0x74, 0x68, 0x69, 0x73, 0x20, 0x70,
        0x69, 0x78, 0x65, 0x6c, 0x20, 0x69, 0x73, 0x20, 0x69, 0x6e, 0x20, 0x66, 0x72, 0x6f, 0x6e, 0x74,
        0x20, 0x6f, 0x72, 0x20, 0x62, 0x65, 0x68, 0x69, 0x6e, 0x64, 0x20, 0x74, 0x68, 0x65, 0x20, 0x76,
        0x61, 0x6c, 0x75, 0x65, 0x20, 0x69, 0x6e, 0x20, 0x74, 0x68, 0x65, 0x20, 0x73, 0x68, 0x61, 0x64,
        0x6f, 0x77, 0x20, 0x6d, 0x61, 0x70, 0x0a, 0x20, 0x20, 0x20, 0x20, 0x20, 0x20, 0x20, 0x20, 0x69,
        0x66, 0x20, 0x28, 0x73, 0x68, 0x61, 0x64, 0x6f, 0x77, 0x64, 0x65, 0x70, 0x74, 0x68, 0x20, 0x3c,
        0x20, 0x6f, 0x75, 0x72, 0x64, 0x65, 0x70, 0x74, 0x68, 0x29, 0x0a, 0x20, 0x20, 0x20, 0x20, 0x20,
        0x20, 0x20, 0x20, 0x7b, 0x0a, 0x20, 0x20, 0x20, 0x20, 0x20, 0x20, 0x20, 0x20, 0x20, 0x20, 0x20,
        0x20, 0x2f, 0x2f, 0x20, 0x54, 0x68, 0x69, 0x73, 0x20, 0x70, 0x69, 0x78, 0x65, 0x6c, 0x20, 0x69,
        0x73, 0x20, 0x6f, 0x63, 0x63, 0x6c, 0x75, 0x64, 0x65, 0x64, 0x20, 0x66, 0x72, 0x6f, 0x6d, 0x20,
        0x74, 0x68, 0x65, 0x20, 0x6c, 0x69, 0x67, 0x68, 0x74, 0x0a, 0x20, 0x20, 0x20, 0x20, 0x20, 0x20,
        0x20, 0x20, 0x20, 0x20, 0x20, 0x20, 0x69, 0x73, 0x53, 0x68, 0x61, 0x64, 0x6f, 0x77, 0x65, 0x64,
        0x20, 0x3d, 0x20, 0x74, 0x72, 0x75, 0x65, 0x3b, 0x0a, 0x20, 0x20, 0x20, 0x20, 0x20, 0x20, 0x20,
        0x20, 0x7d, 0x0a, 0x0a, 0x20, 0x20, 0x20, 0x20, 0x20, 0x20, 0x20, 0x20, 0x69, 0x73, 0x49, 0x6e,
        0x4c, 0x69, 0x67, 0x68, 0x74, 0x20, 0x3d, 0x20, 0x74, 0x72, 0x75, 0x65, 0x3b, 0x0a, 0x20, 0x20,
        0x20, 0x20, 0x7d, 0x20, 0x65, 0x6c, 0x73, 0x65, 0x20, 0x7b, 0x0a, 0x20, 0x20, 0x20, 0x20, 0x20,
        0x20, 0x20, 0x20, 0x69, 0x73, 0x49, 0x6e, 0x4c, 0x69, 0x67, 0x68, 0x74, 0x20, 0x3d, 0x20, 0x66,
        0x61, 0x6c, 0x73, 0x65, 0x3b, 0x0a, 0x20, 0x20, 0x20, 0x20, 0x7d, 0x0a, 0x7d, 0x0a, 0x23, 0x65,
        0x6c, 0x73, 0x65, 0x0a, 0x76, 0x6f, 0x69, 0x64, 0x20, 0x61, 0x70, 0x70, 0x6c, 0x79, 0x53, 0x68,
        0x61, 0x64, 0x6f, 0x77, 0x69, 0x6e, 0x67, 0x53, 0x69, 0x6e, 0x67, 0x6c, 0x65, 0x28, 0x0a, 0x20,
        0x20, 0x20, 0x20, 0x69, 0x6e, 0x20, 0x66, 0x6c, 0x6f, 0x61, 0x74, 0x34, 0x20, 0x77, 0x6f, 0x72,
        0x6c, 0x64, 0x50, 0x6f, 0x73, 0x2c, 0x0a, 0x20, 0x20, 0x20, 0x20, 0x69, 0x6e, 0x20, 0x66, 0x6c,
        0x6f, 0x61, 0x74, 0x34, 0x78, 0x34, 0x20, 0x6c, 0x69, 0x67, 0x68, 0x74, 0x56, 0x69, 0x65, 0x77,
        0x50, 0x72, 0x6f, 0x6a, 0x2c, 0x0a, 0x20, 0x20, 0x20, 0x20, 0x69, 0x6e, 0x20, 0x73, 0x61, 0x6d,
        0x70, 0x6c, 0x65, 0x72, 0x20, 0x73, 0x68, 0x61, 0x64, 0x6f, 0x77, 0x4d, 0x61, 0x70, 0x53, 0x61,
        0x6d, 0x70, 0x6c, 0x65, 0x72, 0x2c, 0x0a, 0x20, 0x20, 0x20, 0x20, 0x6f, 0x75, 0x74, 0x20, 0x62,
        0x6f, 0x6f, 0x6c, 0x20, 0x69, 0x73, 0x49, 0x6e, 0x4c, 0x69, 0x67, 0x68, 0x74, 0x2c, 0x0a, 0x20,
        0x20, 0x20, 0x20, 0x6f, 0x75, 0x74, 0x20, 0x62, 0x6f, 0x6f, 0x6c, 0x20, 0x69, 0x73, 0x53, 0x68,
        0x61, 0x64, 0x6f, 0x77, 0x65, 0x64, 0x0a, 0x29, 0x0a, 0x7b, 0x0a, 0x20, 0x20, 0x20, 0x20, 0x69,
        0x73, 0x53, 0x68, 0x61, 0x64, 0x6f, 0x77, 0x65, 0x64, 0x20, 0x3d, 0x20, 0x66, 0x61, 0x6c, 0x73,
        0x65, 0x3b, 0x0a, 0x0a, 0x20, 0x20, 0x20, 0x20, 0x2f, 0x2f, 0x20, 0x46, 0x69, 0x6e, 0x64, 0x20,
        0x74, 0x68, 0x65, 0x20, 0x70, 0x6f, 0x73, 0x69, 0x74, 0x69, 0x6f, 0x6e, 0x20, 0x6f, 0x66, 0x20,
        0x74, 0x68, 0x69, 0x73, 0x20, 0x70, 0x69, 0x78, 0x65, 0x6c, 0x20, 0x69, 0x6e, 0x20, 0x6c, 0x69,
        0x67, 0x68, 0x74, 0x20, 0x73, 0x70, 0x61, 0x63, 0x65, 0x0a, 0x20, 0x20, 0x20, 0x20, 0x66, 0x6c,
        0x6f, 0x61, 0x74, 0x34, 0x20, 0x6c, 0x69, 0x67, 0x68, 0x74, 0x69, 0x6e, 0x67, 0x50, 0x6f, 0x73,
        0x69, 0x74, 0x69, 0x6f, 0x6e, 0x20, 0x3d, 0x20, 0x6d, 0x75, 0x6c, 0x28, 0x77, 0x6f, 0x72, 0x6c,
        0x64, 0x50, 0x6f, 0x73, 0x2c, 0x20, 0x6c, 0x69, 0x67, 0x68, 0x74, 0x56, 0x69, 0x65, 0x77, 0x50,
        0x72, 0x6f, 0x6a, 0x29, 0x3b, 0x0a, 0x0a, 0x20, 0x20, 0x20, 0x20, 0x2f, 0x2f, 0x20, 0x46, 0x69,
        0x6e, 0x64, 0x20, 0x74, 0x68, 0x65, 0x20, 0x70, 0x6f, 0x73, 0x69, 0x74, 0x69, 0x6f, 0x6e, 0x20,
        0x69, 0x6e, 0x20, 0x74, 0x68, 0x65, 0x20, 0x73, 0x68, 0x61, 0x64, 0x6f, 0x77, 0x20, 0x6d, 0x61,
        0x70, 0x20, 0x66, 0x6f, 0x72, 0x20, 0x74, 0x68, 0x69, 0x73, 0x20, 0x70, 0x69, 0x78, 0x65, 0x6c,
        0x0a, 0x20, 0x20, 0x20, 0x20, 0x66, 0x6c, 0x6f, 0x61, 0x74, 0x32, 0x20, 0x73, 0x68, 0x61, 0x64,
        0x6f, 0x77, 0x54, 0x65, 0x78, 0x43, 0x6f, 0x6f, 0x72, 0x64, 0x20, 0x3d, 0x20, 0x30, 0x2e, 0x35,
        0x20, 0x2a, 0x20, 0x6c, 0x69, 0x67, 0x68, 0x74, 0x69, 0x6e, 0x67, 0x50, 0x6f, 0x73, 0x69, 0x74,
        0x69, 0x6f, 0x6e, 0x2e, 0x78, 0x79, 0x20, 0x2f, 0x0a, 0x20, 0x20, 0x20, 0x20, 0x20, 0x20, 0x20,
        0x20, 0x20, 0x20, 0x20, 0x20, 0x20, 0x20, 0x20, 0x20, 0x20, 0x20, 0x20, 0x20, 0x20, 0x20, 0x20,
        0x20, 0x20, 0x20, 0x20, 0x20, 0x6c, 0x69, 0x67, 0x68, 0x74, 0x69, 0x6e, 0x67, 0x50, 0x6f, 0x73,
        0x69, 0x74, 0x69, 0x6f, 0x6e, 0x2e, 0x77, 0x20, 0x2b, 0x20, 0x66, 0x6c, 0x6f, 0x61, 0x74, 0x32,
        0x28, 0x20, 0x30, 0x2e, 0x35, 0x2c, 0x20, 0x30, 0x2e, 0x35, 0x20, 0x29, 0x3b, 0x0a, 0x20, 0x20,
        0x20, 0x20, 0x73, 0x68, 0x61, 0x64, 0x6f, 0x77, 0x54, 0x65, 0x78, 0x43, 0x6f, 0x6f, 0x72, 0x64,
        0x2e, 0x79, 0x20, 0x3d, 0x20, 0x31, 0x2e, 0x30, 0x66, 0x20, 0x2d, 0x20, 0x73, 0x68, 0x61, 0x64,
        0x6f, 0x77, 0x54, 0x65, 0x78, 0x43, 0x6f, 0x6f, 0x72, 0x64, 0x2e, 0x79, 0x3b, 0x0a, 0x0a, 0x20,
        0x20, 0x20, 0x20, 0x2f, 0x2f, 0x20, 0x4f, 0x6e, 0x6c, 0x79, 0x20, 0x61, 0x70, 0x70, 0x6c, 0x79,
        0x20, 0x73, 0x68, 0x61, 0x64, 0x6f, 0x77, 0x73, 0x20, 0x69, 0x66, 0x20, 0x77, 0x65, 0x27, 0x72,
        0x65, 0x20, 0x69, 0x6e, 0x73, 0x69, 0x64, 0x65, 0x20, 0x74, 0x68, 0x65, 0x20, 0x6c, 0x69, 0x67,
        0x68, 0x74, 0x27, 0x73, 0x20, 0x76, 0x69, 0x65, 0x77, 0x20, 0x66, 0x72, 0x75, 0x73, 0x74, 0x75,
        0x6d, 0x0a, 0x20, 0x20, 0x20, 0x20, 0x69, 0x66, 0x20, 0x28, 0x73, 0x68, 0x61, 0x64, 0x6f, 0x77,
        0x54, 0x65, 0x78, 0x43, 0x6f, 0x6f, 0x72, 0x64, 0x2e, 0x78, 0x20, 0x3e, 0x3d, 0x20, 0x30, 0x2e,
        0x30, 0x20, 0x26, 0x26, 0x20, 0x73, 0x68, 0x61, 0x64, 0x6f, 0x77, 0x54, 0x65, 0x78, 0x43, 0x6f,
        0x6f, 0x72, 0x64, 0x2e, 0x78, 0x20, 0x3c, 0x3d, 0x20, 0x31, 0x2e, 0x30, 0x20, 0x26, 0x26, 0x0a,
        0x20, 0x20, 0x20, 0x20, 0x20, 0x20, 0x20, 0x20, 0x73, 0x68, 0x61, 0x64, 0x6f, 0x77, 0x54, 0x65,
        0x78, 0x43, 0x6f, 0x6f, 0x72, 0x64, 0x2e, 0x79, 0x20, 0x3e, 0x3d, 0x20, 0x30, 0x2e, 0x30, 0x20,
        0x26, 0x26, 0x20, 0x73, 0x68, 0x61, 0x64, 0x6f, 0x77, 0x54, 0x65, 0x78, 0x43, 0x6f, 0x6f, 0x72,
        0x64, 0x2e, 0x79, 0x20, 0x3c, 0x3d, 0x20, 0x31, 0x2e, 0x30, 0x20, 0x26, 0x26, 0x0a, 0x20, 0x20,
        0x20, 0x20, 0x20, 0x20, 0x20, 0x20, 0x6c, 0x69, 0x67, 0x68, 0x74, 0x69, 0x6e, 0x67, 0x50, 0x6f,
        0x73, 0x69, 0x74, 0x69, 0x6f, 0x6e, 0x2e, 0x7a, 0x20, 0x3e, 0x20, 0x30, 0x2e, 0x30, 0x29, 0x0a,
        0x20, 0x20, 0x20, 0x20, 0x7b, 0x0a, 0x20, 0x20, 0x20, 0x20, 0x20, 0x20, 0x20, 0x20, 0x2f, 0x2f,
        0x20, 0x47, 0x65, 0x74, 0x20, 0x74, 0x68, 0x65, 0x20, 0x63, 0x75, 0x72, 0x72, 0x65, 0x6e, 0x74,
        0x20, 0x64, 0x65, 0x70, 0x74, 0x68, 0x20, 0x73, 0x74, 0x6f, 0x72, 0x65, 0x64, 0x20, 0x69, 0x6e,
        0x20, 0x74, 0x68, 0x65, 0x20, 0x73, 0x68, 0x61, 0x64, 0x6f, 0x77, 0x20, 0x6d, 0x61, 0x70, 0x0a,
        0x20, 0x20, 0x20, 0x20, 0x20, 0x20, 0x20, 0x20, 0x66, 0x6c, 0x6f, 0x61, 0x74, 0x20, 0x73, 0x68,
        0x61, 0x64, 0x6f, 0x77, 0x64, 0x65, 0x70, 0x74, 0x68, 0x20, 0x3d, 0x20, 0x74, 0x65, 0x78, 0x32,
        0x44, 0x28, 0x73, 0x68, 0x61, 0x64, 0x6f, 0x77, 0x4d, 0x61, 0x70, 0x53, 0x61, 0x6d, 0x70, 0x6c,
        0x65, 0x72, 0x2c, 0x20, 0x73, 0x68, 0x61, 0x64, 0x6f, 0x77, 0x54, 0x65, 0x78, 0x43, 0x6f, 0x6f,
        0x72, 0x64, 0x29, 0x2e, 0x72, 0x3b, 0x0a, 0x0a, 0x20, 0x20, 0x20, 0x20, 0x20, 0x20, 0x20, 0x20,
        0x2f, 0x2f, 0x20, 0x43, 0x61, 0x6c, 0x63, 0x75, 0x6c, 0x61, 0x74, 0x65, 0x20, 0x74, 0x68, 0x65,
        0x20, 0x63, 0x75, 0x72, 0x72, 0x65, 0x6e, 0x74, 0x20, 0x70, 0x69, 0x78, 0x65, 0x6c, 0x20, 0x64,
        0x65, 0x70, 0x74, 0x68, 0x0a, 0x20, 0x20, 0x20, 0x20, 0x20, 0x20, 0x20, 0x20, 0x2f, 0x2f, 0x20,
        0x54, 0x68, 0x65, 0x20, 0x62, 0x69, 0x61, 0x73, 0x20, 0x69, 0x73, 0x20, 0x75, 0x73, 0x65, 0x64,
        0x20, 0x74, 0x6f, 0x20, 0x70, 0x72, 0x65, 0x76, 0x65, 0x6e, 0x74, 0x20, 0x66, 0x6c, 0x6f, 0x61,
        0x74, 0x69, 0x6e, 0x67, 0x20, 0x70, 0x6f, 0x69, 0x6e, 0x74, 0x20, 0x65, 0x72, 0x72, 0x6f, 0x72,
        0x73, 0x20, 0x74, 0x68, 0x61, 0x74, 0x20, 0x6f, 0x63, 0x63, 0x75, 0x72, 0x20, 0x77, 0x68, 0x65,
        0x6e, 0x0a, 0x20, 0x20, 0x20, 0x20, 0x20, 0x20, 0x20, 0x20, 0x2f, 0x2f, 0x20, 0x74, 0x68, 0x65,
        0x20, 0x70, 0x69, 0x78, 0x65, 0x6c, 0x20, 0x6f, 0x66, 0x20, 0x74, 0x68, 0x65, 0x20, 0x6f, 0x63,
        0x63, 0x6c, 0x75, 0x64, 0x65, 0x72, 0x20, 0x69, 0x73, 0x20, 0x62, 0x65, 0x69, 0x6e, 0x67, 0x20,
        0x64, 0x72, 0x61, 0x77, 0x6e, 0x0a, 0x20, 0x20, 0x20, 0x20, 0x20, 0x20, 0x20, 0x20, 0x66, 0x6c,
        0x6f, 0x61, 0x74, 0x20, 0x6f, 0x75, 0x72, 0x64, 0x65, 0x70, 0x74, 0x68, 0x20, 0x3d, 0x20, 0x28,
        0x6c, 0x69, 0x67, 0x68, 0x74, 0x69, 0x6e, 0x67, 0x50, 0x6f, 0x73, 0x69, 0x74, 0x69, 0x6f, 0x6e,
        0x2e, 0x7a, 0x20, 0x2f, 0x20, 0x6c, 0x69, 0x67, 0x68, 0x74, 0x69, 0x6e, 0x67, 0x50, 0x6f, 0x73,
        0x69, 0x74, 0x69, 0x6f, 0x6e, 0x2e, 0x77, 0x29, 0x3b, 0x0a, 0x0a, 0x20, 0x20, 0x20, 0x20, 0x20,
        0x20, 0x20, 0x20, 0x2f, 0x2f, 0x20, 0x53, 0x6c, 0x6f, 0x70, 0x65, 0x2d, 0x73, 0x63, 0x61, 0x6c,
        0x65, 0x64, 0x20, 0x62, 0x69, 0x61, 0x73, 0x20, 0x66, 0x72, 0x6f, 0x6d, 0x20, 0x6c, 0x69, 0x67,
        0x68, 0x74, 0x2d, 0x73, 0x70, 0x61, 0x63, 0x65, 0x20, 0x64, 0x65, 0x70, 0x74, 0x68, 0x20, 0x64,
        0x65, 0x72, 0x69, 0x76, 0x61, 0x74, 0x69, 0x76, 0x65, 0x73, 0x0a, 0x20, 0x20, 0x20, 0x20, 0x20,
        0x20, 0x20, 0x20, 0x66, 0x6c, 0x6f, 0x61, 0x74, 0x20, 0x64, 0x7a, 0x64, 0x78, 0x20, 0x3d, 0x20,
        0x64, 0x64, 0x78, 0x28, 0x6f, 0x75, 0x72, 0x64, 0x65, 0x70, 0x74, 0x68, 0x29, 0x3b, 0x0a, 0x20,
        0x20, 0x20, 0x20, 0x20, 0x20, 0x20, 0x20, 0x66, 0x6c, 0x6f, 0x61, 0x74, 0x20, 0x64, 0x7a, 0x64,
        0x79, 0x20, 0x3d, 0x20, 0x64, 0x64, 0x79, 0x28, 0x6f, 0x75, 0x72, 0x64, 0x65, 0x70, 0x74, 0x68,
        0x29, 0x3b, 0x0a, 0x20, 0x20, 0x20, 0x20, 0x20, 0x20, 0x20, 0x20, 0x66, 0x6c, 0x6f, 0x61, 0x74,
        0x20, 0x73, 0x6c, 0x6f, 0x70, 0x65, 0x46, 0x61, 0x63, 0x74, 0x6f, 0x72, 0x20, 0x3d, 0x20, 0x73,
        0x71, 0x72, 0x74, 0x28, 0x64, 0x7a, 0x64, 0x78, 0x20, 0x2a, 0x20, 0x64, 0x7a, 0x64, 0x78, 0x20,
        0x2b, 0x20, 0x64, 0x7a, 0x64, 0x79, 0x20, 0x2a, 0x20, 0x64, 0x7a, 0x64, 0x79, 0x29, 0x3b, 0x0a,
        0x20, 0x20, 0x20, 0x20, 0x20, 0x20, 0x20, 0x20, 0x66, 0x6c, 0x6f, 0x61, 0x74, 0x20, 0x62, 0x69,
        0x61, 0x73, 0x20, 0x3d, 0x20, 0x44, 0x65, 0x70, 0x74, 0x68, 0x42, 0x69, 0x61, 0x73, 0x20, 0x2b,
        0x20, 0x63, 0x6c, 0x61, 0x6d, 0x70, 0x28, 0x73, 0x6c, 0x6f, 0x70, 0x65, 0x46, 0x61, 0x63, 0x74,
        0x6f, 0x72, 0x20, 0x2a, 0x20, 0x31, 0x2e, 0x30, 0x2c, 0x20, 0x30, 0x2e, 0x30, 0x2c, 0x20, 0x30,
        0x2e, 0x30, 0x31, 0x29, 0x3b, 0x20, 0x2f, 0x2f, 0x20, 0x73, 0x6c, 0x6f, 0x70, 0x65, 0x2d, 0x73,
        0x63, 0x61, 0x6c, 0x65, 0x64, 0x20, 0x61, 0x64, 0x64, 0x2d, 0x6f, 0x6e, 0x20, 0x28, 0x30, 0x20,
        0x2e, 0x2e, 0x20, 0x30, 0x2e, 0x30, 0x31, 0x29, 0x0a, 0x0a, 0x20, 0x20, 0x20, 0x20, 0x20, 0x20,
        0x20, 0x20, 0x6f, 0x75, 0x72, 0x64, 0x65, 0x70, 0x74, 0x68, 0x20, 0x2d, 0x3d, 0x20, 0x62, 0x69,
        0x61, 0x73, 0x3b, 0x0a, 0x0a, 0x20, 0x20, 0x20, 0x20, 0x20, 0x20, 0x20, 0x20, 0x2f, 0x2f, 0x20,
        0x43, 0x68, 0x65, 0x63, 0x6b, 0x20, 0x74, 0x6f, 0x20, 0x73, 0x65, 0x65, 0x20, 0x69, 0x66, 0x20,
        0x74, 0x68, 0x69, 0x73, 0x20, 0x70, 0x69, 0x78, 0x65, 0x6c, 0x20, 0x69, 0x73, 0x20, 0x69, 0x6e,
        0x20, 0x66, 0x72, 0x6f, 0x6e, 0x74, 0x20, 0x6f, 0x72, 0x20, 0x62, 0x65, 0x68, 0x69, 0x6e, 0x64,
        0x20, 0x74, 0x68, 0x65, 0x20, 0x76, 0x61, 0x6c, 0x75, 0x65, 0x20, 0x69, 0x6e, 0x20, 0x74, 0x68,
        0x65, 0x20, 0x73, 0x68, 0x61, 0x64, 0x6f, 0x77, 0x20, 0x6d, 0x61, 0x70, 0x0a, 0x20, 0x20, 0x20,
        0x20, 0x20, 0x20, 0x20, 0x20, 0x69, 0x66, 0x20, 0x28, 0x73, 0x68, 0x61, 0x64, 0x6f, 0x77, 0x64,
        0x65, 0x70, 0x74, 0x68, 0x20, 0x3c, 0x20, 0x6f, 0x75, 0x72, 0x64, 0x65, 0x70, 0x74, 0x68, 0x29,
        0x0a, 0x20, 0x20, 0x20, 0x20, 0x20, 0x20, 0x20, 0x20, 0x7b, 0x0a, 0x20, 0x20, 0x20, 0x20, 0x20,
        0x20, 0x20, 0x20, 0x20, 0x20, 0x20, 0x20, 0x2f, 0x2f, 0x20, 0x54, 0x68, 0x69, 0x73, 0x20, 0x70,
        0x69, 0x78, 0x65, 0x6c, 0x20, 0x69, 0x73, 0x20, 0x6f, 0x63, 0x63, 0x6c, 0x75, 0x64, 0x65, 0x64,
        0x20, 0x66, 0x72, 0x6f, 0x6d, 0x20, 0x74, 0x68, 0x65, 0x20, 0x6c, 0x69, 0x67, 0x68, 0x74, 0x0a,
        0x20, 0x20, 0x20, 0x20, 0x20, 0x20, 0x20, 0x20, 0x20, 0x20, 0x20, 0x20, 0x69, 0x73, 0x53, 0x68,
        0x61, 0x64, 0x6f, 0x77, 0x65, 0x64, 0x20, 0x3d, 0x20, 0x74, 0x72, 0x75, 0x65, 0x3b, 0x0a, 0x20,
        0x20, 0x20, 0x20, 0x20, 0x20, 0x20, 0x20, 0x7d, 0x0a, 0x0a, 0x20, 0x20, 0x20, 0x20, 0x20, 0x20,
        0x20, 0x20, 0x69, 0x73, 0x49, 0x6e, 0x4c, 0x69, 0x67, 0x68, 0x74, 0x20, 0x3d, 0x20, 0x74, 0x72,
        0x75, 0x65, 0x3b, 0x0a, 0x20, 0x20, 0x20, 0x20, 0x7d, 0x20, 0x65, 0x6c, 0x73, 0x65, 0x20, 0x7b,
        0x0a, 0x20, 0x20, 0x20, 0x20, 0x20, 0x20, 0x20, 0x20, 0x69, 0x73, 0x49, 0x6e, 0x4c, 0x69, 0x67,
        0x68, 0x74, 0x20, 0x3d, 0x20, 0x66, 0x61, 0x6c, 0x73, 0x65, 0x3b, 0x0a, 0x20, 0x20, 0x20, 0x20,
        0x7d, 0x0a, 0x7d, 0x0a, 0x23, 0x65, 0x6e, 0x64, 0x69, 0x66, 0x0a, 0x0a, 0x62, 0x6f, 0x6f, 0x6c,
        0x20, 0x50, 0x53, 0x5f, 0x49, 0x73, 0x53, 0x68, 0x61, 0x64, 0x6f, 0x77, 0x65, 0x64, 0x28, 0x0a,
        0x20, 0x20, 0x20, 0x20, 0x69, 0x6e, 0x20, 0x66, 0x6c, 0x6f, 0x61, 0x74, 0x34, 0x20, 0x77, 0x6f,
        0x72, 0x6c, 0x64, 0x50, 0x6f, 0x73, 0x2c, 0x0a, 0x20, 0x20, 0x20, 0x20, 0x69, 0x6e, 0x20, 0x66,
        0x6c, 0x6f, 0x61, 0x74, 0x33, 0x20, 0x66, 0x61, 0x63, 0x65, 0x4e, 0x6f, 0x72, 0x6d, 0x61, 0x6c,
        0x0a, 0x29, 0x0a, 0x7b, 0x0a, 0x20, 0x20, 0x20, 0x20, 0x69, 0x66, 0x20, 0x28, 0x4e, 0x75, 0x6d,
        0x43, 0x61, 0x73, 0x63, 0x61, 0x64, 0x65, 0x73, 0x20, 0x3e, 0x20, 0x30, 0x29, 0x0a, 0x20, 0x20,
        0x20, 0x20, 0x7b, 0x0a, 0x20, 0x20, 0x20, 0x20, 0x20, 0x20, 0x20, 0x20, 0x2f, 0x2f, 0x20, 0x48,
        0x6f, 0x77, 0x20, 0x6d, 0x75, 0x63, 0x68, 0x20, 0x64, 0x6f, 0x65, 0x73, 0x20, 0x74, 0x68, 0x69,
        0x73, 0x20, 0x73, 0x75, 0x72, 0x66, 0x61, 0x63, 0x65, 0x20, 0x66, 0x61, 0x63, 0x65, 0x20, 0x74,
        0x68, 0x65, 0x20, 0x6c, 0x69, 0x67, 0x68, 0x74, 0x3f, 0x0a, 0x20, 0x20, 0x20, 0x20, 0x20, 0x20,
        0x20, 0x20, 0x2f, 0x2f, 0x20, 0x4c, 0x69, 0x67, 0x68, 0x74, 0x44, 0x69, 0x72, 0x65, 0x63, 0x74,
        0x69, 0x6f, 0x6e, 0x20, 0x70, 0x6f, 0x69, 0x6e, 0x74, 0x73, 0x20, 0x54, 0x4f, 0x57, 0x41, 0x52,
        0x44, 0x20, 0x74, 0x68, 0x65, 0x20, 0x6c, 0x69, 0x67, 0x68, 0x74, 0x20, 0x28, 0x65, 0x2e, 0x67,
        0x2e, 0x20, 0x28, 0x30, 0x2c, 0x31, 0x2c, 0x30, 0x29, 0x20, 0x3d, 0x20, 0x6c, 0x69, 0x67, 0x68,
        0x74, 0x20, 0x61, 0x62, 0x6f, 0x76, 0x65, 0x29, 0x2e, 0x0a, 0x20, 0x20, 0x20, 0x20, 0x20, 0x20,
        0x20, 0x20, 0x2f, 0x2f, 0x20, 0x41, 0x20, 0x64, 0x6f, 0x74, 0x20, 0x70, 0x72, 0x6f, 0x64, 0x75,
        0x63, 0x74, 0x20, 0x6e, 0x65, 0x61, 0x72, 0x20, 0x30, 0x20, 0x6d, 0x65, 0x61, 0x6e, 0x73, 0x20,
        0x74, 0x68, 0x65, 0x20, 0x73, 0x75, 0x72, 0x66, 0x61, 0x63, 0x65, 0x20, 0x69, 0x73, 0x20, 0x70,
        0x61, 0x72, 0x61, 0x6c, 0x6c, 0x65, 0x6c, 0x20, 0x74, 0x6f, 0x20, 0x74, 0x68, 0x65, 0x20, 0x6c,
        0x69, 0x67, 0x68, 0x74, 0x20, 0x72, 0x61, 0x79, 0x73, 0x0a, 0x20, 0x20, 0x20, 0x20, 0x20, 0x20,
        0x20, 0x20, 0x2f, 0x2f, 0x20, 0xe2, 0x80, 0x94, 0x20, 0x74, 0x68, 0x65, 0x73, 0x65, 0x20, 0x61,
        0x72, 0x65, 0x20, 0x74, 0x68, 0x65, 0x20, 0x73, 0x75, 0x72, 0x66, 0x61, 0x63, 0x65, 0x73, 0x20,
        0x74, 0x68, 0x61, 0x74, 0x20, 0x66, 0x6c, 0x69, 0x63, 0x6b, 0x65, 0x72, 0x2e, 0x20, 0x53, 0x6b,
        0x69, 0x70, 0x20, 0x73, 0x68, 0x61, 0x64, 0x6f, 0x77, 0x69, 0x6e, 0x67, 0x20, 0x66, 0x6f, 0x72,
        0x20, 0x74, 0x68, 0x65, 0x6d, 0x2e, 0x0a, 0x20, 0x20, 0x20, 0x20, 0x20, 0x20, 0x20, 0x20, 0x66,
        0x6c, 0x6f, 0x61, 0x74, 0x20, 0x4e, 0x64, 0x6f, 0x74, 0x4c, 0x20, 0x3d, 0x20, 0x61, 0x62, 0x73,
        0x28, 0x64, 0x6f, 0x74, 0x28, 0x66, 0x61, 0x63, 0x65, 0x4e, 0x6f, 0x72, 0x6d, 0x61, 0x6c, 0x2c,
        0x20, 0x4c, 0x69, 0x67, 0x68, 0x74, 0x44, 0x69, 0x72, 0x65, 0x63, 0x74, 0x69, 0x6f, 0x6e, 0x29,
        0x29, 0x3b, 0x0a, 0x0a, 0x20, 0x20, 0x20, 0x20, 0x20, 0x20, 0x20, 0x20, 0x2f, 0x2f, 0x20, 0x54,
        0x68, 0x72, 0x65, 0x73, 0x68, 0x6f, 0x6c, 0x64, 0x20, 0x62, 0x65, 0x6c, 0x6f, 0x77, 0x20, 0x77,
        0x68, 0x69, 0x63, 0x68, 0x20, 0x77, 0x65, 0x20, 0x63, 0x6f, 0x6e, 0x73, 0x69, 0x64, 0x65, 0x72,
        0x20, 0x74, 0x68, 0x65, 0x20, 0x73, 0x75, 0x72, 0x66, 0x61, 0x63, 0x65, 0x20, 0x74, 0x6f, 0x6f,
        0x20, 0x70, 0x61, 0x72, 0x61, 0x6c, 0x6c, 0x65, 0x6c, 0x20, 0x74, 0x6f, 0x20, 0x73, 0x68, 0x61,
        0x64, 0x6f, 0x77, 0x20, 0x72, 0x65, 0x6c, 0x69, 0x61, 0x62, 0x6c, 0x79, 0x2e, 0x0a, 0x20, 0x20,
        0x20, 0x20, 0x20, 0x20, 0x20, 0x20, 0x2f, 0x2f, 0x20, 0x30, 0x2e, 0x31, 0x20, 0xe2, 0x89, 0x88,
        0x20, 0x73, 0x75, 0x72, 0x66, 0x61, 0x63, 0x65, 0x73, 0x20, 0x77, 0x69, 0x74, 0x68, 0x69, 0x6e,
        0x20, 0x7e, 0x38, 0x34, 0xc2, 0xb0, 0x20, 0x6f, 0x66, 0x20, 0x74, 0x68, 0x65, 0x20, 0x6c, 0x69,
        0x67, 0x68, 0x74, 0x20, 0x64, 0x69, 0x72, 0x65, 0x63, 0x74, 0x69, 0x6f, 0x6e, 0x20, 0x61, 0x72,
        0x65, 0x20, 0x65, 0x78, 0x63, 0x6c, 0x75, 0x64, 0x65, 0x64, 0x2e, 0x0a, 0x20, 0x20, 0x20, 0x20,
        0x20, 0x20, 0x20, 0x20, 0x69, 0x66, 0x20, 0x28, 0x4e, 0x64, 0x6f, 0x74, 0x4c, 0x20, 0x3e, 0x3d,
        0x20, 0x30, 0x2e, 0x30, 0x35, 0x29, 0x0a, 0x20, 0x20, 0x20, 0x20, 0x20, 0x20, 0x20, 0x20, 0x7b,
        0x0a, 0x20, 0x20, 0x20, 0x20, 0x20, 0x20, 0x20, 0x20, 0x20, 0x20, 0x20, 0x20, 0x62, 0x6f, 0x6f,
        0x6c, 0x20, 0x69, 0x73, 0x49, 0x6e, 0x4c, 0x69, 0x67, 0x68, 0x74, 0x30, 0x20, 0x3d, 0x20, 0x66,
        0x61, 0x6c, 0x73, 0x65, 0x3b, 0x0a, 0x20, 0x20, 0x20, 0x20, 0x20, 0x20, 0x20, 0x20, 0x20, 0x20,
        0x20, 0x20, 0x62, 0x6f, 0x6f, 0x6c, 0x20, 0x69, 0x73, 0x53, 0x68, 0x61, 0x64, 0x6f, 0x77, 0x65,
        0x64, 0x30, 0x20, 0x3d, 0x20, 0x66, 0x61, 0x6c, 0x73, 0x65, 0x3b, 0x0a, 0x20, 0x20, 0x20, 0x20,
        0x20, 0x20, 0x20, 0x20, 0x20, 0x20, 0x20, 0x20, 0x23, 0x69, 0x66, 0x20, 0x53, 0x4d, 0x36, 0x0a,
        0x20, 0x20, 0x20, 0x20, 0x20, 0x20, 0x20, 0x20, 0x20, 0x20, 0x20, 0x20, 0x61, 0x70, 0x70, 0x6c,
        0x79, 0x53, 0x68, 0x61, 0x64, 0x6f, 0x77, 0x69, 0x6e, 0x67, 0x53, 0x69, 0x6e, 0x67, 0x6c, 0x65,
        0x28, 0x77, 0x6f, 0x72, 0x6c, 0x64, 0x50, 0x6f, 0x73, 0x2c, 0x20, 0x4c, 0x69, 0x67, 0x68, 0x74,
        0x56, 0x69, 0x65, 0x77, 0x50, 0x72, 0x6f, 0x6a, 0x30, 0x2c, 0x20, 0x53, 0x68, 0x61, 0x64, 0x6f,
        0x77, 0x4d, 0x61, 0x70, 0x30, 0x2c, 0x20, 0x53, 0x68, 0x61, 0x64, 0x6f, 0x77, 0x4d, 0x61, 0x70,
        0x53, 0x61, 0x6d, 0x70, 0x6c, 0x65, 0x72, 0x30, 0x2c, 0x20, 0x69, 0x73, 0x49, 0x6e, 0x4c, 0x69,
        0x67, 0x68, 0x74, 0x30, 0x2c, 0x20, 0x69, 0x73, 0x53, 0x68, 0x61, 0x64, 0x6f, 0x77, 0x65, 0x64,
        0x30, 0x29, 0x3b, 0x0a, 0x20, 0x20, 0x20, 0x20, 0x20, 0x20, 0x20, 0x20, 0x20, 0x20, 0x20, 0x20,
        0x23, 0x65, 0x6c, 0x73, 0x65, 0x0a, 0x20, 0x20, 0x20, 0x20, 0x20, 0x20, 0x20, 0x20, 0x20, 0x20,
        0x20, 0x20, 0x61, 0x70, 0x70, 0x6c, 0x79, 0x53, 0x68, 0x61, 0x64, 0x6f, 0x77, 0x69, 0x6e, 0x67,
        0x53, 0x69, 0x6e, 0x67, 0x6c, 0x65, 0x28, 0x77, 0x6f, 0x72, 0x6c, 0x64, 0x50, 0x6f, 0x73, 0x2c,
        0x20, 0x4c, 0x69, 0x67, 0x68, 0x74, 0x56, 0x69, 0x65, 0x77, 0x50, 0x72, 0x6f, 0x6a, 0x30, 0x2c,
        0x20, 0x53, 0x68, 0x61, 0x64, 0x6f, 0x77, 0x4d, 0x61, 0x70, 0x53, 0x61, 0x6d, 0x70, 0x6c, 0x65,
        0x72, 0x30, 0x2c, 0x20, 0x69, 0x73, 0x49, 0x6e, 0x4c, 0x69, 0x67, 0x68, 0x74, 0x30, 0x2c, 0x20,
        0x69, 0x73, 0x53, 0x68, 0x61, 0x64, 0x6f, 0x77, 0x65, 0x64, 0x30, 0x29, 0x3b, 0x0a, 0x20, 0x20,
        0x20, 0x20, 0x20, 0x20, 0x20, 0x20, 0x20, 0x20, 0x20, 0x20, 0x23, 0x65, 0x6e, 0x64, 0x69, 0x66,
        0x0a, 0x20, 0x20, 0x20, 0x20, 0x20, 0x20, 0x20, 0x20, 0x20, 0x20, 0x20, 0x20, 0x69, 0x66, 0x20,
        0x28, 0x69, 0x73, 0x49, 0x6e, 0x4c, 0x69, 0x67, 0x68, 0x74, 0x30, 0x29, 0x20, 0x72, 0x65, 0x74,
        0x75, 0x72, 0x6e, 0x20, 0x69, 0x73, 0x53, 0x68, 0x61, 0x64, 0x6f, 0x77, 0x65, 0x64, 0x30, 0x3b,
        0x0a, 0x0a, 0x20, 0x20, 0x20, 0x20, 0x20, 0x20, 0x20, 0x20, 0x20, 0x20, 0x20, 0x20, 0x69, 0x66,
        0x20, 0x28, 0x4e, 0x75, 0x6d, 0x43, 0x61, 0x73, 0x63, 0x61, 0x64, 0x65, 0x73, 0x20, 0x3e, 0x20,
        0x31, 0x29, 0x0a, 0x20, 0x20, 0x20, 0x20, 0x20, 0x20, 0x20, 0x20, 0x20, 0x20, 0x20, 0x20, 0x7b,
        0x0a, 0x20, 0x20, 0x20, 0x20, 0x20, 0x20, 0x20, 0x20, 0x20, 0x20, 0x20, 0x20, 0x20, 0x20, 0x20,
        0x20, 0x62, 0x6f, 0x6f, 0x6c, 0x20, 0x69, 0x73, 0x49, 0x6e, 0x4c, 0x69, 0x67, 0x68, 0x74, 0x31,
        0x20, 0x3d, 0x20, 0x66, 0x61, 0x6c, 0x73, 0x65, 0x3b, 0x0a, 0x20, 0x20, 0x20, 0x20, 0x20, 0x20,
        0x20, 0x20, 0x20, 0x20, 0x20, 0x20, 0x20, 0x20, 0x20, 0x20, 0x62, 0x6f, 0x6f, 0x6c, 0x20, 0x69,
        0x73, 0x53, 0x68, 0x61, 0x64, 0x6f, 0x77, 0x65, 0x64, 0x31, 0x20, 0x3d, 0x20, 0x66, 0x61, 0x6c,
        0x73, 0x65, 0x3b, 0x0a, 0x20, 0x20, 0x20, 0x20, 0x20, 0x20, 0x20, 0x20, 0x20, 0x20, 0x20, 0x20,
        0x20, 0x20, 0x20, 0x20, 0x23, 0x69, 0x66, 0x20, 0x53, 0x4d, 0x36, 0x0a, 0x20, 0x20, 0x20, 0x20,
        0x20, 0x20, 0x20, 0x20, 0x20, 0x20, 0x20, 0x20, 0x20, 0x20, 0x20, 0x20, 0x61, 0x70, 0x70, 0x6c,
        0x79, 0x53, 0x68, 0x61, 0x64, 0x6f, 0x77, 0x69, 0x6e, 0x67, 0x53, 0x69, 0x6e, 0x67, 0x6c, 0x65,
        0x28, 0x77, 0x6f, 0x72, 0x6c, 0x64, 0x50, 0x6f, 0x73, 0x2c, 0x20, 0x4c, 0x69, 0x67, 0x68, 0x74,
        0x56, 0x69, 0x65, 0x77, 0x50, 0x72, 0x6f, 0x6a, 0x31, 0x2c, 0x20, 0x53, 0x68, 0x61, 0x64, 0x6f,
        0x77, 0x4d, 0x61, 0x70, 0x31, 0x2c, 0x20, 0x53, 0x68, 0x61, 0x64, 0x6f, 0x77, 0x4d, 0x61, 0x70,
        0x53, 0x61, 0x6d, 0x70, 0x6c, 0x65, 0x72, 0x31, 0x2c, 0x20, 0x69, 0x73, 0x49, 0x6e, 0x4c, 0x69,
        0x67, 0x68, 0x74, 0x31, 0x2c, 0x20, 0x69, 0x73, 0x53, 0x68, 0x61, 0x64, 0x6f, 0x77, 0x65, 0x64,
        0x31, 0x29, 0x3b, 0x0a, 0x20, 0x20, 0x20, 0x20, 0x20, 0x20, 0x20, 0x20, 0x20, 0x20, 0x20, 0x20,
        0x20, 0x20, 0x20, 0x20, 0x23, 0x65, 0x6c, 0x73, 0x65, 0x0a, 0x20, 0x20, 0x20, 0x20, 0x20, 0x20,
        0x20, 0x20, 0x20, 0x20, 0x20, 0x20, 0x20, 0x20, 0x20, 0x20, 0x61, 0x70, 0x70, 0x6c, 0x79, 0x53,
        0x68, 0x61, 0x64, 0x6f, 0x77, 0x69, 0x6e, 0x67, 0x53, 0x69, 0x6e, 0x67, 0x6c, 0x65, 0x28, 0x77,
        0x6f, 0x72, 0x6c, 0x64, 0x50, 0x6f, 0x73, 0x2c, 0x20, 0x4c, 0x69, 0x67, 0x68, 0x74, 0x56, 0x69,
        0x65, 0x77, 0x50, 0x72, 0x6f, 0x6a, 0x31, 0x2c, 0x20, 0x53, 0x68, 0x61, 0x64, 0x6f, 0x77, 0x4d,
        0x61, 0x70, 0x53, 0x61, 0x6d, 0x70, 0x6c, 0x65, 0x72, 0x31, 0x2c, 0x20, 0x69, 0x73, 0x49, 0x6e,
        0x4c, 0x69, 0x67, 0x68, 0x74, 0x31, 0x2c, 0x20, 0x69, 0x73, 0x53, 0x68, 0x61, 0x64, 0x6f, 0x77,
        0x65, 0x64, 0x31, 0x29, 0x3b, 0x0a, 0x20, 0x20, 0x20, 0x20, 0x20, 0x20, 0x20, 0x20, 0x20, 0x20,
        0x20, 0x20, 0x20, 0x20, 0x20, 0x20, 0x23, 0x65, 0x6e, 0x64, 0x69, 0x66, 0x0a, 0x20, 0x20, 0x20,
        0x20, 0x20, 0x20, 0x20, 0x20, 0x20, 0x20, 0x20, 0x20, 0x20, 0x20, 0x20, 0x20, 0x69, 0x66, 0x20,
        0x28, 0x69, 0x73, 0x49, 0x6e, 0x4c, 0x69, 0x67, 0x68, 0x74, 0x31, 0x29, 0x20, 0x72, 0x65, 0x74,
        0x75, 0x72, 0x6e, 0x20, 0x69, 0x73, 0x53, 0x68, 0x61, 0x64, 0x6f, 0x77, 0x65, 0x64, 0x31, 0x3b,
        0x0a, 0x0a, 0x20, 0x20, 0x20, 0x20, 0x20, 0x20, 0x20, 0x20, 0x20, 0x20, 0x20, 0x20, 0x20, 0x20,
        0x20, 0x20, 0x69, 0x66, 0x20, 0x28, 0x4e, 0x75, 0x6d, 0x43, 0x61, 0x73, 0x63, 0x61, 0x64, 0x65,
        0x73, 0x20, 0x3e, 0x20, 0x32, 0x29, 0x0a, 0x20, 0x20, 0x20, 0x20, 0x20, 0x20, 0x20, 0x20, 0x20,
        0x20, 0x20, 0x20, 0x20, 0x20, 0x20, 0x20, 0x7b, 0x0a, 0x20, 0x20, 0x20, 0x20, 0x20, 0x20, 0x20,
        0x20, 0x20, 0x20, 0x20, 0x20, 0x20, 0x20, 0x20, 0x20, 0x20, 0x20, 0x20, 0x20, 0x62, 0x6f, 0x6f,
        0x6c, 0x20, 0x69, 0x73, 0x49, 0x6e, 0x4c, 0x69, 0x67, 0x68, 0x74, 0x32, 0x20, 0x3d, 0x20, 0x66,
        0x61, 0x6c, 0x73, 0x65, 0x3b, 0x0a, 0x20, 0x20, 0x20, 0x20, 0x20, 0x20, 0x20, 0x20, 0x20, 0x20,
        0x20, 0x20, 0x20, 0x20, 0x20, 0x20, 0x20, 0x20, 0x20, 0x20, 0x62, 0x6f, 0x6f, 0x6c, 0x20, 0x69,
        0x73, 0x53, 0x68, 0x61, 0x64, 0x6f, 0x77, 0x65, 0x64, 0x32, 0x20, 0x3d, 0x20, 0x66, 0x61, 0x6c,
        0x73, 0x65, 0x3b, 0x0a, 0x20, 0x20, 0x20, 0x20, 0x20, 0x20, 0x20, 0x20, 0x20, 0x20, 0x20, 0x20,
        0x20, 0x20, 0x20, 0x20, 0x20, 0x20, 0x20, 0x20, 0x23, 0x69, 0x66, 0x20, 0x53, 0x4d, 0x36, 0x0a,
        0x20, 0x20, 0x20, 0x20, 0x20, 0x20, 0x20, 0x20, 0x20, 0x20, 0x20, 0x20, 0x20, 0x20, 0x20, 0x20,
        0x20, 0x20, 0x20, 0x20, 0x61, 0x70, 0x70, 0x6c, 0x79, 0x53, 0x68, 0x61, 0x64, 0x6f, 0x77, 0x69,
        0x6e, 0x67, 0x53, 0x69, 0x6e, 0x67, 0x6c, 0x65, 0x28, 0x77, 0x6f, 0x72, 0x6c, 0x64, 0x50, 0x6f,
        0x73, 0x2c, 0x20, 0x4c, 0x69, 0x67, 0x68, 0x74, 0x56, 0x69, 0x65, 0x77, 0x50, 0x72, 0x6f, 0x6a,
        0x32, 0x2c, 0x20, 0x53, 0x68, 0x61, 0x64, 0x6f, 0x77, 0x4d, 0x61, 0x70, 0x32, 0x2c, 0x20, 0x53,
        0x68, 0x61, 0x64, 0x6f, 0x77, 0x4d, 0x61, 0x70, 0x53, 0x61, 0x6d, 0x70, 0x6c, 0x65, 0x72, 0x32,
        0x2c, 0x20, 0x69, 0x73, 0x49, 0x6e, 0x4c, 0x69, 0x67, 0x68, 0x74, 0x32, 0x2c, 0x20, 0x69, 0x73,
        0x53, 0x68, 0x61, 0x64, 0x6f, 0x77, 0x65, 0x64, 0x32, 0x29, 0x3b, 0x0a, 0x20, 0x20, 0x20, 0x20,
        0x20, 0x20, 0x20, 0x20, 0x20, 0x20, 0x20, 0x20, 0x20, 0x20, 0x20, 0x20, 0x20, 0x20, 0x20, 0x20,
        0x23, 0x65, 0x6c, 0x73, 0x65, 0x0a, 0x20, 0x20, 0x20, 0x20, 0x20, 0x20, 0x20, 0x20, 0x20, 0x20,
        0x20, 0x20, 0x20, 0x20, 0x20, 0x20, 0x20, 0x20, 0x20, 0x20, 0x61, 0x70, 0x70, 0x6c, 0x79, 0x53,
        0x68, 0x61, 0x64, 0x6f, 0x77, 0x69, 0x6e, 0x67, 0x53, 0x69, 0x6e, 0x67, 0x6c, 0x65, 0x28, 0x77,
        0x6f, 0x72, 0x6c, 0x64, 0x50, 0x6f, 0x73, 0x2c, 0x20, 0x4c, 0x69, 0x67, 0x68, 0x74, 0x56, 0x69,
        0x65, 0x77, 0x50, 0x72, 0x6f, 0x6a, 0x32, 0x2c, 0x20, 0x53, 0x68, 0x61, 0x64, 0x6f, 0x77, 0x4d,
        0x61, 0x70, 0x53, 0x61, 0x6d, 0x70, 0x6c, 0x65, 0x72, 0x32, 0x2c, 0x20, 0x69, 0x73, 0x49, 0x6e,
        0x4c, 0x69, 0x67, 0x68, 0x74, 0x32, 0x2c, 0x20, 0x69, 0x73, 0x53, 0x68, 0x61, 0x64, 0x6f, 0x77,
        0x65, 0x64, 0x32, 0x29, 0x3b, 0x0a, 0x20, 0x20, 0x20, 0x20, 0x20, 0x20, 0x20, 0x20, 0x20, 0x20,
        0x20, 0x20, 0x20, 0x20, 0x20, 0x20, 0x20, 0x20, 0x20, 0x20, 0x23, 0x65, 0x6e, 0x64, 0x69, 0x66,
        0x0a, 0x20, 0x20, 0x20, 0x20, 0x20, 0x20, 0x20, 0x20, 0x20, 0x20, 0x20, 0x20, 0x20, 0x20, 0x20,
        0x20, 0x20, 0x20, 0x20, 0x20, 0x69, 0x66, 0x20, 0x28, 0x69, 0x73, 0x49, 0x6e, 0x4c, 0x69, 0x67,
        0x68, 0x74, 0x32, 0x29, 0x20, 0x72, 0x65, 0x74, 0x75, 0x72, 0x6e, 0x20, 0x69, 0x73, 0x53, 0x68,
        0x61, 0x64, 0x6f, 0x77, 0x65, 0x64, 0x32, 0x3b, 0x0a, 0x20, 0x20, 0x20, 0x20, 0x20, 0x20, 0x20,
        0x20, 0x20, 0x20, 0x20, 0x20, 0x20, 0x20, 0x20, 0x20, 0x7d, 0x0a, 0x20, 0x20, 0x20, 0x20, 0x20,
        0x20, 0x20, 0x20, 0x20, 0x20, 0x20, 0x20, 0x7d, 0x0a, 0x20, 0x20, 0x20, 0x20, 0x20, 0x20, 0x20,
        0x20, 0x7d, 0x0a, 0x20, 0x20, 0x20, 0x20, 0x7d, 0x0a, 0x0a, 0x20, 0x20, 0x20, 0x20, 0x72, 0x65,
        0x74, 0x75, 0x72, 0x6e, 0x20, 0x66, 0x61, 0x6c, 0x73, 0x65, 0x3b, 0x0a, 0x7d, 0x0a, 0x0a, 0x2f,
        0x2f, 0x20, 0x4c, 0x65, 0x67, 0x61, 0x63, 0x79, 0x20, 0x70, 0x61, 0x74, 0x68, 0x20, 0x66, 0x6f,
        0x72, 0x20, 0x66, 0x75, 0x6c, 0x6c, 0x62, 0x72, 0x69, 0x67, 0x68, 0x74, 0x20, 0x73, 0x68, 0x61,
        0x64, 0x65, 0x72, 0x73, 0x20, 0x28, 0x74, 0x65, 0x72, 0x72, 0x61, 0x69, 0x6e, 0x29, 0x20, 0x77,
        0x69, 0x74, 0x68, 0x20, 0x6e, 0x6f, 0x20, 0x64, 0x69, 0x66, 0x66, 0x75, 0x73, 0x65, 0x20, 0x74,
        0x65, 0x72, 0x6d, 0x3a, 0x20, 0x64, 0x61, 0x72, 0x6b, 0x65, 0x6e, 0x0a, 0x2f, 0x2f, 0x20, 0x74,
        0x68, 0x65, 0x20, 0x63, 0x6f, 0x6c, 0x6f, 0x72, 0x20, 0x6f, 0x6e, 0x63, 0x65, 0x20, 0x77, 0x68,
        0x65, 0x72, 0x65, 0x20, 0x74, 0x68, 0x65, 0x20, 0x70, 0x69, 0x78, 0x65, 0x6c, 0x20, 0x69, 0x73,
        0x20, 0x73, 0x68, 0x61, 0x64, 0x6f, 0x77, 0x65, 0x64, 0x2e, 0x20, 0x55, 0x73, 0x65, 0x64, 0x20,
        0x62, 0x79, 0x20, 0x47, 0x72, 0x6f, 0x75, 0x6e, 0x64, 0x2e, 0x66, 0x78, 0x20, 0x2f, 0x20, 0x4d,
        0x6f, 0x75, 0x6e, 0x74, 0x61, 0x69, 0x6e, 0x73, 0x2e, 0x66, 0x78, 0x2e, 0x0a, 0x76, 0x6f, 0x69,
        0x64, 0x20, 0x50, 0x53, 0x5f, 0x41, 0x70, 0x70, 0x6c, 0x79, 0x53, 0x68, 0x61, 0x64, 0x6f, 0x77,
        0x69, 0x6e, 0x67, 0x28, 0x0a, 0x20, 0x20, 0x20, 0x20, 0x69, 0x6e, 0x6f, 0x75, 0x74, 0x20, 0x66,
        0x6c, 0x6f, 0x61, 0x74, 0x33, 0x20, 0x64, 0x69, 0x66, 0x66, 0x75, 0x73, 0x65, 0x2c, 0x0a, 0x20,
        0x20, 0x20, 0x20, 0x69, 0x6e, 0x20, 0x66, 0x6c, 0x6f, 0x61, 0x74, 0x34, 0x20, 0x77, 0x6f, 0x72,
        0x6c, 0x64, 0x50, 0x6f, 0x73, 0x2c, 0x0a, 0x20, 0x20, 0x20, 0x20, 0x69, 0x6e, 0x20, 0x66, 0x6c,
        0x6f, 0x61, 0x74, 0x33, 0x20, 0x66, 0x61, 0x63, 0x65, 0x4e, 0x6f, 0x72, 0x6d, 0x61, 0x6c, 0x0a,
        0x29, 0x0a, 0x7b, 0x0a, 0x20, 0x20, 0x20, 0x20, 0x69, 0x66, 0x20, 0x28, 0x50, 0x53, 0x5f, 0x49,
        0x73, 0x53, 0x68, 0x61, 0x64, 0x6f, 0x77, 0x65, 0x64, 0x28, 0x77, 0x6f, 0x72, 0x6c, 0x64, 0x50,
        0x6f, 0x73, 0x2c, 0x20, 0x66, 0x61, 0x63, 0x65, 0x4e, 0x6f, 0x72, 0x6d, 0x61, 0x6c, 0x29, 0x29,
        0x0a, 0x20, 0x20, 0x20, 0x20, 0x7b, 0x0a, 0x20, 0x20, 0x20, 0x20, 0x20, 0x20, 0x20, 0x20, 0x64,
        0x69, 0x66, 0x66, 0x75, 0x73, 0x65, 0x20, 0x3d, 0x20, 0x64, 0x69, 0x66, 0x66, 0x75, 0x73, 0x65,
        0x20, 0x2a, 0x20, 0x66, 0x6c, 0x6f, 0x61, 0x74, 0x33, 0x28, 0x30, 0x2e, 0x35, 0x2c, 0x20, 0x30,
        0x2e, 0x35, 0x2c, 0x20, 0x30, 0x2e, 0x35, 0x29, 0x3b, 0x0a, 0x20, 0x20, 0x20, 0x20, 0x7d, 0x0a,
        0x7d, 0x00, 0x00, 0x00, 0x04, 0x00, 0x0a, 0x00, 0x47, 0x4c, 0x5f, 0x47, 0x4f, 0x4f, 0x47, 0x4c,
        0x45, 0x5f, 0x63, 0x70, 0x70, 0x5f, 0x73, 0x74, 0x79, 0x6c, 0x65, 0x5f, 0x6c, 0x69, 0x6e, 0x65,
        0x5f, 0x64, 0x69, 0x72, 0x65, 0x63, 0x74, 0x69, 0x76, 0x65, 0x00, 0x00, 0x04, 0x00, 0x08, 0x00,
        0x47, 0x4c, 0x5f, 0x47, 0x4f, 0x4f, 0x47, 0x4c, 0x45, 0x5f, 0x69, 0x6e, 0x63, 0x6c, 0x75, 0x64,
        0x65, 0x5f, 0x64, 0x69, 0x72, 0x65, 0x63, 0x74, 0x69, 0x76, 0x65, 0x00, 0x05, 0x00, 0x08, 0x00,
        0x06, 0x00, 0x00, 0x00, 0x56, 0x65, 0x72, 0x74, 0x65, 0x78, 0x53, 0x68, 0x61, 0x64, 0x65, 0x72,
        0x46, 0x75, 0x6e, 0x63, 0x74, 0x69, 0x6f, 0x6e, 0x00, 0x00, 0x00, 0x00, 0x05, 0x00, 0x04, 0x00,
        0x1c, 0x00, 0x00, 0x00, 0x24, 0x47, 0x6c, 0x6f, 0x62, 0x61, 0x6c, 0x00, 0x06, 0x00, 0x07, 0x00,
        0x1c, 0x00, 0x00, 0x00, 0x00, 0x00, 0x00, 0x00, 0x4c, 0x69, 0x67, 0x68, 0x74, 0x56, 0x69, 0x65,
        0x77, 0x50, 0x72, 0x6f, 0x6a, 0x30, 0x00, 0x00, 0x06, 0x00, 0x07, 0x00, 0x1c, 0x00, 0x00, 0x00,
        0x01, 0x00, 0x00, 0x00, 0x4c, 0x69, 0x67, 0x68, 0x74, 0x56, 0x69, 0x65, 0x77, 0x50, 0x72, 0x6f,
        0x6a, 0x31, 0x00, 0x00, 0x06, 0x00, 0x07, 0x00, 0x1c, 0x00, 0x00, 0x00, 0x02, 0x00, 0x00, 0x00,
        0x4c, 0x69, 0x67, 0x68, 0x74, 0x56, 0x69, 0x65, 0x77, 0x50, 0x72, 0x6f, 0x6a, 0x32, 0x00, 0x00,
        0x06, 0x00, 0x06, 0x00, 0x1c, 0x00, 0x00, 0x00, 0x03, 0x00, 0x00, 0x00, 0x44, 0x65, 0x70, 0x74,
        0x68, 0x42, 0x69, 0x61, 0x73, 0x00, 0x00, 0x00, 0x06, 0x00, 0x06, 0x00, 0x1c, 0x00, 0x00, 0x00,
        0x04, 0x00, 0x00, 0x00, 0x4e, 0x75, 0x6d, 0x43, 0x61, 0x73, 0x63, 0x61, 0x64, 0x65, 0x73, 0x00,
        0x06, 0x00, 0x07, 0x00, 0x1c, 0x00, 0x00, 0x00, 0x05, 0x00, 0x00, 0x00, 0x4c, 0x69, 0x67, 0x68,
        0x74, 0x44, 0x69, 0x72, 0x65, 0x63, 0x74, 0x69, 0x6f, 0x6e, 0x00, 0x00, 0x06, 0x00, 0x06, 0x00,
        0x1c, 0x00, 0x00, 0x00, 0x06, 0x00, 0x00, 0x00, 0x57, 0x6f, 0x72, 0x6c, 0x64, 0x56, 0x69, 0x65,
        0x77, 0x00, 0x00, 0x00, 0x06, 0x00, 0x07, 0x00, 0x1c, 0x00, 0x00, 0x00, 0x07, 0x00, 0x00, 0x00,
        0x57, 0x6f, 0x72, 0x6c, 0x64, 0x56, 0x69, 0x65, 0x77, 0x50, 0x72, 0x6f, 0x6a, 0x00, 0x00, 0x00,
        0x06, 0x00, 0x06, 0x00, 0x1c, 0x00, 0x00, 0x00, 0x08, 0x00, 0x00, 0x00, 0x46, 0x6f, 0x67, 0x43,
        0x6f, 0x6c, 0x6f, 0x72, 0x00, 0x00, 0x00, 0x00, 0x06, 0x00, 0x06, 0x00, 0x1c, 0x00, 0x00, 0x00,
        0x09, 0x00, 0x00, 0x00, 0x46, 0x6f, 0x67, 0x44, 0x69, 0x73, 0x74, 0x61, 0x6e, 0x63, 0x65, 0x00,
        0x06, 0x00, 0x07, 0x00, 0x1c, 0x00, 0x00, 0x00, 0x0a, 0x00, 0x00, 0x00, 0x46, 0x6f, 0x67, 0x4c,
        0x6f, 0x67, 0x44, 0x65, 0x6e, 0x73, 0x69, 0x74, 0x79, 0x00, 0x00, 0x00, 0x05, 0x00, 0x03, 0x00,
        0x1e, 0x00, 0x00, 0x00, 0x00, 0x00, 0x00, 0x00, 0x05, 0x00, 0x05, 0x00, 0x48, 0x00, 0x00, 0x00,
        0x50, 0x6f, 0x73, 0x69, 0x74, 0x69, 0x6f, 0x6e, 0x00, 0x00, 0x00, 0x00, 0x05, 0x00, 0x04, 0x00,
        0x4c, 0x00, 0x00, 0x00, 0x43, 0x6f, 0x6c, 0x6f, 0x72, 0x00, 0x00, 0x00, 0x05, 0x00, 0x09, 0x00,
        0x55, 0x00, 0x00, 0x00, 0x40, 0x65, 0x6e, 0x74, 0x72, 0x79, 0x50, 0x6f, 0x69, 0x6e, 0x74, 0x4f,
        0x75, 0x74, 0x70, 0x75, 0x74, 0x2e, 0x50, 0x6f, 0x73, 0x69, 0x74, 0x69, 0x6f, 0x6e, 0x00, 0x00,
        0x05, 0x00, 0x08, 0x00, 0x58, 0x00, 0x00, 0x00, 0x40, 0x65, 0x6e, 0x74, 0x72, 0x79, 0x50, 0x6f,
        0x69, 0x6e, 0x74, 0x4f, 0x75, 0x74, 0x70, 0x75, 0x74, 0x2e, 0x43, 0x6f, 0x6c, 0x6f, 0x72, 0x00,
        0x05, 0x00, 0x09, 0x00, 0x5b, 0x00, 0x00, 0x00, 0x40, 0x65, 0x6e, 0x74, 0x72, 0x79, 0x50, 0x6f,
        0x69, 0x6e, 0x74, 0x4f, 0x75, 0x74, 0x70, 0x75, 0x74, 0x2e, 0x57, 0x6f, 0x72, 0x6c, 0x64, 0x50,
        0x6f, 0x73, 0x00, 0x00, 0x05, 0x00, 0x0a, 0x00, 0x5f, 0x00, 0x00, 0x00, 0x40, 0x65, 0x6e, 0x74,
        0x72, 0x79, 0x50, 0x6f, 0x69, 0x6e, 0x74, 0x4f, 0x75, 0x74, 0x70, 0x75, 0x74, 0x2e, 0x56, 0x69,
        0x65, 0x77, 0x4c, 0x65, 0x6e, 0x67, 0x74, 0x68, 0x00, 0x00, 0x00, 0x00, 0x05, 0x00, 0x05, 0x00,
        0x64, 0x00, 0x00, 0x00, 0x53, 0x68, 0x61, 0x64, 0x6f, 0x77, 0x4d, 0x61, 0x70, 0x30, 0x00, 0x00,
        0x05, 0x00, 0x07, 0x00, 0x67, 0x00, 0x00, 0x00, 0x53, 0x68, 0x61, 0x64, 0x6f, 0x77, 0x4d, 0x61,
        0x70, 0x53, 0x61, 0x6d, 0x70, 0x6c, 0x65, 0x72, 0x30, 0x00, 0x00, 0x00, 0x05, 0x00, 0x05, 0x00,
        0x68, 0x00, 0x00, 0x00, 0x53, 0x68, 0x61, 0x64, 0x6f, 0x77, 0x4d, 0x61, 0x70, 0x31, 0x00, 0x00,
        0x05, 0x00, 0x07, 0x00, 0x69, 0x00, 0x00, 0x00, 0x53, 0x68, 0x61, 0x64, 0x6f, 0x77, 0x4d, 0x61,
        0x70, 0x53, 0x61, 0x6d, 0x70, 0x6c, 0x65, 0x72, 0x31, 0x00, 0x00, 0x00, 0x05, 0x00, 0x05, 0x00,
        0x6a, 0x00, 0x00, 0x00, 0x53, 0x68, 0x61, 0x64, 0x6f, 0x77, 0x4d, 0x61, 0x70, 0x32, 0x00, 0x00,
        0x05, 0x00, 0x07, 0x00, 0x6b, 0x00, 0x00, 0x00, 0x53, 0x68, 0x61, 0x64, 0x6f, 0x77, 0x4d, 0x61,
        0x70, 0x53, 0x61, 0x6d, 0x70, 0x6c, 0x65, 0x72, 0x32, 0x00, 0x00, 0x00, 0x4a, 0x01, 0x0a, 0x00,
        0x65, 0x6e, 0x74, 0x72, 0x79, 0x2d, 0x70, 0x6f, 0x69, 0x6e, 0x74, 0x20, 0x56, 0x65, 0x72, 0x74,
        0x65, 0x78, 0x53, 0x68, 0x61, 0x64, 0x65, 0x72, 0x46, 0x75, 0x6e, 0x63, 0x74, 0x69, 0x6f, 0x6e,
        0x00, 0x00, 0x00, 0x00, 0x4a, 0x01, 0x06, 0x00, 0x63, 0x6c, 0x69, 0x65, 0x6e, 0x74, 0x20, 0x76,
        0x75, 0x6c, 0x6b, 0x61, 0x6e, 0x31, 0x30, 0x30, 0x00, 0x00, 0x00, 0x00, 0x4a, 0x01, 0x06, 0x00,
        0x74, 0x61, 0x72, 0x67, 0x65, 0x74, 0x2d, 0x65, 0x6e, 0x76, 0x20, 0x73, 0x70, 0x69, 0x72, 0x76,
        0x31, 0x2e, 0x33, 0x00, 0x4a, 0x01, 0x07, 0x00, 0x74, 0x61, 0x72, 0x67, 0x65, 0x74, 0x2d, 0x65,
        0x6e, 0x76, 0x20, 0x76, 0x75, 0x6c, 0x6b, 0x61, 0x6e, 0x31, 0x2e, 0x31, 0x00, 0x00, 0x00, 0x00,
        0x4a, 0x01, 0x05, 0x00, 0x68, 0x6c, 0x73, 0x6c, 0x2d, 0x6f, 0x66, 0x66, 0x73, 0x65, 0x74, 0x73,
        0x00, 0x00, 0x00, 0x00, 0x47, 0x00, 0x03, 0x00, 0x1c, 0x00, 0x00, 0x00, 0x02, 0x00, 0x00, 0x00,
        0x48, 0x00, 0x04, 0x00, 0x1c, 0x00, 0x00, 0x00, 0x00, 0x00, 0x00, 0x00, 0x04, 0x00, 0x00, 0x00,
        0x48, 0x00, 0x05, 0x00, 0x1c, 0x00, 0x00, 0x00, 0x00, 0x00, 0x00, 0x00, 0x07, 0x00, 0x00, 0x00,
        0x10, 0x00, 0x00, 0x00, 0x48, 0x00, 0x05, 0x00, 0x1c, 0x00, 0x00, 0x00, 0x00, 0x00, 0x00, 0x00,
        0x23, 0x00, 0x00, 0x00, 0x00, 0x00, 0x00, 0x00, 0x48, 0x00, 0x04, 0x00, 0x1c, 0x00, 0x00, 0x00,
        0x01, 0x00, 0x00, 0x00, 0x04, 0x00, 0x00, 0x00, 0x48, 0x00, 0x05, 0x00, 0x1c, 0x00, 0x00, 0x00,
        0x01, 0x00, 0x00, 0x00, 0x07, 0x00, 0x00, 0x00, 0x10, 0x00, 0x00, 0x00, 0x48, 0x00, 0x05, 0x00,
        0x1c, 0x00, 0x00, 0x00, 0x01, 0x00, 0x00, 0x00, 0x23, 0x00, 0x00, 0x00, 0x40, 0x00, 0x00, 0x00,
        0x48, 0x00, 0x04, 0x00, 0x1c, 0x00, 0x00, 0x00, 0x02, 0x00, 0x00, 0x00, 0x04, 0x00, 0x00, 0x00,
        0x48, 0x00, 0x05, 0x00, 0x1c, 0x00, 0x00, 0x00, 0x02, 0x00, 0x00, 0x00, 0x07, 0x00, 0x00, 0x00,
        0x10, 0x00, 0x00, 0x00, 0x48, 0x00, 0x05, 0x00, 0x1c, 0x00, 0x00, 0x00, 0x02, 0x00, 0x00, 0x00,
        0x23, 0x00, 0x00, 0x00, 0x80, 0x00, 0x00, 0x00, 0x48, 0x00, 0x05, 0x00, 0x1c, 0x00, 0x00, 0x00,
        0x03, 0x00, 0x00, 0x00, 0x23, 0x00, 0x00, 0x00, 0xc0, 0x00, 0x00, 0x00, 0x48, 0x00, 0x05, 0x00,
        0x1c, 0x00, 0x00, 0x00, 0x04, 0x00, 0x00, 0x00, 0x23, 0x00, 0x00, 0x00, 0xc4, 0x00, 0x00, 0x00,
        0x48, 0x00, 0x05, 0x00, 0x1c, 0x00, 0x00, 0x00, 0x05, 0x00, 0x00, 0x00, 0x23, 0x00, 0x00, 0x00,
        0xd0, 0x00, 0x00, 0x00, 0x48, 0x00, 0x04, 0x00, 0x1c, 0x00, 0x00, 0x00, 0x06, 0x00, 0x00, 0x00,
        0x04, 0x00, 0x00, 0x00, 0x48, 0x00, 0x05, 0x00, 0x1c, 0x00, 0x00, 0x00, 0x06, 0x00, 0x00, 0x00,
        0x07, 0x00, 0x00, 0x00, 0x10, 0x00, 0x00, 0x00, 0x48, 0x00, 0x05, 0x00, 0x1c, 0x00, 0x00, 0x00,
        0x06, 0x00, 0x00, 0x00, 0x23, 0x00, 0x00, 0x00, 0xe0, 0x00, 0x00, 0x00, 0x48, 0x00, 0x04, 0x00,
        0x1c, 0x00, 0x00, 0x00, 0x07, 0x00, 0x00, 0x00, 0x04, 0x00, 0x00, 0x00, 0x48, 0x00, 0x05, 0x00,
        0x1c, 0x00, 0x00, 0x00, 0x07, 0x00, 0x00, 0x00, 0x07, 0x00, 0x00, 0x00, 0x10, 0x00, 0x00, 0x00,
        0x48, 0x00, 0x05, 0x00, 0x1c, 0x00, 0x00, 0x00, 0x07, 0x00, 0x00, 0x00, 0x23, 0x00, 0x00, 0x00,
        0x20, 0x01, 0x00, 0x00, 0x48, 0x00, 0x05, 0x00, 0x1c, 0x00, 0x00, 0x00, 0x08, 0x00, 0x00, 0x00,
        0x23, 0x00, 0x00, 0x00, 0x60, 0x01, 0x00, 0x00, 0x48, 0x00, 0x05, 0x00, 0x1c, 0x00, 0x00, 0x00,
        0x09, 0x00, 0x00, 0x00, 0x23, 0x00, 0x00, 0x00, 0x6c, 0x01, 0x00, 0x00, 0x48, 0x00, 0x05, 0x00,
        0x1c, 0x00, 0x00, 0x00, 0x0a, 0x00, 0x00, 0x00, 0x23, 0x00, 0x00, 0x00, 0x70, 0x01, 0x00, 0x00,
        0x47, 0x00, 0x04, 0x00, 0x1e, 0x00, 0x00, 0x00, 0x21, 0x00, 0x00, 0x00, 0x00, 0x00, 0x00, 0x00,
        0x47, 0x00, 0x04, 0x00, 0x1e, 0x00, 0x00, 0x00, 0x22, 0x00, 0x00, 0x00, 0x00, 0x00, 0x00, 0x00,
        0x47, 0x00, 0x04, 0x00, 0x48, 0x00, 0x00, 0x00, 0x1e, 0x00, 0x00, 0x00, 0x00, 0x00, 0x00, 0x00,
        0x47, 0x00, 0x04, 0x00, 0x4c, 0x00, 0x00, 0x00, 0x1e, 0x00, 0x00, 0x00, 0x01, 0x00, 0x00, 0x00,
        0x47, 0x00, 0x04, 0x00, 0x55, 0x00, 0x00, 0x00, 0x0b, 0x00, 0x00, 0x00, 0x00, 0x00, 0x00, 0x00,
        0x47, 0x00, 0x04, 0x00, 0x58, 0x00, 0x00, 0x00, 0x1e, 0x00, 0x00, 0x00, 0x00, 0x00, 0x00, 0x00,
        0x47, 0x00, 0x04, 0x00, 0x5b, 0x00, 0x00, 0x00, 0x1e, 0x00, 0x00, 0x00, 0x01, 0x00, 0x00, 0x00,
        0x47, 0x00, 0x04, 0x00, 0x5f, 0x00, 0x00, 0x00, 0x1e, 0x00, 0x00, 0x00, 0x02, 0x00, 0x00, 0x00,
        0x47, 0x00, 0x04, 0x00, 0x64, 0x00, 0x00, 0x00, 0x21, 0x00, 0x00, 0x00, 0x00, 0x00, 0x00, 0x00,
        0x47, 0x00, 0x04, 0x00, 0x64, 0x00, 0x00, 0x00, 0x22, 0x00, 0x00, 0x00, 0x00, 0x00, 0x00, 0x00,
        0x47, 0x00, 0x04, 0x00, 0x67, 0x00, 0x00, 0x00, 0x21, 0x00, 0x00, 0x00, 0x00, 0x00, 0x00, 0x00,
        0x47, 0x00, 0x04, 0x00, 0x67, 0x00, 0x00, 0x00, 0x22, 0x00, 0x00, 0x00, 0x00, 0x00, 0x00, 0x00,
        0x47, 0x00, 0x04, 0x00, 0x68, 0x00, 0x00, 0x00, 0x21, 0x00, 0x00, 0x00, 0x01, 0x00, 0x00, 0x00,
        0x47, 0x00, 0x04, 0x00, 0x68, 0x00, 0x00, 0x00, 0x22, 0x00, 0x00, 0x00, 0x00, 0x00, 0x00, 0x00,
        0x47, 0x00, 0x04, 0x00, 0x69, 0x00, 0x00, 0x00, 0x21, 0x00, 0x00, 0x00, 0x01, 0x00, 0x00, 0x00,
        0x47, 0x00, 0x04, 0x00, 0x69, 0x00, 0x00, 0x00, 0x22, 0x00, 0x00, 0x00, 0x00, 0x00, 0x00, 0x00,
        0x47, 0x00, 0x04, 0x00, 0x6a, 0x00, 0x00, 0x00, 0x21, 0x00, 0x00, 0x00, 0x02, 0x00, 0x00, 0x00,
        0x47, 0x00, 0x04, 0x00, 0x6a, 0x00, 0x00, 0x00, 0x22, 0x00, 0x00, 0x00, 0x00, 0x00, 0x00, 0x00,
        0x47, 0x00, 0x04, 0x00, 0x6b, 0x00, 0x00, 0x00, 0x21, 0x00, 0x00, 0x00, 0x02, 0x00, 0x00, 0x00,
        0x47, 0x00, 0x04, 0x00, 0x6b, 0x00, 0x00, 0x00, 0x22, 0x00, 0x00, 0x00, 0x00, 0x00, 0x00, 0x00,
        0x13, 0x00, 0x02, 0x00, 0x04, 0x00, 0x00, 0x00, 0x21, 0x00, 0x03, 0x00, 0x05, 0x00, 0x00, 0x00,
        0x04, 0x00, 0x00, 0x00, 0x16, 0x00, 0x03, 0x00, 0x08, 0x00, 0x00, 0x00, 0x20, 0x00, 0x00, 0x00,
        0x17, 0x00, 0x04, 0x00, 0x09, 0x00, 0x00, 0x00, 0x08, 0x00, 0x00, 0x00, 0x03, 0x00, 0x00, 0x00,
        0x17, 0x00, 0x04, 0x00, 0x0f, 0x00, 0x00, 0x00, 0x08, 0x00, 0x00, 0x00, 0x04, 0x00, 0x00, 0x00,
        0x15, 0x00, 0x04, 0x00, 0x19, 0x00, 0x00, 0x00, 0x20, 0x00, 0x00, 0x00, 0x01, 0x00, 0x00, 0x00,
        0x18, 0x00, 0x04, 0x00, 0x1b, 0x00, 0x00, 0x00, 0x0f, 0x00, 0x00, 0x00, 0x04, 0x00, 0x00, 0x00,
        0x1e, 0x00, 0x0d, 0x00, 0x1c, 0x00, 0x00, 0x00, 0x1b, 0x00, 0x00, 0x00, 0x1b, 0x00, 0x00, 0x00,
        0x1b, 0x00, 0x00, 0x00, 0x08, 0x00, 0x00, 0x00, 0x08, 0x00, 0x00, 0x00, 0x09, 0x00, 0x00, 0x00,
        0x1b, 0x00, 0x00, 0x00, 0x1b, 0x00, 0x00, 0x00, 0x09, 0x00, 0x00, 0x00, 0x08, 0x00, 0x00, 0x00,
        0x08, 0x00, 0x00, 0x00, 0x20, 0x00, 0x04, 0x00, 0x1d, 0x00, 0x00, 0x00, 0x02, 0x00, 0x00, 0x00,
        0x1c, 0x00, 0x00, 0x00, 0x3b, 0x00, 0x04, 0x00, 0x1d, 0x00, 0x00, 0x00, 0x1e, 0x00, 0x00, 0x00,
        0x02, 0x00, 0x00, 0x00, 0x2b, 0x00, 0x04, 0x00, 0x19, 0x00, 0x00, 0x00, 0x1f, 0x00, 0x00, 0x00,
        0x07, 0x00, 0x00, 0x00, 0x20, 0x00, 0x04, 0x00, 0x20, 0x00, 0x00, 0x00, 0x02, 0x00, 0x00, 0x00,
        0x1b, 0x00, 0x00, 0x00, 0x2b, 0x00, 0x04, 0x00, 0x19, 0x00, 0x00, 0x00, 0x29, 0x00, 0x00, 0x00,
        0x06, 0x00, 0x00, 0x00, 0x2b, 0x00, 0x04, 0x00, 0x08, 0x00, 0x00, 0x00, 0x3a, 0x00, 0x00, 0x00,
        0x00, 0x00, 0x80, 0x3f, 0x20, 0x00, 0x04, 0x00, 0x47, 0x00, 0x00, 0x00, 0x01, 0x00, 0x00, 0x00,
        0x0f, 0x00, 0x00, 0x00, 0x3b, 0x00, 0x04, 0x00, 0x47, 0x00, 0x00, 0x00, 0x48, 0x00, 0x00, 0x00,
        0x01, 0x00, 0x00, 0x00, 0x20, 0x00, 0x04, 0x00, 0x4b, 0x00, 0x00, 0x00, 0x01, 0x00, 0x00, 0x00,
        0x09, 0x00, 0x00, 0x00, 0x3b, 0x00, 0x04, 0x00, 0x4b, 0x00, 0x00, 0x00, 0x4c, 0x00, 0x00, 0x00,
        0x01, 0x00, 0x00, 0x00, 0x20, 0x00, 0x04, 0x00, 0x54, 0x00, 0x00, 0x00, 0x03, 0x00, 0x00, 0x00,
        0x0f, 0x00, 0x00, 0x00, 0x3b, 0x00, 0x04, 0x00, 0x54, 0x00, 0x00, 0x00, 0x55, 0x00, 0x00, 0x00,
        0x03, 0x00, 0x00, 0x00, 0x3b, 0x00, 0x04, 0x00, 0x54, 0x00, 0x00, 0x00, 0x58, 0x00, 0x00, 0x00,
        0x03, 0x00, 0x00, 0x00, 0x3b, 0x00, 0x04, 0x00, 0x54, 0x00, 0x00, 0x00, 0x5b, 0x00, 0x00, 0x00,
        0x03, 0x00, 0x00, 0x00, 0x20, 0x00, 0x04, 0x00, 0x5e, 0x00, 0x00, 0x00, 0x03, 0x00, 0x00, 0x00,
        0x08, 0x00, 0x00, 0x00, 0x3b, 0x00, 0x04, 0x00, 0x5e, 0x00, 0x00, 0x00, 0x5f, 0x00, 0x00, 0x00,
        0x03, 0x00, 0x00, 0x00, 0x19, 0x00, 0x09, 0x00, 0x62, 0x00, 0x00, 0x00, 0x08, 0x00, 0x00, 0x00,
        0x01, 0x00, 0x00, 0x00, 0x00, 0x00, 0x00, 0x00, 0x00, 0x00, 0x00, 0x00, 0x00, 0x00, 0x00, 0x00,
        0x01, 0x00, 0x00, 0x00, 0x00, 0x00, 0x00, 0x00, 0x20, 0x00, 0x04, 0x00, 0x63, 0x00, 0x00, 0x00,
        0x00, 0x00, 0x00, 0x00, 0x62, 0x00, 0x00, 0x00, 0x3b, 0x00, 0x04, 0x00, 0x63, 0x00, 0x00, 0x00,
        0x64, 0x00, 0x00, 0x00, 0x00, 0x00, 0x00, 0x00, 0x1a, 0x00, 0x02, 0x00, 0x65, 0x00, 0x00, 0x00,
        0x20, 0x00, 0x04, 0x00, 0x66, 0x00, 0x00, 0x00, 0x00, 0x00, 0x00, 0x00, 0x65, 0x00, 0x00, 0x00,
        0x3b, 0x00, 0x04, 0x00, 0x66, 0x00, 0x00, 0x00, 0x67, 0x00, 0x00, 0x00, 0x00, 0x00, 0x00, 0x00,
        0x3b, 0x00, 0x04, 0x00, 0x63, 0x00, 0x00, 0x00, 0x68, 0x00, 0x00, 0x00, 0x00, 0x00, 0x00, 0x00,
        0x3b, 0x00, 0x04, 0x00, 0x66, 0x00, 0x00, 0x00, 0x69, 0x00, 0x00, 0x00, 0x00, 0x00, 0x00, 0x00,
        0x3b, 0x00, 0x04, 0x00, 0x63, 0x00, 0x00, 0x00, 0x6a, 0x00, 0x00, 0x00, 0x00, 0x00, 0x00, 0x00,
        0x3b, 0x00, 0x04, 0x00, 0x66, 0x00, 0x00, 0x00, 0x6b, 0x00, 0x00, 0x00, 0x00, 0x00, 0x00, 0x00,
        0x08, 0x00, 0x04, 0x00, 0x01, 0x00, 0x00, 0x00, 0x1e, 0x00, 0x00, 0x00, 0x01, 0x00, 0x00, 0x00,
        0x36, 0x00, 0x05, 0x00, 0x04, 0x00, 0x00, 0x00, 0x06, 0x00, 0x00, 0x00, 0x00, 0x00, 0x00, 0x00,
        0x05, 0x00, 0x00, 0x00, 0x3d, 0x01, 0x01, 0x00, 0xf8, 0x00, 0x02, 0x00, 0x07, 0x00, 0x00, 0x00,
        0x08, 0x00, 0x04, 0x00, 0x01, 0x00, 0x00, 0x00, 0x1e, 0x00, 0x00, 0x00, 0x00, 0x00, 0x00, 0x00,
        0x3d, 0x00, 0x04, 0x00, 0x0f, 0x00, 0x00, 0x00, 0x49, 0x00, 0x00, 0x00, 0x48, 0x00, 0x00, 0x00,
        0x3d, 0x00, 0x04, 0x00, 0x09, 0x00, 0x00, 0x00, 0x4d, 0x00, 0x00, 0x00, 0x4c, 0x00, 0x00, 0x00,
        0x08, 0x00, 0x04, 0x00, 0x01, 0x00, 0x00, 0x00, 0x20, 0x00, 0x00, 0x00, 0x00, 0x00, 0x00, 0x00,
        0x41, 0x00, 0x05, 0x00, 0x20, 0x00, 0x00, 0x00, 0x72, 0x00, 0x00, 0x00, 0x1e, 0x00, 0x00, 0x00,
        0x1f, 0x00, 0x00, 0x00, 0x3d, 0x00, 0x04, 0x00, 0x1b, 0x00, 0x00, 0x00, 0x73, 0x00, 0x00, 0x00,
        0x72, 0x00, 0x00, 0x00, 0x91, 0x00, 0x05, 0x00, 0x0f, 0x00, 0x00, 0x00, 0x75, 0x00, 0x00, 0x00,
        0x73, 0x00, 0x00, 0x00, 0x49, 0x00, 0x00, 0x00, 0x08, 0x00, 0x04, 0x00, 0x01, 0x00, 0x00, 0x00,
        0x23, 0x00, 0x00, 0x00, 0x00, 0x00, 0x00, 0x00, 0x41, 0x00, 0x05, 0x00, 0x20, 0x00, 0x00, 0x00,
        0x78, 0x00, 0x00, 0x00, 0x1e, 0x00, 0x00, 0x00, 0x29, 0x00, 0x00, 0x00, 0x3d, 0x00, 0x04, 0x00,
        0x1b, 0x00, 0x00, 0x00, 0x79, 0x00, 0x00, 0x00, 0x78, 0x00, 0x00, 0x00, 0x91, 0x00, 0x05, 0x00,
        0x0f, 0x00, 0x00, 0x00, 0x7b, 0x00, 0x00, 0x00, 0x79, 0x00, 0x00, 0x00, 0x49, 0x00, 0x00, 0x00,
        0x4f, 0x00, 0x08, 0x00, 0x09, 0x00, 0x00, 0x00, 0x7c, 0x00, 0x00, 0x00, 0x7b, 0x00, 0x00, 0x00,
        0x7b, 0x00, 0x00, 0x00, 0x00, 0x00, 0x00, 0x00, 0x01, 0x00, 0x00, 0x00, 0x02, 0x00, 0x00, 0x00,
        0x08, 0x00, 0x04, 0x00, 0x01, 0x00, 0x00, 0x00, 0x24, 0x00, 0x00, 0x00, 0x00, 0x00, 0x00, 0x00,
        0x0c, 0x00, 0x06, 0x00, 0x08, 0x00, 0x00, 0x00, 0x7e, 0x00, 0x00, 0x00, 0x03, 0x00, 0x00, 0x00,
        0x42, 0x00, 0x00, 0x00, 0x7c, 0x00, 0x00, 0x00, 0x08, 0x00, 0x04, 0x00, 0x01, 0x00, 0x00, 0x00,
        0x28, 0x00, 0x00, 0x00, 0x00, 0x00, 0x00, 0x00, 0x51, 0x00, 0x05, 0x00, 0x08, 0x00, 0x00, 0x00,
        0x84, 0x00, 0x00, 0x00, 0x4d, 0x00, 0x00, 0x00, 0x00, 0x00, 0x00, 0x00, 0x51, 0x00, 0x05, 0x00,
        0x08, 0x00, 0x00, 0x00, 0x85, 0x00, 0x00, 0x00, 0x4d, 0x00, 0x00, 0x00, 0x01, 0x00, 0x00, 0x00,
        0x51, 0x00, 0x05, 0x00, 0x08, 0x00, 0x00, 0x00, 0x86, 0x00, 0x00, 0x00, 0x4d, 0x00, 0x00, 0x00,
        0x02, 0x00, 0x00, 0x00, 0x50, 0x00, 0x07, 0x00, 0x0f, 0x00, 0x00, 0x00, 0x87, 0x00, 0x00, 0x00,
        0x84, 0x00, 0x00, 0x00, 0x85, 0x00, 0x00, 0x00, 0x86, 0x00, 0x00, 0x00, 0x3a, 0x00, 0x00, 0x00,
        0x08, 0x00, 0x04, 0x00, 0x01, 0x00, 0x00, 0x00, 0x1e, 0x00, 0x00, 0x00, 0x00, 0x00, 0x00, 0x00,
        0x3e, 0x00, 0x03, 0x00, 0x55, 0x00, 0x00, 0x00, 0x75, 0x00, 0x00, 0x00, 0x3e, 0x00, 0x03, 0x00,
        0x58, 0x00, 0x00, 0x00, 0x87, 0x00, 0x00, 0x00, 0x3e, 0x00, 0x03, 0x00, 0x5b, 0x00, 0x00, 0x00,
        0x49, 0x00, 0x00, 0x00, 0x3e, 0x00, 0x03, 0x00, 0x5f, 0x00, 0x00, 0x00, 0x7e, 0x00, 0x00, 0x00,
        0xfd, 0x00, 0x01, 0x00, 0x38, 0x00, 0x01, 0x00,
    };

    /// <summary>HLSL, compiled by sokol's D3D11 backend.</summary>
    private const string VertexHlsl =
"""
cbuffer _Global : register(b0)
{
    column_major float4x4 _30_LightViewProj0 : packoffset(c0);
    column_major float4x4 _30_LightViewProj1 : packoffset(c4);
    column_major float4x4 _30_LightViewProj2 : packoffset(c8);
    float _30_DepthBias : packoffset(c12);
    float _30_NumCascades : packoffset(c12.y);
    float3 _30_LightDirection : packoffset(c13);
    column_major float4x4 _30_WorldView : packoffset(c14);
    column_major float4x4 _30_WorldViewProj : packoffset(c18);
    float3 _30_FogColor : packoffset(c22);
    float _30_FogDistance : packoffset(c22.w);
    float _30_FogLogDensity : packoffset(c23);
};

Texture2D<float4> ShadowMap0 : register(t0);
SamplerState ShadowMapSampler0 : register(s0);
Texture2D<float4> ShadowMap1 : register(t1);
SamplerState ShadowMapSampler1 : register(s1);
Texture2D<float4> ShadowMap2 : register(t2);
SamplerState ShadowMapSampler2 : register(s2);

static float4 gl_Position;
static float4 Position;
static float3 Color;
static float4 _entryPointOutput_Color;
static float4 _entryPointOutput_WorldPos;
static float _entryPointOutput_ViewLength;

struct SPIRV_Cross_Input
{
    float4 Position : POSITION;
    float3 Color : COLOR0;
};

struct SPIRV_Cross_Output
{
    float4 _entryPointOutput_Color : TEXCOORD0;
    float4 _entryPointOutput_WorldPos : TEXCOORD1;
    float _entryPointOutput_ViewLength : TEXCOORD2;
    float4 gl_Position : SV_Position;
};

void vert_main()
{
    gl_Position = mul(Position, _30_WorldViewProj);
    _entryPointOutput_Color = float4(Color, 1.0f);
    _entryPointOutput_WorldPos = Position;
    _entryPointOutput_ViewLength = length(mul(Position, _30_WorldView).xyz);
}

SPIRV_Cross_Output main(SPIRV_Cross_Input stage_input)
{
    Position = stage_input.Position;
    Color = stage_input.Color;
    vert_main();
    SPIRV_Cross_Output stage_output;
    stage_output.gl_Position = gl_Position;
    stage_output._entryPointOutput_Color = _entryPointOutput_Color;
    stage_output._entryPointOutput_WorldPos = _entryPointOutput_WorldPos;
    stage_output._entryPointOutput_ViewLength = _entryPointOutput_ViewLength;
    return stage_output;
}
""";

    /// <summary>Metal Shading Language, compiled by sokol's Metal backend.</summary>
    private const string VertexMsl =
"""
#include <metal_stdlib>
#include <simd/simd.h>

using namespace metal;

struct _Global
{
    float4x4 LightViewProj0;
    float4x4 LightViewProj1;
    float4x4 LightViewProj2;
    float DepthBias;
    float NumCascades;
    float3 LightDirection;
    float4x4 WorldView;
    float4x4 WorldViewProj;
    packed_float3 FogColor;
    float FogDistance;
    float FogLogDensity;
};

struct main0_out
{
    float4 _entryPointOutput_Color [[user(locn0)]];
    float4 _entryPointOutput_WorldPos [[user(locn1)]];
    float _entryPointOutput_ViewLength [[user(locn2)]];
    float4 gl_Position [[position]];
};

struct main0_in
{
    float4 Position [[attribute(0)]];
    float3 Color [[attribute(1)]];
};

vertex main0_out main0(main0_in in [[stage_in]], constant _Global& _30 [[buffer(0)]])
{
    main0_out out = {};
    out.gl_Position = in.Position * _30.WorldViewProj;
    out._entryPointOutput_Color = float4(in.Color, 1.0);
    out._entryPointOutput_WorldPos = in.Position;
    out._entryPointOutput_ViewLength = length((in.Position * _30.WorldView).xyz);
    return out;
}
""";

    /// <summary>GLSL, compiled by sokol's GL backend.</summary>
    private const string VertexGlsl =
"""
#version 410
#ifdef GL_ARB_shading_language_420pack
#extension GL_ARB_shading_language_420pack : require
#endif

struct _Global
{
    mat4 LightViewProj0;
    mat4 LightViewProj1;
    mat4 LightViewProj2;
    float DepthBias;
    float NumCascades;
    vec3 LightDirection;
    mat4 WorldView;
    mat4 WorldViewProj;
    vec3 FogColor;
    float FogDistance;
    float FogLogDensity;
};

uniform _Global _30;

layout(location = 0) in vec4 Position;
layout(location = 1) in vec3 Color;
layout(location = 0) out vec4 _entryPointOutput_Color;
layout(location = 1) out vec4 _entryPointOutput_WorldPos;
layout(location = 2) out float _entryPointOutput_ViewLength;

mat4 spvWorkaroundRowMajor(mat4 wrap) { return wrap; }

void main()
{
    gl_Position = spvWorkaroundRowMajor(_30.WorldViewProj) * Position;
    _entryPointOutput_Color = vec4(Color, 1.0);
    _entryPointOutput_WorldPos = Position;
    _entryPointOutput_ViewLength = length((spvWorkaroundRowMajor(_30.WorldView) * Position).xyz);
}
""";

    /// <summary>OpenGL ES 3.0 GLSL, compiled by a GLES3 context or ANGLE.</summary>
    private const string VertexGlslEs =
"""
#version 300 es

layout(std140) uniform _Global
{
    layout(row_major) mat4 LightViewProj0;
    layout(row_major) mat4 LightViewProj1;
    layout(row_major) mat4 LightViewProj2;
    float DepthBias;
    float NumCascades;
    vec3 LightDirection;
    layout(row_major) mat4 WorldView;
    layout(row_major) mat4 WorldViewProj;
    vec3 FogColor;
    float FogDistance;
    float FogLogDensity;
} _30;

layout(location = 0) in vec4 Position;
layout(location = 1) in vec3 Color;
out vec4 varying_0;
out vec4 varying_1;
out float varying_2;

highp mat4 spvWorkaroundRowMajor(highp mat4 wrap) { return wrap; }
mediump mat4 spvWorkaroundRowMajorMP(mediump mat4 wrap) { return wrap; }

void main()
{
    gl_Position = spvWorkaroundRowMajor(_30.WorldViewProj) * Position;
    varying_0 = vec4(Color, 1.0);
    varying_1 = Position;
    varying_2 = length((spvWorkaroundRowMajor(_30.WorldView) * Position).xyz);
}
""";

    /// <summary>Desktop GLSL 3.30, compiled by a core-profile desktop GL context.</summary>
    private const string VertexGlsl330 =
"""
#version 330

layout(std140) uniform _Global
{
    layout(row_major) mat4 LightViewProj0;
    layout(row_major) mat4 LightViewProj1;
    layout(row_major) mat4 LightViewProj2;
    float DepthBias;
    float NumCascades;
    vec3 LightDirection;
    layout(row_major) mat4 WorldView;
    layout(row_major) mat4 WorldViewProj;
    vec3 FogColor;
    float FogDistance;
    float FogLogDensity;
} _30;

layout(location = 0) in vec4 Position;
layout(location = 1) in vec3 Color;
out vec4 varying_0;
out vec4 varying_1;
out float varying_2;

mat4 spvWorkaroundRowMajor(mat4 wrap) { return wrap; }

void main()
{
    gl_Position = spvWorkaroundRowMajor(_30.WorldViewProj) * Position;
    varying_0 = vec4(Color, 1.0);
    varying_1 = Position;
    varying_2 = length((spvWorkaroundRowMajor(_30.WorldView) * Position).xyz);
}
""";

    /// <summary>SPIR-V for the Fragment stage (entry point <c>PixelShaderFunction</c>).</summary>
    private static ReadOnlyMemory<byte> PixelSpirv => new byte[]
    {
        0x03, 0x02, 0x23, 0x07, 0x00, 0x03, 0x01, 0x00, 0x0b, 0x00, 0x0d, 0x00, 0x58, 0x03, 0x00, 0x00,
        0x00, 0x00, 0x00, 0x00, 0x11, 0x00, 0x02, 0x00, 0x01, 0x00, 0x00, 0x00, 0x0b, 0x00, 0x06, 0x00,
        0x03, 0x00, 0x00, 0x00, 0x47, 0x4c, 0x53, 0x4c, 0x2e, 0x73, 0x74, 0x64, 0x2e, 0x34, 0x35, 0x30,
        0x00, 0x00, 0x00, 0x00, 0x0e, 0x00, 0x03, 0x00, 0x00, 0x00, 0x00, 0x00, 0x01, 0x00, 0x00, 0x00,
        0x0f, 0x00, 0x0c, 0x00, 0x04, 0x00, 0x00, 0x00, 0x06, 0x00, 0x00, 0x00, 0x50, 0x69, 0x78, 0x65,
        0x6c, 0x53, 0x68, 0x61, 0x64, 0x65, 0x72, 0x46, 0x75, 0x6e, 0x63, 0x74, 0x69, 0x6f, 0x6e, 0x00,
        0x60, 0x01, 0x00, 0x00, 0x63, 0x01, 0x00, 0x00, 0x67, 0x01, 0x00, 0x00, 0x6b, 0x01, 0x00, 0x00,
        0x10, 0x00, 0x03, 0x00, 0x06, 0x00, 0x00, 0x00, 0x07, 0x00, 0x00, 0x00, 0x07, 0x00, 0x0b, 0x00,
        0x01, 0x00, 0x00, 0x00, 0x6e, 0x66, 0x6d, 0x2d, 0x77, 0x6f, 0x72, 0x6c, 0x64, 0x2f, 0x64, 0x61,
        0x74, 0x61, 0x2f, 0x73, 0x68, 0x61, 0x64, 0x65, 0x72, 0x73, 0x5c, 0x47, 0x72, 0x6f, 0x75, 0x6e,
        0x64, 0x2e, 0x66, 0x78, 0x00, 0x00, 0x00, 0x00, 0x07, 0x00, 0x05, 0x00, 0x02, 0x00, 0x00, 0x00,
        0x2e, 0x2f, 0x4d, 0x61, 0x64, 0x2e, 0x66, 0x78, 0x68, 0x00, 0x00, 0x00, 0x03, 0x00, 0x80, 0x01,
        0x05, 0x00, 0x00, 0x00, 0xf4, 0x01, 0x00, 0x00, 0x01, 0x00, 0x00, 0x00, 0x23, 0x69, 0x66, 0x20,
        0x4f, 0x50, 0x45, 0x4e, 0x47, 0x4c, 0x0a, 0x09, 0x23, 0x64, 0x65, 0x66, 0x69, 0x6e, 0x65, 0x20,
        0x53, 0x56, 0x5f, 0x50, 0x4f, 0x53, 0x49, 0x54, 0x49, 0x4f, 0x4e, 0x20, 0x50, 0x4f, 0x53, 0x49,
        0x54, 0x49, 0x4f, 0x4e, 0x0a, 0x09, 0x23, 0x64, 0x65, 0x66, 0x69, 0x6e, 0x65, 0x20, 0x56, 0x53,
        0x5f, 0x53, 0x48, 0x41, 0x44, 0x45, 0x52, 0x4d, 0x4f, 0x44, 0x45, 0x4c, 0x20, 0x76, 0x73, 0x5f,
        0x33, 0x5f, 0x30, 0x0a, 0x09, 0x23, 0x64, 0x65, 0x66, 0x69, 0x6e, 0x65, 0x20, 0x50, 0x53, 0x5f,
        0x53, 0x48, 0x41, 0x44, 0x45, 0x52, 0x4d, 0x4f, 0x44, 0x45, 0x4c, 0x20, 0x70, 0x73, 0x5f, 0x33,
        0x5f, 0x30, 0x0a, 0x23, 0x65, 0x6c, 0x73, 0x65, 0x0a, 0x09, 0x23, 0x64, 0x65, 0x66, 0x69, 0x6e,
        0x65, 0x20, 0x56, 0x53, 0x5f, 0x53, 0x48, 0x41, 0x44, 0x45, 0x52, 0x4d, 0x4f, 0x44, 0x45, 0x4c,
        0x20, 0x76, 0x73, 0x5f, 0x33, 0x5f, 0x30, 0x0a, 0x09, 0x23, 0x64, 0x65, 0x66, 0x69, 0x6e, 0x65,
        0x20, 0x50, 0x53, 0x5f, 0x53, 0x48, 0x41, 0x44, 0x45, 0x52, 0x4d, 0x4f, 0x44, 0x45, 0x4c, 0x20,
        0x70, 0x73, 0x5f, 0x33, 0x5f, 0x30, 0x0a, 0x23, 0x65, 0x6e, 0x64, 0x69, 0x66, 0x0a, 0x0a, 0x23,
        0x69, 0x6e, 0x63, 0x6c, 0x75, 0x64, 0x65, 0x20, 0x22, 0x2e, 0x2f, 0x4d, 0x61, 0x64, 0x2e, 0x66,
        0x78, 0x68, 0x22, 0x0a, 0x0a, 0x66, 0x6c, 0x6f, 0x61, 0x74, 0x34, 0x78, 0x34, 0x20, 0x57, 0x6f,
        0x72, 0x6c, 0x64, 0x56, 0x69, 0x65, 0x77, 0x3b, 0x0a, 0x66, 0x6c, 0x6f, 0x61, 0x74, 0x34, 0x78,
        0x34, 0x20, 0x57, 0x6f, 0x72, 0x6c, 0x64, 0x56, 0x69, 0x65, 0x77, 0x50, 0x72, 0x6f, 0x6a, 0x3b,
        0x0a, 0x0a, 0x66, 0x6c, 0x6f, 0x61, 0x74, 0x33, 0x20, 0x46, 0x6f, 0x67, 0x43, 0x6f, 0x6c, 0x6f,
        0x72, 0x3b, 0x0a, 0x66, 0x6c, 0x6f, 0x61, 0x74, 0x20, 0x46, 0x6f, 0x67, 0x44, 0x69, 0x73, 0x74,
        0x61, 0x6e, 0x63, 0x65, 0x3b, 0x0a, 0x2f, 0x2f, 0x20, 0x6c, 0x6f, 0x67, 0x32, 0x20, 0x6f, 0x66,
        0x20, 0x74, 0x68, 0x65, 0x20, 0x6e, 0x6f, 0x72, 0x6d, 0x61, 0x6c, 0x69, 0x7a, 0x65, 0x64, 0x20,
        0x66, 0x6f, 0x67, 0x20, 0x64, 0x65, 0x6e, 0x73, 0x69, 0x74, 0x79, 0x20, 0x28, 0x73, 0x65, 0x65,
        0x20, 0x56, 0x53, 0x5f, 0x41, 0x70, 0x70, 0x6c, 0x79, 0x46, 0x6f, 0x67, 0x29, 0x0a, 0x66, 0x6c,
        0x6f, 0x61, 0x74, 0x20, 0x46, 0x6f, 0x67, 0x4c, 0x6f, 0x67, 0x44, 0x65, 0x6e, 0x73, 0x69, 0x74,
        0x79, 0x3b, 0x0a, 0x0a, 0x73, 0x74, 0x72, 0x75, 0x63, 0x74, 0x20, 0x56, 0x65, 0x72, 0x74, 0x65,
        0x78, 0x53, 0x68, 0x61, 0x64, 0x65, 0x72, 0x4f, 0x75, 0x74, 0x70, 0x75, 0x74, 0x0a, 0x7b, 0x0a,
        0x20, 0x20, 0x20, 0x20, 0x66, 0x6c, 0x6f, 0x61, 0x74, 0x34, 0x20, 0x50, 0x6f, 0x73, 0x69, 0x74,
        0x69, 0x6f, 0x6e, 0x20, 0x3a, 0x20, 0x53, 0x56, 0x5f, 0x50, 0x4f, 0x53, 0x49, 0x54, 0x49, 0x4f,
        0x4e, 0x3b, 0x20, 0x2f, 0x2f, 0x20, 0x56, 0x65, 0x72, 0x74, 0x65, 0x78, 0x20, 0x70, 0x6f, 0x73,
        0x69, 0x74, 0x69, 0x6f, 0x6e, 0x20, 0x69, 0x6e, 0x20, 0x73, 0x63, 0x72, 0x65, 0x65, 0x6e, 0x20,
        0x73, 0x70, 0x61, 0x63, 0x65, 0x0a, 0x20, 0x20, 0x20, 0x20, 0x66, 0x6c, 0x6f, 0x61, 0x74, 0x34,
        0x20, 0x43, 0x6f, 0x6c, 0x6f, 0x72, 0x20, 0x3a, 0x20, 0x43, 0x4f, 0x4c, 0x4f, 0x52, 0x30, 0x3b,
        0x20, 0x2f, 0x2f, 0x20, 0x56, 0x65, 0x72, 0x74, 0x65, 0x78, 0x20, 0x63, 0x6f, 0x6c, 0x6f, 0x72,
        0x0a, 0x20, 0x20, 0x20, 0x20, 0x66, 0x6c, 0x6f, 0x61, 0x74, 0x34, 0x20, 0x57, 0x6f, 0x72, 0x6c,
        0x64, 0x50, 0x6f, 0x73, 0x20, 0x3a, 0x20, 0x54, 0x45, 0x58, 0x43, 0x4f, 0x4f, 0x52, 0x44, 0x32,
        0x3b, 0x0a, 0x20, 0x20, 0x20, 0x20, 0x66, 0x6c, 0x6f, 0x61, 0x74, 0x20, 0x56, 0x69, 0x65, 0x77,
        0x4c, 0x65, 0x6e, 0x67, 0x74, 0x68, 0x20, 0x3a, 0x20, 0x54, 0x45, 0x58, 0x43, 0x4f, 0x4f, 0x52,
        0x44, 0x34, 0x3b, 0x0a, 0x7d, 0x3b, 0x0a, 0x0a, 0x56, 0x65, 0x72, 0x74, 0x65, 0x78, 0x53, 0x68,
        0x61, 0x64, 0x65, 0x72, 0x4f, 0x75, 0x74, 0x70, 0x75, 0x74, 0x20, 0x56, 0x65, 0x72, 0x74, 0x65,
        0x78, 0x53, 0x68, 0x61, 0x64, 0x65, 0x72, 0x46, 0x75, 0x6e, 0x63, 0x74, 0x69, 0x6f, 0x6e, 0x28,
        0x0a, 0x20, 0x20, 0x20, 0x20, 0x66, 0x6c, 0x6f, 0x61, 0x74, 0x34, 0x20, 0x50, 0x6f, 0x73, 0x69,
        0x74, 0x69, 0x6f, 0x6e, 0x20, 0x3a, 0x20, 0x50, 0x4f, 0x53, 0x49, 0x54, 0x49, 0x4f, 0x4e, 0x2c,
        0x20, 0x66, 0x6c, 0x6f, 0x61, 0x74, 0x33, 0x20, 0x43, 0x6f, 0x6c, 0x6f, 0x72, 0x20, 0x3a, 0x20,
        0x43, 0x4f, 0x4c, 0x4f, 0x52, 0x30, 0x29, 0x0a, 0x7b, 0x0a, 0x20, 0x20, 0x20, 0x20, 0x56, 0x65,
        0x72, 0x74, 0x65, 0x78, 0x53, 0x68, 0x61, 0x64, 0x65, 0x72, 0x4f, 0x75, 0x74, 0x70, 0x75, 0x74,
        0x20, 0x6f, 0x75, 0x74, 0x70, 0x75, 0x74, 0x3b, 0x0a, 0x20, 0x20, 0x20, 0x20, 0x6f, 0x75, 0x74,
        0x70, 0x75, 0x74, 0x2e, 0x50, 0x6f, 0x73, 0x69, 0x74, 0x69, 0x6f, 0x6e, 0x20, 0x3d, 0x20, 0x6d,
        0x75, 0x6c, 0x28, 0x50, 0x6f, 0x73, 0x69, 0x74, 0x69, 0x6f, 0x6e, 0x2c, 0x20, 0x57, 0x6f, 0x72,
        0x6c, 0x64, 0x56, 0x69, 0x65, 0x77, 0x50, 0x72, 0x6f, 0x6a, 0x29, 0x3b, 0x20, 0x2f, 0x2f, 0x20,
        0x54, 0x72, 0x61, 0x6e, 0x73, 0x66, 0x6f, 0x72, 0x6d, 0x20, 0x76, 0x65, 0x72, 0x74, 0x65, 0x78,
        0x20, 0x70, 0x6f, 0x73, 0x69, 0x74, 0x69, 0x6f, 0x6e, 0x0a, 0x0a, 0x20, 0x20, 0x20, 0x20, 0x66,
        0x6c, 0x6f, 0x61, 0x74, 0x33, 0x20, 0x63, 0x6f, 0x6c, 0x6f, 0x72, 0x20, 0x3d, 0x20, 0x43, 0x6f,
        0x6c, 0x6f, 0x72, 0x3b, 0x0a, 0x09, 0x66, 0x6c, 0x6f, 0x61, 0x74, 0x33, 0x20, 0x76, 0x69, 0x65,
        0x77, 0x50, 0x6f, 0x73, 0x20, 0x3d, 0x20, 0x6d, 0x75, 0x6c, 0x28, 0x50, 0x6f, 0x73, 0x69, 0x74,
        0x69, 0x6f, 0x6e, 0x2c, 0x20, 0x57, 0x6f, 0x72, 0x6c, 0x64, 0x56, 0x69, 0x65, 0x77, 0x29, 0x2e,
        0x78, 0x79, 0x7a, 0x3b, 0x0a, 0x20, 0x20, 0x20, 0x20, 0x6f, 0x75, 0x74, 0x70, 0x75, 0x74, 0x2e,
        0x56, 0x69, 0x65, 0x77, 0x4c, 0x65, 0x6e, 0x67, 0x74, 0x68, 0x20, 0x3d, 0x20, 0x6c, 0x65, 0x6e,
        0x67, 0x74, 0x68, 0x28, 0x76, 0x69, 0x65, 0x77, 0x50, 0x6f, 0x73, 0x29, 0x3b, 0x0a, 0x20, 0x20,
        0x20, 0x20, 0x2f, 0x2f, 0x20, 0x56, 0x53, 0x5f, 0x41, 0x70, 0x70, 0x6c, 0x79, 0x46, 0x6f, 0x67,
        0x28, 0x63, 0x6f, 0x6c, 0x6f, 0x72, 0x2c, 0x20, 0x76, 0x69, 0x65, 0x77, 0x50, 0x6f, 0x73, 0x2c,
        0x20, 0x46, 0x6f, 0x67, 0x43, 0x6f, 0x6c, 0x6f, 0x72, 0x2c, 0x20, 0x46, 0x6f, 0x67, 0x44, 0x69,
        0x73, 0x74, 0x61, 0x6e, 0x63, 0x65, 0x2c, 0x20, 0x46, 0x6f, 0x67, 0x4c, 0x6f, 0x67, 0x44, 0x65,
        0x6e, 0x73, 0x69, 0x74, 0x79, 0x29, 0x3b, 0x0a, 0x20, 0x20, 0x20, 0x20, 0x56, 0x53, 0x5f, 0x43,
        0x6f, 0x6c, 0x6f, 0x72, 0x43, 0x6f, 0x72, 0x72, 0x65, 0x63, 0x74, 0x28, 0x63, 0x6f, 0x6c, 0x6f,
        0x72, 0x29, 0x3b, 0x0a, 0x0a, 0x20, 0x20, 0x20, 0x20, 0x6f, 0x75, 0x74, 0x70, 0x75, 0x74, 0x2e,
        0x43, 0x6f, 0x6c, 0x6f, 0x72, 0x20, 0x3d, 0x20, 0x66, 0x6c, 0x6f, 0x61, 0x74, 0x34, 0x28, 0x63,
        0x6f, 0x6c, 0x6f, 0x72, 0x2c, 0x20, 0x31, 0x2e, 0x30, 0x29, 0x3b, 0x0a, 0x0a, 0x20, 0x20, 0x20,
        0x20, 0x2f, 0x2f, 0x20, 0x53, 0x61, 0x76, 0x65, 0x20, 0x74, 0x68, 0x65, 0x20, 0x76, 0x65, 0x72,
        0x74, 0x69, 0x63, 0x65, 0x73, 0x20, 0x70, 0x6f, 0x73, 0x74, 0x69, 0x6f, 0x6e, 0x20, 0x69, 0x6e,
        0x20, 0x77, 0x6f, 0x72, 0x6c, 0x64, 0x20, 0x73, 0x70, 0x61, 0x63, 0x65, 0x20, 0x28, 0x66, 0x6f,
        0x72, 0x20, 0x73, 0x68, 0x61, 0x64, 0x6f, 0x77, 0x20, 0x6d, 0x61, 0x70, 0x70, 0x69, 0x6e, 0x67,
        0x29, 0x0a, 0x20, 0x20, 0x20, 0x20, 0x6f, 0x75, 0x74, 0x70, 0x75, 0x74, 0x2e, 0x57, 0x6f, 0x72,
        0x6c, 0x64, 0x50, 0x6f, 0x73, 0x20, 0x3d, 0x20, 0x50, 0x6f, 0x73, 0x69, 0x74, 0x69, 0x6f, 0x6e,
        0x3b, 0x0a, 0x0a, 0x20, 0x20, 0x20, 0x20, 0x72, 0x65, 0x74, 0x75, 0x72, 0x6e, 0x20, 0x6f, 0x75,
        0x74, 0x70, 0x75, 0x74, 0x3b, 0x0a, 0x7d, 0x0a, 0x0a, 0x66, 0x6c, 0x6f, 0x61, 0x74, 0x34, 0x20,
        0x50, 0x69, 0x78, 0x65, 0x6c, 0x53, 0x68, 0x61, 0x64, 0x65, 0x72, 0x46, 0x75, 0x6e, 0x63, 0x74,
        0x69, 0x6f, 0x6e, 0x28, 0x56, 0x65, 0x72, 0x74, 0x65, 0x78, 0x53, 0x68, 0x61, 0x64, 0x65, 0x72,
        0x4f, 0x75, 0x74, 0x70, 0x75, 0x74, 0x20, 0x69, 0x6e, 0x70, 0x75, 0x74, 0x29, 0x20, 0x3a, 0x20,
        0x53, 0x56, 0x5f, 0x54, 0x41, 0x52, 0x47, 0x45, 0x54, 0x0a, 0x7b, 0x0a, 0x20, 0x20, 0x20, 0x20,
        0x66, 0x6c, 0x6f, 0x61, 0x74, 0x33, 0x20, 0x64, 0x69, 0x66, 0x66, 0x75, 0x73, 0x65, 0x20, 0x3d,
        0x20, 0x69, 0x6e, 0x70, 0x75, 0x74, 0x2e, 0x43, 0x6f, 0x6c, 0x6f, 0x72, 0x2e, 0x78, 0x79, 0x7a,
        0x3b, 0x0a, 0x0a, 0x20, 0x20, 0x20, 0x20, 0x56, 0x53, 0x5f, 0x41, 0x70, 0x70, 0x6c, 0x79, 0x46,
        0x6f, 0x67, 0x28, 0x64, 0x69, 0x66, 0x66, 0x75, 0x73, 0x65, 0x2c, 0x20, 0x69, 0x6e, 0x70, 0x75,
        0x74, 0x2e, 0x56, 0x69, 0x65, 0x77, 0x4c, 0x65, 0x6e, 0x67, 0x74, 0x68, 0x2c, 0x20, 0x46, 0x6f,
        0x67, 0x43, 0x6f, 0x6c, 0x6f, 0x72, 0x2c, 0x20, 0x46, 0x6f, 0x67, 0x44, 0x69, 0x73, 0x74, 0x61,
        0x6e, 0x63, 0x65, 0x2c, 0x20, 0x46, 0x6f, 0x67, 0x4c, 0x6f, 0x67, 0x44, 0x65, 0x6e, 0x73, 0x69,
        0x74, 0x79, 0x29, 0x3b, 0x0a, 0x0a, 0x20, 0x20, 0x20, 0x20, 0x50, 0x53, 0x5f, 0x41, 0x70, 0x70,
        0x6c, 0x79, 0x53, 0x68, 0x61, 0x64, 0x6f, 0x77, 0x69, 0x6e, 0x67, 0x28, 0x64, 0x69, 0x66, 0x66,
        0x75, 0x73, 0x65, 0x2c, 0x20, 0x66, 0x6c, 0x6f, 0x61, 0x74, 0x34, 0x28, 0x69, 0x6e, 0x70, 0x75,
        0x74, 0x2e, 0x57, 0x6f, 0x72, 0x6c, 0x64, 0x50, 0x6f, 0x73, 0x2e, 0x78, 0x79, 0x7a, 0x2c, 0x20,
        0x31, 0x29, 0x2c, 0x20, 0x66, 0x6c, 0x6f, 0x61, 0x74, 0x33, 0x28, 0x30, 0x2c, 0x20, 0x31, 0x2c,
        0x20, 0x30, 0x29, 0x29, 0x3b, 0x0a, 0x0a, 0x20, 0x20, 0x20, 0x20, 0x72, 0x65, 0x74, 0x75, 0x72,
        0x6e, 0x20, 0x66, 0x6c, 0x6f, 0x61, 0x74, 0x34, 0x28, 0x64, 0x69, 0x66, 0x66, 0x75, 0x73, 0x65,
        0x2c, 0x20, 0x69, 0x6e, 0x70, 0x75, 0x74, 0x2e, 0x43, 0x6f, 0x6c, 0x6f, 0x72, 0x2e, 0x77, 0x29,
        0x3b, 0x0a, 0x7d, 0x0a, 0x0a, 0x2f, 0x2f, 0x20, 0x54, 0x65, 0x63, 0x68, 0x6e, 0x69, 0x71, 0x75,
        0x65, 0x20, 0x64, 0x65, 0x66, 0x69, 0x6e, 0x69, 0x74, 0x69, 0x6f, 0x6e, 0x20, 0x66, 0x6f, 0x72,
        0x20, 0x75, 0x73, 0x65, 0x20, 0x69, 0x6e, 0x20, 0x43, 0x23, 0x0a, 0x00, 0x03, 0x00, 0xea, 0x0b,
        0x05, 0x00, 0x00, 0x00, 0xf4, 0x01, 0x00, 0x00, 0x02, 0x00, 0x00, 0x00, 0x76, 0x6f, 0x69, 0x64,
        0x20, 0x56, 0x53, 0x5f, 0x55, 0x6e, 0x70, 0x61, 0x63, 0x6b, 0x50, 0x61, 0x72, 0x61, 0x6d, 0x65,
        0x74, 0x65, 0x72, 0x73, 0x28, 0x69, 0x6e, 0x20, 0x66, 0x6c, 0x6f, 0x61, 0x74, 0x34, 0x20, 0x70,
        0x61, 0x72, 0x61, 0x6d, 0x65, 0x74, 0x65, 0x72, 0x73, 0x2c, 0x20, 0x6f, 0x75, 0x74, 0x20, 0x62,
        0x6f, 0x6f, 0x6c, 0x20, 0x67, 0x65, 0x74, 0x73, 0x53, 0x68, 0x61, 0x64, 0x6f, 0x77, 0x65, 0x64,
        0x2c, 0x20, 0x6f, 0x75, 0x74, 0x20, 0x66, 0x6c, 0x6f, 0x61, 0x74, 0x20, 0x61, 0x6c, 0x70, 0x68,
        0x61, 0x4f, 0x76, 0x65, 0x72, 0x72, 0x69, 0x64, 0x65, 0x2c, 0x20, 0x6f, 0x75, 0x74, 0x20, 0x62,
        0x6f, 0x6f, 0x6c, 0x20, 0x69, 0x73, 0x46, 0x75, 0x6c, 0x6c, 0x62, 0x72, 0x69, 0x67, 0x68, 0x74,
        0x2c, 0x20, 0x6f, 0x75, 0x74, 0x20, 0x62, 0x6f, 0x6f, 0x6c, 0x20, 0x67, 0x6c, 0x6f, 0x77, 0x29,
        0x0a, 0x7b, 0x0a, 0x20, 0x20, 0x20, 0x20, 0x67, 0x65, 0x74, 0x73, 0x53, 0x68, 0x61, 0x64, 0x6f,
        0x77, 0x65, 0x64, 0x20, 0x3d, 0x20, 0x70, 0x61, 0x72, 0x61, 0x6d, 0x65, 0x74, 0x65, 0x72, 0x73,
        0x2e, 0x78, 0x20, 0x3e, 0x20, 0x30, 0x2e, 0x30, 0x66, 0x3b, 0x0a, 0x20, 0x20, 0x20, 0x20, 0x61,
        0x6c, 0x70, 0x68, 0x61, 0x4f, 0x76, 0x65, 0x72, 0x72, 0x69, 0x64, 0x65, 0x20, 0x3d, 0x20, 0x70,
        0x61, 0x72, 0x61, 0x6d, 0x65, 0x74, 0x65, 0x72, 0x73, 0x2e, 0x79, 0x3b, 0x0a, 0x20, 0x20, 0x20,
        0x20, 0x69, 0x73, 0x46, 0x75, 0x6c, 0x6c, 0x62, 0x72, 0x69, 0x67, 0x68, 0x74, 0x20, 0x3d, 0x20,
        0x70, 0x61, 0x72, 0x61, 0x6d, 0x65, 0x74, 0x65, 0x72, 0x73, 0x2e, 0x7a, 0x20, 0x3e, 0x20, 0x30,
        0x2e, 0x30, 0x66, 0x3b, 0x0a, 0x20, 0x20, 0x20, 0x20, 0x67, 0x6c, 0x6f, 0x77, 0x20, 0x3d, 0x20,
        0x70, 0x61, 0x72, 0x61, 0x6d, 0x65, 0x74, 0x65, 0x72, 0x73, 0x2e, 0x77, 0x20, 0x3e, 0x20, 0x30,
        0x2e, 0x30, 0x66, 0x3b, 0x0a, 0x7d, 0x0a, 0x0a, 0x76, 0x6f, 0x69, 0x64, 0x20, 0x56, 0x53, 0x5f,
        0x55, 0x6e, 0x70, 0x61, 0x63, 0x6b, 0x50, 0x61, 0x72, 0x61, 0x6d, 0x65, 0x74, 0x65, 0x72, 0x73,
        0x32, 0x28, 0x69, 0x6e, 0x20, 0x66, 0x6c, 0x6f, 0x61, 0x74, 0x34, 0x20, 0x70, 0x61, 0x72, 0x61,
        0x6d, 0x65, 0x74, 0x65, 0x72, 0x73, 0x2c, 0x20, 0x6f, 0x75, 0x74, 0x20, 0x66, 0x6c, 0x6f, 0x61,
        0x74, 0x20, 0x6c, 0x61, 0x79, 0x65, 0x72, 0x29, 0x0a, 0x7b, 0x0a, 0x20, 0x20, 0x20, 0x20, 0x6c,
        0x61, 0x79, 0x65, 0x72, 0x20, 0x3d, 0x20, 0x70, 0x61, 0x72, 0x61, 0x6d, 0x65, 0x74, 0x65, 0x72,
        0x73, 0x2e, 0x78, 0x3b, 0x0a, 0x7d, 0x0a, 0x0a, 0x2f, 0x2f, 0x20, 0x41, 0x6c, 0x6c, 0x20, 0x63,
        0x6f, 0x6d, 0x70, 0x6f, 0x6e, 0x65, 0x6e, 0x74, 0x73, 0x20, 0x61, 0x72, 0x65, 0x20, 0x69, 0x6e,
        0x20, 0x74, 0x68, 0x65, 0x20, 0x72, 0x61, 0x6e, 0x67, 0x65, 0x20, 0x5b, 0x30, 0xe2, 0x80, 0xa6,
        0x31, 0x5d, 0x2c, 0x20, 0x69, 0x6e, 0x63, 0x6c, 0x75, 0x64, 0x69, 0x6e, 0x67, 0x20, 0x68, 0x75,
        0x65, 0x2e, 0x0a, 0x66, 0x6c, 0x6f, 0x61, 0x74, 0x33, 0x20, 0x72, 0x67, 0x62, 0x32, 0x68, 0x73,
        0x76, 0x28, 0x66, 0x6c, 0x6f, 0x61, 0x74, 0x33, 0x20, 0x63, 0x29, 0x0a, 0x7b, 0x0a, 0x20, 0x20,
        0x20, 0x20, 0x66, 0x6c, 0x6f, 0x61, 0x74, 0x34, 0x20, 0x4b, 0x20, 0x3d, 0x20, 0x66, 0x6c, 0x6f,
        0x61, 0x74, 0x34, 0x28, 0x30, 0x2e, 0x30, 0x2c, 0x20, 0x2d, 0x31, 0x2e, 0x30, 0x20, 0x2f, 0x20,
        0x33, 0x2e, 0x30, 0x2c, 0x20, 0x32, 0x2e, 0x30, 0x20, 0x2f, 0x20, 0x33, 0x2e, 0x30, 0x2c, 0x20,
        0x2d, 0x31, 0x2e, 0x30, 0x29, 0x3b, 0x0a, 0x20, 0x20, 0x20, 0x20, 0x66, 0x6c, 0x6f, 0x61, 0x74,
        0x34, 0x20, 0x70, 0x20, 0x3d, 0x20, 0x6c, 0x65, 0x72, 0x70, 0x28, 0x66, 0x6c, 0x6f, 0x61, 0x74,
        0x34, 0x28, 0x63, 0x2e, 0x62, 0x67, 0x2c, 0x20, 0x4b, 0x2e, 0x77, 0x7a, 0x29, 0x2c, 0x20, 0x66,
        0x6c, 0x6f, 0x61, 0x74, 0x34, 0x28, 0x63, 0x2e, 0x67, 0x62, 0x2c, 0x20, 0x4b, 0x2e, 0x78, 0x79,
        0x29, 0x2c, 0x20, 0x73, 0x74, 0x65, 0x70, 0x28, 0x63, 0x2e, 0x62, 0x2c, 0x20, 0x63, 0x2e, 0x67,
        0x29, 0x29, 0x3b, 0x0a, 0x20, 0x20, 0x20, 0x20, 0x66, 0x6c, 0x6f, 0x61, 0x74, 0x34, 0x20, 0x71,
        0x20, 0x3d, 0x20, 0x6c, 0x65, 0x72, 0x70, 0x28, 0x66, 0x6c, 0x6f, 0x61, 0x74, 0x34, 0x28, 0x70,
        0x2e, 0x78, 0x79, 0x77, 0x2c, 0x20, 0x63, 0x2e, 0x72, 0x29, 0x2c, 0x20, 0x66, 0x6c, 0x6f, 0x61,
        0x74, 0x34, 0x28, 0x63, 0x2e, 0x72, 0x2c, 0x20, 0x70, 0x2e, 0x79, 0x7a, 0x78, 0x29, 0x2c, 0x20,
        0x73, 0x74, 0x65, 0x70, 0x28, 0x70, 0x2e, 0x78, 0x2c, 0x20, 0x63, 0x2e, 0x72, 0x29, 0x29, 0x3b,
        0x0a, 0x0a, 0x20, 0x20, 0x20, 0x20, 0x66, 0x6c, 0x6f, 0x61, 0x74, 0x20, 0x64, 0x20, 0x3d, 0x20,
        0x71, 0x2e, 0x78, 0x20, 0x2d, 0x20, 0x6d, 0x69, 0x6e, 0x28, 0x71, 0x2e, 0x77, 0x2c, 0x20, 0x71,
        0x2e, 0x79, 0x29, 0x3b, 0x0a, 0x20, 0x20, 0x20, 0x20, 0x66, 0x6c, 0x6f, 0x61, 0x74, 0x20, 0x65,
        0x20, 0x3d, 0x20, 0x31, 0x2e, 0x30, 0x65, 0x2d, 0x31, 0x30, 0x3b, 0x0a, 0x20, 0x20, 0x20, 0x20,
        0x72, 0x65, 0x74, 0x75, 0x72, 0x6e, 0x20, 0x66, 0x6c, 0x6f, 0x61, 0x74, 0x33, 0x28, 0x61, 0x62,
        0x73, 0x28, 0x71, 0x2e, 0x7a, 0x20, 0x2b, 0x20, 0x28, 0x71, 0x2e, 0x77, 0x20, 0x2d, 0x20, 0x71,
        0x2e, 0x79, 0x29, 0x20, 0x2f, 0x20, 0x28, 0x36, 0x2e, 0x30, 0x20, 0x2a, 0x20, 0x64, 0x20, 0x2b,
        0x20, 0x65, 0x29, 0x29, 0x2c, 0x20, 0x64, 0x20, 0x2f, 0x20, 0x28, 0x71, 0x2e, 0x78, 0x20, 0x2b,
        0x20, 0x65, 0x29, 0x2c, 0x20, 0x71, 0x2e, 0x78, 0x29, 0x3b, 0x0a, 0x7d, 0x0a, 0x0a, 0x2f, 0x2f,
        0x20, 0x41, 0x6c, 0x6c, 0x20, 0x63, 0x6f, 0x6d, 0x70, 0x6f, 0x6e, 0x65, 0x6e, 0x74, 0x73, 0x20,
        0x61, 0x72, 0x65, 0x20, 0x69, 0x6e, 0x20, 0x74, 0x68, 0x65, 0x20, 0x72, 0x61, 0x6e, 0x67, 0x65,
        0x20, 0x5b, 0x30, 0xe2, 0x80, 0xa6, 0x31, 0x5d, 0x2c, 0x20, 0x69, 0x6e, 0x63, 0x6c, 0x75, 0x64,
        0x69, 0x6e, 0x67, 0x20, 0x68, 0x75, 0x65, 0x2e, 0x0a, 0x66, 0x6c, 0x6f, 0x61, 0x74, 0x33, 0x20,
        0x68, 0x73, 0x76, 0x32, 0x72, 0x67, 0x62, 0x28, 0x66, 0x6c, 0x6f, 0x61, 0x74, 0x33, 0x20, 0x63,
        0x29, 0x0a, 0x7b, 0x0a, 0x20, 0x20, 0x20, 0x20, 0x66, 0x6c, 0x6f, 0x61, 0x74, 0x34, 0x20, 0x4b,
        0x20, 0x3d, 0x20, 0x66, 0x6c, 0x6f, 0x61, 0x74, 0x34, 0x28, 0x31, 0x2e, 0x30, 0x2c, 0x20, 0x32,
        0x2e, 0x30, 0x20, 0x2f, 0x20, 0x33, 0x2e, 0x30, 0x2c, 0x20, 0x31, 0x2e, 0x30, 0x20, 0x2f, 0x20,
        0x33, 0x2e, 0x30, 0x2c, 0x20, 0x33, 0x2e, 0x30, 0x29, 0x3b, 0x0a, 0x20, 0x20, 0x20, 0x20, 0x66,
        0x6c, 0x6f, 0x61, 0x74, 0x33, 0x20, 0x70, 0x20, 0x3d, 0x20, 0x61, 0x62, 0x73, 0x28, 0x66, 0x72,
        0x61, 0x63, 0x28, 0x63, 0x2e, 0x78, 0x78, 0x78, 0x20, 0x2b, 0x20, 0x4b, 0x2e, 0x78, 0x79, 0x7a,
        0x29, 0x20, 0x2a, 0x20, 0x36, 0x2e, 0x30, 0x20, 0x2d, 0x20, 0x4b, 0x2e, 0x77, 0x77, 0x77, 0x29,
        0x3b, 0x0a, 0x20, 0x20, 0x20, 0x20, 0x72, 0x65, 0x74, 0x75, 0x72, 0x6e, 0x20, 0x63, 0x2e, 0x7a,
        0x20, 0x2a, 0x20, 0x6c, 0x65, 0x72, 0x70, 0x28, 0x4b, 0x2e, 0x78, 0x78, 0x78, 0x2c, 0x20, 0x63,
        0x6c, 0x61, 0x6d, 0x70, 0x28, 0x70, 0x20, 0x2d, 0x20, 0x4b, 0x2e, 0x78, 0x78, 0x78, 0x2c, 0x20,
        0x30, 0x2e, 0x30, 0x2c, 0x20, 0x31, 0x2e, 0x30, 0x29, 0x2c, 0x20, 0x63, 0x2e, 0x79, 0x29, 0x3b,
        0x0a, 0x7d, 0x0a, 0x0a, 0x76, 0x6f, 0x69, 0x64, 0x20, 0x56, 0x53, 0x5f, 0x43, 0x6f, 0x6c, 0x6f,
        0x72, 0x43, 0x6f, 0x72, 0x72, 0x65, 0x63, 0x74, 0x28, 0x69, 0x6e, 0x6f, 0x75, 0x74, 0x20, 0x66,
        0x6c, 0x6f, 0x61, 0x74, 0x33, 0x20, 0x63, 0x6f, 0x6c, 0x6f, 0x72, 0x29, 0x0a, 0x7b, 0x0a, 0x20,
        0x20, 0x20, 0x20, 0x2f, 0x2f, 0x20, 0x66, 0x6c, 0x6f, 0x61, 0x74, 0x33, 0x20, 0x68, 0x73, 0x76,
        0x20, 0x3d, 0x20, 0x72, 0x67, 0x62, 0x32, 0x68, 0x73, 0x76, 0x28, 0x63, 0x6f, 0x6c, 0x6f, 0x72,
        0x29, 0x3b, 0x0a, 0x20, 0x20, 0x20, 0x20, 0x2f, 0x2f, 0x20, 0x68, 0x73, 0x76, 0x2e, 0x7a, 0x20,
        0x2a, 0x3d, 0x20, 0x30, 0x2e, 0x39, 0x3b, 0x0a, 0x20, 0x20, 0x20, 0x20, 0x2f, 0x2f, 0x20, 0x63,
        0x6f, 0x6c, 0x6f, 0x72, 0x20, 0x3d, 0x20, 0x68, 0x73, 0x76, 0x32, 0x72, 0x67, 0x62, 0x28, 0x68,
        0x73, 0x76, 0x29, 0x3b, 0x0a, 0x7d, 0x0a, 0x0a, 0x2f, 0x2f, 0x20, 0x47, 0x65, 0x74, 0x20, 0x75,
        0x6e, 0x69, 0x71, 0x75, 0x65, 0x6c, 0x79, 0x20, 0x6c, 0x6f, 0x6f, 0x6b, 0x69, 0x6e, 0x67, 0x20,
        0x72, 0x61, 0x6e, 0x64, 0x6f, 0x6d, 0x20, 0x66, 0x6c, 0x6f, 0x61, 0x74, 0x20, 0x62, 0x65, 0x74,
        0x77, 0x65, 0x65, 0x6e, 0x20, 0x30, 0x20, 0x61, 0x6e, 0x64, 0x20, 0x31, 0x20, 0x66, 0x72, 0x6f,
        0x6d, 0x20, 0x66, 0x6c, 0x6f, 0x61, 0x74, 0x20, 0x69, 0x6e, 0x70, 0x75, 0x74, 0x20, 0x77, 0x69,
        0x74, 0x68, 0x6f, 0x75, 0x74, 0x20, 0x75, 0x73, 0x69, 0x6e, 0x67, 0x20, 0x62, 0x69, 0x74, 0x77,
        0x69, 0x73, 0x65, 0x20, 0x6f, 0x70, 0x65, 0x72, 0x61, 0x74, 0x69, 0x6f, 0x6e, 0x73, 0x20, 0x28,
        0x6e, 0x6f, 0x74, 0x20, 0x73, 0x75, 0x70, 0x70, 0x6f, 0x72, 0x74, 0x65, 0x64, 0x20, 0x69, 0x6e,
        0x20, 0x76, 0x73, 0x5f, 0x33, 0x5f, 0x30, 0x29, 0x0a, 0x66, 0x6c, 0x6f, 0x61, 0x74, 0x20, 0x52,
        0x61, 0x6e, 0x64, 0x6f, 0x6d, 0x28, 0x66, 0x6c, 0x6f, 0x61, 0x74, 0x20, 0x69, 0x6e, 0x70, 0x75,
        0x74, 0x29, 0x0a, 0x7b, 0x0a, 0x20, 0x20, 0x20, 0x20, 0x72, 0x65, 0x74, 0x75, 0x72, 0x6e, 0x20,
        0x66, 0x72, 0x61, 0x63, 0x28, 0x73, 0x69, 0x6e, 0x28, 0x69, 0x6e, 0x70, 0x75, 0x74, 0x20, 0x2a,
        0x20, 0x31, 0x32, 0x2e, 0x39, 0x38, 0x39, 0x38, 0x29, 0x20, 0x2a, 0x20, 0x34, 0x33, 0x37, 0x35,
        0x38, 0x2e, 0x35, 0x34, 0x35, 0x33, 0x29, 0x3b, 0x0a, 0x7d, 0x0a, 0x0a, 0x76, 0x6f, 0x69, 0x64,
        0x20, 0x56, 0x53, 0x5f, 0x44, 0x65, 0x63, 0x61, 0x6c, 0x4f, 0x66, 0x66, 0x73, 0x65, 0x74, 0x28,
        0x0a, 0x20, 0x20, 0x20, 0x20, 0x69, 0x6e, 0x6f, 0x75, 0x74, 0x20, 0x66, 0x6c, 0x6f, 0x61, 0x74,
        0x33, 0x20, 0x70, 0x6f, 0x73, 0x69, 0x74, 0x69, 0x6f, 0x6e, 0x2c, 0x0a, 0x20, 0x20, 0x20, 0x20,
        0x69, 0x6e, 0x20, 0x66, 0x6c, 0x6f, 0x61, 0x74, 0x33, 0x20, 0x6e, 0x6f, 0x72, 0x6d, 0x61, 0x6c,
        0x2c, 0x0a, 0x20, 0x20, 0x20, 0x20, 0x69, 0x6e, 0x20, 0x66, 0x6c, 0x6f, 0x61, 0x74, 0x20, 0x64,
        0x65, 0x63, 0x61, 0x6c, 0x4f, 0x66, 0x66, 0x73, 0x65, 0x74, 0x0a, 0x29, 0x20, 0x7b, 0x0a, 0x20,
        0x20, 0x20, 0x20, 0x2f, 0x2f, 0x20, 0x44, 0x65, 0x63, 0x61, 0x6c, 0x4f, 0x66, 0x66, 0x73, 0x65,
        0x74, 0x20, 0x69, 0x73, 0x20, 0x6e, 0x65, 0x67, 0x61, 0x74, 0x69, 0x76, 0x65, 0x20, 0x74, 0x6f,
        0x20, 0x70, 0x75, 0x6c, 0x6c, 0x20, 0x61, 0x77, 0x61, 0x79, 0x20, 0x66, 0x72, 0x6f, 0x6d, 0x20,
        0x73, 0x75, 0x72, 0x66, 0x61, 0x63, 0x65, 0x2c, 0x20, 0x70, 0x6f, 0x73, 0x69, 0x74, 0x69, 0x76,
        0x65, 0x20, 0x74, 0x6f, 0x20, 0x70, 0x75, 0x73, 0x68, 0x20, 0x69, 0x6e, 0x74, 0x6f, 0x20, 0x69,
        0x74, 0x0a, 0x20, 0x20, 0x20, 0x20, 0x2f, 0x2f, 0x20, 0x4d, 0x75, 0x6c, 0x74, 0x69, 0x70, 0x6c,
        0x79, 0x20, 0x62, 0x79, 0x20, 0x74, 0x68, 0x65, 0x20, 0x73, 0x69, 0x67, 0x6e, 0x20, 0x74, 0x6f,
        0x20, 0x63, 0x6f, 0x6e, 0x74, 0x72, 0x6f, 0x6c, 0x20, 0x64, 0x69, 0x72, 0x65, 0x63, 0x74, 0x69,
        0x6f, 0x6e, 0x0a, 0x20, 0x20, 0x20, 0x20, 0x70, 0x6f, 0x73, 0x69, 0x74, 0x69, 0x6f, 0x6e, 0x20,
        0x3d, 0x20, 0x70, 0x6f, 0x73, 0x69, 0x74, 0x69, 0x6f, 0x6e, 0x20, 0x2d, 0x20, 0x6e, 0x6f, 0x72,
        0x6d, 0x61, 0x6c, 0x20, 0x2a, 0x20, 0x64, 0x65, 0x63, 0x61, 0x6c, 0x4f, 0x66, 0x66, 0x73, 0x65,
        0x74, 0x20, 0x2a, 0x20, 0x30, 0x2e, 0x31, 0x3b, 0x0a, 0x7d, 0x0a, 0x0a, 0x76, 0x6f, 0x69, 0x64,
        0x20, 0x56, 0x53, 0x5f, 0x45, 0x78, 0x70, 0x61, 0x6e, 0x64, 0x28, 0x0a, 0x20, 0x20, 0x20, 0x20,
        0x69, 0x6e, 0x6f, 0x75, 0x74, 0x20, 0x66, 0x6c, 0x6f, 0x61, 0x74, 0x33, 0x20, 0x70, 0x6f, 0x73,
        0x69, 0x74, 0x69, 0x6f, 0x6e, 0x2c, 0x0a, 0x20, 0x20, 0x20, 0x20, 0x69, 0x6e, 0x20, 0x66, 0x6c,
        0x6f, 0x61, 0x74, 0x33, 0x20, 0x61, 0x63, 0x65, 0x6e, 0x74, 0x72, 0x6f, 0x69, 0x64, 0x2c, 0x0a,
        0x20, 0x20, 0x20, 0x20, 0x69, 0x6e, 0x20, 0x66, 0x6c, 0x6f, 0x61, 0x74, 0x20, 0x72, 0x61, 0x6e,
        0x64, 0x6f, 0x6d, 0x46, 0x6c, 0x6f, 0x61, 0x74, 0x0a, 0x29, 0x20, 0x7b, 0x0a, 0x20, 0x20, 0x20,
        0x20, 0x2f, 0x2f, 0x20, 0x54, 0x72, 0x61, 0x6e, 0x73, 0x6c, 0x61, 0x74, 0x65, 0x20, 0x76, 0x65,
        0x72, 0x74, 0x65, 0x78, 0x20, 0x61, 0x72, 0x6f, 0x75, 0x6e, 0x64, 0x20, 0x63, 0x65, 0x6e, 0x74,
        0x72, 0x6f, 0x69, 0x64, 0x20, 0x62, 0x79, 0x20, 0x61, 0x20, 0x72, 0x61, 0x6e, 0x64, 0x6f, 0x6d,
        0x20, 0x66, 0x61, 0x63, 0x74, 0x6f, 0x72, 0x20, 0x62, 0x65, 0x74, 0x77, 0x65, 0x65, 0x6e, 0x20,
        0x2d, 0x31, 0x35, 0x20, 0x61, 0x6e, 0x64, 0x20, 0x31, 0x35, 0x20, 0x75, 0x6e, 0x69, 0x74, 0x73,
        0x0a, 0x0a, 0x20, 0x20, 0x20, 0x20, 0x66, 0x6c, 0x6f, 0x61, 0x74, 0x33, 0x20, 0x64, 0x69, 0x72,
        0x65, 0x63, 0x74, 0x69, 0x6f, 0x6e, 0x20, 0x3d, 0x20, 0x6e, 0x6f, 0x72, 0x6d, 0x61, 0x6c, 0x69,
        0x7a, 0x65, 0x28, 0x70, 0x6f, 0x73, 0x69, 0x74, 0x69, 0x6f, 0x6e, 0x20, 0x2d, 0x20, 0x61, 0x63,
        0x65, 0x6e, 0x74, 0x72, 0x6f, 0x69, 0x64, 0x29, 0x3b, 0x0a, 0x20, 0x20, 0x20, 0x20, 0x66, 0x6c,
        0x6f, 0x61, 0x74, 0x33, 0x20, 0x72, 0x61, 0x6e, 0x64, 0x6f, 0x6d, 0x53, 0x63, 0x61, 0x6c, 0x65,
        0x20, 0x3d, 0x20, 0x66, 0x6c, 0x6f, 0x61, 0x74, 0x33, 0x28, 0x0a, 0x20, 0x20, 0x20, 0x20, 0x20,
        0x20, 0x20, 0x20, 0x31, 0x35, 0x2e, 0x30, 0x20, 0x2d, 0x20, 0x52, 0x61, 0x6e, 0x64, 0x6f, 0x6d,
        0x28, 0x61, 0x63, 0x65, 0x6e, 0x74, 0x72, 0x6f, 0x69, 0x64, 0x2e, 0x78, 0x20, 0x2b, 0x20, 0x72,
        0x61, 0x6e, 0x64, 0x6f, 0x6d, 0x46, 0x6c, 0x6f, 0x61, 0x74, 0x29, 0x20, 0x2a, 0x20, 0x33, 0x30,
        0x2e, 0x30, 0x2c, 0x0a, 0x20, 0x20, 0x20, 0x20, 0x20, 0x20, 0x20, 0x20, 0x31, 0x35, 0x2e, 0x30,
        0x20, 0x2d, 0x20, 0x52, 0x61, 0x6e, 0x64, 0x6f, 0x6d, 0x28, 0x61, 0x63, 0x65, 0x6e, 0x74, 0x72,
        0x6f, 0x69, 0x64, 0x2e, 0x79, 0x20, 0x2b, 0x20, 0x72, 0x61, 0x6e, 0x64, 0x6f, 0x6d, 0x46, 0x6c,
        0x6f, 0x61, 0x74, 0x29, 0x20, 0x2a, 0x20, 0x33, 0x30, 0x2e, 0x30, 0x2c, 0x0a, 0x20, 0x20, 0x20,
        0x20, 0x20, 0x20, 0x20, 0x20, 0x31, 0x35, 0x2e, 0x30, 0x20, 0x2d, 0x20, 0x52, 0x61, 0x6e, 0x64,
        0x6f, 0x6d, 0x28, 0x61, 0x63, 0x65, 0x6e, 0x74, 0x72, 0x6f, 0x69, 0x64, 0x2e, 0x7a, 0x20, 0x2b,
        0x20, 0x72, 0x61, 0x6e, 0x64, 0x6f, 0x6d, 0x46, 0x6c, 0x6f, 0x61, 0x74, 0x29, 0x20, 0x2a, 0x20,
        0x33, 0x30, 0x2e, 0x30, 0x0a, 0x20, 0x20, 0x20, 0x20, 0x29, 0x3b, 0x0a, 0x20, 0x20, 0x20, 0x20,
        0x70, 0x6f, 0x73, 0x69, 0x74, 0x69, 0x6f, 0x6e, 0x20, 0x3d, 0x20, 0x70, 0x6f, 0x73, 0x69, 0x74,
        0x69, 0x6f, 0x6e, 0x20, 0x2b, 0x20, 0x64, 0x69, 0x72, 0x65, 0x63, 0x74, 0x69, 0x6f, 0x6e, 0x20,
        0x2a, 0x20, 0x72, 0x61, 0x6e, 0x64, 0x6f, 0x6d, 0x53, 0x63, 0x61, 0x6c, 0x65, 0x3b, 0x0a, 0x7d,
        0x0a, 0x0a, 0x76, 0x6f, 0x69, 0x64, 0x20, 0x56, 0x53, 0x5f, 0x44, 0x61, 0x72, 0x6b, 0x65, 0x6e,
        0x28, 0x0a, 0x20, 0x20, 0x20, 0x20, 0x69, 0x6e, 0x6f, 0x75, 0x74, 0x20, 0x66, 0x6c, 0x6f, 0x61,
        0x74, 0x33, 0x20, 0x63, 0x6f, 0x6c, 0x6f, 0x72, 0x2c, 0x0a, 0x20, 0x20, 0x20, 0x20, 0x69, 0x6e,
        0x20, 0x66, 0x6c, 0x6f, 0x61, 0x74, 0x20, 0x64, 0x61, 0x72, 0x6b, 0x65, 0x6e, 0x0a, 0x29, 0x20,
        0x7b, 0x0a, 0x20, 0x20, 0x20, 0x20, 0x66, 0x6c, 0x6f, 0x61, 0x74, 0x33, 0x20, 0x68, 0x73, 0x76,
        0x20, 0x3d, 0x20, 0x72, 0x67, 0x62, 0x32, 0x68, 0x73, 0x76, 0x28, 0x63, 0x6f, 0x6c, 0x6f, 0x72,
        0x29, 0x3b, 0x0a, 0x20, 0x20, 0x20, 0x20, 0x69, 0x66, 0x20, 0x28, 0x68, 0x73, 0x76, 0x2e, 0x7a,
        0x20, 0x3e, 0x20, 0x64, 0x61, 0x72, 0x6b, 0x65, 0x6e, 0x29, 0x0a, 0x20, 0x20, 0x20, 0x20, 0x7b,
        0x0a, 0x20, 0x20, 0x20, 0x20, 0x20, 0x20, 0x20, 0x20, 0x68, 0x73, 0x76, 0x2e, 0x7a, 0x20, 0x3d,
        0x20, 0x64, 0x61, 0x72, 0x6b, 0x65, 0x6e, 0x3b, 0x0a, 0x20, 0x20, 0x20, 0x20, 0x20, 0x20, 0x20,
        0x20, 0x63, 0x6f, 0x6c, 0x6f, 0x72, 0x20, 0x3d, 0x20, 0x68, 0x73, 0x76, 0x32, 0x72, 0x67, 0x62,
        0x28, 0x68, 0x73, 0x76, 0x29, 0x3b, 0x0a, 0x20, 0x20, 0x20, 0x20, 0x7d, 0x0a, 0x7d, 0x0a, 0x0a,
        0x76, 0x6f, 0x69, 0x64, 0x20, 0x56, 0x53, 0x5f, 0x53, 0x6e, 0x61, 0x70, 0x28, 0x0a, 0x20, 0x20,
        0x20, 0x20, 0x69, 0x6e, 0x6f, 0x75, 0x74, 0x20, 0x66, 0x6c, 0x6f, 0x61, 0x74, 0x33, 0x20, 0x63,
        0x6f, 0x6c, 0x6f, 0x72, 0x2c, 0x0a, 0x20, 0x20, 0x20, 0x20, 0x69, 0x6e, 0x20, 0x66, 0x6c, 0x6f,
        0x61, 0x74, 0x33, 0x20, 0x73, 0x6e, 0x61, 0x70, 0x43, 0x6f, 0x6c, 0x6f, 0x72, 0x0a, 0x29, 0x0a,
        0x7b, 0x0a, 0x20, 0x20, 0x20, 0x20, 0x63, 0x6f, 0x6c, 0x6f, 0x72, 0x20, 0x2b, 0x3d, 0x20, 0x28,
        0x63, 0x6f, 0x6c, 0x6f, 0x72, 0x20, 0x2a, 0x20, 0x28, 0x73, 0x6e, 0x61, 0x70, 0x43, 0x6f, 0x6c,
        0x6f, 0x72, 0x20, 0x2a, 0x20, 0x32, 0x35, 0x35, 0x2e, 0x30, 0x20, 0x2f, 0x20, 0x31, 0x30, 0x30,
        0x2e, 0x30, 0x29, 0x29, 0x3b, 0x0a, 0x20, 0x20, 0x20, 0x20, 0x2f, 0x2f, 0x20, 0x63, 0x6c, 0x61,
        0x6d, 0x70, 0x20, 0x74, 0x6f, 0x20, 0x31, 0x2e, 0x30, 0x0a, 0x20, 0x20, 0x20, 0x20, 0x63, 0x6f,
        0x6c, 0x6f, 0x72, 0x20, 0x3d, 0x20, 0x6d, 0x69, 0x6e, 0x28, 0x63, 0x6f, 0x6c, 0x6f, 0x72, 0x2c,
        0x20, 0x66, 0x6c, 0x6f, 0x61, 0x74, 0x33, 0x28, 0x31, 0x2e, 0x30, 0x2c, 0x20, 0x31, 0x2e, 0x30,
        0x2c, 0x20, 0x31, 0x2e, 0x30, 0x29, 0x29, 0x3b, 0x0a, 0x7d, 0x0a, 0x0a, 0x2f, 0x2f, 0x20, 0x52,
        0x65, 0x74, 0x75, 0x72, 0x6e, 0x73, 0x20, 0x74, 0x68, 0x65, 0x20, 0x67, 0x65, 0x6f, 0x6d, 0x65,
        0x74, 0x72, 0x69, 0x63, 0x20, 0x64, 0x69, 0x66, 0x66, 0x75, 0x73, 0x65, 0x20, 0x66, 0x61, 0x63,
        0x74, 0x6f, 0x72, 0x20, 0x69, 0x6e, 0x20, 0x5b, 0x30, 0x2e, 0x2e, 0x31, 0x5d, 0x2e, 0x20, 0x52,
        0x65, 0x74, 0x75, 0x72, 0x6e, 0x73, 0x20, 0x30, 0x20, 0x77, 0x68, 0x65, 0x6e, 0x20, 0x74, 0x68,
        0x65, 0x20, 0x63, 0x61, 0x6d, 0x65, 0x72, 0x61, 0x20, 0x69, 0x73, 0x0a, 0x2f, 0x2f, 0x20, 0x6f,
        0x6e, 0x20, 0x74, 0x68, 0x65, 0x20, 0x6f, 0x70, 0x70, 0x6f, 0x73, 0x69, 0x74, 0x65, 0x20, 0x73,
        0x69, 0x64, 0x65, 0x20, 0x6f, 0x66, 0x20, 0x74, 0x68, 0x65, 0x20, 0x66, 0x61, 0x63, 0x65, 0x20,
        0x66, 0x72, 0x6f, 0x6d, 0x20, 0x74, 0x68, 0x65, 0x20, 0x6c, 0x69, 0x67, 0x68, 0x74, 0x20, 0x28,
        0x61, 0x20, 0x22, 0x6d, 0x61, 0x78, 0x20, 0x73, 0x68, 0x61, 0x64, 0x6f, 0x77, 0x22, 0x20, 0x73,
        0x69, 0x74, 0x75, 0x61, 0x74, 0x69, 0x6f, 0x6e, 0x29, 0x2c, 0x0a, 0x2f, 0x2f, 0x20, 0x6f, 0x74,
        0x68, 0x65, 0x72, 0x77, 0x69, 0x73, 0x65, 0x20, 0x74, 0x68, 0x65, 0x20, 0x61, 0x6e, 0x67, 0x6c,
        0x65, 0x2d, 0x62, 0x61, 0x73, 0x65, 0x64, 0x20, 0x74, 0x65, 0x72, 0x6d, 0x20, 0x61, 0x62, 0x73,
        0x28, 0x64, 0x6f, 0x74, 0x28, 0x6e, 0x2c, 0x20, 0x4c, 0x29, 0x29, 0x2e, 0x0a, 0x66, 0x6c, 0x6f,
        0x61, 0x74, 0x20, 0x43, 0x6f, 0x6d, 0x70, 0x75, 0x74, 0x65, 0x50, 0x6f, 0x6c, 0x79, 0x67, 0x6f,
        0x6e, 0x44, 0x69, 0x66, 0x66, 0x75, 0x73, 0x65, 0x28, 0x0a, 0x20, 0x20, 0x20, 0x20, 0x69, 0x6e,
        0x20, 0x66, 0x6c, 0x6f, 0x61, 0x74, 0x33, 0x20, 0x43, 0x65, 0x6e, 0x74, 0x72, 0x6f, 0x69, 0x64,
        0x57, 0x6f, 0x72, 0x6c, 0x64, 0x2c, 0x0a, 0x20, 0x20, 0x20, 0x20, 0x69, 0x6e, 0x20, 0x66, 0x6c,
        0x6f, 0x61, 0x74, 0x33, 0x20, 0x4e, 0x6f, 0x72, 0x6d, 0x61, 0x6c, 0x57, 0x6f, 0x72, 0x6c, 0x64,
        0x2c, 0x0a, 0x20, 0x20, 0x20, 0x20, 0x69, 0x6e, 0x20, 0x66, 0x6c, 0x6f, 0x61, 0x74, 0x33, 0x20,
        0x4c, 0x69, 0x67, 0x68, 0x74, 0x44, 0x69, 0x72, 0x65, 0x63, 0x74, 0x69, 0x6f, 0x6e, 0x2c, 0x0a,
        0x20, 0x20, 0x20, 0x20, 0x69, 0x6e, 0x20, 0x66, 0x6c, 0x6f, 0x61, 0x74, 0x33, 0x20, 0x43, 0x61,
        0x6d, 0x65, 0x72, 0x61, 0x50, 0x6f, 0x73, 0x69, 0x74, 0x69, 0x6f, 0x6e, 0x0a, 0x29, 0x0a, 0x7b,
        0x0a, 0x20, 0x20, 0x20, 0x20, 0x66, 0x6c, 0x6f, 0x61, 0x74, 0x33, 0x20, 0x63, 0x20, 0x3d, 0x20,
        0x43, 0x65, 0x6e, 0x74, 0x72, 0x6f, 0x69, 0x64, 0x57, 0x6f, 0x72, 0x6c, 0x64, 0x3b, 0x0a, 0x20,
        0x20, 0x20, 0x20, 0x66, 0x6c, 0x6f, 0x61, 0x74, 0x33, 0x20, 0x6e, 0x20, 0x3d, 0x20, 0x4e, 0x6f,
        0x72, 0x6d, 0x61, 0x6c, 0x57, 0x6f, 0x72, 0x6c, 0x64, 0x3b, 0x0a, 0x20, 0x20, 0x20, 0x20, 0x66,
        0x6c, 0x6f, 0x61, 0x74, 0x20, 0x64, 0x69, 0x66, 0x66, 0x20, 0x3d, 0x20, 0x30, 0x2e, 0x30, 0x3b,
        0x0a, 0x20, 0x20, 0x20, 0x20, 0x2f, 0x2f, 0x20, 0x70, 0x68, 0x79, 0x20, 0x6f, 0x72, 0x69, 0x67,
        0x69, 0x6e, 0x61, 0x6c, 0x0a, 0x20, 0x20, 0x20, 0x20, 0x69, 0x66, 0x20, 0x28, 0x73, 0x69, 0x67,
        0x6e, 0x28, 0x64, 0x6f, 0x74, 0x28, 0x6e, 0x2c, 0x20, 0x4c, 0x69, 0x67, 0x68, 0x74, 0x44, 0x69,
        0x72, 0x65, 0x63, 0x74, 0x69, 0x6f, 0x6e, 0x29, 0x29, 0x20, 0x3d, 0x3d, 0x20, 0x73, 0x69, 0x67,
        0x6e, 0x28, 0x64, 0x6f, 0x74, 0x28, 0x6e, 0x2c, 0x20, 0x63, 0x20, 0x2d, 0x20, 0x43, 0x61, 0x6d,
        0x65, 0x72, 0x61, 0x50, 0x6f, 0x73, 0x69, 0x74, 0x69, 0x6f, 0x6e, 0x29, 0x29, 0x29, 0x0a, 0x20,
        0x20, 0x20, 0x20, 0x7b, 0x0a, 0x20, 0x20, 0x20, 0x20, 0x20, 0x20, 0x20, 0x20, 0x64, 0x69, 0x66,
        0x66, 0x20, 0x3d, 0x20, 0x61, 0x62, 0x73, 0x28, 0x64, 0x6f, 0x74, 0x28, 0x6e, 0x2c, 0x20, 0x4c,
        0x69, 0x67, 0x68, 0x74, 0x44, 0x69, 0x72, 0x65, 0x63, 0x74, 0x69, 0x6f, 0x6e, 0x29, 0x29, 0x3b,
        0x0a, 0x20, 0x20, 0x20, 0x20, 0x7d, 0x0a, 0x20, 0x20, 0x20, 0x20, 0x72, 0x65, 0x74, 0x75, 0x72,
        0x6e, 0x20, 0x64, 0x69, 0x66, 0x66, 0x3b, 0x0a, 0x7d, 0x0a, 0x0a, 0x2f, 0x2f, 0x20, 0x41, 0x70,
        0x70, 0x6c, 0x69, 0x65, 0x73, 0x20, 0x61, 0x20, 0x64, 0x69, 0x66, 0x66, 0x75, 0x73, 0x65, 0x20,
        0x66, 0x61, 0x63, 0x74, 0x6f, 0x72, 0x20, 0x74, 0x6f, 0x20, 0x63, 0x6f, 0x6c, 0x6f, 0x72, 0x20,
        0x65, 0x78, 0x61, 0x63, 0x74, 0x6c, 0x79, 0x20, 0x6f, 0x6e, 0x63, 0x65, 0x20, 0x28, 0x61, 0x6d,
        0x62, 0x69, 0x65, 0x6e, 0x74, 0x20, 0x2b, 0x20, 0x64, 0x69, 0x72, 0x65, 0x63, 0x74, 0x69, 0x6f,
        0x6e, 0x61, 0x6c, 0x20, 0x74, 0x65, 0x72, 0x6d, 0x29, 0x2e, 0x0a, 0x76, 0x6f, 0x69, 0x64, 0x20,
        0x41, 0x70, 0x70, 0x6c, 0x79, 0x44, 0x69, 0x66, 0x66, 0x75, 0x73, 0x65, 0x46, 0x61, 0x63, 0x74,
        0x6f, 0x72, 0x28, 0x0a, 0x20, 0x20, 0x20, 0x20, 0x69, 0x6e, 0x6f, 0x75, 0x74, 0x20, 0x66, 0x6c,
        0x6f, 0x61, 0x74, 0x33, 0x20, 0x63, 0x6f, 0x6c, 0x6f, 0x72, 0x2c, 0x0a, 0x20, 0x20, 0x20, 0x20,
        0x69, 0x6e, 0x20, 0x66, 0x6c, 0x6f, 0x61, 0x74, 0x20, 0x64, 0x69, 0x66, 0x66, 0x2c, 0x0a, 0x20,
        0x20, 0x20, 0x20, 0x69, 0x6e, 0x20, 0x66, 0x6c, 0x6f, 0x61, 0x74, 0x32, 0x20, 0x45, 0x6e, 0x76,
        0x69, 0x72, 0x6f, 0x6e, 0x6d, 0x65, 0x6e, 0x74, 0x4c, 0x69, 0x67, 0x68, 0x74, 0x0a, 0x29, 0x0a,
        0x7b, 0x0a, 0x20, 0x20, 0x20, 0x20, 0x63, 0x6f, 0x6c, 0x6f, 0x72, 0x20, 0x3d, 0x20, 0x28, 0x45,
        0x6e, 0x76, 0x69, 0x72, 0x6f, 0x6e, 0x6d, 0x65, 0x6e, 0x74, 0x4c, 0x69, 0x67, 0x68, 0x74, 0x2e,
        0x78, 0x20, 0x2b, 0x20, 0x45, 0x6e, 0x76, 0x69, 0x72, 0x6f, 0x6e, 0x6d, 0x65, 0x6e, 0x74, 0x4c,
        0x69, 0x67, 0x68, 0x74, 0x2e, 0x79, 0x20, 0x2a, 0x20, 0x64, 0x69, 0x66, 0x66, 0x29, 0x20, 0x2a,
        0x20, 0x63, 0x6f, 0x6c, 0x6f, 0x72, 0x3b, 0x0a, 0x7d, 0x0a, 0x0a, 0x76, 0x6f, 0x69, 0x64, 0x20,
        0x56, 0x53, 0x5f, 0x41, 0x70, 0x70, 0x6c, 0x79, 0x50, 0x6f, 0x6c, 0x79, 0x67, 0x6f, 0x6e, 0x44,
        0x69, 0x66, 0x66, 0x75, 0x73, 0x65, 0x28, 0x0a, 0x20, 0x20, 0x20, 0x20, 0x69, 0x6e, 0x6f, 0x75,
        0x74, 0x20, 0x66, 0x6c, 0x6f, 0x61, 0x74, 0x33, 0x20, 0x63, 0x6f, 0x6c, 0x6f, 0x72, 0x2c, 0x0a,
        0x20, 0x20, 0x20, 0x20, 0x69, 0x6e, 0x20, 0x66, 0x6c, 0x6f, 0x61, 0x74, 0x33, 0x20, 0x43, 0x65,
        0x6e, 0x74, 0x72, 0x6f, 0x69, 0x64, 0x57, 0x6f, 0x72, 0x6c, 0x64, 0x2c, 0x0a, 0x20, 0x20, 0x20,
        0x20, 0x69, 0x6e, 0x20, 0x66, 0x6c, 0x6f, 0x61, 0x74, 0x33, 0x20, 0x4e, 0x6f, 0x72, 0x6d, 0x61,
        0x6c, 0x57, 0x6f, 0x72, 0x6c, 0x64, 0x2c, 0x0a, 0x20, 0x20, 0x20, 0x20, 0x69, 0x6e, 0x20, 0x66,
        0x6c, 0x6f, 0x61, 0x74, 0x33, 0x20, 0x4c, 0x69, 0x67, 0x68, 0x74, 0x44, 0x69, 0x72, 0x65, 0x63,
        0x74, 0x69, 0x6f, 0x6e, 0x2c, 0x0a, 0x20, 0x20, 0x20, 0x20, 0x69, 0x6e, 0x20, 0x66, 0x6c, 0x6f,
        0x61, 0x74, 0x33, 0x20, 0x43, 0x61, 0x6d, 0x65, 0x72, 0x61, 0x50, 0x6f, 0x73, 0x69, 0x74, 0x69,
        0x6f, 0x6e, 0x2c, 0x0a, 0x20, 0x20, 0x20, 0x20, 0x69, 0x6e, 0x20, 0x66, 0x6c, 0x6f, 0x61, 0x74,
        0x32, 0x20, 0x45, 0x6e, 0x76, 0x69, 0x72, 0x6f, 0x6e, 0x6d, 0x65, 0x6e, 0x74, 0x4c, 0x69, 0x67,
        0x68, 0x74, 0x0a, 0x29, 0x0a, 0x7b, 0x0a, 0x20, 0x20, 0x20, 0x20, 0x66, 0x6c, 0x6f, 0x61, 0x74,
        0x20, 0x64, 0x69, 0x66, 0x66, 0x20, 0x3d, 0x20, 0x43, 0x6f, 0x6d, 0x70, 0x75, 0x74, 0x65, 0x50,
        0x6f, 0x6c, 0x79, 0x67, 0x6f, 0x6e, 0x44, 0x69, 0x66, 0x66, 0x75, 0x73, 0x65, 0x28, 0x43, 0x65,
        0x6e, 0x74, 0x72, 0x6f, 0x69, 0x64, 0x57, 0x6f, 0x72, 0x6c, 0x64, 0x2c, 0x20, 0x4e, 0x6f, 0x72,
        0x6d, 0x61, 0x6c, 0x57, 0x6f, 0x72, 0x6c, 0x64, 0x2c, 0x20, 0x4c, 0x69, 0x67, 0x68, 0x74, 0x44,
        0x69, 0x72, 0x65, 0x63, 0x74, 0x69, 0x6f, 0x6e, 0x2c, 0x20, 0x43, 0x61, 0x6d, 0x65, 0x72, 0x61,
        0x50, 0x6f, 0x73, 0x69, 0x74, 0x69, 0x6f, 0x6e, 0x29, 0x3b, 0x0a, 0x20, 0x20, 0x20, 0x20, 0x41,
        0x70, 0x70, 0x6c, 0x79, 0x44, 0x69, 0x66, 0x66, 0x75, 0x73, 0x65, 0x46, 0x61, 0x63, 0x74, 0x6f,
        0x72, 0x28, 0x63, 0x6f, 0x6c, 0x6f, 0x72, 0x2c, 0x20, 0x64, 0x69, 0x66, 0x66, 0x2c, 0x20, 0x45,
        0x6e, 0x76, 0x69, 0x72, 0x6f, 0x6e, 0x6d, 0x65, 0x6e, 0x74, 0x4c, 0x69, 0x67, 0x68, 0x74, 0x29,
        0x3b, 0x0a, 0x7d, 0x0a, 0x0a, 0x2f, 0x2f, 0x20, 0x46, 0x6f, 0x67, 0x4c, 0x6f, 0x67, 0x44, 0x65,
        0x6e, 0x73, 0x69, 0x74, 0x79, 0x20, 0x69, 0x73, 0x20, 0x6c, 0x6f, 0x67, 0x32, 0x20, 0x6f, 0x66,
        0x20, 0x74, 0x68, 0x65, 0x20, 0x66, 0x6f, 0x67, 0x20, 0x64, 0x65, 0x6e, 0x73, 0x69, 0x74, 0x79,
        0x2c, 0x20, 0x6e, 0x6f, 0x72, 0x6d, 0x61, 0x6c, 0x69, 0x7a, 0x65, 0x64, 0x20, 0x6f, 0x6e, 0x20,
        0x74, 0x68, 0x65, 0x20, 0x43, 0x50, 0x55, 0x20, 0x28, 0x73, 0x65, 0x65, 0x20, 0x57, 0x6f, 0x72,
        0x6c, 0x64, 0x2e, 0x46, 0x6f, 0x67, 0x4c, 0x6f, 0x67, 0x44, 0x65, 0x6e, 0x73, 0x69, 0x74, 0x79,
        0x29, 0x2e, 0x0a, 0x2f, 0x2f, 0x20, 0x70, 0x6f, 0x77, 0x28, 0x64, 0x65, 0x6e, 0x73, 0x69, 0x74,
        0x79, 0x2c, 0x20, 0x74, 0x29, 0x20, 0x69, 0x73, 0x20, 0x65, 0x78, 0x61, 0x63, 0x74, 0x6c, 0x79,
        0x20, 0x65, 0x78, 0x70, 0x32, 0x28, 0x74, 0x20, 0x2a, 0x20, 0x6c, 0x6f, 0x67, 0x32, 0x28, 0x64,
        0x65, 0x6e, 0x73, 0x69, 0x74, 0x79, 0x29, 0x29, 0x2c, 0x20, 0x73, 0x6f, 0x20, 0x66, 0x6f, 0x6c,
        0x64, 0x69, 0x6e, 0x67, 0x20, 0x74, 0x68, 0x65, 0x20, 0x28, 0x75, 0x6e, 0x69, 0x66, 0x6f, 0x72,
        0x6d, 0x29, 0x20, 0x6c, 0x6f, 0x67, 0x32, 0x20, 0x69, 0x6e, 0x74, 0x6f, 0x20, 0x74, 0x68, 0x65,
        0x0a, 0x2f, 0x2f, 0x20, 0x63, 0x6f, 0x6e, 0x73, 0x74, 0x61, 0x6e, 0x74, 0x20, 0x6c, 0x65, 0x61,
        0x76, 0x65, 0x73, 0x20, 0x74, 0x68, 0x65, 0x20, 0x72, 0x65, 0x73, 0x75, 0x6c, 0x74, 0x20, 0x75,
        0x6e, 0x63, 0x68, 0x61, 0x6e, 0x67, 0x65, 0x64, 0x20, 0x77, 0x68, 0x69, 0x6c, 0x65, 0x20, 0x72,
        0x65, 0x70, 0x6c, 0x61, 0x63, 0x69, 0x6e, 0x67, 0x20, 0x61, 0x20, 0x70, 0x65, 0x72, 0x2d, 0x70,
        0x69, 0x78, 0x65, 0x6c, 0x20, 0x6c, 0x6f, 0x67, 0x32, 0x20, 0x2b, 0x20, 0x65, 0x78, 0x70, 0x32,
        0x20, 0x70, 0x61, 0x69, 0x72, 0x20, 0x77, 0x69, 0x74, 0x68, 0x20, 0x61, 0x0a, 0x2f, 0x2f, 0x20,
        0x73, 0x69, 0x6e, 0x67, 0x6c, 0x65, 0x20, 0x65, 0x78, 0x70, 0x32, 0x2e, 0x0a, 0x76, 0x6f, 0x69,
        0x64, 0x20, 0x56, 0x53, 0x5f, 0x41, 0x70, 0x70, 0x6c, 0x79, 0x46, 0x6f, 0x67, 0x28, 0x0a, 0x20,
        0x20, 0x20, 0x20, 0x69, 0x6e, 0x6f, 0x75, 0x74, 0x20, 0x66, 0x6c, 0x6f, 0x61, 0x74, 0x33, 0x20,
        0x63, 0x6f, 0x6c, 0x6f, 0x72, 0x2c, 0x0a, 0x20, 0x20, 0x20, 0x20, 0x69, 0x6e, 0x20, 0x66, 0x6c,
        0x6f, 0x61, 0x74, 0x20, 0x56, 0x69, 0x65, 0x77, 0x4c, 0x65, 0x6e, 0x67, 0x74, 0x68, 0x2c, 0x0a,
        0x20, 0x20, 0x20, 0x20, 0x69, 0x6e, 0x20, 0x66, 0x6c, 0x6f, 0x61, 0x74, 0x33, 0x20, 0x46, 0x6f,
        0x67, 0x43, 0x6f, 0x6c, 0x6f, 0x72, 0x2c, 0x0a, 0x20, 0x20, 0x20, 0x20, 0x69, 0x6e, 0x20, 0x66,
        0x6c, 0x6f, 0x61, 0x74, 0x20, 0x46, 0x6f, 0x67, 0x44, 0x69, 0x73, 0x74, 0x61, 0x6e, 0x63, 0x65,
        0x2c, 0x0a, 0x20, 0x20, 0x20, 0x20, 0x69, 0x6e, 0x20, 0x66, 0x6c, 0x6f, 0x61, 0x74, 0x20, 0x46,
        0x6f, 0x67, 0x4c, 0x6f, 0x67, 0x44, 0x65, 0x6e, 0x73, 0x69, 0x74, 0x79, 0x0a, 0x29, 0x0a, 0x7b,
        0x0a, 0x0a, 0x09, 0x66, 0x6c, 0x6f, 0x61, 0x74, 0x20, 0x66, 0x20, 0x3d, 0x20, 0x65, 0x78, 0x70,
        0x32, 0x28, 0x6d, 0x61, 0x78, 0x28, 0x28, 0x56, 0x69, 0x65, 0x77, 0x4c, 0x65, 0x6e, 0x67, 0x74,
        0x68, 0x20, 0x2d, 0x20, 0x46, 0x6f, 0x67, 0x44, 0x69, 0x73, 0x74, 0x61, 0x6e, 0x63, 0x65, 0x20,
        0x2f, 0x20, 0x32, 0x2e, 0x30, 0x29, 0x20, 0x2f, 0x20, 0x46, 0x6f, 0x67, 0x44, 0x69, 0x73, 0x74,
        0x61, 0x6e, 0x63, 0x65, 0x2c, 0x20, 0x30, 0x2e, 0x30, 0x29, 0x20, 0x2a, 0x20, 0x46, 0x6f, 0x67,
        0x4c, 0x6f, 0x67, 0x44, 0x65, 0x6e, 0x73, 0x69, 0x74, 0x79, 0x29, 0x3b, 0x0a, 0x0a, 0x09, 0x63,
        0x6f, 0x6c, 0x6f, 0x72, 0x20, 0x3d, 0x20, 0x63, 0x6f, 0x6c, 0x6f, 0x72, 0x20, 0x2a, 0x20, 0x66,
        0x6c, 0x6f, 0x61, 0x74, 0x33, 0x28, 0x66, 0x2c, 0x20, 0x66, 0x2c, 0x20, 0x66, 0x29, 0x20, 0x2b,
        0x20, 0x46, 0x6f, 0x67, 0x43, 0x6f, 0x6c, 0x6f, 0x72, 0x20, 0x2a, 0x20, 0x66, 0x6c, 0x6f, 0x61,
        0x74, 0x33, 0x28, 0x31, 0x2e, 0x30, 0x20, 0x2d, 0x20, 0x66, 0x2c, 0x20, 0x31, 0x2e, 0x30, 0x20,
        0x2d, 0x20, 0x66, 0x2c, 0x20, 0x31, 0x2e, 0x30, 0x20, 0x2d, 0x20, 0x66, 0x29, 0x3b, 0x0a, 0x7d,
        0x0a, 0x0a, 0x66, 0x6c, 0x6f, 0x61, 0x74, 0x34, 0x78, 0x34, 0x20, 0x4c, 0x69, 0x67, 0x68, 0x74,
        0x56, 0x69, 0x65, 0x77, 0x50, 0x72, 0x6f, 0x6a, 0x30, 0x3b, 0x0a, 0x23, 0x69, 0x66, 0x20, 0x53,
        0x4d, 0x36, 0x0a, 0x54, 0x65, 0x78, 0x74, 0x75, 0x72, 0x65, 0x32, 0x44, 0x20, 0x53, 0x68, 0x61,
        0x64, 0x6f, 0x77, 0x4d, 0x61, 0x70, 0x30, 0x20, 0x3a, 0x20, 0x72, 0x65, 0x67, 0x69, 0x73, 0x74,
        0x65, 0x72, 0x28, 0x74, 0x30, 0x29, 0x3b, 0x0a, 0x53, 0x61, 0x6d, 0x70, 0x6c, 0x65, 0x72, 0x53,
        0x74, 0x61, 0x74, 0x65, 0x20, 0x53, 0x68, 0x61, 0x64, 0x6f, 0x77, 0x4d, 0x61, 0x70, 0x53, 0x61,
        0x6d, 0x70, 0x6c, 0x65, 0x72, 0x30, 0x20, 0x3a, 0x20, 0x72, 0x65, 0x67, 0x69, 0x73, 0x74, 0x65,
        0x72, 0x28, 0x73, 0x30, 0x29, 0x3b, 0x0a, 0x23, 0x65, 0x6c, 0x73, 0x65, 0x0a, 0x74, 0x65, 0x78,
        0x74, 0x75, 0x72, 0x65, 0x20, 0x53, 0x68, 0x61, 0x64, 0x6f, 0x77, 0x4d, 0x61, 0x70, 0x30, 0x3b,
        0x0a, 0x73, 0x61, 0x6d, 0x70, 0x6c, 0x65, 0x72, 0x20, 0x53, 0x68, 0x61, 0x64, 0x6f, 0x77, 0x4d,
        0x61, 0x70, 0x53, 0x61, 0x6d, 0x70, 0x6c, 0x65, 0x72, 0x30, 0x20, 0x3d, 0x20, 0x73, 0x61, 0x6d,
        0x70, 0x6c, 0x65, 0x72, 0x5f, 0x73, 0x74, 0x61, 0x74, 0x65, 0x0a, 0x7b, 0x0a, 0x20, 0x20, 0x20,
        0x20, 0x4d, 0x69, 0x70, 0x46, 0x69, 0x6c, 0x74, 0x65, 0x72, 0x20, 0x3d, 0x20, 0x50, 0x4f, 0x49,
        0x4e, 0x54, 0x3b, 0x0a, 0x20, 0x20, 0x20, 0x20, 0x4d, 0x69, 0x6e, 0x46, 0x69, 0x6c, 0x74, 0x65,
        0x72, 0x20, 0x3d, 0x20, 0x50, 0x4f, 0x49, 0x4e, 0x54, 0x3b, 0x0a, 0x20, 0x20, 0x20, 0x20, 0x4d,
        0x61, 0x67, 0x46, 0x69, 0x6c, 0x74, 0x65, 0x72, 0x20, 0x3d, 0x20, 0x50, 0x4f, 0x49, 0x4e, 0x54,
        0x3b, 0x0a, 0x20, 0x20, 0x20, 0x20, 0x54, 0x65, 0x78, 0x74, 0x75, 0x72, 0x65, 0x20, 0x3d, 0x20,
        0x3c, 0x53, 0x68, 0x61, 0x64, 0x6f, 0x77, 0x4d, 0x61, 0x70, 0x30, 0x3e, 0x3b, 0x0a, 0x20, 0x20,
        0x20, 0x20, 0x41, 0x64, 0x64, 0x72, 0x65, 0x73, 0x73, 0x55, 0x20, 0x3d, 0x20, 0x43, 0x6c, 0x61,
        0x6d, 0x70, 0x3b, 0x0a, 0x20, 0x20, 0x20, 0x20, 0x41, 0x64, 0x64, 0x72, 0x65, 0x73, 0x73, 0x56,
        0x20, 0x3d, 0x20, 0x43, 0x6c, 0x61, 0x6d, 0x70, 0x3b, 0x0a, 0x7d, 0x3b, 0x0a, 0x23, 0x65, 0x6e,
        0x64, 0x69, 0x66, 0x0a, 0x66, 0x6c, 0x6f, 0x61, 0x74, 0x34, 0x78, 0x34, 0x20, 0x4c, 0x69, 0x67,
        0x68, 0x74, 0x56, 0x69, 0x65, 0x77, 0x50, 0x72, 0x6f, 0x6a, 0x31, 0x3b, 0x0a, 0x23, 0x69, 0x66,
        0x20, 0x53, 0x4d, 0x36, 0x0a, 0x54, 0x65, 0x78, 0x74, 0x75, 0x72, 0x65, 0x32, 0x44, 0x20, 0x53,
        0x68, 0x61, 0x64, 0x6f, 0x77, 0x4d, 0x61, 0x70, 0x31, 0x20, 0x3a, 0x20, 0x72, 0x65, 0x67, 0x69,
        0x73, 0x74, 0x65, 0x72, 0x28, 0x74, 0x31, 0x29, 0x3b, 0x0a, 0x53, 0x61, 0x6d, 0x70, 0x6c, 0x65,
        0x72, 0x53, 0x74, 0x61, 0x74, 0x65, 0x20, 0x53, 0x68, 0x61, 0x64, 0x6f, 0x77, 0x4d, 0x61, 0x70,
        0x53, 0x61, 0x6d, 0x70, 0x6c, 0x65, 0x72, 0x31, 0x20, 0x3a, 0x20, 0x72, 0x65, 0x67, 0x69, 0x73,
        0x74, 0x65, 0x72, 0x28, 0x73, 0x31, 0x29, 0x3b, 0x0a, 0x23, 0x65, 0x6c, 0x73, 0x65, 0x0a, 0x74,
        0x65, 0x78, 0x74, 0x75, 0x72, 0x65, 0x20, 0x53, 0x68, 0x61, 0x64, 0x6f, 0x77, 0x4d, 0x61, 0x70,
        0x31, 0x3b, 0x0a, 0x73, 0x61, 0x6d, 0x70, 0x6c, 0x65, 0x72, 0x20, 0x53, 0x68, 0x61, 0x64, 0x6f,
        0x77, 0x4d, 0x61, 0x70, 0x53, 0x61, 0x6d, 0x70, 0x6c, 0x65, 0x72, 0x31, 0x20, 0x3d, 0x20, 0x73,
        0x61, 0x6d, 0x70, 0x6c, 0x65, 0x72, 0x5f, 0x73, 0x74, 0x61, 0x74, 0x65, 0x0a, 0x7b, 0x0a, 0x20,
        0x20, 0x20, 0x20, 0x4d, 0x69, 0x70, 0x46, 0x69, 0x6c, 0x74, 0x65, 0x72, 0x20, 0x3d, 0x20, 0x50,
        0x4f, 0x49, 0x4e, 0x54, 0x3b, 0x0a, 0x20, 0x20, 0x20, 0x20, 0x4d, 0x69, 0x6e, 0x46, 0x69, 0x6c,
        0x74, 0x65, 0x72, 0x20, 0x3d, 0x20, 0x50, 0x4f, 0x49, 0x4e, 0x54, 0x3b, 0x0a, 0x20, 0x20, 0x20,
        0x20, 0x4d, 0x61, 0x67, 0x46, 0x69, 0x6c, 0x74, 0x65, 0x72, 0x20, 0x3d, 0x20, 0x50, 0x4f, 0x49,
        0x4e, 0x54, 0x3b, 0x0a, 0x20, 0x20, 0x20, 0x20, 0x54, 0x65, 0x78, 0x74, 0x75, 0x72, 0x65, 0x20,
        0x3d, 0x20, 0x3c, 0x53, 0x68, 0x61, 0x64, 0x6f, 0x77, 0x4d, 0x61, 0x70, 0x31, 0x3e, 0x3b, 0x0a,
        0x20, 0x20, 0x20, 0x20, 0x41, 0x64, 0x64, 0x72, 0x65, 0x73, 0x73, 0x55, 0x20, 0x3d, 0x20, 0x43,
        0x6c, 0x61, 0x6d, 0x70, 0x3b, 0x0a, 0x20, 0x20, 0x20, 0x20, 0x41, 0x64, 0x64, 0x72, 0x65, 0x73,
        0x73, 0x56, 0x20, 0x3d, 0x20, 0x43, 0x6c, 0x61, 0x6d, 0x70, 0x3b, 0x0a, 0x7d, 0x3b, 0x0a, 0x23,
        0x65, 0x6e, 0x64, 0x69, 0x66, 0x0a, 0x66, 0x6c, 0x6f, 0x61, 0x74, 0x34, 0x78, 0x34, 0x20, 0x4c,
        0x69, 0x67, 0x68, 0x74, 0x56, 0x69, 0x65, 0x77, 0x50, 0x72, 0x6f, 0x6a, 0x32, 0x3b, 0x0a, 0x23,
        0x69, 0x66, 0x20, 0x53, 0x4d, 0x36, 0x0a, 0x54, 0x65, 0x78, 0x74, 0x75, 0x72, 0x65, 0x32, 0x44,
        0x20, 0x53, 0x68, 0x61, 0x64, 0x6f, 0x77, 0x4d, 0x61, 0x70, 0x32, 0x20, 0x3a, 0x20, 0x72, 0x65,
        0x67, 0x69, 0x73, 0x74, 0x65, 0x72, 0x28, 0x74, 0x32, 0x29, 0x3b, 0x0a, 0x53, 0x61, 0x6d, 0x70,
        0x6c, 0x65, 0x72, 0x53, 0x74, 0x61, 0x74, 0x65, 0x20, 0x53, 0x68, 0x61, 0x64, 0x6f, 0x77, 0x4d,
        0x61, 0x70, 0x53, 0x61, 0x6d, 0x70, 0x6c, 0x65, 0x72, 0x32, 0x20, 0x3a, 0x20, 0x72, 0x65, 0x67,
        0x69, 0x73, 0x74, 0x65, 0x72, 0x28, 0x73, 0x32, 0x29, 0x3b, 0x0a, 0x23, 0x65, 0x6c, 0x73, 0x65,
        0x0a, 0x74, 0x65, 0x78, 0x74, 0x75, 0x72, 0x65, 0x20, 0x53, 0x68, 0x61, 0x64, 0x6f, 0x77, 0x4d,
        0x61, 0x70, 0x32, 0x3b, 0x0a, 0x73, 0x61, 0x6d, 0x70, 0x6c, 0x65, 0x72, 0x20, 0x53, 0x68, 0x61,
        0x64, 0x6f, 0x77, 0x4d, 0x61, 0x70, 0x53, 0x61, 0x6d, 0x70, 0x6c, 0x65, 0x72, 0x32, 0x20, 0x3d,
        0x20, 0x73, 0x61, 0x6d, 0x70, 0x6c, 0x65, 0x72, 0x5f, 0x73, 0x74, 0x61, 0x74, 0x65, 0x0a, 0x7b,
        0x0a, 0x20, 0x20, 0x20, 0x20, 0x4d, 0x69, 0x70, 0x46, 0x69, 0x6c, 0x74, 0x65, 0x72, 0x20, 0x3d,
        0x20, 0x50, 0x4f, 0x49, 0x4e, 0x54, 0x3b, 0x0a, 0x20, 0x20, 0x20, 0x20, 0x4d, 0x69, 0x6e, 0x46,
        0x69, 0x6c, 0x74, 0x65, 0x72, 0x20, 0x3d, 0x20, 0x50, 0x4f, 0x49, 0x4e, 0x54, 0x3b, 0x0a, 0x20,
        0x20, 0x20, 0x20, 0x4d, 0x61, 0x67, 0x46, 0x69, 0x6c, 0x74, 0x65, 0x72, 0x20, 0x3d, 0x20, 0x50,
        0x4f, 0x49, 0x4e, 0x54, 0x3b, 0x0a, 0x20, 0x20, 0x20, 0x20, 0x54, 0x65, 0x78, 0x74, 0x75, 0x72,
        0x65, 0x20, 0x3d, 0x20, 0x3c, 0x53, 0x68, 0x61, 0x64, 0x6f, 0x77, 0x4d, 0x61, 0x70, 0x32, 0x3e,
        0x3b, 0x0a, 0x20, 0x20, 0x20, 0x20, 0x41, 0x64, 0x64, 0x72, 0x65, 0x73, 0x73, 0x55, 0x20, 0x3d,
        0x20, 0x43, 0x6c, 0x61, 0x6d, 0x70, 0x3b, 0x0a, 0x20, 0x20, 0x20, 0x20, 0x41, 0x64, 0x64, 0x72,
        0x65, 0x73, 0x73, 0x56, 0x20, 0x3d, 0x20, 0x43, 0x6c, 0x61, 0x6d, 0x70, 0x3b, 0x0a, 0x7d, 0x3b,
        0x0a, 0x23, 0x65, 0x6e, 0x64, 0x69, 0x66, 0x0a, 0x2f, 0x2f, 0x20, 0x53, 0x68, 0x61, 0x64, 0x6f,
        0x77, 0x2d, 0x6d, 0x61, 0x70, 0x20, 0x64, 0x65, 0x70, 0x74, 0x68, 0x20, 0x62, 0x69, 0x61, 0x73,
        0x2c, 0x20, 0x69, 0x6e, 0x20, 0x6e, 0x6f, 0x72, 0x6d, 0x61, 0x6c, 0x69, 0x7a, 0x65, 0x64, 0x20,
        0x73, 0x68, 0x61, 0x64, 0x6f, 0x77, 0x2d, 0x6d, 0x61, 0x70, 0x20, 0x64, 0x65, 0x70, 0x74, 0x68,
        0x20, 0x28, 0x72, 0x61, 0x6e, 0x67, 0x65, 0x20, 0x5b, 0x30, 0x2e, 0x2e, 0x31, 0x5d, 0x29, 0x2e,
        0x0a, 0x2f, 0x2f, 0x20, 0x20, 0x20, 0x54, 0x6f, 0x6f, 0x20, 0x73, 0x6d, 0x61, 0x6c, 0x6c, 0x20,
        0x2d, 0x3e, 0x20, 0x73, 0x68, 0x61, 0x64, 0x6f, 0x77, 0x20, 0x61, 0x63, 0x6e, 0x65, 0x20, 0x28,
        0x73, 0x68, 0x69, 0x6d, 0x6d, 0x65, 0x72, 0x69, 0x6e, 0x67, 0x20, 0x73, 0x65, 0x6c, 0x66, 0x2d,
        0x73, 0x68, 0x61, 0x64, 0x6f, 0x77, 0x20, 0x6f, 0x6e, 0x20, 0x6c, 0x69, 0x74, 0x20, 0x66, 0x61,
        0x63, 0x65, 0x73, 0x29, 0x2e, 0x0a, 0x2f, 0x2f, 0x20, 0x20, 0x20, 0x54, 0x6f, 0x6f, 0x20, 0x6c,
        0x61, 0x72, 0x67, 0x65, 0x20, 0x2d, 0x3e, 0x20, 0x70, 0x65, 0x74, 0x65, 0x72, 0x2d, 0x70, 0x61,
        0x6e, 0x6e, 0x69, 0x6e, 0x67, 0x20, 0x28, 0x73, 0x68, 0x61, 0x64, 0x6f, 0x77, 0x20, 0x64, 0x65,
        0x74, 0x61, 0x63, 0x68, 0x65, 0x73, 0x20, 0x2f, 0x20, 0x73, 0x6c, 0x69, 0x64, 0x65, 0x73, 0x20,
        0x6f, 0x66, 0x66, 0x20, 0x69, 0x74, 0x73, 0x20, 0x63, 0x61, 0x73, 0x74, 0x65, 0x72, 0x29, 0x2e,
        0x0a, 0x2f, 0x2f, 0x20, 0x4c, 0x6f, 0x77, 0x65, 0x72, 0x65, 0x64, 0x20, 0x66, 0x72, 0x6f, 0x6d,
        0x20, 0x30, 0x2e, 0x32, 0x35, 0x2c, 0x20, 0x77, 0x68, 0x69, 0x63, 0x68, 0x20, 0x77, 0x61, 0x73,
        0x20, 0x7e, 0x31, 0x2f, 0x34, 0x20, 0x6f, 0x66, 0x20, 0x74, 0x68, 0x65, 0x20, 0x77, 0x68, 0x6f,
        0x6c, 0x65, 0x20, 0x64, 0x65, 0x70, 0x74, 0x68, 0x20, 0x72, 0x61, 0x6e, 0x67, 0x65, 0x20, 0x61,
        0x6e, 0x64, 0x20, 0x6d, 0x61, 0x64, 0x65, 0x20, 0x73, 0x68, 0x61, 0x64, 0x6f, 0x77, 0x73, 0x0a,
        0x2f, 0x2f, 0x20, 0x64, 0x65, 0x74, 0x61, 0x63, 0x68, 0x65, 0x64, 0x20, 0x61, 0x6e, 0x64, 0x20,
        0x69, 0x6e, 0x61, 0x63, 0x63, 0x75, 0x72, 0x61, 0x74, 0x65, 0x2e, 0x20, 0x54, 0x75, 0x6e, 0x65,
        0x20, 0x69, 0x6e, 0x20, 0x74, 0x68, 0x65, 0x20, 0x30, 0x2e, 0x30, 0x30, 0x30, 0x35, 0x20, 0x2e,
        0x2e, 0x20, 0x30, 0x2e, 0x30, 0x30, 0x33, 0x20, 0x72, 0x61, 0x6e, 0x67, 0x65, 0x3b, 0x20, 0x72,
        0x61, 0x69, 0x73, 0x65, 0x20, 0x6f, 0x6e, 0x6c, 0x79, 0x20, 0x75, 0x6e, 0x74, 0x69, 0x6c, 0x0a,
        0x2f, 0x2f, 0x20, 0x61, 0x63, 0x6e, 0x65, 0x20, 0x64, 0x69, 0x73, 0x61, 0x70, 0x70, 0x65, 0x61,
        0x72, 0x73, 0x2c, 0x20, 0x6e, 0x6f, 0x20, 0x66, 0x75, 0x72, 0x74, 0x68, 0x65, 0x72, 0x2e, 0x0a,
        0x2f, 0x2f, 0x20, 0x4e, 0x4f, 0x54, 0x45, 0x3a, 0x20, 0x69, 0x66, 0x20, 0x44, 0x65, 0x70, 0x74,
        0x68, 0x42, 0x69, 0x61, 0x73, 0x20, 0x69, 0x73, 0x20, 0x61, 0x6c, 0x73, 0x6f, 0x20, 0x73, 0x65,
        0x74, 0x20, 0x66, 0x72, 0x6f, 0x6d, 0x20, 0x68, 0x6f, 0x73, 0x74, 0x2f, 0x43, 0x23, 0x20, 0x63,
        0x6f, 0x64, 0x65, 0x2c, 0x20, 0x74, 0x68, 0x61, 0x74, 0x20, 0x76, 0x61, 0x6c, 0x75, 0x65, 0x20,
        0x6f, 0x76, 0x65, 0x72, 0x72, 0x69, 0x64, 0x65, 0x73, 0x20, 0x74, 0x68, 0x69, 0x73, 0x0a, 0x2f,
        0x2f, 0x20, 0x64, 0x65, 0x66, 0x61, 0x75, 0x6c, 0x74, 0x20, 0xe2, 0x80, 0x94, 0x20, 0x6c, 0x6f,
        0x77, 0x65, 0x72, 0x20, 0x69, 0x74, 0x20, 0x74, 0x68, 0x65, 0x72, 0x65, 0x20, 0x74, 0x6f, 0x6f,
        0x2e, 0x0a, 0x66, 0x6c, 0x6f, 0x61, 0x74, 0x20, 0x44, 0x65, 0x70, 0x74, 0x68, 0x42, 0x69, 0x61,
        0x73, 0x20, 0x3d, 0x20, 0x30, 0x2e, 0x30, 0x30, 0x30, 0x35, 0x66, 0x3b, 0x0a, 0x66, 0x6c, 0x6f,
        0x61, 0x74, 0x20, 0x4e, 0x75, 0x6d, 0x43, 0x61, 0x73, 0x63, 0x61, 0x64, 0x65, 0x73, 0x20, 0x3d,
        0x20, 0x33, 0x3b, 0x0a, 0x66, 0x6c, 0x6f, 0x61, 0x74, 0x33, 0x20, 0x4c, 0x69, 0x67, 0x68, 0x74,
        0x44, 0x69, 0x72, 0x65, 0x63, 0x74, 0x69, 0x6f, 0x6e, 0x3b, 0x0a, 0x0a, 0x23, 0x69, 0x66, 0x20,
        0x53, 0x4d, 0x36, 0x0a, 0x76, 0x6f, 0x69, 0x64, 0x20, 0x61, 0x70, 0x70, 0x6c, 0x79, 0x53, 0x68,
        0x61, 0x64, 0x6f, 0x77, 0x69, 0x6e, 0x67, 0x53, 0x69, 0x6e, 0x67, 0x6c, 0x65, 0x28, 0x0a, 0x20,
        0x20, 0x20, 0x20, 0x69, 0x6e, 0x20, 0x66, 0x6c, 0x6f, 0x61, 0x74, 0x34, 0x20, 0x77, 0x6f, 0x72,
        0x6c, 0x64, 0x50, 0x6f, 0x73, 0x2c, 0x0a, 0x20, 0x20, 0x20, 0x20, 0x69, 0x6e, 0x20, 0x66, 0x6c,
        0x6f, 0x61, 0x74, 0x34, 0x78, 0x34, 0x20, 0x6c, 0x69, 0x67, 0x68, 0x74, 0x56, 0x69, 0x65, 0x77,
        0x50, 0x72, 0x6f, 0x6a, 0x2c, 0x0a, 0x20, 0x20, 0x20, 0x20, 0x69, 0x6e, 0x20, 0x54, 0x65, 0x78,
        0x74, 0x75, 0x72, 0x65, 0x32, 0x44, 0x20, 0x73, 0x68, 0x61, 0x64, 0x6f, 0x77, 0x4d, 0x61, 0x70,
        0x54, 0x65, 0x78, 0x74, 0x75, 0x72, 0x65, 0x2c, 0x0a, 0x20, 0x20, 0x20, 0x20, 0x69, 0x6e, 0x20,
        0x53, 0x61, 0x6d, 0x70, 0x6c, 0x65, 0x72, 0x53, 0x74, 0x61, 0x74, 0x65, 0x20, 0x73, 0x68, 0x61,
        0x64, 0x6f, 0x77, 0x4d, 0x61, 0x70, 0x53, 0x61, 0x6d, 0x70, 0x6c, 0x65, 0x72, 0x2c, 0x0a, 0x20,
        0x20, 0x20, 0x20, 0x6f, 0x75, 0x74, 0x20, 0x62, 0x6f, 0x6f, 0x6c, 0x20, 0x69, 0x73, 0x49, 0x6e,
        0x4c, 0x69, 0x67, 0x68, 0x74, 0x2c, 0x0a, 0x20, 0x20, 0x20, 0x20, 0x6f, 0x75, 0x74, 0x20, 0x62,
        0x6f, 0x6f, 0x6c, 0x20, 0x69, 0x73, 0x53, 0x68, 0x61, 0x64, 0x6f, 0x77, 0x65, 0x64, 0x0a, 0x29,
        0x0a, 0x7b, 0x0a, 0x20, 0x20, 0x20, 0x20, 0x69, 0x73, 0x53, 0x68, 0x61, 0x64, 0x6f, 0x77, 0x65,
        0x64, 0x20, 0x3d, 0x20, 0x66, 0x61, 0x6c, 0x73, 0x65, 0x3b, 0x0a, 0x0a, 0x20, 0x20, 0x20, 0x20,
        0x2f, 0x2f, 0x20, 0x46, 0x69, 0x6e, 0x64, 0x20, 0x74, 0x68, 0x65, 0x20, 0x70, 0x6f, 0x73, 0x69,
        0x74, 0x69, 0x6f, 0x6e, 0x20, 0x6f, 0x66, 0x20, 0x74, 0x68, 0x69, 0x73, 0x20, 0x70, 0x69, 0x78,
        0x65, 0x6c, 0x20, 0x69, 0x6e, 0x20, 0x6c, 0x69, 0x67, 0x68, 0x74, 0x20, 0x73, 0x70, 0x61, 0x63,
        0x65, 0x0a, 0x20, 0x20, 0x20, 0x20, 0x66, 0x6c, 0x6f, 0x61, 0x74, 0x34, 0x20, 0x6c, 0x69, 0x67,
        0x68, 0x74, 0x69, 0x6e, 0x67, 0x50, 0x6f, 0x73, 0x69, 0x74, 0x69, 0x6f, 0x6e, 0x20, 0x3d, 0x20,
        0x6d, 0x75, 0x6c, 0x28, 0x77, 0x6f, 0x72, 0x6c, 0x64, 0x50, 0x6f, 0x73, 0x2c, 0x20, 0x6c, 0x69,
        0x67, 0x68, 0x74, 0x56, 0x69, 0x65, 0x77, 0x50, 0x72, 0x6f, 0x6a, 0x29, 0x3b, 0x0a, 0x0a, 0x20,
        0x20, 0x20, 0x20, 0x2f, 0x2f, 0x20, 0x46, 0x69, 0x6e, 0x64, 0x20, 0x74, 0x68, 0x65, 0x20, 0x70,
        0x6f, 0x73, 0x69, 0x74, 0x69, 0x6f, 0x6e, 0x20, 0x69, 0x6e, 0x20, 0x74, 0x68, 0x65, 0x20, 0x73,
        0x68, 0x61, 0x64, 0x6f, 0x77, 0x20, 0x6d, 0x61, 0x70, 0x20, 0x66, 0x6f, 0x72, 0x20, 0x74, 0x68,
        0x69, 0x73, 0x20, 0x70, 0x69, 0x78, 0x65, 0x6c, 0x0a, 0x20, 0x20, 0x20, 0x20, 0x66, 0x6c, 0x6f,
        0x61, 0x74, 0x32, 0x20, 0x73, 0x68, 0x61, 0x64, 0x6f, 0x77, 0x54, 0x65, 0x78, 0x43, 0x6f, 0x6f,
        0x72, 0x64, 0x20, 0x3d, 0x20, 0x30, 0x2e, 0x35, 0x20, 0x2a, 0x20, 0x6c, 0x69, 0x67, 0x68, 0x74,
        0x69, 0x6e, 0x67, 0x50, 0x6f, 0x73, 0x69, 0x74, 0x69, 0x6f, 0x6e, 0x2e, 0x78, 0x79, 0x20, 0x2f,
        0x0a, 0x20, 0x20, 0x20, 0x20, 0x20, 0x20, 0x20, 0x20, 0x20, 0x20, 0x20, 0x20, 0x20, 0x20, 0x20,
        0x20, 0x20, 0x20, 0x20, 0x20, 0x20, 0x20, 0x20, 0x20, 0x20, 0x20, 0x20, 0x20, 0x6c, 0x69, 0x67,
        0x68, 0x74, 0x69, 0x6e, 0x67, 0x50, 0x6f, 0x73, 0x69, 0x74, 0x69, 0x6f, 0x6e, 0x2e, 0x77, 0x20,
        0x2b, 0x20, 0x66, 0x6c, 0x6f, 0x61, 0x74, 0x32, 0x28, 0x20, 0x30, 0x2e, 0x35, 0x2c, 0x20, 0x30,
        0x2e, 0x35, 0x20, 0x29, 0x3b, 0x0a, 0x20, 0x20, 0x20, 0x20, 0x73, 0x68, 0x61, 0x64, 0x6f, 0x77,
        0x54, 0x65, 0x78, 0x43, 0x6f, 0x6f, 0x72, 0x64, 0x2e, 0x79, 0x20, 0x3d, 0x20, 0x31, 0x2e, 0x30,
        0x66, 0x20, 0x2d, 0x20, 0x73, 0x68, 0x61, 0x64, 0x6f, 0x77, 0x54, 0x65, 0x78, 0x43, 0x6f, 0x6f,
        0x72, 0x64, 0x2e, 0x79, 0x3b, 0x0a, 0x0a, 0x20, 0x20, 0x20, 0x20, 0x2f, 0x2f, 0x20, 0x4f, 0x6e,
        0x6c, 0x79, 0x20, 0x61, 0x70, 0x70, 0x6c, 0x79, 0x20, 0x73, 0x68, 0x61, 0x64, 0x6f, 0x77, 0x73,
        0x20, 0x69, 0x66, 0x20, 0x77, 0x65, 0x27, 0x72, 0x65, 0x20, 0x69, 0x6e, 0x73, 0x69, 0x64, 0x65,
        0x20, 0x74, 0x68, 0x65, 0x20, 0x6c, 0x69, 0x67, 0x68, 0x74, 0x27, 0x73, 0x20, 0x76, 0x69, 0x65,
        0x77, 0x20, 0x66, 0x72, 0x75, 0x73, 0x74, 0x75, 0x6d, 0x0a, 0x20, 0x20, 0x20, 0x20, 0x69, 0x66,
        0x20, 0x28, 0x73, 0x68, 0x61, 0x64, 0x6f, 0x77, 0x54, 0x65, 0x78, 0x43, 0x6f, 0x6f, 0x72, 0x64,
        0x2e, 0x78, 0x20, 0x3e, 0x3d, 0x20, 0x30, 0x2e, 0x30, 0x20, 0x26, 0x26, 0x20, 0x73, 0x68, 0x61,
        0x64, 0x6f, 0x77, 0x54, 0x65, 0x78, 0x43, 0x6f, 0x6f, 0x72, 0x64, 0x2e, 0x78, 0x20, 0x3c, 0x3d,
        0x20, 0x31, 0x2e, 0x30, 0x20, 0x26, 0x26, 0x0a, 0x20, 0x20, 0x20, 0x20, 0x20, 0x20, 0x20, 0x20,
        0x73, 0x68, 0x61, 0x64, 0x6f, 0x77, 0x54, 0x65, 0x78, 0x43, 0x6f, 0x6f, 0x72, 0x64, 0x2e, 0x79,
        0x20, 0x3e, 0x3d, 0x20, 0x30, 0x2e, 0x30, 0x20, 0x26, 0x26, 0x20, 0x73, 0x68, 0x61, 0x64, 0x6f,
        0x77, 0x54, 0x65, 0x78, 0x43, 0x6f, 0x6f, 0x72, 0x64, 0x2e, 0x79, 0x20, 0x3c, 0x3d, 0x20, 0x31,
        0x2e, 0x30, 0x20, 0x26, 0x26, 0x0a, 0x20, 0x20, 0x20, 0x20, 0x20, 0x20, 0x20, 0x20, 0x6c, 0x69,
        0x67, 0x68, 0x74, 0x69, 0x6e, 0x67, 0x50, 0x6f, 0x73, 0x69, 0x74, 0x69, 0x6f, 0x6e, 0x2e, 0x7a,
        0x20, 0x3e, 0x20, 0x30, 0x2e, 0x30, 0x29, 0x0a, 0x20, 0x20, 0x20, 0x20, 0x7b, 0x0a, 0x20, 0x20,
        0x20, 0x20, 0x20, 0x20, 0x20, 0x20, 0x2f, 0x2f, 0x20, 0x47, 0x65, 0x74, 0x20, 0x74, 0x68, 0x65,
        0x20, 0x63, 0x75, 0x72, 0x72, 0x65, 0x6e, 0x74, 0x20, 0x64, 0x65, 0x70, 0x74, 0x68, 0x20, 0x73,
        0x74, 0x6f, 0x72, 0x65, 0x64, 0x20, 0x69, 0x6e, 0x20, 0x74, 0x68, 0x65, 0x20, 0x73, 0x68, 0x61,
        0x64, 0x6f, 0x77, 0x20, 0x6d, 0x61, 0x70, 0x0a, 0x20, 0x20, 0x20, 0x20, 0x20, 0x20, 0x20, 0x20,
        0x66, 0x6c, 0x6f, 0x61, 0x74, 0x20, 0x73, 0x68, 0x61, 0x64, 0x6f, 0x77, 0x64, 0x65, 0x70, 0x74,
        0x68, 0x20, 0x3d, 0x20, 0x73, 0x68, 0x61, 0x64, 0x6f, 0x77, 0x4d, 0x61, 0x70, 0x54, 0x65, 0x78,
        0x74, 0x75, 0x72, 0x65, 0x2e, 0x53, 0x61, 0x6d, 0x70, 0x6c, 0x65, 0x28, 0x73, 0x68, 0x61, 0x64,
        0x6f, 0x77, 0x4d, 0x61, 0x70, 0x53, 0x61, 0x6d, 0x70, 0x6c, 0x65, 0x72, 0x2c, 0x20, 0x73, 0x68,
        0x61, 0x64, 0x6f, 0x77, 0x54, 0x65, 0x78, 0x43, 0x6f, 0x6f, 0x72, 0x64, 0x29, 0x2e, 0x72, 0x3b,
        0x0a, 0x0a, 0x20, 0x20, 0x20, 0x20, 0x20, 0x20, 0x20, 0x20, 0x2f, 0x2f, 0x20, 0x43, 0x61, 0x6c,
        0x63, 0x75, 0x6c, 0x61, 0x74, 0x65, 0x20, 0x74, 0x68, 0x65, 0x20, 0x63, 0x75, 0x72, 0x72, 0x65,
        0x6e, 0x74, 0x20, 0x70, 0x69, 0x78, 0x65, 0x6c, 0x20, 0x64, 0x65, 0x70, 0x74, 0x68, 0x0a, 0x20,
        0x20, 0x20, 0x20, 0x20, 0x20, 0x20, 0x20, 0x2f, 0x2f, 0x20, 0x54, 0x68, 0x65, 0x20, 0x62, 0x69,
        0x61, 0x73, 0x20, 0x69, 0x73, 0x20, 0x75, 0x73, 0x65, 0x64, 0x20, 0x74, 0x6f, 0x20, 0x70, 0x72,
        0x65, 0x76, 0x65, 0x6e, 0x74, 0x20, 0x66, 0x6c, 0x6f, 0x61, 0x74, 0x69, 0x6e, 0x67, 0x20, 0x70,
        0x6f, 0x69, 0x6e, 0x74, 0x20, 0x65, 0x72, 0x72, 0x6f, 0x72, 0x73, 0x20, 0x74, 0x68, 0x61, 0x74,
        0x20, 0x6f, 0x63, 0x63, 0x75, 0x72, 0x20, 0x77, 0x68, 0x65, 0x6e, 0x0a, 0x20, 0x20, 0x20, 0x20,
        0x20, 0x20, 0x20, 0x20, 0x2f, 0x2f, 0x20, 0x74, 0x68, 0x65, 0x20, 0x70, 0x69, 0x78, 0x65, 0x6c,
        0x20, 0x6f, 0x66, 0x20, 0x74, 0x68, 0x65, 0x20, 0x6f, 0x63, 0x63, 0x6c, 0x75, 0x64, 0x65, 0x72,
        0x20, 0x69, 0x73, 0x20, 0x62, 0x65, 0x69, 0x6e, 0x67, 0x20, 0x64, 0x72, 0x61, 0x77, 0x6e, 0x0a,
        0x20, 0x20, 0x20, 0x20, 0x20, 0x20, 0x20, 0x20, 0x66, 0x6c, 0x6f, 0x61, 0x74, 0x20, 0x6f, 0x75,
        0x72, 0x64, 0x65, 0x70, 0x74, 0x68, 0x20, 0x3d, 0x20, 0x28, 0x6c, 0x69, 0x67, 0x68, 0x74, 0x69,
        0x6e, 0x67, 0x50, 0x6f, 0x73, 0x69, 0x74, 0x69, 0x6f, 0x6e, 0x2e, 0x7a, 0x20, 0x2f, 0x20, 0x6c,
        0x69, 0x67, 0x68, 0x74, 0x69, 0x6e, 0x67, 0x50, 0x6f, 0x73, 0x69, 0x74, 0x69, 0x6f, 0x6e, 0x2e,
        0x77, 0x29, 0x3b, 0x0a, 0x0a, 0x20, 0x20, 0x20, 0x20, 0x20, 0x20, 0x20, 0x20, 0x2f, 0x2f, 0x20,
        0x53, 0x6c, 0x6f, 0x70, 0x65, 0x2d, 0x73, 0x63, 0x61, 0x6c, 0x65, 0x64, 0x20, 0x62, 0x69, 0x61,
        0x73, 0x20, 0x66, 0x72, 0x6f, 0x6d, 0x20, 0x6c, 0x69, 0x67, 0x68, 0x74, 0x2d, 0x73, 0x70, 0x61,
        0x63, 0x65, 0x20, 0x64, 0x65, 0x70, 0x74, 0x68, 0x20, 0x64, 0x65, 0x72, 0x69, 0x76, 0x61, 0x74,
        0x69, 0x76, 0x65, 0x73, 0x0a, 0x20, 0x20, 0x20, 0x20, 0x20, 0x20, 0x20, 0x20, 0x66, 0x6c, 0x6f,
        0x61, 0x74, 0x20, 0x64, 0x7a, 0x64, 0x78, 0x20, 0x3d, 0x20, 0x64, 0x64, 0x78, 0x28, 0x6f, 0x75,
        0x72, 0x64, 0x65, 0x70, 0x74, 0x68, 0x29, 0x3b, 0x0a, 0x20, 0x20, 0x20, 0x20, 0x20, 0x20, 0x20,
        0x20, 0x66, 0x6c, 0x6f, 0x61, 0x74, 0x20, 0x64, 0x7a, 0x64, 0x79, 0x20, 0x3d, 0x20, 0x64, 0x64,
        0x79, 0x28, 0x6f, 0x75, 0x72, 0x64, 0x65, 0x70, 0x74, 0x68, 0x29, 0x3b, 0x0a, 0x20, 0x20, 0x20,
        0x20, 0x20, 0x20, 0x20, 0x20, 0x66, 0x6c, 0x6f, 0x61, 0x74, 0x20, 0x73, 0x6c, 0x6f, 0x70, 0x65,
        0x46, 0x61, 0x63, 0x74, 0x6f, 0x72, 0x20, 0x3d, 0x20, 0x73, 0x71, 0x72, 0x74, 0x28, 0x64, 0x7a,
        0x64, 0x78, 0x20, 0x2a, 0x20, 0x64, 0x7a, 0x64, 0x78, 0x20, 0x2b, 0x20, 0x64, 0x7a, 0x64, 0x79,
        0x20, 0x2a, 0x20, 0x64, 0x7a, 0x64, 0x79, 0x29, 0x3b, 0x0a, 0x20, 0x20, 0x20, 0x20, 0x20, 0x20,
        0x20, 0x20, 0x66, 0x6c, 0x6f, 0x61, 0x74, 0x20, 0x62, 0x69, 0x61, 0x73, 0x20, 0x3d, 0x20, 0x44,
        0x65, 0x70, 0x74, 0x68, 0x42, 0x69, 0x61, 0x73, 0x20, 0x2b, 0x20, 0x63, 0x6c, 0x61, 0x6d, 0x70,
        0x28, 0x73, 0x6c, 0x6f, 0x70, 0x65, 0x46, 0x61, 0x63, 0x74, 0x6f, 0x72, 0x20, 0x2a, 0x20, 0x31,
        0x2e, 0x30, 0x2c, 0x20, 0x30, 0x2e, 0x30, 0x2c, 0x20, 0x30, 0x2e, 0x30, 0x31, 0x29, 0x3b, 0x20,
        0x2f, 0x2f, 0x20, 0x73, 0x6c, 0x6f, 0x70, 0x65, 0x2d, 0x73, 0x63, 0x61, 0x6c, 0x65, 0x64, 0x20,
        0x61, 0x64, 0x64, 0x2d, 0x6f, 0x6e, 0x20, 0x28, 0x30, 0x20, 0x2e, 0x2e, 0x20, 0x30, 0x2e, 0x30,
        0x31, 0x29, 0x0a, 0x0a, 0x20, 0x20, 0x20, 0x20, 0x20, 0x20, 0x20, 0x20, 0x6f, 0x75, 0x72, 0x64,
        0x65, 0x70, 0x74, 0x68, 0x20, 0x2d, 0x3d, 0x20, 0x62, 0x69, 0x61, 0x73, 0x3b, 0x0a, 0x0a, 0x20,
        0x20, 0x20, 0x20, 0x20, 0x20, 0x20, 0x20, 0x2f, 0x2f, 0x20, 0x43, 0x68, 0x65, 0x63, 0x6b, 0x20,
        0x74, 0x6f, 0x20, 0x73, 0x65, 0x65, 0x20, 0x69, 0x66, 0x20, 0x74, 0x68, 0x69, 0x73, 0x20, 0x70,
        0x69, 0x78, 0x65, 0x6c, 0x20, 0x69, 0x73, 0x20, 0x69, 0x6e, 0x20, 0x66, 0x72, 0x6f, 0x6e, 0x74,
        0x20, 0x6f, 0x72, 0x20, 0x62, 0x65, 0x68, 0x69, 0x6e, 0x64, 0x20, 0x74, 0x68, 0x65, 0x20, 0x76,
        0x61, 0x6c, 0x75, 0x65, 0x20, 0x69, 0x6e, 0x20, 0x74, 0x68, 0x65, 0x20, 0x73, 0x68, 0x61, 0x64,
        0x6f, 0x77, 0x20, 0x6d, 0x61, 0x70, 0x0a, 0x20, 0x20, 0x20, 0x20, 0x20, 0x20, 0x20, 0x20, 0x69,
        0x66, 0x20, 0x28, 0x73, 0x68, 0x61, 0x64, 0x6f, 0x77, 0x64, 0x65, 0x70, 0x74, 0x68, 0x20, 0x3c,
        0x20, 0x6f, 0x75, 0x72, 0x64, 0x65, 0x70, 0x74, 0x68, 0x29, 0x0a, 0x20, 0x20, 0x20, 0x20, 0x20,
        0x20, 0x20, 0x20, 0x7b, 0x0a, 0x20, 0x20, 0x20, 0x20, 0x20, 0x20, 0x20, 0x20, 0x20, 0x20, 0x20,
        0x20, 0x2f, 0x2f, 0x20, 0x54, 0x68, 0x69, 0x73, 0x20, 0x70, 0x69, 0x78, 0x65, 0x6c, 0x20, 0x69,
        0x73, 0x20, 0x6f, 0x63, 0x63, 0x6c, 0x75, 0x64, 0x65, 0x64, 0x20, 0x66, 0x72, 0x6f, 0x6d, 0x20,
        0x74, 0x68, 0x65, 0x20, 0x6c, 0x69, 0x67, 0x68, 0x74, 0x0a, 0x20, 0x20, 0x20, 0x20, 0x20, 0x20,
        0x20, 0x20, 0x20, 0x20, 0x20, 0x20, 0x69, 0x73, 0x53, 0x68, 0x61, 0x64, 0x6f, 0x77, 0x65, 0x64,
        0x20, 0x3d, 0x20, 0x74, 0x72, 0x75, 0x65, 0x3b, 0x0a, 0x20, 0x20, 0x20, 0x20, 0x20, 0x20, 0x20,
        0x20, 0x7d, 0x0a, 0x0a, 0x20, 0x20, 0x20, 0x20, 0x20, 0x20, 0x20, 0x20, 0x69, 0x73, 0x49, 0x6e,
        0x4c, 0x69, 0x67, 0x68, 0x74, 0x20, 0x3d, 0x20, 0x74, 0x72, 0x75, 0x65, 0x3b, 0x0a, 0x20, 0x20,
        0x20, 0x20, 0x7d, 0x20, 0x65, 0x6c, 0x73, 0x65, 0x20, 0x7b, 0x0a, 0x20, 0x20, 0x20, 0x20, 0x20,
        0x20, 0x20, 0x20, 0x69, 0x73, 0x49, 0x6e, 0x4c, 0x69, 0x67, 0x68, 0x74, 0x20, 0x3d, 0x20, 0x66,
        0x61, 0x6c, 0x73, 0x65, 0x3b, 0x0a, 0x20, 0x20, 0x20, 0x20, 0x7d, 0x0a, 0x7d, 0x0a, 0x23, 0x65,
        0x6c, 0x73, 0x65, 0x0a, 0x76, 0x6f, 0x69, 0x64, 0x20, 0x61, 0x70, 0x70, 0x6c, 0x79, 0x53, 0x68,
        0x61, 0x64, 0x6f, 0x77, 0x69, 0x6e, 0x67, 0x53, 0x69, 0x6e, 0x67, 0x6c, 0x65, 0x28, 0x0a, 0x20,
        0x20, 0x20, 0x20, 0x69, 0x6e, 0x20, 0x66, 0x6c, 0x6f, 0x61, 0x74, 0x34, 0x20, 0x77, 0x6f, 0x72,
        0x6c, 0x64, 0x50, 0x6f, 0x73, 0x2c, 0x0a, 0x20, 0x20, 0x20, 0x20, 0x69, 0x6e, 0x20, 0x66, 0x6c,
        0x6f, 0x61, 0x74, 0x34, 0x78, 0x34, 0x20, 0x6c, 0x69, 0x67, 0x68, 0x74, 0x56, 0x69, 0x65, 0x77,
        0x50, 0x72, 0x6f, 0x6a, 0x2c, 0x0a, 0x20, 0x20, 0x20, 0x20, 0x69, 0x6e, 0x20, 0x73, 0x61, 0x6d,
        0x70, 0x6c, 0x65, 0x72, 0x20, 0x73, 0x68, 0x61, 0x64, 0x6f, 0x77, 0x4d, 0x61, 0x70, 0x53, 0x61,
        0x6d, 0x70, 0x6c, 0x65, 0x72, 0x2c, 0x0a, 0x20, 0x20, 0x20, 0x20, 0x6f, 0x75, 0x74, 0x20, 0x62,
        0x6f, 0x6f, 0x6c, 0x20, 0x69, 0x73, 0x49, 0x6e, 0x4c, 0x69, 0x67, 0x68, 0x74, 0x2c, 0x0a, 0x20,
        0x20, 0x20, 0x20, 0x6f, 0x75, 0x74, 0x20, 0x62, 0x6f, 0x6f, 0x6c, 0x20, 0x69, 0x73, 0x53, 0x68,
        0x61, 0x64, 0x6f, 0x77, 0x65, 0x64, 0x0a, 0x29, 0x0a, 0x7b, 0x0a, 0x20, 0x20, 0x20, 0x20, 0x69,
        0x73, 0x53, 0x68, 0x61, 0x64, 0x6f, 0x77, 0x65, 0x64, 0x20, 0x3d, 0x20, 0x66, 0x61, 0x6c, 0x73,
        0x65, 0x3b, 0x0a, 0x0a, 0x20, 0x20, 0x20, 0x20, 0x2f, 0x2f, 0x20, 0x46, 0x69, 0x6e, 0x64, 0x20,
        0x74, 0x68, 0x65, 0x20, 0x70, 0x6f, 0x73, 0x69, 0x74, 0x69, 0x6f, 0x6e, 0x20, 0x6f, 0x66, 0x20,
        0x74, 0x68, 0x69, 0x73, 0x20, 0x70, 0x69, 0x78, 0x65, 0x6c, 0x20, 0x69, 0x6e, 0x20, 0x6c, 0x69,
        0x67, 0x68, 0x74, 0x20, 0x73, 0x70, 0x61, 0x63, 0x65, 0x0a, 0x20, 0x20, 0x20, 0x20, 0x66, 0x6c,
        0x6f, 0x61, 0x74, 0x34, 0x20, 0x6c, 0x69, 0x67, 0x68, 0x74, 0x69, 0x6e, 0x67, 0x50, 0x6f, 0x73,
        0x69, 0x74, 0x69, 0x6f, 0x6e, 0x20, 0x3d, 0x20, 0x6d, 0x75, 0x6c, 0x28, 0x77, 0x6f, 0x72, 0x6c,
        0x64, 0x50, 0x6f, 0x73, 0x2c, 0x20, 0x6c, 0x69, 0x67, 0x68, 0x74, 0x56, 0x69, 0x65, 0x77, 0x50,
        0x72, 0x6f, 0x6a, 0x29, 0x3b, 0x0a, 0x0a, 0x20, 0x20, 0x20, 0x20, 0x2f, 0x2f, 0x20, 0x46, 0x69,
        0x6e, 0x64, 0x20, 0x74, 0x68, 0x65, 0x20, 0x70, 0x6f, 0x73, 0x69, 0x74, 0x69, 0x6f, 0x6e, 0x20,
        0x69, 0x6e, 0x20, 0x74, 0x68, 0x65, 0x20, 0x73, 0x68, 0x61, 0x64, 0x6f, 0x77, 0x20, 0x6d, 0x61,
        0x70, 0x20, 0x66, 0x6f, 0x72, 0x20, 0x74, 0x68, 0x69, 0x73, 0x20, 0x70, 0x69, 0x78, 0x65, 0x6c,
        0x0a, 0x20, 0x20, 0x20, 0x20, 0x66, 0x6c, 0x6f, 0x61, 0x74, 0x32, 0x20, 0x73, 0x68, 0x61, 0x64,
        0x6f, 0x77, 0x54, 0x65, 0x78, 0x43, 0x6f, 0x6f, 0x72, 0x64, 0x20, 0x3d, 0x20, 0x30, 0x2e, 0x35,
        0x20, 0x2a, 0x20, 0x6c, 0x69, 0x67, 0x68, 0x74, 0x69, 0x6e, 0x67, 0x50, 0x6f, 0x73, 0x69, 0x74,
        0x69, 0x6f, 0x6e, 0x2e, 0x78, 0x79, 0x20, 0x2f, 0x0a, 0x20, 0x20, 0x20, 0x20, 0x20, 0x20, 0x20,
        0x20, 0x20, 0x20, 0x20, 0x20, 0x20, 0x20, 0x20, 0x20, 0x20, 0x20, 0x20, 0x20, 0x20, 0x20, 0x20,
        0x20, 0x20, 0x20, 0x20, 0x20, 0x6c, 0x69, 0x67, 0x68, 0x74, 0x69, 0x6e, 0x67, 0x50, 0x6f, 0x73,
        0x69, 0x74, 0x69, 0x6f, 0x6e, 0x2e, 0x77, 0x20, 0x2b, 0x20, 0x66, 0x6c, 0x6f, 0x61, 0x74, 0x32,
        0x28, 0x20, 0x30, 0x2e, 0x35, 0x2c, 0x20, 0x30, 0x2e, 0x35, 0x20, 0x29, 0x3b, 0x0a, 0x20, 0x20,
        0x20, 0x20, 0x73, 0x68, 0x61, 0x64, 0x6f, 0x77, 0x54, 0x65, 0x78, 0x43, 0x6f, 0x6f, 0x72, 0x64,
        0x2e, 0x79, 0x20, 0x3d, 0x20, 0x31, 0x2e, 0x30, 0x66, 0x20, 0x2d, 0x20, 0x73, 0x68, 0x61, 0x64,
        0x6f, 0x77, 0x54, 0x65, 0x78, 0x43, 0x6f, 0x6f, 0x72, 0x64, 0x2e, 0x79, 0x3b, 0x0a, 0x0a, 0x20,
        0x20, 0x20, 0x20, 0x2f, 0x2f, 0x20, 0x4f, 0x6e, 0x6c, 0x79, 0x20, 0x61, 0x70, 0x70, 0x6c, 0x79,
        0x20, 0x73, 0x68, 0x61, 0x64, 0x6f, 0x77, 0x73, 0x20, 0x69, 0x66, 0x20, 0x77, 0x65, 0x27, 0x72,
        0x65, 0x20, 0x69, 0x6e, 0x73, 0x69, 0x64, 0x65, 0x20, 0x74, 0x68, 0x65, 0x20, 0x6c, 0x69, 0x67,
        0x68, 0x74, 0x27, 0x73, 0x20, 0x76, 0x69, 0x65, 0x77, 0x20, 0x66, 0x72, 0x75, 0x73, 0x74, 0x75,
        0x6d, 0x0a, 0x20, 0x20, 0x20, 0x20, 0x69, 0x66, 0x20, 0x28, 0x73, 0x68, 0x61, 0x64, 0x6f, 0x77,
        0x54, 0x65, 0x78, 0x43, 0x6f, 0x6f, 0x72, 0x64, 0x2e, 0x78, 0x20, 0x3e, 0x3d, 0x20, 0x30, 0x2e,
        0x30, 0x20, 0x26, 0x26, 0x20, 0x73, 0x68, 0x61, 0x64, 0x6f, 0x77, 0x54, 0x65, 0x78, 0x43, 0x6f,
        0x6f, 0x72, 0x64, 0x2e, 0x78, 0x20, 0x3c, 0x3d, 0x20, 0x31, 0x2e, 0x30, 0x20, 0x26, 0x26, 0x0a,
        0x20, 0x20, 0x20, 0x20, 0x20, 0x20, 0x20, 0x20, 0x73, 0x68, 0x61, 0x64, 0x6f, 0x77, 0x54, 0x65,
        0x78, 0x43, 0x6f, 0x6f, 0x72, 0x64, 0x2e, 0x79, 0x20, 0x3e, 0x3d, 0x20, 0x30, 0x2e, 0x30, 0x20,
        0x26, 0x26, 0x20, 0x73, 0x68, 0x61, 0x64, 0x6f, 0x77, 0x54, 0x65, 0x78, 0x43, 0x6f, 0x6f, 0x72,
        0x64, 0x2e, 0x79, 0x20, 0x3c, 0x3d, 0x20, 0x31, 0x2e, 0x30, 0x20, 0x26, 0x26, 0x0a, 0x20, 0x20,
        0x20, 0x20, 0x20, 0x20, 0x20, 0x20, 0x6c, 0x69, 0x67, 0x68, 0x74, 0x69, 0x6e, 0x67, 0x50, 0x6f,
        0x73, 0x69, 0x74, 0x69, 0x6f, 0x6e, 0x2e, 0x7a, 0x20, 0x3e, 0x20, 0x30, 0x2e, 0x30, 0x29, 0x0a,
        0x20, 0x20, 0x20, 0x20, 0x7b, 0x0a, 0x20, 0x20, 0x20, 0x20, 0x20, 0x20, 0x20, 0x20, 0x2f, 0x2f,
        0x20, 0x47, 0x65, 0x74, 0x20, 0x74, 0x68, 0x65, 0x20, 0x63, 0x75, 0x72, 0x72, 0x65, 0x6e, 0x74,
        0x20, 0x64, 0x65, 0x70, 0x74, 0x68, 0x20, 0x73, 0x74, 0x6f, 0x72, 0x65, 0x64, 0x20, 0x69, 0x6e,
        0x20, 0x74, 0x68, 0x65, 0x20, 0x73, 0x68, 0x61, 0x64, 0x6f, 0x77, 0x20, 0x6d, 0x61, 0x70, 0x0a,
        0x20, 0x20, 0x20, 0x20, 0x20, 0x20, 0x20, 0x20, 0x66, 0x6c, 0x6f, 0x61, 0x74, 0x20, 0x73, 0x68,
        0x61, 0x64, 0x6f, 0x77, 0x64, 0x65, 0x70, 0x74, 0x68, 0x20, 0x3d, 0x20, 0x74, 0x65, 0x78, 0x32,
        0x44, 0x28, 0x73, 0x68, 0x61, 0x64, 0x6f, 0x77, 0x4d, 0x61, 0x70, 0x53, 0x61, 0x6d, 0x70, 0x6c,
        0x65, 0x72, 0x2c, 0x20, 0x73, 0x68, 0x61, 0x64, 0x6f, 0x77, 0x54, 0x65, 0x78, 0x43, 0x6f, 0x6f,
        0x72, 0x64, 0x29, 0x2e, 0x72, 0x3b, 0x0a, 0x0a, 0x20, 0x20, 0x20, 0x20, 0x20, 0x20, 0x20, 0x20,
        0x2f, 0x2f, 0x20, 0x43, 0x61, 0x6c, 0x63, 0x75, 0x6c, 0x61, 0x74, 0x65, 0x20, 0x74, 0x68, 0x65,
        0x20, 0x63, 0x75, 0x72, 0x72, 0x65, 0x6e, 0x74, 0x20, 0x70, 0x69, 0x78, 0x65, 0x6c, 0x20, 0x64,
        0x65, 0x70, 0x74, 0x68, 0x0a, 0x20, 0x20, 0x20, 0x20, 0x20, 0x20, 0x20, 0x20, 0x2f, 0x2f, 0x20,
        0x54, 0x68, 0x65, 0x20, 0x62, 0x69, 0x61, 0x73, 0x20, 0x69, 0x73, 0x20, 0x75, 0x73, 0x65, 0x64,
        0x20, 0x74, 0x6f, 0x20, 0x70, 0x72, 0x65, 0x76, 0x65, 0x6e, 0x74, 0x20, 0x66, 0x6c, 0x6f, 0x61,
        0x74, 0x69, 0x6e, 0x67, 0x20, 0x70, 0x6f, 0x69, 0x6e, 0x74, 0x20, 0x65, 0x72, 0x72, 0x6f, 0x72,
        0x73, 0x20, 0x74, 0x68, 0x61, 0x74, 0x20, 0x6f, 0x63, 0x63, 0x75, 0x72, 0x20, 0x77, 0x68, 0x65,
        0x6e, 0x0a, 0x20, 0x20, 0x20, 0x20, 0x20, 0x20, 0x20, 0x20, 0x2f, 0x2f, 0x20, 0x74, 0x68, 0x65,
        0x20, 0x70, 0x69, 0x78, 0x65, 0x6c, 0x20, 0x6f, 0x66, 0x20, 0x74, 0x68, 0x65, 0x20, 0x6f, 0x63,
        0x63, 0x6c, 0x75, 0x64, 0x65, 0x72, 0x20, 0x69, 0x73, 0x20, 0x62, 0x65, 0x69, 0x6e, 0x67, 0x20,
        0x64, 0x72, 0x61, 0x77, 0x6e, 0x0a, 0x20, 0x20, 0x20, 0x20, 0x20, 0x20, 0x20, 0x20, 0x66, 0x6c,
        0x6f, 0x61, 0x74, 0x20, 0x6f, 0x75, 0x72, 0x64, 0x65, 0x70, 0x74, 0x68, 0x20, 0x3d, 0x20, 0x28,
        0x6c, 0x69, 0x67, 0x68, 0x74, 0x69, 0x6e, 0x67, 0x50, 0x6f, 0x73, 0x69, 0x74, 0x69, 0x6f, 0x6e,
        0x2e, 0x7a, 0x20, 0x2f, 0x20, 0x6c, 0x69, 0x67, 0x68, 0x74, 0x69, 0x6e, 0x67, 0x50, 0x6f, 0x73,
        0x69, 0x74, 0x69, 0x6f, 0x6e, 0x2e, 0x77, 0x29, 0x3b, 0x0a, 0x0a, 0x20, 0x20, 0x20, 0x20, 0x20,
        0x20, 0x20, 0x20, 0x2f, 0x2f, 0x20, 0x53, 0x6c, 0x6f, 0x70, 0x65, 0x2d, 0x73, 0x63, 0x61, 0x6c,
        0x65, 0x64, 0x20, 0x62, 0x69, 0x61, 0x73, 0x20, 0x66, 0x72, 0x6f, 0x6d, 0x20, 0x6c, 0x69, 0x67,
        0x68, 0x74, 0x2d, 0x73, 0x70, 0x61, 0x63, 0x65, 0x20, 0x64, 0x65, 0x70, 0x74, 0x68, 0x20, 0x64,
        0x65, 0x72, 0x69, 0x76, 0x61, 0x74, 0x69, 0x76, 0x65, 0x73, 0x0a, 0x20, 0x20, 0x20, 0x20, 0x20,
        0x20, 0x20, 0x20, 0x66, 0x6c, 0x6f, 0x61, 0x74, 0x20, 0x64, 0x7a, 0x64, 0x78, 0x20, 0x3d, 0x20,
        0x64, 0x64, 0x78, 0x28, 0x6f, 0x75, 0x72, 0x64, 0x65, 0x70, 0x74, 0x68, 0x29, 0x3b, 0x0a, 0x20,
        0x20, 0x20, 0x20, 0x20, 0x20, 0x20, 0x20, 0x66, 0x6c, 0x6f, 0x61, 0x74, 0x20, 0x64, 0x7a, 0x64,
        0x79, 0x20, 0x3d, 0x20, 0x64, 0x64, 0x79, 0x28, 0x6f, 0x75, 0x72, 0x64, 0x65, 0x70, 0x74, 0x68,
        0x29, 0x3b, 0x0a, 0x20, 0x20, 0x20, 0x20, 0x20, 0x20, 0x20, 0x20, 0x66, 0x6c, 0x6f, 0x61, 0x74,
        0x20, 0x73, 0x6c, 0x6f, 0x70, 0x65, 0x46, 0x61, 0x63, 0x74, 0x6f, 0x72, 0x20, 0x3d, 0x20, 0x73,
        0x71, 0x72, 0x74, 0x28, 0x64, 0x7a, 0x64, 0x78, 0x20, 0x2a, 0x20, 0x64, 0x7a, 0x64, 0x78, 0x20,
        0x2b, 0x20, 0x64, 0x7a, 0x64, 0x79, 0x20, 0x2a, 0x20, 0x64, 0x7a, 0x64, 0x79, 0x29, 0x3b, 0x0a,
        0x20, 0x20, 0x20, 0x20, 0x20, 0x20, 0x20, 0x20, 0x66, 0x6c, 0x6f, 0x61, 0x74, 0x20, 0x62, 0x69,
        0x61, 0x73, 0x20, 0x3d, 0x20, 0x44, 0x65, 0x70, 0x74, 0x68, 0x42, 0x69, 0x61, 0x73, 0x20, 0x2b,
        0x20, 0x63, 0x6c, 0x61, 0x6d, 0x70, 0x28, 0x73, 0x6c, 0x6f, 0x70, 0x65, 0x46, 0x61, 0x63, 0x74,
        0x6f, 0x72, 0x20, 0x2a, 0x20, 0x31, 0x2e, 0x30, 0x2c, 0x20, 0x30, 0x2e, 0x30, 0x2c, 0x20, 0x30,
        0x2e, 0x30, 0x31, 0x29, 0x3b, 0x20, 0x2f, 0x2f, 0x20, 0x73, 0x6c, 0x6f, 0x70, 0x65, 0x2d, 0x73,
        0x63, 0x61, 0x6c, 0x65, 0x64, 0x20, 0x61, 0x64, 0x64, 0x2d, 0x6f, 0x6e, 0x20, 0x28, 0x30, 0x20,
        0x2e, 0x2e, 0x20, 0x30, 0x2e, 0x30, 0x31, 0x29, 0x0a, 0x0a, 0x20, 0x20, 0x20, 0x20, 0x20, 0x20,
        0x20, 0x20, 0x6f, 0x75, 0x72, 0x64, 0x65, 0x70, 0x74, 0x68, 0x20, 0x2d, 0x3d, 0x20, 0x62, 0x69,
        0x61, 0x73, 0x3b, 0x0a, 0x0a, 0x20, 0x20, 0x20, 0x20, 0x20, 0x20, 0x20, 0x20, 0x2f, 0x2f, 0x20,
        0x43, 0x68, 0x65, 0x63, 0x6b, 0x20, 0x74, 0x6f, 0x20, 0x73, 0x65, 0x65, 0x20, 0x69, 0x66, 0x20,
        0x74, 0x68, 0x69, 0x73, 0x20, 0x70, 0x69, 0x78, 0x65, 0x6c, 0x20, 0x69, 0x73, 0x20, 0x69, 0x6e,
        0x20, 0x66, 0x72, 0x6f, 0x6e, 0x74, 0x20, 0x6f, 0x72, 0x20, 0x62, 0x65, 0x68, 0x69, 0x6e, 0x64,
        0x20, 0x74, 0x68, 0x65, 0x20, 0x76, 0x61, 0x6c, 0x75, 0x65, 0x20, 0x69, 0x6e, 0x20, 0x74, 0x68,
        0x65, 0x20, 0x73, 0x68, 0x61, 0x64, 0x6f, 0x77, 0x20, 0x6d, 0x61, 0x70, 0x0a, 0x20, 0x20, 0x20,
        0x20, 0x20, 0x20, 0x20, 0x20, 0x69, 0x66, 0x20, 0x28, 0x73, 0x68, 0x61, 0x64, 0x6f, 0x77, 0x64,
        0x65, 0x70, 0x74, 0x68, 0x20, 0x3c, 0x20, 0x6f, 0x75, 0x72, 0x64, 0x65, 0x70, 0x74, 0x68, 0x29,
        0x0a, 0x20, 0x20, 0x20, 0x20, 0x20, 0x20, 0x20, 0x20, 0x7b, 0x0a, 0x20, 0x20, 0x20, 0x20, 0x20,
        0x20, 0x20, 0x20, 0x20, 0x20, 0x20, 0x20, 0x2f, 0x2f, 0x20, 0x54, 0x68, 0x69, 0x73, 0x20, 0x70,
        0x69, 0x78, 0x65, 0x6c, 0x20, 0x69, 0x73, 0x20, 0x6f, 0x63, 0x63, 0x6c, 0x75, 0x64, 0x65, 0x64,
        0x20, 0x66, 0x72, 0x6f, 0x6d, 0x20, 0x74, 0x68, 0x65, 0x20, 0x6c, 0x69, 0x67, 0x68, 0x74, 0x0a,
        0x20, 0x20, 0x20, 0x20, 0x20, 0x20, 0x20, 0x20, 0x20, 0x20, 0x20, 0x20, 0x69, 0x73, 0x53, 0x68,
        0x61, 0x64, 0x6f, 0x77, 0x65, 0x64, 0x20, 0x3d, 0x20, 0x74, 0x72, 0x75, 0x65, 0x3b, 0x0a, 0x20,
        0x20, 0x20, 0x20, 0x20, 0x20, 0x20, 0x20, 0x7d, 0x0a, 0x0a, 0x20, 0x20, 0x20, 0x20, 0x20, 0x20,
        0x20, 0x20, 0x69, 0x73, 0x49, 0x6e, 0x4c, 0x69, 0x67, 0x68, 0x74, 0x20, 0x3d, 0x20, 0x74, 0x72,
        0x75, 0x65, 0x3b, 0x0a, 0x20, 0x20, 0x20, 0x20, 0x7d, 0x20, 0x65, 0x6c, 0x73, 0x65, 0x20, 0x7b,
        0x0a, 0x20, 0x20, 0x20, 0x20, 0x20, 0x20, 0x20, 0x20, 0x69, 0x73, 0x49, 0x6e, 0x4c, 0x69, 0x67,
        0x68, 0x74, 0x20, 0x3d, 0x20, 0x66, 0x61, 0x6c, 0x73, 0x65, 0x3b, 0x0a, 0x20, 0x20, 0x20, 0x20,
        0x7d, 0x0a, 0x7d, 0x0a, 0x23, 0x65, 0x6e, 0x64, 0x69, 0x66, 0x0a, 0x0a, 0x62, 0x6f, 0x6f, 0x6c,
        0x20, 0x50, 0x53, 0x5f, 0x49, 0x73, 0x53, 0x68, 0x61, 0x64, 0x6f, 0x77, 0x65, 0x64, 0x28, 0x0a,
        0x20, 0x20, 0x20, 0x20, 0x69, 0x6e, 0x20, 0x66, 0x6c, 0x6f, 0x61, 0x74, 0x34, 0x20, 0x77, 0x6f,
        0x72, 0x6c, 0x64, 0x50, 0x6f, 0x73, 0x2c, 0x0a, 0x20, 0x20, 0x20, 0x20, 0x69, 0x6e, 0x20, 0x66,
        0x6c, 0x6f, 0x61, 0x74, 0x33, 0x20, 0x66, 0x61, 0x63, 0x65, 0x4e, 0x6f, 0x72, 0x6d, 0x61, 0x6c,
        0x0a, 0x29, 0x0a, 0x7b, 0x0a, 0x20, 0x20, 0x20, 0x20, 0x69, 0x66, 0x20, 0x28, 0x4e, 0x75, 0x6d,
        0x43, 0x61, 0x73, 0x63, 0x61, 0x64, 0x65, 0x73, 0x20, 0x3e, 0x20, 0x30, 0x29, 0x0a, 0x20, 0x20,
        0x20, 0x20, 0x7b, 0x0a, 0x20, 0x20, 0x20, 0x20, 0x20, 0x20, 0x20, 0x20, 0x2f, 0x2f, 0x20, 0x48,
        0x6f, 0x77, 0x20, 0x6d, 0x75, 0x63, 0x68, 0x20, 0x64, 0x6f, 0x65, 0x73, 0x20, 0x74, 0x68, 0x69,
        0x73, 0x20, 0x73, 0x75, 0x72, 0x66, 0x61, 0x63, 0x65, 0x20, 0x66, 0x61, 0x63, 0x65, 0x20, 0x74,
        0x68, 0x65, 0x20, 0x6c, 0x69, 0x67, 0x68, 0x74, 0x3f, 0x0a, 0x20, 0x20, 0x20, 0x20, 0x20, 0x20,
        0x20, 0x20, 0x2f, 0x2f, 0x20, 0x4c, 0x69, 0x67, 0x68, 0x74, 0x44, 0x69, 0x72, 0x65, 0x63, 0x74,
        0x69, 0x6f, 0x6e, 0x20, 0x70, 0x6f, 0x69, 0x6e, 0x74, 0x73, 0x20, 0x54, 0x4f, 0x57, 0x41, 0x52,
        0x44, 0x20, 0x74, 0x68, 0x65, 0x20, 0x6c, 0x69, 0x67, 0x68, 0x74, 0x20, 0x28, 0x65, 0x2e, 0x67,
        0x2e, 0x20, 0x28, 0x30, 0x2c, 0x31, 0x2c, 0x30, 0x29, 0x20, 0x3d, 0x20, 0x6c, 0x69, 0x67, 0x68,
        0x74, 0x20, 0x61, 0x62, 0x6f, 0x76, 0x65, 0x29, 0x2e, 0x0a, 0x20, 0x20, 0x20, 0x20, 0x20, 0x20,
        0x20, 0x20, 0x2f, 0x2f, 0x20, 0x41, 0x20, 0x64, 0x6f, 0x74, 0x20, 0x70, 0x72, 0x6f, 0x64, 0x75,
        0x63, 0x74, 0x20, 0x6e, 0x65, 0x61, 0x72, 0x20, 0x30, 0x20, 0x6d, 0x65, 0x61, 0x6e, 0x73, 0x20,
        0x74, 0x68, 0x65, 0x20, 0x73, 0x75, 0x72, 0x66, 0x61, 0x63, 0x65, 0x20, 0x69, 0x73, 0x20, 0x70,
        0x61, 0x72, 0x61, 0x6c, 0x6c, 0x65, 0x6c, 0x20, 0x74, 0x6f, 0x20, 0x74, 0x68, 0x65, 0x20, 0x6c,
        0x69, 0x67, 0x68, 0x74, 0x20, 0x72, 0x61, 0x79, 0x73, 0x0a, 0x20, 0x20, 0x20, 0x20, 0x20, 0x20,
        0x20, 0x20, 0x2f, 0x2f, 0x20, 0xe2, 0x80, 0x94, 0x20, 0x74, 0x68, 0x65, 0x73, 0x65, 0x20, 0x61,
        0x72, 0x65, 0x20, 0x74, 0x68, 0x65, 0x20, 0x73, 0x75, 0x72, 0x66, 0x61, 0x63, 0x65, 0x73, 0x20,
        0x74, 0x68, 0x61, 0x74, 0x20, 0x66, 0x6c, 0x69, 0x63, 0x6b, 0x65, 0x72, 0x2e, 0x20, 0x53, 0x6b,
        0x69, 0x70, 0x20, 0x73, 0x68, 0x61, 0x64, 0x6f, 0x77, 0x69, 0x6e, 0x67, 0x20, 0x66, 0x6f, 0x72,
        0x20, 0x74, 0x68, 0x65, 0x6d, 0x2e, 0x0a, 0x20, 0x20, 0x20, 0x20, 0x20, 0x20, 0x20, 0x20, 0x66,
        0x6c, 0x6f, 0x61, 0x74, 0x20, 0x4e, 0x64, 0x6f, 0x74, 0x4c, 0x20, 0x3d, 0x20, 0x61, 0x62, 0x73,
        0x28, 0x64, 0x6f, 0x74, 0x28, 0x66, 0x61, 0x63, 0x65, 0x4e, 0x6f, 0x72, 0x6d, 0x61, 0x6c, 0x2c,
        0x20, 0x4c, 0x69, 0x67, 0x68, 0x74, 0x44, 0x69, 0x72, 0x65, 0x63, 0x74, 0x69, 0x6f, 0x6e, 0x29,
        0x29, 0x3b, 0x0a, 0x0a, 0x20, 0x20, 0x20, 0x20, 0x20, 0x20, 0x20, 0x20, 0x2f, 0x2f, 0x20, 0x54,
        0x68, 0x72, 0x65, 0x73, 0x68, 0x6f, 0x6c, 0x64, 0x20, 0x62, 0x65, 0x6c, 0x6f, 0x77, 0x20, 0x77,
        0x68, 0x69, 0x63, 0x68, 0x20, 0x77, 0x65, 0x20, 0x63, 0x6f, 0x6e, 0x73, 0x69, 0x64, 0x65, 0x72,
        0x20, 0x74, 0x68, 0x65, 0x20, 0x73, 0x75, 0x72, 0x66, 0x61, 0x63, 0x65, 0x20, 0x74, 0x6f, 0x6f,
        0x20, 0x70, 0x61, 0x72, 0x61, 0x6c, 0x6c, 0x65, 0x6c, 0x20, 0x74, 0x6f, 0x20, 0x73, 0x68, 0x61,
        0x64, 0x6f, 0x77, 0x20, 0x72, 0x65, 0x6c, 0x69, 0x61, 0x62, 0x6c, 0x79, 0x2e, 0x0a, 0x20, 0x20,
        0x20, 0x20, 0x20, 0x20, 0x20, 0x20, 0x2f, 0x2f, 0x20, 0x30, 0x2e, 0x31, 0x20, 0xe2, 0x89, 0x88,
        0x20, 0x73, 0x75, 0x72, 0x66, 0x61, 0x63, 0x65, 0x73, 0x20, 0x77, 0x69, 0x74, 0x68, 0x69, 0x6e,
        0x20, 0x7e, 0x38, 0x34, 0xc2, 0xb0, 0x20, 0x6f, 0x66, 0x20, 0x74, 0x68, 0x65, 0x20, 0x6c, 0x69,
        0x67, 0x68, 0x74, 0x20, 0x64, 0x69, 0x72, 0x65, 0x63, 0x74, 0x69, 0x6f, 0x6e, 0x20, 0x61, 0x72,
        0x65, 0x20, 0x65, 0x78, 0x63, 0x6c, 0x75, 0x64, 0x65, 0x64, 0x2e, 0x0a, 0x20, 0x20, 0x20, 0x20,
        0x20, 0x20, 0x20, 0x20, 0x69, 0x66, 0x20, 0x28, 0x4e, 0x64, 0x6f, 0x74, 0x4c, 0x20, 0x3e, 0x3d,
        0x20, 0x30, 0x2e, 0x30, 0x35, 0x29, 0x0a, 0x20, 0x20, 0x20, 0x20, 0x20, 0x20, 0x20, 0x20, 0x7b,
        0x0a, 0x20, 0x20, 0x20, 0x20, 0x20, 0x20, 0x20, 0x20, 0x20, 0x20, 0x20, 0x20, 0x62, 0x6f, 0x6f,
        0x6c, 0x20, 0x69, 0x73, 0x49, 0x6e, 0x4c, 0x69, 0x67, 0x68, 0x74, 0x30, 0x20, 0x3d, 0x20, 0x66,
        0x61, 0x6c, 0x73, 0x65, 0x3b, 0x0a, 0x20, 0x20, 0x20, 0x20, 0x20, 0x20, 0x20, 0x20, 0x20, 0x20,
        0x20, 0x20, 0x62, 0x6f, 0x6f, 0x6c, 0x20, 0x69, 0x73, 0x53, 0x68, 0x61, 0x64, 0x6f, 0x77, 0x65,
        0x64, 0x30, 0x20, 0x3d, 0x20, 0x66, 0x61, 0x6c, 0x73, 0x65, 0x3b, 0x0a, 0x20, 0x20, 0x20, 0x20,
        0x20, 0x20, 0x20, 0x20, 0x20, 0x20, 0x20, 0x20, 0x23, 0x69, 0x66, 0x20, 0x53, 0x4d, 0x36, 0x0a,
        0x20, 0x20, 0x20, 0x20, 0x20, 0x20, 0x20, 0x20, 0x20, 0x20, 0x20, 0x20, 0x61, 0x70, 0x70, 0x6c,
        0x79, 0x53, 0x68, 0x61, 0x64, 0x6f, 0x77, 0x69, 0x6e, 0x67, 0x53, 0x69, 0x6e, 0x67, 0x6c, 0x65,
        0x28, 0x77, 0x6f, 0x72, 0x6c, 0x64, 0x50, 0x6f, 0x73, 0x2c, 0x20, 0x4c, 0x69, 0x67, 0x68, 0x74,
        0x56, 0x69, 0x65, 0x77, 0x50, 0x72, 0x6f, 0x6a, 0x30, 0x2c, 0x20, 0x53, 0x68, 0x61, 0x64, 0x6f,
        0x77, 0x4d, 0x61, 0x70, 0x30, 0x2c, 0x20, 0x53, 0x68, 0x61, 0x64, 0x6f, 0x77, 0x4d, 0x61, 0x70,
        0x53, 0x61, 0x6d, 0x70, 0x6c, 0x65, 0x72, 0x30, 0x2c, 0x20, 0x69, 0x73, 0x49, 0x6e, 0x4c, 0x69,
        0x67, 0x68, 0x74, 0x30, 0x2c, 0x20, 0x69, 0x73, 0x53, 0x68, 0x61, 0x64, 0x6f, 0x77, 0x65, 0x64,
        0x30, 0x29, 0x3b, 0x0a, 0x20, 0x20, 0x20, 0x20, 0x20, 0x20, 0x20, 0x20, 0x20, 0x20, 0x20, 0x20,
        0x23, 0x65, 0x6c, 0x73, 0x65, 0x0a, 0x20, 0x20, 0x20, 0x20, 0x20, 0x20, 0x20, 0x20, 0x20, 0x20,
        0x20, 0x20, 0x61, 0x70, 0x70, 0x6c, 0x79, 0x53, 0x68, 0x61, 0x64, 0x6f, 0x77, 0x69, 0x6e, 0x67,
        0x53, 0x69, 0x6e, 0x67, 0x6c, 0x65, 0x28, 0x77, 0x6f, 0x72, 0x6c, 0x64, 0x50, 0x6f, 0x73, 0x2c,
        0x20, 0x4c, 0x69, 0x67, 0x68, 0x74, 0x56, 0x69, 0x65, 0x77, 0x50, 0x72, 0x6f, 0x6a, 0x30, 0x2c,
        0x20, 0x53, 0x68, 0x61, 0x64, 0x6f, 0x77, 0x4d, 0x61, 0x70, 0x53, 0x61, 0x6d, 0x70, 0x6c, 0x65,
        0x72, 0x30, 0x2c, 0x20, 0x69, 0x73, 0x49, 0x6e, 0x4c, 0x69, 0x67, 0x68, 0x74, 0x30, 0x2c, 0x20,
        0x69, 0x73, 0x53, 0x68, 0x61, 0x64, 0x6f, 0x77, 0x65, 0x64, 0x30, 0x29, 0x3b, 0x0a, 0x20, 0x20,
        0x20, 0x20, 0x20, 0x20, 0x20, 0x20, 0x20, 0x20, 0x20, 0x20, 0x23, 0x65, 0x6e, 0x64, 0x69, 0x66,
        0x0a, 0x20, 0x20, 0x20, 0x20, 0x20, 0x20, 0x20, 0x20, 0x20, 0x20, 0x20, 0x20, 0x69, 0x66, 0x20,
        0x28, 0x69, 0x73, 0x49, 0x6e, 0x4c, 0x69, 0x67, 0x68, 0x74, 0x30, 0x29, 0x20, 0x72, 0x65, 0x74,
        0x75, 0x72, 0x6e, 0x20, 0x69, 0x73, 0x53, 0x68, 0x61, 0x64, 0x6f, 0x77, 0x65, 0x64, 0x30, 0x3b,
        0x0a, 0x0a, 0x20, 0x20, 0x20, 0x20, 0x20, 0x20, 0x20, 0x20, 0x20, 0x20, 0x20, 0x20, 0x69, 0x66,
        0x20, 0x28, 0x4e, 0x75, 0x6d, 0x43, 0x61, 0x73, 0x63, 0x61, 0x64, 0x65, 0x73, 0x20, 0x3e, 0x20,
        0x31, 0x29, 0x0a, 0x20, 0x20, 0x20, 0x20, 0x20, 0x20, 0x20, 0x20, 0x20, 0x20, 0x20, 0x20, 0x7b,
        0x0a, 0x20, 0x20, 0x20, 0x20, 0x20, 0x20, 0x20, 0x20, 0x20, 0x20, 0x20, 0x20, 0x20, 0x20, 0x20,
        0x20, 0x62, 0x6f, 0x6f, 0x6c, 0x20, 0x69, 0x73, 0x49, 0x6e, 0x4c, 0x69, 0x67, 0x68, 0x74, 0x31,
        0x20, 0x3d, 0x20, 0x66, 0x61, 0x6c, 0x73, 0x65, 0x3b, 0x0a, 0x20, 0x20, 0x20, 0x20, 0x20, 0x20,
        0x20, 0x20, 0x20, 0x20, 0x20, 0x20, 0x20, 0x20, 0x20, 0x20, 0x62, 0x6f, 0x6f, 0x6c, 0x20, 0x69,
        0x73, 0x53, 0x68, 0x61, 0x64, 0x6f, 0x77, 0x65, 0x64, 0x31, 0x20, 0x3d, 0x20, 0x66, 0x61, 0x6c,
        0x73, 0x65, 0x3b, 0x0a, 0x20, 0x20, 0x20, 0x20, 0x20, 0x20, 0x20, 0x20, 0x20, 0x20, 0x20, 0x20,
        0x20, 0x20, 0x20, 0x20, 0x23, 0x69, 0x66, 0x20, 0x53, 0x4d, 0x36, 0x0a, 0x20, 0x20, 0x20, 0x20,
        0x20, 0x20, 0x20, 0x20, 0x20, 0x20, 0x20, 0x20, 0x20, 0x20, 0x20, 0x20, 0x61, 0x70, 0x70, 0x6c,
        0x79, 0x53, 0x68, 0x61, 0x64, 0x6f, 0x77, 0x69, 0x6e, 0x67, 0x53, 0x69, 0x6e, 0x67, 0x6c, 0x65,
        0x28, 0x77, 0x6f, 0x72, 0x6c, 0x64, 0x50, 0x6f, 0x73, 0x2c, 0x20, 0x4c, 0x69, 0x67, 0x68, 0x74,
        0x56, 0x69, 0x65, 0x77, 0x50, 0x72, 0x6f, 0x6a, 0x31, 0x2c, 0x20, 0x53, 0x68, 0x61, 0x64, 0x6f,
        0x77, 0x4d, 0x61, 0x70, 0x31, 0x2c, 0x20, 0x53, 0x68, 0x61, 0x64, 0x6f, 0x77, 0x4d, 0x61, 0x70,
        0x53, 0x61, 0x6d, 0x70, 0x6c, 0x65, 0x72, 0x31, 0x2c, 0x20, 0x69, 0x73, 0x49, 0x6e, 0x4c, 0x69,
        0x67, 0x68, 0x74, 0x31, 0x2c, 0x20, 0x69, 0x73, 0x53, 0x68, 0x61, 0x64, 0x6f, 0x77, 0x65, 0x64,
        0x31, 0x29, 0x3b, 0x0a, 0x20, 0x20, 0x20, 0x20, 0x20, 0x20, 0x20, 0x20, 0x20, 0x20, 0x20, 0x20,
        0x20, 0x20, 0x20, 0x20, 0x23, 0x65, 0x6c, 0x73, 0x65, 0x0a, 0x20, 0x20, 0x20, 0x20, 0x20, 0x20,
        0x20, 0x20, 0x20, 0x20, 0x20, 0x20, 0x20, 0x20, 0x20, 0x20, 0x61, 0x70, 0x70, 0x6c, 0x79, 0x53,
        0x68, 0x61, 0x64, 0x6f, 0x77, 0x69, 0x6e, 0x67, 0x53, 0x69, 0x6e, 0x67, 0x6c, 0x65, 0x28, 0x77,
        0x6f, 0x72, 0x6c, 0x64, 0x50, 0x6f, 0x73, 0x2c, 0x20, 0x4c, 0x69, 0x67, 0x68, 0x74, 0x56, 0x69,
        0x65, 0x77, 0x50, 0x72, 0x6f, 0x6a, 0x31, 0x2c, 0x20, 0x53, 0x68, 0x61, 0x64, 0x6f, 0x77, 0x4d,
        0x61, 0x70, 0x53, 0x61, 0x6d, 0x70, 0x6c, 0x65, 0x72, 0x31, 0x2c, 0x20, 0x69, 0x73, 0x49, 0x6e,
        0x4c, 0x69, 0x67, 0x68, 0x74, 0x31, 0x2c, 0x20, 0x69, 0x73, 0x53, 0x68, 0x61, 0x64, 0x6f, 0x77,
        0x65, 0x64, 0x31, 0x29, 0x3b, 0x0a, 0x20, 0x20, 0x20, 0x20, 0x20, 0x20, 0x20, 0x20, 0x20, 0x20,
        0x20, 0x20, 0x20, 0x20, 0x20, 0x20, 0x23, 0x65, 0x6e, 0x64, 0x69, 0x66, 0x0a, 0x20, 0x20, 0x20,
        0x20, 0x20, 0x20, 0x20, 0x20, 0x20, 0x20, 0x20, 0x20, 0x20, 0x20, 0x20, 0x20, 0x69, 0x66, 0x20,
        0x28, 0x69, 0x73, 0x49, 0x6e, 0x4c, 0x69, 0x67, 0x68, 0x74, 0x31, 0x29, 0x20, 0x72, 0x65, 0x74,
        0x75, 0x72, 0x6e, 0x20, 0x69, 0x73, 0x53, 0x68, 0x61, 0x64, 0x6f, 0x77, 0x65, 0x64, 0x31, 0x3b,
        0x0a, 0x0a, 0x20, 0x20, 0x20, 0x20, 0x20, 0x20, 0x20, 0x20, 0x20, 0x20, 0x20, 0x20, 0x20, 0x20,
        0x20, 0x20, 0x69, 0x66, 0x20, 0x28, 0x4e, 0x75, 0x6d, 0x43, 0x61, 0x73, 0x63, 0x61, 0x64, 0x65,
        0x73, 0x20, 0x3e, 0x20, 0x32, 0x29, 0x0a, 0x20, 0x20, 0x20, 0x20, 0x20, 0x20, 0x20, 0x20, 0x20,
        0x20, 0x20, 0x20, 0x20, 0x20, 0x20, 0x20, 0x7b, 0x0a, 0x20, 0x20, 0x20, 0x20, 0x20, 0x20, 0x20,
        0x20, 0x20, 0x20, 0x20, 0x20, 0x20, 0x20, 0x20, 0x20, 0x20, 0x20, 0x20, 0x20, 0x62, 0x6f, 0x6f,
        0x6c, 0x20, 0x69, 0x73, 0x49, 0x6e, 0x4c, 0x69, 0x67, 0x68, 0x74, 0x32, 0x20, 0x3d, 0x20, 0x66,
        0x61, 0x6c, 0x73, 0x65, 0x3b, 0x0a, 0x20, 0x20, 0x20, 0x20, 0x20, 0x20, 0x20, 0x20, 0x20, 0x20,
        0x20, 0x20, 0x20, 0x20, 0x20, 0x20, 0x20, 0x20, 0x20, 0x20, 0x62, 0x6f, 0x6f, 0x6c, 0x20, 0x69,
        0x73, 0x53, 0x68, 0x61, 0x64, 0x6f, 0x77, 0x65, 0x64, 0x32, 0x20, 0x3d, 0x20, 0x66, 0x61, 0x6c,
        0x73, 0x65, 0x3b, 0x0a, 0x20, 0x20, 0x20, 0x20, 0x20, 0x20, 0x20, 0x20, 0x20, 0x20, 0x20, 0x20,
        0x20, 0x20, 0x20, 0x20, 0x20, 0x20, 0x20, 0x20, 0x23, 0x69, 0x66, 0x20, 0x53, 0x4d, 0x36, 0x0a,
        0x20, 0x20, 0x20, 0x20, 0x20, 0x20, 0x20, 0x20, 0x20, 0x20, 0x20, 0x20, 0x20, 0x20, 0x20, 0x20,
        0x20, 0x20, 0x20, 0x20, 0x61, 0x70, 0x70, 0x6c, 0x79, 0x53, 0x68, 0x61, 0x64, 0x6f, 0x77, 0x69,
        0x6e, 0x67, 0x53, 0x69, 0x6e, 0x67, 0x6c, 0x65, 0x28, 0x77, 0x6f, 0x72, 0x6c, 0x64, 0x50, 0x6f,
        0x73, 0x2c, 0x20, 0x4c, 0x69, 0x67, 0x68, 0x74, 0x56, 0x69, 0x65, 0x77, 0x50, 0x72, 0x6f, 0x6a,
        0x32, 0x2c, 0x20, 0x53, 0x68, 0x61, 0x64, 0x6f, 0x77, 0x4d, 0x61, 0x70, 0x32, 0x2c, 0x20, 0x53,
        0x68, 0x61, 0x64, 0x6f, 0x77, 0x4d, 0x61, 0x70, 0x53, 0x61, 0x6d, 0x70, 0x6c, 0x65, 0x72, 0x32,
        0x2c, 0x20, 0x69, 0x73, 0x49, 0x6e, 0x4c, 0x69, 0x67, 0x68, 0x74, 0x32, 0x2c, 0x20, 0x69, 0x73,
        0x53, 0x68, 0x61, 0x64, 0x6f, 0x77, 0x65, 0x64, 0x32, 0x29, 0x3b, 0x0a, 0x20, 0x20, 0x20, 0x20,
        0x20, 0x20, 0x20, 0x20, 0x20, 0x20, 0x20, 0x20, 0x20, 0x20, 0x20, 0x20, 0x20, 0x20, 0x20, 0x20,
        0x23, 0x65, 0x6c, 0x73, 0x65, 0x0a, 0x20, 0x20, 0x20, 0x20, 0x20, 0x20, 0x20, 0x20, 0x20, 0x20,
        0x20, 0x20, 0x20, 0x20, 0x20, 0x20, 0x20, 0x20, 0x20, 0x20, 0x61, 0x70, 0x70, 0x6c, 0x79, 0x53,
        0x68, 0x61, 0x64, 0x6f, 0x77, 0x69, 0x6e, 0x67, 0x53, 0x69, 0x6e, 0x67, 0x6c, 0x65, 0x28, 0x77,
        0x6f, 0x72, 0x6c, 0x64, 0x50, 0x6f, 0x73, 0x2c, 0x20, 0x4c, 0x69, 0x67, 0x68, 0x74, 0x56, 0x69,
        0x65, 0x77, 0x50, 0x72, 0x6f, 0x6a, 0x32, 0x2c, 0x20, 0x53, 0x68, 0x61, 0x64, 0x6f, 0x77, 0x4d,
        0x61, 0x70, 0x53, 0x61, 0x6d, 0x70, 0x6c, 0x65, 0x72, 0x32, 0x2c, 0x20, 0x69, 0x73, 0x49, 0x6e,
        0x4c, 0x69, 0x67, 0x68, 0x74, 0x32, 0x2c, 0x20, 0x69, 0x73, 0x53, 0x68, 0x61, 0x64, 0x6f, 0x77,
        0x65, 0x64, 0x32, 0x29, 0x3b, 0x0a, 0x20, 0x20, 0x20, 0x20, 0x20, 0x20, 0x20, 0x20, 0x20, 0x20,
        0x20, 0x20, 0x20, 0x20, 0x20, 0x20, 0x20, 0x20, 0x20, 0x20, 0x23, 0x65, 0x6e, 0x64, 0x69, 0x66,
        0x0a, 0x20, 0x20, 0x20, 0x20, 0x20, 0x20, 0x20, 0x20, 0x20, 0x20, 0x20, 0x20, 0x20, 0x20, 0x20,
        0x20, 0x20, 0x20, 0x20, 0x20, 0x69, 0x66, 0x20, 0x28, 0x69, 0x73, 0x49, 0x6e, 0x4c, 0x69, 0x67,
        0x68, 0x74, 0x32, 0x29, 0x20, 0x72, 0x65, 0x74, 0x75, 0x72, 0x6e, 0x20, 0x69, 0x73, 0x53, 0x68,
        0x61, 0x64, 0x6f, 0x77, 0x65, 0x64, 0x32, 0x3b, 0x0a, 0x20, 0x20, 0x20, 0x20, 0x20, 0x20, 0x20,
        0x20, 0x20, 0x20, 0x20, 0x20, 0x20, 0x20, 0x20, 0x20, 0x7d, 0x0a, 0x20, 0x20, 0x20, 0x20, 0x20,
        0x20, 0x20, 0x20, 0x20, 0x20, 0x20, 0x20, 0x7d, 0x0a, 0x20, 0x20, 0x20, 0x20, 0x20, 0x20, 0x20,
        0x20, 0x7d, 0x0a, 0x20, 0x20, 0x20, 0x20, 0x7d, 0x0a, 0x0a, 0x20, 0x20, 0x20, 0x20, 0x72, 0x65,
        0x74, 0x75, 0x72, 0x6e, 0x20, 0x66, 0x61, 0x6c, 0x73, 0x65, 0x3b, 0x0a, 0x7d, 0x0a, 0x0a, 0x2f,
        0x2f, 0x20, 0x4c, 0x65, 0x67, 0x61, 0x63, 0x79, 0x20, 0x70, 0x61, 0x74, 0x68, 0x20, 0x66, 0x6f,
        0x72, 0x20, 0x66, 0x75, 0x6c, 0x6c, 0x62, 0x72, 0x69, 0x67, 0x68, 0x74, 0x20, 0x73, 0x68, 0x61,
        0x64, 0x65, 0x72, 0x73, 0x20, 0x28, 0x74, 0x65, 0x72, 0x72, 0x61, 0x69, 0x6e, 0x29, 0x20, 0x77,
        0x69, 0x74, 0x68, 0x20, 0x6e, 0x6f, 0x20, 0x64, 0x69, 0x66, 0x66, 0x75, 0x73, 0x65, 0x20, 0x74,
        0x65, 0x72, 0x6d, 0x3a, 0x20, 0x64, 0x61, 0x72, 0x6b, 0x65, 0x6e, 0x0a, 0x2f, 0x2f, 0x20, 0x74,
        0x68, 0x65, 0x20, 0x63, 0x6f, 0x6c, 0x6f, 0x72, 0x20, 0x6f, 0x6e, 0x63, 0x65, 0x20, 0x77, 0x68,
        0x65, 0x72, 0x65, 0x20, 0x74, 0x68, 0x65, 0x20, 0x70, 0x69, 0x78, 0x65, 0x6c, 0x20, 0x69, 0x73,
        0x20, 0x73, 0x68, 0x61, 0x64, 0x6f, 0x77, 0x65, 0x64, 0x2e, 0x20, 0x55, 0x73, 0x65, 0x64, 0x20,
        0x62, 0x79, 0x20, 0x47, 0x72, 0x6f, 0x75, 0x6e, 0x64, 0x2e, 0x66, 0x78, 0x20, 0x2f, 0x20, 0x4d,
        0x6f, 0x75, 0x6e, 0x74, 0x61, 0x69, 0x6e, 0x73, 0x2e, 0x66, 0x78, 0x2e, 0x0a, 0x76, 0x6f, 0x69,
        0x64, 0x20, 0x50, 0x53, 0x5f, 0x41, 0x70, 0x70, 0x6c, 0x79, 0x53, 0x68, 0x61, 0x64, 0x6f, 0x77,
        0x69, 0x6e, 0x67, 0x28, 0x0a, 0x20, 0x20, 0x20, 0x20, 0x69, 0x6e, 0x6f, 0x75, 0x74, 0x20, 0x66,
        0x6c, 0x6f, 0x61, 0x74, 0x33, 0x20, 0x64, 0x69, 0x66, 0x66, 0x75, 0x73, 0x65, 0x2c, 0x0a, 0x20,
        0x20, 0x20, 0x20, 0x69, 0x6e, 0x20, 0x66, 0x6c, 0x6f, 0x61, 0x74, 0x34, 0x20, 0x77, 0x6f, 0x72,
        0x6c, 0x64, 0x50, 0x6f, 0x73, 0x2c, 0x0a, 0x20, 0x20, 0x20, 0x20, 0x69, 0x6e, 0x20, 0x66, 0x6c,
        0x6f, 0x61, 0x74, 0x33, 0x20, 0x66, 0x61, 0x63, 0x65, 0x4e, 0x6f, 0x72, 0x6d, 0x61, 0x6c, 0x0a,
        0x29, 0x0a, 0x7b, 0x0a, 0x20, 0x20, 0x20, 0x20, 0x69, 0x66, 0x20, 0x28, 0x50, 0x53, 0x5f, 0x49,
        0x73, 0x53, 0x68, 0x61, 0x64, 0x6f, 0x77, 0x65, 0x64, 0x28, 0x77, 0x6f, 0x72, 0x6c, 0x64, 0x50,
        0x6f, 0x73, 0x2c, 0x20, 0x66, 0x61, 0x63, 0x65, 0x4e, 0x6f, 0x72, 0x6d, 0x61, 0x6c, 0x29, 0x29,
        0x0a, 0x20, 0x20, 0x20, 0x20, 0x7b, 0x0a, 0x20, 0x20, 0x20, 0x20, 0x20, 0x20, 0x20, 0x20, 0x64,
        0x69, 0x66, 0x66, 0x75, 0x73, 0x65, 0x20, 0x3d, 0x20, 0x64, 0x69, 0x66, 0x66, 0x75, 0x73, 0x65,
        0x20, 0x2a, 0x20, 0x66, 0x6c, 0x6f, 0x61, 0x74, 0x33, 0x28, 0x30, 0x2e, 0x35, 0x2c, 0x20, 0x30,
        0x2e, 0x35, 0x2c, 0x20, 0x30, 0x2e, 0x35, 0x29, 0x3b, 0x0a, 0x20, 0x20, 0x20, 0x20, 0x7d, 0x0a,
        0x7d, 0x00, 0x00, 0x00, 0x04, 0x00, 0x0a, 0x00, 0x47, 0x4c, 0x5f, 0x47, 0x4f, 0x4f, 0x47, 0x4c,
        0x45, 0x5f, 0x63, 0x70, 0x70, 0x5f, 0x73, 0x74, 0x79, 0x6c, 0x65, 0x5f, 0x6c, 0x69, 0x6e, 0x65,
        0x5f, 0x64, 0x69, 0x72, 0x65, 0x63, 0x74, 0x69, 0x76, 0x65, 0x00, 0x00, 0x04, 0x00, 0x08, 0x00,
        0x47, 0x4c, 0x5f, 0x47, 0x4f, 0x4f, 0x47, 0x4c, 0x45, 0x5f, 0x69, 0x6e, 0x63, 0x6c, 0x75, 0x64,
        0x65, 0x5f, 0x64, 0x69, 0x72, 0x65, 0x63, 0x74, 0x69, 0x76, 0x65, 0x00, 0x05, 0x00, 0x07, 0x00,
        0x06, 0x00, 0x00, 0x00, 0x50, 0x69, 0x78, 0x65, 0x6c, 0x53, 0x68, 0x61, 0x64, 0x65, 0x72, 0x46,
        0x75, 0x6e, 0x63, 0x74, 0x69, 0x6f, 0x6e, 0x00, 0x05, 0x00, 0x04, 0x00, 0xa2, 0x00, 0x00, 0x00,
        0x24, 0x47, 0x6c, 0x6f, 0x62, 0x61, 0x6c, 0x00, 0x06, 0x00, 0x07, 0x00, 0xa2, 0x00, 0x00, 0x00,
        0x00, 0x00, 0x00, 0x00, 0x4c, 0x69, 0x67, 0x68, 0x74, 0x56, 0x69, 0x65, 0x77, 0x50, 0x72, 0x6f,
        0x6a, 0x30, 0x00, 0x00, 0x06, 0x00, 0x07, 0x00, 0xa2, 0x00, 0x00, 0x00, 0x01, 0x00, 0x00, 0x00,
        0x4c, 0x69, 0x67, 0x68, 0x74, 0x56, 0x69, 0x65, 0x77, 0x50, 0x72, 0x6f, 0x6a, 0x31, 0x00, 0x00,
        0x06, 0x00, 0x07, 0x00, 0xa2, 0x00, 0x00, 0x00, 0x02, 0x00, 0x00, 0x00, 0x4c, 0x69, 0x67, 0x68,
        0x74, 0x56, 0x69, 0x65, 0x77, 0x50, 0x72, 0x6f, 0x6a, 0x32, 0x00, 0x00, 0x06, 0x00, 0x06, 0x00,
        0xa2, 0x00, 0x00, 0x00, 0x03, 0x00, 0x00, 0x00, 0x44, 0x65, 0x70, 0x74, 0x68, 0x42, 0x69, 0x61,
        0x73, 0x00, 0x00, 0x00, 0x06, 0x00, 0x06, 0x00, 0xa2, 0x00, 0x00, 0x00, 0x04, 0x00, 0x00, 0x00,
        0x4e, 0x75, 0x6d, 0x43, 0x61, 0x73, 0x63, 0x61, 0x64, 0x65, 0x73, 0x00, 0x06, 0x00, 0x07, 0x00,
        0xa2, 0x00, 0x00, 0x00, 0x05, 0x00, 0x00, 0x00, 0x4c, 0x69, 0x67, 0x68, 0x74, 0x44, 0x69, 0x72,
        0x65, 0x63, 0x74, 0x69, 0x6f, 0x6e, 0x00, 0x00, 0x06, 0x00, 0x06, 0x00, 0xa2, 0x00, 0x00, 0x00,
        0x06, 0x00, 0x00, 0x00, 0x57, 0x6f, 0x72, 0x6c, 0x64, 0x56, 0x69, 0x65, 0x77, 0x00, 0x00, 0x00,
        0x06, 0x00, 0x07, 0x00, 0xa2, 0x00, 0x00, 0x00, 0x07, 0x00, 0x00, 0x00, 0x57, 0x6f, 0x72, 0x6c,
        0x64, 0x56, 0x69, 0x65, 0x77, 0x50, 0x72, 0x6f, 0x6a, 0x00, 0x00, 0x00, 0x06, 0x00, 0x06, 0x00,
        0xa2, 0x00, 0x00, 0x00, 0x08, 0x00, 0x00, 0x00, 0x46, 0x6f, 0x67, 0x43, 0x6f, 0x6c, 0x6f, 0x72,
        0x00, 0x00, 0x00, 0x00, 0x06, 0x00, 0x06, 0x00, 0xa2, 0x00, 0x00, 0x00, 0x09, 0x00, 0x00, 0x00,
        0x46, 0x6f, 0x67, 0x44, 0x69, 0x73, 0x74, 0x61, 0x6e, 0x63, 0x65, 0x00, 0x06, 0x00, 0x07, 0x00,
        0xa2, 0x00, 0x00, 0x00, 0x0a, 0x00, 0x00, 0x00, 0x46, 0x6f, 0x67, 0x4c, 0x6f, 0x67, 0x44, 0x65,
        0x6e, 0x73, 0x69, 0x74, 0x79, 0x00, 0x00, 0x00, 0x05, 0x00, 0x03, 0x00, 0xa4, 0x00, 0x00, 0x00,
        0x00, 0x00, 0x00, 0x00, 0x05, 0x00, 0x05, 0x00, 0xd0, 0x00, 0x00, 0x00, 0x53, 0x68, 0x61, 0x64,
        0x6f, 0x77, 0x4d, 0x61, 0x70, 0x30, 0x00, 0x00, 0x05, 0x00, 0x07, 0x00, 0xd2, 0x00, 0x00, 0x00,
        0x53, 0x68, 0x61, 0x64, 0x6f, 0x77, 0x4d, 0x61, 0x70, 0x53, 0x61, 0x6d, 0x70, 0x6c, 0x65, 0x72,
        0x30, 0x00, 0x00, 0x00, 0x05, 0x00, 0x05, 0x00, 0xef, 0x00, 0x00, 0x00, 0x53, 0x68, 0x61, 0x64,
        0x6f, 0x77, 0x4d, 0x61, 0x70, 0x31, 0x00, 0x00, 0x05, 0x00, 0x07, 0x00, 0xf0, 0x00, 0x00, 0x00,
        0x53, 0x68, 0x61, 0x64, 0x6f, 0x77, 0x4d, 0x61, 0x70, 0x53, 0x61, 0x6d, 0x70, 0x6c, 0x65, 0x72,
        0x31, 0x00, 0x00, 0x00, 0x05, 0x00, 0x05, 0x00, 0x0c, 0x01, 0x00, 0x00, 0x53, 0x68, 0x61, 0x64,
        0x6f, 0x77, 0x4d, 0x61, 0x70, 0x32, 0x00, 0x00, 0x05, 0x00, 0x07, 0x00, 0x0d, 0x01, 0x00, 0x00,
        0x53, 0x68, 0x61, 0x64, 0x6f, 0x77, 0x4d, 0x61, 0x70, 0x53, 0x61, 0x6d, 0x70, 0x6c, 0x65, 0x72,
        0x32, 0x00, 0x00, 0x00, 0x05, 0x00, 0x05, 0x00, 0x60, 0x01, 0x00, 0x00, 0x69, 0x6e, 0x70, 0x75,
        0x74, 0x2e, 0x43, 0x6f, 0x6c, 0x6f, 0x72, 0x00, 0x05, 0x00, 0x06, 0x00, 0x63, 0x01, 0x00, 0x00,
        0x69, 0x6e, 0x70, 0x75, 0x74, 0x2e, 0x57, 0x6f, 0x72, 0x6c, 0x64, 0x50, 0x6f, 0x73, 0x00, 0x00,
        0x05, 0x00, 0x07, 0x00, 0x67, 0x01, 0x00, 0x00, 0x69, 0x6e, 0x70, 0x75, 0x74, 0x2e, 0x56, 0x69,
        0x65, 0x77, 0x4c, 0x65, 0x6e, 0x67, 0x74, 0x68, 0x00, 0x00, 0x00, 0x00, 0x05, 0x00, 0x07, 0x00,
        0x6b, 0x01, 0x00, 0x00, 0x40, 0x65, 0x6e, 0x74, 0x72, 0x79, 0x50, 0x6f, 0x69, 0x6e, 0x74, 0x4f,
        0x75, 0x74, 0x70, 0x75, 0x74, 0x00, 0x00, 0x00, 0x4a, 0x01, 0x09, 0x00, 0x65, 0x6e, 0x74, 0x72,
        0x79, 0x2d, 0x70, 0x6f, 0x69, 0x6e, 0x74, 0x20, 0x50, 0x69, 0x78, 0x65, 0x6c, 0x53, 0x68, 0x61,
        0x64, 0x65, 0x72, 0x46, 0x75, 0x6e, 0x63, 0x74, 0x69, 0x6f, 0x6e, 0x00, 0x4a, 0x01, 0x06, 0x00,
        0x63, 0x6c, 0x69, 0x65, 0x6e, 0x74, 0x20, 0x76, 0x75, 0x6c, 0x6b, 0x61, 0x6e, 0x31, 0x30, 0x30,
        0x00, 0x00, 0x00, 0x00, 0x4a, 0x01, 0x06, 0x00, 0x74, 0x61, 0x72, 0x67, 0x65, 0x74, 0x2d, 0x65,
        0x6e, 0x76, 0x20, 0x73, 0x70, 0x69, 0x72, 0x76, 0x31, 0x2e, 0x33, 0x00, 0x4a, 0x01, 0x07, 0x00,
        0x74, 0x61, 0x72, 0x67, 0x65, 0x74, 0x2d, 0x65, 0x6e, 0x76, 0x20, 0x76, 0x75, 0x6c, 0x6b, 0x61,
        0x6e, 0x31, 0x2e, 0x31, 0x00, 0x00, 0x00, 0x00, 0x4a, 0x01, 0x05, 0x00, 0x68, 0x6c, 0x73, 0x6c,
        0x2d, 0x6f, 0x66, 0x66, 0x73, 0x65, 0x74, 0x73, 0x00, 0x00, 0x00, 0x00, 0x47, 0x00, 0x03, 0x00,
        0xa2, 0x00, 0x00, 0x00, 0x02, 0x00, 0x00, 0x00, 0x48, 0x00, 0x04, 0x00, 0xa2, 0x00, 0x00, 0x00,
        0x00, 0x00, 0x00, 0x00, 0x04, 0x00, 0x00, 0x00, 0x48, 0x00, 0x05, 0x00, 0xa2, 0x00, 0x00, 0x00,
        0x00, 0x00, 0x00, 0x00, 0x07, 0x00, 0x00, 0x00, 0x10, 0x00, 0x00, 0x00, 0x48, 0x00, 0x05, 0x00,
        0xa2, 0x00, 0x00, 0x00, 0x00, 0x00, 0x00, 0x00, 0x23, 0x00, 0x00, 0x00, 0x00, 0x00, 0x00, 0x00,
        0x48, 0x00, 0x04, 0x00, 0xa2, 0x00, 0x00, 0x00, 0x01, 0x00, 0x00, 0x00, 0x04, 0x00, 0x00, 0x00,
        0x48, 0x00, 0x05, 0x00, 0xa2, 0x00, 0x00, 0x00, 0x01, 0x00, 0x00, 0x00, 0x07, 0x00, 0x00, 0x00,
        0x10, 0x00, 0x00, 0x00, 0x48, 0x00, 0x05, 0x00, 0xa2, 0x00, 0x00, 0x00, 0x01, 0x00, 0x00, 0x00,
        0x23, 0x00, 0x00, 0x00, 0x40, 0x00, 0x00, 0x00, 0x48, 0x00, 0x04, 0x00, 0xa2, 0x00, 0x00, 0x00,
        0x02, 0x00, 0x00, 0x00, 0x04, 0x00, 0x00, 0x00, 0x48, 0x00, 0x05, 0x00, 0xa2, 0x00, 0x00, 0x00,
        0x02, 0x00, 0x00, 0x00, 0x07, 0x00, 0x00, 0x00, 0x10, 0x00, 0x00, 0x00, 0x48, 0x00, 0x05, 0x00,
        0xa2, 0x00, 0x00, 0x00, 0x02, 0x00, 0x00, 0x00, 0x23, 0x00, 0x00, 0x00, 0x80, 0x00, 0x00, 0x00,
        0x48, 0x00, 0x05, 0x00, 0xa2, 0x00, 0x00, 0x00, 0x03, 0x00, 0x00, 0x00, 0x23, 0x00, 0x00, 0x00,
        0xc0, 0x00, 0x00, 0x00, 0x48, 0x00, 0x05, 0x00, 0xa2, 0x00, 0x00, 0x00, 0x04, 0x00, 0x00, 0x00,
        0x23, 0x00, 0x00, 0x00, 0xc4, 0x00, 0x00, 0x00, 0x48, 0x00, 0x05, 0x00, 0xa2, 0x00, 0x00, 0x00,
        0x05, 0x00, 0x00, 0x00, 0x23, 0x00, 0x00, 0x00, 0xd0, 0x00, 0x00, 0x00, 0x48, 0x00, 0x04, 0x00,
        0xa2, 0x00, 0x00, 0x00, 0x06, 0x00, 0x00, 0x00, 0x04, 0x00, 0x00, 0x00, 0x48, 0x00, 0x05, 0x00,
        0xa2, 0x00, 0x00, 0x00, 0x06, 0x00, 0x00, 0x00, 0x07, 0x00, 0x00, 0x00, 0x10, 0x00, 0x00, 0x00,
        0x48, 0x00, 0x05, 0x00, 0xa2, 0x00, 0x00, 0x00, 0x06, 0x00, 0x00, 0x00, 0x23, 0x00, 0x00, 0x00,
        0xe0, 0x00, 0x00, 0x00, 0x48, 0x00, 0x04, 0x00, 0xa2, 0x00, 0x00, 0x00, 0x07, 0x00, 0x00, 0x00,
        0x04, 0x00, 0x00, 0x00, 0x48, 0x00, 0x05, 0x00, 0xa2, 0x00, 0x00, 0x00, 0x07, 0x00, 0x00, 0x00,
        0x07, 0x00, 0x00, 0x00, 0x10, 0x00, 0x00, 0x00, 0x48, 0x00, 0x05, 0x00, 0xa2, 0x00, 0x00, 0x00,
        0x07, 0x00, 0x00, 0x00, 0x23, 0x00, 0x00, 0x00, 0x20, 0x01, 0x00, 0x00, 0x48, 0x00, 0x05, 0x00,
        0xa2, 0x00, 0x00, 0x00, 0x08, 0x00, 0x00, 0x00, 0x23, 0x00, 0x00, 0x00, 0x60, 0x01, 0x00, 0x00,
        0x48, 0x00, 0x05, 0x00, 0xa2, 0x00, 0x00, 0x00, 0x09, 0x00, 0x00, 0x00, 0x23, 0x00, 0x00, 0x00,
        0x6c, 0x01, 0x00, 0x00, 0x48, 0x00, 0x05, 0x00, 0xa2, 0x00, 0x00, 0x00, 0x0a, 0x00, 0x00, 0x00,
        0x23, 0x00, 0x00, 0x00, 0x70, 0x01, 0x00, 0x00, 0x47, 0x00, 0x04, 0x00, 0xa4, 0x00, 0x00, 0x00,
        0x21, 0x00, 0x00, 0x00, 0x00, 0x00, 0x00, 0x00, 0x47, 0x00, 0x04, 0x00, 0xa4, 0x00, 0x00, 0x00,
        0x22, 0x00, 0x00, 0x00, 0x00, 0x00, 0x00, 0x00, 0x47, 0x00, 0x04, 0x00, 0xd0, 0x00, 0x00, 0x00,
        0x21, 0x00, 0x00, 0x00, 0x00, 0x00, 0x00, 0x00, 0x47, 0x00, 0x04, 0x00, 0xd0, 0x00, 0x00, 0x00,
        0x22, 0x00, 0x00, 0x00, 0x00, 0x00, 0x00, 0x00, 0x47, 0x00, 0x04, 0x00, 0xd2, 0x00, 0x00, 0x00,
        0x21, 0x00, 0x00, 0x00, 0x00, 0x00, 0x00, 0x00, 0x47, 0x00, 0x04, 0x00, 0xd2, 0x00, 0x00, 0x00,
        0x22, 0x00, 0x00, 0x00, 0x00, 0x00, 0x00, 0x00, 0x47, 0x00, 0x04, 0x00, 0xef, 0x00, 0x00, 0x00,
        0x21, 0x00, 0x00, 0x00, 0x01, 0x00, 0x00, 0x00, 0x47, 0x00, 0x04, 0x00, 0xef, 0x00, 0x00, 0x00,
        0x22, 0x00, 0x00, 0x00, 0x00, 0x00, 0x00, 0x00, 0x47, 0x00, 0x04, 0x00, 0xf0, 0x00, 0x00, 0x00,
        0x21, 0x00, 0x00, 0x00, 0x01, 0x00, 0x00, 0x00, 0x47, 0x00, 0x04, 0x00, 0xf0, 0x00, 0x00, 0x00,
        0x22, 0x00, 0x00, 0x00, 0x00, 0x00, 0x00, 0x00, 0x47, 0x00, 0x04, 0x00, 0x0c, 0x01, 0x00, 0x00,
        0x21, 0x00, 0x00, 0x00, 0x02, 0x00, 0x00, 0x00, 0x47, 0x00, 0x04, 0x00, 0x0c, 0x01, 0x00, 0x00,
        0x22, 0x00, 0x00, 0x00, 0x00, 0x00, 0x00, 0x00, 0x47, 0x00, 0x04, 0x00, 0x0d, 0x01, 0x00, 0x00,
        0x21, 0x00, 0x00, 0x00, 0x02, 0x00, 0x00, 0x00, 0x47, 0x00, 0x04, 0x00, 0x0d, 0x01, 0x00, 0x00,
        0x22, 0x00, 0x00, 0x00, 0x00, 0x00, 0x00, 0x00, 0x47, 0x00, 0x04, 0x00, 0x60, 0x01, 0x00, 0x00,
        0x1e, 0x00, 0x00, 0x00, 0x00, 0x00, 0x00, 0x00, 0x47, 0x00, 0x04, 0x00, 0x63, 0x01, 0x00, 0x00,
        0x1e, 0x00, 0x00, 0x00, 0x01, 0x00, 0x00, 0x00, 0x47, 0x00, 0x04, 0x00, 0x67, 0x01, 0x00, 0x00,
        0x1e, 0x00, 0x00, 0x00, 0x02, 0x00, 0x00, 0x00, 0x47, 0x00, 0x04, 0x00, 0x6b, 0x01, 0x00, 0x00,
        0x1e, 0x00, 0x00, 0x00, 0x00, 0x00, 0x00, 0x00, 0x13, 0x00, 0x02, 0x00, 0x04, 0x00, 0x00, 0x00,
        0x21, 0x00, 0x03, 0x00, 0x05, 0x00, 0x00, 0x00, 0x04, 0x00, 0x00, 0x00, 0x16, 0x00, 0x03, 0x00,
        0x08, 0x00, 0x00, 0x00, 0x20, 0x00, 0x00, 0x00, 0x17, 0x00, 0x04, 0x00, 0x09, 0x00, 0x00, 0x00,
        0x08, 0x00, 0x00, 0x00, 0x03, 0x00, 0x00, 0x00, 0x17, 0x00, 0x04, 0x00, 0x14, 0x00, 0x00, 0x00,
        0x08, 0x00, 0x00, 0x00, 0x04, 0x00, 0x00, 0x00, 0x18, 0x00, 0x04, 0x00, 0x16, 0x00, 0x00, 0x00,
        0x14, 0x00, 0x00, 0x00, 0x04, 0x00, 0x00, 0x00, 0x19, 0x00, 0x09, 0x00, 0x18, 0x00, 0x00, 0x00,
        0x08, 0x00, 0x00, 0x00, 0x01, 0x00, 0x00, 0x00, 0x00, 0x00, 0x00, 0x00, 0x00, 0x00, 0x00, 0x00,
        0x00, 0x00, 0x00, 0x00, 0x01, 0x00, 0x00, 0x00, 0x00, 0x00, 0x00, 0x00, 0x1a, 0x00, 0x02, 0x00,
        0x1a, 0x00, 0x00, 0x00, 0x14, 0x00, 0x02, 0x00, 0x1c, 0x00, 0x00, 0x00, 0x2b, 0x00, 0x04, 0x00,
        0x08, 0x00, 0x00, 0x00, 0x3b, 0x00, 0x00, 0x00, 0x00, 0x00, 0x00, 0x40, 0x2b, 0x00, 0x04, 0x00,
        0x08, 0x00, 0x00, 0x00, 0x40, 0x00, 0x00, 0x00, 0x00, 0x00, 0x00, 0x00, 0x2b, 0x00, 0x04, 0x00,
        0x08, 0x00, 0x00, 0x00, 0x4a, 0x00, 0x00, 0x00, 0x00, 0x00, 0x80, 0x3f, 0x2a, 0x00, 0x03, 0x00,
        0x1c, 0x00, 0x00, 0x00, 0x54, 0x00, 0x00, 0x00, 0x17, 0x00, 0x04, 0x00, 0x59, 0x00, 0x00, 0x00,
        0x08, 0x00, 0x00, 0x00, 0x02, 0x00, 0x00, 0x00, 0x2b, 0x00, 0x04, 0x00, 0x08, 0x00, 0x00, 0x00,
        0x5c, 0x00, 0x00, 0x00, 0x00, 0x00, 0x00, 0x3f, 0x15, 0x00, 0x04, 0x00, 0x60, 0x00, 0x00, 0x00,
        0x20, 0x00, 0x00, 0x00, 0x00, 0x00, 0x00, 0x00, 0x2b, 0x00, 0x04, 0x00, 0x60, 0x00, 0x00, 0x00,
        0x61, 0x00, 0x00, 0x00, 0x03, 0x00, 0x00, 0x00, 0x2c, 0x00, 0x05, 0x00, 0x59, 0x00, 0x00, 0x00,
        0x66, 0x00, 0x00, 0x00, 0x5c, 0x00, 0x00, 0x00, 0x5c, 0x00, 0x00, 0x00, 0x2b, 0x00, 0x04, 0x00,
        0x60, 0x00, 0x00, 0x00, 0x6d, 0x00, 0x00, 0x00, 0x00, 0x00, 0x00, 0x00, 0x1b, 0x00, 0x03, 0x00,
        0x87, 0x00, 0x00, 0x00, 0x18, 0x00, 0x00, 0x00, 0x1e, 0x00, 0x0d, 0x00, 0xa2, 0x00, 0x00, 0x00,
        0x16, 0x00, 0x00, 0x00, 0x16, 0x00, 0x00, 0x00, 0x16, 0x00, 0x00, 0x00, 0x08, 0x00, 0x00, 0x00,
        0x08, 0x00, 0x00, 0x00, 0x09, 0x00, 0x00, 0x00, 0x16, 0x00, 0x00, 0x00, 0x16, 0x00, 0x00, 0x00,
        0x09, 0x00, 0x00, 0x00, 0x08, 0x00, 0x00, 0x00, 0x08, 0x00, 0x00, 0x00, 0x20, 0x00, 0x04, 0x00,
        0xa3, 0x00, 0x00, 0x00, 0x02, 0x00, 0x00, 0x00, 0xa2, 0x00, 0x00, 0x00, 0x3b, 0x00, 0x04, 0x00,
        0xa3, 0x00, 0x00, 0x00, 0xa4, 0x00, 0x00, 0x00, 0x02, 0x00, 0x00, 0x00, 0x15, 0x00, 0x04, 0x00,
        0xa5, 0x00, 0x00, 0x00, 0x20, 0x00, 0x00, 0x00, 0x01, 0x00, 0x00, 0x00, 0x2b, 0x00, 0x04, 0x00,
        0xa5, 0x00, 0x00, 0x00, 0xa6, 0x00, 0x00, 0x00, 0x03, 0x00, 0x00, 0x00, 0x20, 0x00, 0x04, 0x00,
        0xa7, 0x00, 0x00, 0x00, 0x02, 0x00, 0x00, 0x00, 0x08, 0x00, 0x00, 0x00, 0x2b, 0x00, 0x04, 0x00,
        0x08, 0x00, 0x00, 0x00, 0xac, 0x00, 0x00, 0x00, 0x0a, 0xd7, 0x23, 0x3c, 0x29, 0x00, 0x03, 0x00,
        0x1c, 0x00, 0x00, 0x00, 0xb7, 0x00, 0x00, 0x00, 0x2b, 0x00, 0x04, 0x00, 0xa5, 0x00, 0x00, 0x00,
        0xb9, 0x00, 0x00, 0x00, 0x04, 0x00, 0x00, 0x00, 0x2b, 0x00, 0x04, 0x00, 0xa5, 0x00, 0x00, 0x00,
        0xc1, 0x00, 0x00, 0x00, 0x05, 0x00, 0x00, 0x00, 0x20, 0x00, 0x04, 0x00, 0xc2, 0x00, 0x00, 0x00,
        0x02, 0x00, 0x00, 0x00, 0x09, 0x00, 0x00, 0x00, 0x2b, 0x00, 0x04, 0x00, 0x08, 0x00, 0x00, 0x00,
        0xc8, 0x00, 0x00, 0x00, 0xcd, 0xcc, 0x4c, 0x3d, 0x2b, 0x00, 0x04, 0x00, 0xa5, 0x00, 0x00, 0x00,
        0xce, 0x00, 0x00, 0x00, 0x00, 0x00, 0x00, 0x00, 0x20, 0x00, 0x04, 0x00, 0xcf, 0x00, 0x00, 0x00,
        0x00, 0x00, 0x00, 0x00, 0x18, 0x00, 0x00, 0x00, 0x3b, 0x00, 0x04, 0x00, 0xcf, 0x00, 0x00, 0x00,
        0xd0, 0x00, 0x00, 0x00, 0x00, 0x00, 0x00, 0x00, 0x20, 0x00, 0x04, 0x00, 0xd1, 0x00, 0x00, 0x00,
        0x00, 0x00, 0x00, 0x00, 0x1a, 0x00, 0x00, 0x00, 0x3b, 0x00, 0x04, 0x00, 0xd1, 0x00, 0x00, 0x00,
        0xd2, 0x00, 0x00, 0x00, 0x00, 0x00, 0x00, 0x00, 0x20, 0x00, 0x04, 0x00, 0xd6, 0x00, 0x00, 0x00,
        0x02, 0x00, 0x00, 0x00, 0x16, 0x00, 0x00, 0x00, 0x2b, 0x00, 0x04, 0x00, 0xa5, 0x00, 0x00, 0x00,
        0xee, 0x00, 0x00, 0x00, 0x01, 0x00, 0x00, 0x00, 0x3b, 0x00, 0x04, 0x00, 0xcf, 0x00, 0x00, 0x00,
        0xef, 0x00, 0x00, 0x00, 0x00, 0x00, 0x00, 0x00, 0x3b, 0x00, 0x04, 0x00, 0xd1, 0x00, 0x00, 0x00,
        0xf0, 0x00, 0x00, 0x00, 0x00, 0x00, 0x00, 0x00, 0x2b, 0x00, 0x04, 0x00, 0xa5, 0x00, 0x00, 0x00,
        0x0b, 0x01, 0x00, 0x00, 0x02, 0x00, 0x00, 0x00, 0x3b, 0x00, 0x04, 0x00, 0xcf, 0x00, 0x00, 0x00,
        0x0c, 0x01, 0x00, 0x00, 0x00, 0x00, 0x00, 0x00, 0x3b, 0x00, 0x04, 0x00, 0xd1, 0x00, 0x00, 0x00,
        0x0d, 0x01, 0x00, 0x00, 0x00, 0x00, 0x00, 0x00, 0x2c, 0x00, 0x06, 0x00, 0x09, 0x00, 0x00, 0x00,
        0x2b, 0x01, 0x00, 0x00, 0x5c, 0x00, 0x00, 0x00, 0x5c, 0x00, 0x00, 0x00, 0x5c, 0x00, 0x00, 0x00,
        0x2b, 0x00, 0x04, 0x00, 0xa5, 0x00, 0x00, 0x00, 0x31, 0x01, 0x00, 0x00, 0x08, 0x00, 0x00, 0x00,
        0x2b, 0x00, 0x04, 0x00, 0xa5, 0x00, 0x00, 0x00, 0x32, 0x01, 0x00, 0x00, 0x09, 0x00, 0x00, 0x00,
        0x2b, 0x00, 0x04, 0x00, 0xa5, 0x00, 0x00, 0x00, 0x33, 0x01, 0x00, 0x00, 0x0a, 0x00, 0x00, 0x00,
        0x20, 0x00, 0x04, 0x00, 0x5c, 0x01, 0x00, 0x00, 0x01, 0x00, 0x00, 0x00, 0x14, 0x00, 0x00, 0x00,
        0x3b, 0x00, 0x04, 0x00, 0x5c, 0x01, 0x00, 0x00, 0x60, 0x01, 0x00, 0x00, 0x01, 0x00, 0x00, 0x00,
        0x3b, 0x00, 0x04, 0x00, 0x5c, 0x01, 0x00, 0x00, 0x63, 0x01, 0x00, 0x00, 0x01, 0x00, 0x00, 0x00,
        0x20, 0x00, 0x04, 0x00, 0x66, 0x01, 0x00, 0x00, 0x01, 0x00, 0x00, 0x00, 0x08, 0x00, 0x00, 0x00,
        0x3b, 0x00, 0x04, 0x00, 0x66, 0x01, 0x00, 0x00, 0x67, 0x01, 0x00, 0x00, 0x01, 0x00, 0x00, 0x00,
        0x20, 0x00, 0x04, 0x00, 0x6a, 0x01, 0x00, 0x00, 0x03, 0x00, 0x00, 0x00, 0x14, 0x00, 0x00, 0x00,
        0x3b, 0x00, 0x04, 0x00, 0x6a, 0x01, 0x00, 0x00, 0x6b, 0x01, 0x00, 0x00, 0x03, 0x00, 0x00, 0x00,
        0x08, 0x00, 0x04, 0x00, 0x01, 0x00, 0x00, 0x00, 0x31, 0x00, 0x00, 0x00, 0x01, 0x00, 0x00, 0x00,
        0x36, 0x00, 0x05, 0x00, 0x04, 0x00, 0x00, 0x00, 0x06, 0x00, 0x00, 0x00, 0x00, 0x00, 0x00, 0x00,
        0x05, 0x00, 0x00, 0x00, 0x3d, 0x01, 0x01, 0x00, 0xf8, 0x00, 0x02, 0x00, 0x07, 0x00, 0x00, 0x00,
        0x08, 0x00, 0x04, 0x00, 0x01, 0x00, 0x00, 0x00, 0x31, 0x00, 0x00, 0x00, 0x00, 0x00, 0x00, 0x00,
        0x3d, 0x00, 0x04, 0x00, 0x14, 0x00, 0x00, 0x00, 0x61, 0x01, 0x00, 0x00, 0x60, 0x01, 0x00, 0x00,
        0x3d, 0x00, 0x04, 0x00, 0x14, 0x00, 0x00, 0x00, 0x64, 0x01, 0x00, 0x00, 0x63, 0x01, 0x00, 0x00,
        0x3d, 0x00, 0x04, 0x00, 0x08, 0x00, 0x00, 0x00, 0x68, 0x01, 0x00, 0x00, 0x67, 0x01, 0x00, 0x00,
        0x08, 0x00, 0x04, 0x00, 0x01, 0x00, 0x00, 0x00, 0x32, 0x00, 0x00, 0x00, 0x00, 0x00, 0x00, 0x00,
        0x4f, 0x00, 0x08, 0x00, 0x09, 0x00, 0x00, 0x00, 0x81, 0x01, 0x00, 0x00, 0x61, 0x01, 0x00, 0x00,
        0x61, 0x01, 0x00, 0x00, 0x00, 0x00, 0x00, 0x00, 0x01, 0x00, 0x00, 0x00, 0x02, 0x00, 0x00, 0x00,
        0x08, 0x00, 0x04, 0x00, 0x01, 0x00, 0x00, 0x00, 0x34, 0x00, 0x00, 0x00, 0x00, 0x00, 0x00, 0x00,
        0x41, 0x00, 0x05, 0x00, 0xc2, 0x00, 0x00, 0x00, 0x85, 0x01, 0x00, 0x00, 0xa4, 0x00, 0x00, 0x00,
        0x31, 0x01, 0x00, 0x00, 0x3d, 0x00, 0x04, 0x00, 0x09, 0x00, 0x00, 0x00, 0x86, 0x01, 0x00, 0x00,
        0x85, 0x01, 0x00, 0x00, 0x41, 0x00, 0x05, 0x00, 0xa7, 0x00, 0x00, 0x00, 0x87, 0x01, 0x00, 0x00,
        0xa4, 0x00, 0x00, 0x00, 0x32, 0x01, 0x00, 0x00, 0x3d, 0x00, 0x04, 0x00, 0x08, 0x00, 0x00, 0x00,
        0x88, 0x01, 0x00, 0x00, 0x87, 0x01, 0x00, 0x00, 0x41, 0x00, 0x05, 0x00, 0xa7, 0x00, 0x00, 0x00,
        0x89, 0x01, 0x00, 0x00, 0xa4, 0x00, 0x00, 0x00, 0x33, 0x01, 0x00, 0x00, 0x3d, 0x00, 0x04, 0x00,
        0x08, 0x00, 0x00, 0x00, 0x8a, 0x01, 0x00, 0x00, 0x89, 0x01, 0x00, 0x00, 0x08, 0x00, 0x04, 0x00,
        0x02, 0x00, 0x00, 0x00, 0x98, 0x00, 0x00, 0x00, 0x00, 0x00, 0x00, 0x00, 0x85, 0x00, 0x05, 0x00,
        0x08, 0x00, 0x00, 0x00, 0xa2, 0x01, 0x00, 0x00, 0x88, 0x01, 0x00, 0x00, 0x5c, 0x00, 0x00, 0x00,
        0x83, 0x00, 0x05, 0x00, 0x08, 0x00, 0x00, 0x00, 0xa3, 0x01, 0x00, 0x00, 0x68, 0x01, 0x00, 0x00,
        0xa2, 0x01, 0x00, 0x00, 0x88, 0x00, 0x05, 0x00, 0x08, 0x00, 0x00, 0x00, 0xa5, 0x01, 0x00, 0x00,
        0xa3, 0x01, 0x00, 0x00, 0x88, 0x01, 0x00, 0x00, 0x0c, 0x00, 0x07, 0x00, 0x08, 0x00, 0x00, 0x00,
        0xa6, 0x01, 0x00, 0x00, 0x03, 0x00, 0x00, 0x00, 0x28, 0x00, 0x00, 0x00, 0xa5, 0x01, 0x00, 0x00,
        0x40, 0x00, 0x00, 0x00, 0x85, 0x00, 0x05, 0x00, 0x08, 0x00, 0x00, 0x00, 0xa8, 0x01, 0x00, 0x00,
        0xa6, 0x01, 0x00, 0x00, 0x8a, 0x01, 0x00, 0x00, 0x0c, 0x00, 0x06, 0x00, 0x08, 0x00, 0x00, 0x00,
        0xa9, 0x01, 0x00, 0x00, 0x03, 0x00, 0x00, 0x00, 0x1d, 0x00, 0x00, 0x00, 0xa8, 0x01, 0x00, 0x00,
        0x08, 0x00, 0x04, 0x00, 0x02, 0x00, 0x00, 0x00, 0x9a, 0x00, 0x00, 0x00, 0x00, 0x00, 0x00, 0x00,
        0x50, 0x00, 0x06, 0x00, 0x09, 0x00, 0x00, 0x00, 0xac, 0x01, 0x00, 0x00, 0xa9, 0x01, 0x00, 0x00,
        0xa9, 0x01, 0x00, 0x00, 0xa9, 0x01, 0x00, 0x00, 0x85, 0x00, 0x05, 0x00, 0x09, 0x00, 0x00, 0x00,
        0xad, 0x01, 0x00, 0x00, 0x81, 0x01, 0x00, 0x00, 0xac, 0x01, 0x00, 0x00, 0x83, 0x00, 0x05, 0x00,
        0x08, 0x00, 0x00, 0x00, 0xb0, 0x01, 0x00, 0x00, 0x4a, 0x00, 0x00, 0x00, 0xa9, 0x01, 0x00, 0x00,
        0x50, 0x00, 0x06, 0x00, 0x09, 0x00, 0x00, 0x00, 0xb5, 0x01, 0x00, 0x00, 0xb0, 0x01, 0x00, 0x00,
        0xb0, 0x01, 0x00, 0x00, 0xb0, 0x01, 0x00, 0x00, 0x85, 0x00, 0x05, 0x00, 0x09, 0x00, 0x00, 0x00,
        0xb6, 0x01, 0x00, 0x00, 0x86, 0x01, 0x00, 0x00, 0xb5, 0x01, 0x00, 0x00, 0x81, 0x00, 0x05, 0x00,
        0x09, 0x00, 0x00, 0x00, 0xb7, 0x01, 0x00, 0x00, 0xad, 0x01, 0x00, 0x00, 0xb6, 0x01, 0x00, 0x00,
        0x08, 0x00, 0x04, 0x00, 0x01, 0x00, 0x00, 0x00, 0x36, 0x00, 0x00, 0x00, 0x00, 0x00, 0x00, 0x00,
        0x51, 0x00, 0x05, 0x00, 0x08, 0x00, 0x00, 0x00, 0x90, 0x01, 0x00, 0x00, 0x64, 0x01, 0x00, 0x00,
        0x00, 0x00, 0x00, 0x00, 0x51, 0x00, 0x05, 0x00, 0x08, 0x00, 0x00, 0x00, 0x91, 0x01, 0x00, 0x00,
        0x64, 0x01, 0x00, 0x00, 0x01, 0x00, 0x00, 0x00, 0x51, 0x00, 0x05, 0x00, 0x08, 0x00, 0x00, 0x00,
        0x92, 0x01, 0x00, 0x00, 0x64, 0x01, 0x00, 0x00, 0x02, 0x00, 0x00, 0x00, 0x50, 0x00, 0x07, 0x00,
        0x14, 0x00, 0x00, 0x00, 0x93, 0x01, 0x00, 0x00, 0x90, 0x01, 0x00, 0x00, 0x91, 0x01, 0x00, 0x00,
        0x92, 0x01, 0x00, 0x00, 0x4a, 0x00, 0x00, 0x00, 0x3d, 0x01, 0x01, 0x00, 0xf7, 0x00, 0x03, 0x00,
        0x1c, 0x02, 0x00, 0x00, 0x00, 0x00, 0x00, 0x00, 0xfb, 0x00, 0x03, 0x00, 0x6d, 0x00, 0x00, 0x00,
        0xdf, 0x01, 0x00, 0x00, 0xf8, 0x00, 0x02, 0x00, 0xdf, 0x01, 0x00, 0x00, 0x08, 0x00, 0x04, 0x00,
        0x02, 0x00, 0x00, 0x00, 0x49, 0x01, 0x00, 0x00, 0x00, 0x00, 0x00, 0x00, 0x41, 0x00, 0x05, 0x00,
        0xa7, 0x00, 0x00, 0x00, 0xe0, 0x01, 0x00, 0x00, 0xa4, 0x00, 0x00, 0x00, 0xb9, 0x00, 0x00, 0x00,
        0x3d, 0x00, 0x04, 0x00, 0x08, 0x00, 0x00, 0x00, 0xe1, 0x01, 0x00, 0x00, 0xe0, 0x01, 0x00, 0x00,
        0xba, 0x00, 0x05, 0x00, 0x1c, 0x00, 0x00, 0x00, 0xe2, 0x01, 0x00, 0x00, 0xe1, 0x01, 0x00, 0x00,
        0x40, 0x00, 0x00, 0x00, 0xf7, 0x00, 0x03, 0x00, 0x1b, 0x02, 0x00, 0x00, 0x00, 0x00, 0x00, 0x00,
        0xfa, 0x00, 0x04, 0x00, 0xe2, 0x01, 0x00, 0x00, 0xe3, 0x01, 0x00, 0x00, 0x1b, 0x02, 0x00, 0x00,
        0xf8, 0x00, 0x02, 0x00, 0xe3, 0x01, 0x00, 0x00, 0x08, 0x00, 0x04, 0x00, 0x02, 0x00, 0x00, 0x00,
        0x4f, 0x01, 0x00, 0x00, 0x00, 0x00, 0x00, 0x00, 0x41, 0x00, 0x05, 0x00, 0xc2, 0x00, 0x00, 0x00,
        0xe5, 0x01, 0x00, 0x00, 0xa4, 0x00, 0x00, 0x00, 0xc1, 0x00, 0x00, 0x00, 0x3d, 0x00, 0x04, 0x00,
        0x09, 0x00, 0x00, 0x00, 0xe6, 0x01, 0x00, 0x00, 0xe5, 0x01, 0x00, 0x00, 0x51, 0x00, 0x05, 0x00,
        0x08, 0x00, 0x00, 0x00, 0xe7, 0x01, 0x00, 0x00, 0xe6, 0x01, 0x00, 0x00, 0x01, 0x00, 0x00, 0x00,
        0x0c, 0x00, 0x06, 0x00, 0x08, 0x00, 0x00, 0x00, 0xe8, 0x01, 0x00, 0x00, 0x03, 0x00, 0x00, 0x00,
        0x04, 0x00, 0x00, 0x00, 0xe7, 0x01, 0x00, 0x00, 0x08, 0x00, 0x04, 0x00, 0x02, 0x00, 0x00, 0x00,
        0x53, 0x01, 0x00, 0x00, 0x00, 0x00, 0x00, 0x00, 0xbe, 0x00, 0x05, 0x00, 0x1c, 0x00, 0x00, 0x00,
        0xea, 0x01, 0x00, 0x00, 0xe8, 0x01, 0x00, 0x00, 0xc8, 0x00, 0x00, 0x00, 0xf7, 0x00, 0x03, 0x00,
        0x1a, 0x02, 0x00, 0x00, 0x00, 0x00, 0x00, 0x00, 0xfa, 0x00, 0x04, 0x00, 0xea, 0x01, 0x00, 0x00,
        0xeb, 0x01, 0x00, 0x00, 0x1a, 0x02, 0x00, 0x00, 0xf8, 0x00, 0x02, 0x00, 0xeb, 0x01, 0x00, 0x00,
        0x08, 0x00, 0x04, 0x00, 0x02, 0x00, 0x00, 0x00, 0x58, 0x01, 0x00, 0x00, 0x00, 0x00, 0x00, 0x00,
        0x41, 0x00, 0x05, 0x00, 0xd6, 0x00, 0x00, 0x00, 0xed, 0x01, 0x00, 0x00, 0xa4, 0x00, 0x00, 0x00,
        0xce, 0x00, 0x00, 0x00, 0x3d, 0x00, 0x04, 0x00, 0x16, 0x00, 0x00, 0x00, 0xee, 0x01, 0x00, 0x00,
        0xed, 0x01, 0x00, 0x00, 0x3d, 0x00, 0x04, 0x00, 0x18, 0x00, 0x00, 0x00, 0xef, 0x01, 0x00, 0x00,
        0xd0, 0x00, 0x00, 0x00, 0x3d, 0x00, 0x04, 0x00, 0x1a, 0x00, 0x00, 0x00, 0xf0, 0x01, 0x00, 0x00,
        0xd2, 0x00, 0x00, 0x00, 0x08, 0x00, 0x04, 0x00, 0x02, 0x00, 0x00, 0x00, 0xe6, 0x00, 0x00, 0x00,
        0x00, 0x00, 0x00, 0x00, 0x91, 0x00, 0x05, 0x00, 0x14, 0x00, 0x00, 0x00, 0x29, 0x02, 0x00, 0x00,
        0xee, 0x01, 0x00, 0x00, 0x93, 0x01, 0x00, 0x00, 0x08, 0x00, 0x04, 0x00, 0x02, 0x00, 0x00, 0x00,
        0xe9, 0x00, 0x00, 0x00, 0x00, 0x00, 0x00, 0x00, 0x4f, 0x00, 0x07, 0x00, 0x59, 0x00, 0x00, 0x00,
        0x2b, 0x02, 0x00, 0x00, 0x29, 0x02, 0x00, 0x00, 0x29, 0x02, 0x00, 0x00, 0x00, 0x00, 0x00, 0x00,
        0x01, 0x00, 0x00, 0x00, 0x8e, 0x00, 0x05, 0x00, 0x59, 0x00, 0x00, 0x00, 0x2c, 0x02, 0x00, 0x00,
        0x2b, 0x02, 0x00, 0x00, 0x5c, 0x00, 0x00, 0x00, 0x08, 0x00, 0x04, 0x00, 0x02, 0x00, 0x00, 0x00,
        0xea, 0x00, 0x00, 0x00, 0x00, 0x00, 0x00, 0x00, 0x51, 0x00, 0x05, 0x00, 0x08, 0x00, 0x00, 0x00,
        0x2e, 0x02, 0x00, 0x00, 0x29, 0x02, 0x00, 0x00, 0x03, 0x00, 0x00, 0x00, 0x50, 0x00, 0x05, 0x00,
        0x59, 0x00, 0x00, 0x00, 0x2f, 0x02, 0x00, 0x00, 0x2e, 0x02, 0x00, 0x00, 0x2e, 0x02, 0x00, 0x00,
        0x88, 0x00, 0x05, 0x00, 0x59, 0x00, 0x00, 0x00, 0x30, 0x02, 0x00, 0x00, 0x2c, 0x02, 0x00, 0x00,
        0x2f, 0x02, 0x00, 0x00, 0x81, 0x00, 0x05, 0x00, 0x59, 0x00, 0x00, 0x00, 0x31, 0x02, 0x00, 0x00,
        0x30, 0x02, 0x00, 0x00, 0x66, 0x00, 0x00, 0x00, 0x08, 0x00, 0x04, 0x00, 0x02, 0x00, 0x00, 0x00,
        0xeb, 0x00, 0x00, 0x00, 0x00, 0x00, 0x00, 0x00, 0x51, 0x00, 0x05, 0x00, 0x08, 0x00, 0x00, 0x00,
        0x33, 0x02, 0x00, 0x00, 0x31, 0x02, 0x00, 0x00, 0x01, 0x00, 0x00, 0x00, 0x83, 0x00, 0x05, 0x00,
        0x08, 0x00, 0x00, 0x00, 0x34, 0x02, 0x00, 0x00, 0x4a, 0x00, 0x00, 0x00, 0x33, 0x02, 0x00, 0x00,
        0x52, 0x00, 0x06, 0x00, 0x59, 0x00, 0x00, 0x00, 0x41, 0x03, 0x00, 0x00, 0x34, 0x02, 0x00, 0x00,
        0x31, 0x02, 0x00, 0x00, 0x01, 0x00, 0x00, 0x00, 0x08, 0x00, 0x04, 0x00, 0x02, 0x00, 0x00, 0x00,
        0xee, 0x00, 0x00, 0x00, 0x00, 0x00, 0x00, 0x00, 0x51, 0x00, 0x05, 0x00, 0x08, 0x00, 0x00, 0x00,
        0x37, 0x02, 0x00, 0x00, 0x31, 0x02, 0x00, 0x00, 0x00, 0x00, 0x00, 0x00, 0xbe, 0x00, 0x05, 0x00,
        0x1c, 0x00, 0x00, 0x00, 0x38, 0x02, 0x00, 0x00, 0x37, 0x02, 0x00, 0x00, 0x40, 0x00, 0x00, 0x00,
        0xbc, 0x00, 0x05, 0x00, 0x1c, 0x00, 0x00, 0x00, 0x3b, 0x02, 0x00, 0x00, 0x37, 0x02, 0x00, 0x00,
        0x4a, 0x00, 0x00, 0x00, 0xa7, 0x00, 0x05, 0x00, 0x1c, 0x00, 0x00, 0x00, 0x3c, 0x02, 0x00, 0x00,
        0x38, 0x02, 0x00, 0x00, 0x3b, 0x02, 0x00, 0x00, 0x08, 0x00, 0x04, 0x00, 0x02, 0x00, 0x00, 0x00,
        0xef, 0x00, 0x00, 0x00, 0x00, 0x00, 0x00, 0x00, 0xbe, 0x00, 0x05, 0x00, 0x1c, 0x00, 0x00, 0x00,
        0x3f, 0x02, 0x00, 0x00, 0x34, 0x02, 0x00, 0x00, 0x40, 0x00, 0x00, 0x00, 0xa7, 0x00, 0x05, 0x00,
        0x1c, 0x00, 0x00, 0x00, 0x40, 0x02, 0x00, 0x00, 0x3c, 0x02, 0x00, 0x00, 0x3f, 0x02, 0x00, 0x00,
        0xbc, 0x00, 0x05, 0x00, 0x1c, 0x00, 0x00, 0x00, 0x43, 0x02, 0x00, 0x00, 0x34, 0x02, 0x00, 0x00,
        0x4a, 0x00, 0x00, 0x00, 0xa7, 0x00, 0x05, 0x00, 0x1c, 0x00, 0x00, 0x00, 0x44, 0x02, 0x00, 0x00,
        0x40, 0x02, 0x00, 0x00, 0x43, 0x02, 0x00, 0x00, 0x08, 0x00, 0x04, 0x00, 0x02, 0x00, 0x00, 0x00,
        0xf0, 0x00, 0x00, 0x00, 0x00, 0x00, 0x00, 0x00, 0x51, 0x00, 0x05, 0x00, 0x08, 0x00, 0x00, 0x00,
        0x46, 0x02, 0x00, 0x00, 0x29, 0x02, 0x00, 0x00, 0x02, 0x00, 0x00, 0x00, 0xba, 0x00, 0x05, 0x00,
        0x1c, 0x00, 0x00, 0x00, 0x47, 0x02, 0x00, 0x00, 0x46, 0x02, 0x00, 0x00, 0x40, 0x00, 0x00, 0x00,
        0xa7, 0x00, 0x05, 0x00, 0x1c, 0x00, 0x00, 0x00, 0x48, 0x02, 0x00, 0x00, 0x44, 0x02, 0x00, 0x00,
        0x47, 0x02, 0x00, 0x00, 0xf7, 0x00, 0x03, 0x00, 0x70, 0x02, 0x00, 0x00, 0x00, 0x00, 0x00, 0x00,
        0xfa, 0x00, 0x04, 0x00, 0x48, 0x02, 0x00, 0x00, 0x49, 0x02, 0x00, 0x00, 0x6f, 0x02, 0x00, 0x00,
        0xf8, 0x00, 0x02, 0x00, 0x49, 0x02, 0x00, 0x00, 0x08, 0x00, 0x04, 0x00, 0x02, 0x00, 0x00, 0x00,
        0xf3, 0x00, 0x00, 0x00, 0x00, 0x00, 0x00, 0x00, 0x56, 0x00, 0x05, 0x00, 0x87, 0x00, 0x00, 0x00,
        0x4c, 0x02, 0x00, 0x00, 0xef, 0x01, 0x00, 0x00, 0xf0, 0x01, 0x00, 0x00, 0x57, 0x00, 0x05, 0x00,
        0x14, 0x00, 0x00, 0x00, 0x4e, 0x02, 0x00, 0x00, 0x4c, 0x02, 0x00, 0x00, 0x41, 0x03, 0x00, 0x00,
        0x51, 0x00, 0x05, 0x00, 0x08, 0x00, 0x00, 0x00, 0x4f, 0x02, 0x00, 0x00, 0x4e, 0x02, 0x00, 0x00,
        0x00, 0x00, 0x00, 0x00, 0x08, 0x00, 0x04, 0x00, 0x02, 0x00, 0x00, 0x00, 0xf8, 0x00, 0x00, 0x00,
        0x00, 0x00, 0x00, 0x00, 0x88, 0x00, 0x05, 0x00, 0x08, 0x00, 0x00, 0x00, 0x54, 0x02, 0x00, 0x00,
        0x46, 0x02, 0x00, 0x00, 0x2e, 0x02, 0x00, 0x00, 0x08, 0x00, 0x04, 0x00, 0x02, 0x00, 0x00, 0x00,
        0xfb, 0x00, 0x00, 0x00, 0x00, 0x00, 0x00, 0x00, 0xcf, 0x00, 0x04, 0x00, 0x08, 0x00, 0x00, 0x00,
        0x56, 0x02, 0x00, 0x00, 0x54, 0x02, 0x00, 0x00, 0x08, 0x00, 0x04, 0x00, 0x02, 0x00, 0x00, 0x00,
        0xfc, 0x00, 0x00, 0x00, 0x00, 0x00, 0x00, 0x00, 0xd0, 0x00, 0x04, 0x00, 0x08, 0x00, 0x00, 0x00,
        0x58, 0x02, 0x00, 0x00, 0x54, 0x02, 0x00, 0x00, 0x08, 0x00, 0x04, 0x00, 0x02, 0x00, 0x00, 0x00,
        0xfd, 0x00, 0x00, 0x00, 0x00, 0x00, 0x00, 0x00, 0x85, 0x00, 0x05, 0x00, 0x08, 0x00, 0x00, 0x00,
        0x5b, 0x02, 0x00, 0x00, 0x56, 0x02, 0x00, 0x00, 0x56, 0x02, 0x00, 0x00, 0x85, 0x00, 0x05, 0x00,
        0x08, 0x00, 0x00, 0x00, 0x5e, 0x02, 0x00, 0x00, 0x58, 0x02, 0x00, 0x00, 0x58, 0x02, 0x00, 0x00,
        0x81, 0x00, 0x05, 0x00, 0x08, 0x00, 0x00, 0x00, 0x5f, 0x02, 0x00, 0x00, 0x5b, 0x02, 0x00, 0x00,
        0x5e, 0x02, 0x00, 0x00, 0x0c, 0x00, 0x06, 0x00, 0x08, 0x00, 0x00, 0x00, 0x60, 0x02, 0x00, 0x00,
        0x03, 0x00, 0x00, 0x00, 0x1f, 0x00, 0x00, 0x00, 0x5f, 0x02, 0x00, 0x00, 0x08, 0x00, 0x04, 0x00,
        0x02, 0x00, 0x00, 0x00, 0xfe, 0x00, 0x00, 0x00, 0x00, 0x00, 0x00, 0x00, 0x41, 0x00, 0x05, 0x00,
        0xa7, 0x00, 0x00, 0x00, 0x61, 0x02, 0x00, 0x00, 0xa4, 0x00, 0x00, 0x00, 0xa6, 0x00, 0x00, 0x00,
        0x3d, 0x00, 0x04, 0x00, 0x08, 0x00, 0x00, 0x00, 0x62, 0x02, 0x00, 0x00, 0x61, 0x02, 0x00, 0x00,
        0x0c, 0x00, 0x08, 0x00, 0x08, 0x00, 0x00, 0x00, 0x65, 0x02, 0x00, 0x00, 0x03, 0x00, 0x00, 0x00,
        0x2b, 0x00, 0x00, 0x00, 0x60, 0x02, 0x00, 0x00, 0x40, 0x00, 0x00, 0x00, 0xac, 0x00, 0x00, 0x00,
        0x81, 0x00, 0x05, 0x00, 0x08, 0x00, 0x00, 0x00, 0x66, 0x02, 0x00, 0x00, 0x62, 0x02, 0x00, 0x00,
        0x65, 0x02, 0x00, 0x00, 0x08, 0x00, 0x04, 0x00, 0x02, 0x00, 0x00, 0x00, 0x00, 0x01, 0x00, 0x00,
        0x00, 0x00, 0x00, 0x00, 0x83, 0x00, 0x05, 0x00, 0x08, 0x00, 0x00, 0x00, 0x69, 0x02, 0x00, 0x00,
        0x54, 0x02, 0x00, 0x00, 0x66, 0x02, 0x00, 0x00, 0x08, 0x00, 0x04, 0x00, 0x02, 0x00, 0x00, 0x00,
        0x03, 0x01, 0x00, 0x00, 0x00, 0x00, 0x00, 0x00, 0xb8, 0x00, 0x05, 0x00, 0x1c, 0x00, 0x00, 0x00,
        0x6c, 0x02, 0x00, 0x00, 0x4f, 0x02, 0x00, 0x00, 0x69, 0x02, 0x00, 0x00, 0x08, 0x00, 0x04, 0x00,
        0x02, 0x00, 0x00, 0x00, 0x09, 0x01, 0x00, 0x00, 0x00, 0x00, 0x00, 0x00, 0xf9, 0x00, 0x02, 0x00,
        0x70, 0x02, 0x00, 0x00, 0xf8, 0x00, 0x02, 0x00, 0x6f, 0x02, 0x00, 0x00, 0x08, 0x00, 0x04, 0x00,
        0x02, 0x00, 0x00, 0x00, 0x0b, 0x01, 0x00, 0x00, 0x00, 0x00, 0x00, 0x00, 0xf9, 0x00, 0x02, 0x00,
        0x70, 0x02, 0x00, 0x00, 0xf8, 0x00, 0x02, 0x00, 0x70, 0x02, 0x00, 0x00, 0xf5, 0x00, 0x07, 0x00,
        0x1c, 0x00, 0x00, 0x00, 0x29, 0x03, 0x00, 0x00, 0x6c, 0x02, 0x00, 0x00, 0x49, 0x02, 0x00, 0x00,
        0x54, 0x00, 0x00, 0x00, 0x6f, 0x02, 0x00, 0x00, 0x08, 0x00, 0x04, 0x00, 0x02, 0x00, 0x00, 0x00,
        0x5c, 0x01, 0x00, 0x00, 0x00, 0x00, 0x00, 0x00, 0xf7, 0x00, 0x03, 0x00, 0xf7, 0x01, 0x00, 0x00,
        0x00, 0x00, 0x00, 0x00, 0xfa, 0x00, 0x04, 0x00, 0x48, 0x02, 0x00, 0x00, 0xf5, 0x01, 0x00, 0x00,
        0xf7, 0x01, 0x00, 0x00, 0xf8, 0x00, 0x02, 0x00, 0xf5, 0x01, 0x00, 0x00, 0x08, 0x00, 0x04, 0x00,
        0x02, 0x00, 0x00, 0x00, 0x5c, 0x01, 0x00, 0x00, 0x00, 0x00, 0x00, 0x00, 0xf9, 0x00, 0x02, 0x00,
        0x1c, 0x02, 0x00, 0x00, 0xf8, 0x00, 0x02, 0x00, 0xf7, 0x01, 0x00, 0x00, 0x08, 0x00, 0x04, 0x00,
        0x02, 0x00, 0x00, 0x00, 0x5e, 0x01, 0x00, 0x00, 0x00, 0x00, 0x00, 0x00, 0xba, 0x00, 0x05, 0x00,
        0x1c, 0x00, 0x00, 0x00, 0xfa, 0x01, 0x00, 0x00, 0xe1, 0x01, 0x00, 0x00, 0x4a, 0x00, 0x00, 0x00,
        0xf7, 0x00, 0x03, 0x00, 0x19, 0x02, 0x00, 0x00, 0x00, 0x00, 0x00, 0x00, 0xfa, 0x00, 0x04, 0x00,
        0xfa, 0x01, 0x00, 0x00, 0xfb, 0x01, 0x00, 0x00, 0x19, 0x02, 0x00, 0x00, 0xf8, 0x00, 0x02, 0x00,
        0xfb, 0x01, 0x00, 0x00, 0x08, 0x00, 0x04, 0x00, 0x02, 0x00, 0x00, 0x00, 0x63, 0x01, 0x00, 0x00,
        0x00, 0x00, 0x00, 0x00, 0x41, 0x00, 0x05, 0x00, 0xd6, 0x00, 0x00, 0x00, 0xfd, 0x01, 0x00, 0x00,
        0xa4, 0x00, 0x00, 0x00, 0xee, 0x00, 0x00, 0x00, 0x3d, 0x00, 0x04, 0x00, 0x16, 0x00, 0x00, 0x00,
        0xfe, 0x01, 0x00, 0x00, 0xfd, 0x01, 0x00, 0x00, 0x3d, 0x00, 0x04, 0x00, 0x18, 0x00, 0x00, 0x00,
        0xff, 0x01, 0x00, 0x00, 0xef, 0x00, 0x00, 0x00, 0x3d, 0x00, 0x04, 0x00, 0x1a, 0x00, 0x00, 0x00,
        0x00, 0x02, 0x00, 0x00, 0xf0, 0x00, 0x00, 0x00, 0x08, 0x00, 0x04, 0x00, 0x02, 0x00, 0x00, 0x00,
        0xe6, 0x00, 0x00, 0x00, 0x00, 0x00, 0x00, 0x00, 0x91, 0x00, 0x05, 0x00, 0x14, 0x00, 0x00, 0x00,
        0x7c, 0x02, 0x00, 0x00, 0xfe, 0x01, 0x00, 0x00, 0x93, 0x01, 0x00, 0x00, 0x08, 0x00, 0x04, 0x00,
        0x02, 0x00, 0x00, 0x00, 0xe9, 0x00, 0x00, 0x00, 0x00, 0x00, 0x00, 0x00, 0x4f, 0x00, 0x07, 0x00,
        0x59, 0x00, 0x00, 0x00, 0x7e, 0x02, 0x00, 0x00, 0x7c, 0x02, 0x00, 0x00, 0x7c, 0x02, 0x00, 0x00,
        0x00, 0x00, 0x00, 0x00, 0x01, 0x00, 0x00, 0x00, 0x8e, 0x00, 0x05, 0x00, 0x59, 0x00, 0x00, 0x00,
        0x7f, 0x02, 0x00, 0x00, 0x7e, 0x02, 0x00, 0x00, 0x5c, 0x00, 0x00, 0x00, 0x08, 0x00, 0x04, 0x00,
        0x02, 0x00, 0x00, 0x00, 0xea, 0x00, 0x00, 0x00, 0x00, 0x00, 0x00, 0x00, 0x51, 0x00, 0x05, 0x00,
        0x08, 0x00, 0x00, 0x00, 0x81, 0x02, 0x00, 0x00, 0x7c, 0x02, 0x00, 0x00, 0x03, 0x00, 0x00, 0x00,
        0x50, 0x00, 0x05, 0x00, 0x59, 0x00, 0x00, 0x00, 0x82, 0x02, 0x00, 0x00, 0x81, 0x02, 0x00, 0x00,
        0x81, 0x02, 0x00, 0x00, 0x88, 0x00, 0x05, 0x00, 0x59, 0x00, 0x00, 0x00, 0x83, 0x02, 0x00, 0x00,
        0x7f, 0x02, 0x00, 0x00, 0x82, 0x02, 0x00, 0x00, 0x81, 0x00, 0x05, 0x00, 0x59, 0x00, 0x00, 0x00,
        0x84, 0x02, 0x00, 0x00, 0x83, 0x02, 0x00, 0x00, 0x66, 0x00, 0x00, 0x00, 0x08, 0x00, 0x04, 0x00,
        0x02, 0x00, 0x00, 0x00, 0xeb, 0x00, 0x00, 0x00, 0x00, 0x00, 0x00, 0x00, 0x51, 0x00, 0x05, 0x00,
        0x08, 0x00, 0x00, 0x00, 0x86, 0x02, 0x00, 0x00, 0x84, 0x02, 0x00, 0x00, 0x01, 0x00, 0x00, 0x00,
        0x83, 0x00, 0x05, 0x00, 0x08, 0x00, 0x00, 0x00, 0x87, 0x02, 0x00, 0x00, 0x4a, 0x00, 0x00, 0x00,
        0x86, 0x02, 0x00, 0x00, 0x52, 0x00, 0x06, 0x00, 0x59, 0x00, 0x00, 0x00, 0x4c, 0x03, 0x00, 0x00,
        0x87, 0x02, 0x00, 0x00, 0x84, 0x02, 0x00, 0x00, 0x01, 0x00, 0x00, 0x00, 0x08, 0x00, 0x04, 0x00,
        0x02, 0x00, 0x00, 0x00, 0xee, 0x00, 0x00, 0x00, 0x00, 0x00, 0x00, 0x00, 0x51, 0x00, 0x05, 0x00,
        0x08, 0x00, 0x00, 0x00, 0x8a, 0x02, 0x00, 0x00, 0x84, 0x02, 0x00, 0x00, 0x00, 0x00, 0x00, 0x00,
        0xbe, 0x00, 0x05, 0x00, 0x1c, 0x00, 0x00, 0x00, 0x8b, 0x02, 0x00, 0x00, 0x8a, 0x02, 0x00, 0x00,
        0x40, 0x00, 0x00, 0x00, 0xbc, 0x00, 0x05, 0x00, 0x1c, 0x00, 0x00, 0x00, 0x8e, 0x02, 0x00, 0x00,
        0x8a, 0x02, 0x00, 0x00, 0x4a, 0x00, 0x00, 0x00, 0xa7, 0x00, 0x05, 0x00, 0x1c, 0x00, 0x00, 0x00,
        0x8f, 0x02, 0x00, 0x00, 0x8b, 0x02, 0x00, 0x00, 0x8e, 0x02, 0x00, 0x00, 0x08, 0x00, 0x04, 0x00,
        0x02, 0x00, 0x00, 0x00, 0xef, 0x00, 0x00, 0x00, 0x00, 0x00, 0x00, 0x00, 0xbe, 0x00, 0x05, 0x00,
        0x1c, 0x00, 0x00, 0x00, 0x92, 0x02, 0x00, 0x00, 0x87, 0x02, 0x00, 0x00, 0x40, 0x00, 0x00, 0x00,
        0xa7, 0x00, 0x05, 0x00, 0x1c, 0x00, 0x00, 0x00, 0x93, 0x02, 0x00, 0x00, 0x8f, 0x02, 0x00, 0x00,
        0x92, 0x02, 0x00, 0x00, 0xbc, 0x00, 0x05, 0x00, 0x1c, 0x00, 0x00, 0x00, 0x96, 0x02, 0x00, 0x00,
        0x87, 0x02, 0x00, 0x00, 0x4a, 0x00, 0x00, 0x00, 0xa7, 0x00, 0x05, 0x00, 0x1c, 0x00, 0x00, 0x00,
        0x97, 0x02, 0x00, 0x00, 0x93, 0x02, 0x00, 0x00, 0x96, 0x02, 0x00, 0x00, 0x08, 0x00, 0x04, 0x00,
        0x02, 0x00, 0x00, 0x00, 0xf0, 0x00, 0x00, 0x00, 0x00, 0x00, 0x00, 0x00, 0x51, 0x00, 0x05, 0x00,
        0x08, 0x00, 0x00, 0x00, 0x99, 0x02, 0x00, 0x00, 0x7c, 0x02, 0x00, 0x00, 0x02, 0x00, 0x00, 0x00,
        0xba, 0x00, 0x05, 0x00, 0x1c, 0x00, 0x00, 0x00, 0x9a, 0x02, 0x00, 0x00, 0x99, 0x02, 0x00, 0x00,
        0x40, 0x00, 0x00, 0x00, 0xa7, 0x00, 0x05, 0x00, 0x1c, 0x00, 0x00, 0x00, 0x9b, 0x02, 0x00, 0x00,
        0x97, 0x02, 0x00, 0x00, 0x9a, 0x02, 0x00, 0x00, 0xf7, 0x00, 0x03, 0x00, 0xc3, 0x02, 0x00, 0x00,
        0x00, 0x00, 0x00, 0x00, 0xfa, 0x00, 0x04, 0x00, 0x9b, 0x02, 0x00, 0x00, 0x9c, 0x02, 0x00, 0x00,
        0xc2, 0x02, 0x00, 0x00, 0xf8, 0x00, 0x02, 0x00, 0x9c, 0x02, 0x00, 0x00, 0x08, 0x00, 0x04, 0x00,
        0x02, 0x00, 0x00, 0x00, 0xf3, 0x00, 0x00, 0x00, 0x00, 0x00, 0x00, 0x00, 0x56, 0x00, 0x05, 0x00,
        0x87, 0x00, 0x00, 0x00, 0x9f, 0x02, 0x00, 0x00, 0xff, 0x01, 0x00, 0x00, 0x00, 0x02, 0x00, 0x00,
        0x57, 0x00, 0x05, 0x00, 0x14, 0x00, 0x00, 0x00, 0xa1, 0x02, 0x00, 0x00, 0x9f, 0x02, 0x00, 0x00,
        0x4c, 0x03, 0x00, 0x00, 0x51, 0x00, 0x05, 0x00, 0x08, 0x00, 0x00, 0x00, 0xa2, 0x02, 0x00, 0x00,
        0xa1, 0x02, 0x00, 0x00, 0x00, 0x00, 0x00, 0x00, 0x08, 0x00, 0x04, 0x00, 0x02, 0x00, 0x00, 0x00,
        0xf8, 0x00, 0x00, 0x00, 0x00, 0x00, 0x00, 0x00, 0x88, 0x00, 0x05, 0x00, 0x08, 0x00, 0x00, 0x00,
        0xa7, 0x02, 0x00, 0x00, 0x99, 0x02, 0x00, 0x00, 0x81, 0x02, 0x00, 0x00, 0x08, 0x00, 0x04, 0x00,
        0x02, 0x00, 0x00, 0x00, 0xfb, 0x00, 0x00, 0x00, 0x00, 0x00, 0x00, 0x00, 0xcf, 0x00, 0x04, 0x00,
        0x08, 0x00, 0x00, 0x00, 0xa9, 0x02, 0x00, 0x00, 0xa7, 0x02, 0x00, 0x00, 0x08, 0x00, 0x04, 0x00,
        0x02, 0x00, 0x00, 0x00, 0xfc, 0x00, 0x00, 0x00, 0x00, 0x00, 0x00, 0x00, 0xd0, 0x00, 0x04, 0x00,
        0x08, 0x00, 0x00, 0x00, 0xab, 0x02, 0x00, 0x00, 0xa7, 0x02, 0x00, 0x00, 0x08, 0x00, 0x04, 0x00,
        0x02, 0x00, 0x00, 0x00, 0xfd, 0x00, 0x00, 0x00, 0x00, 0x00, 0x00, 0x00, 0x85, 0x00, 0x05, 0x00,
        0x08, 0x00, 0x00, 0x00, 0xae, 0x02, 0x00, 0x00, 0xa9, 0x02, 0x00, 0x00, 0xa9, 0x02, 0x00, 0x00,
        0x85, 0x00, 0x05, 0x00, 0x08, 0x00, 0x00, 0x00, 0xb1, 0x02, 0x00, 0x00, 0xab, 0x02, 0x00, 0x00,
        0xab, 0x02, 0x00, 0x00, 0x81, 0x00, 0x05, 0x00, 0x08, 0x00, 0x00, 0x00, 0xb2, 0x02, 0x00, 0x00,
        0xae, 0x02, 0x00, 0x00, 0xb1, 0x02, 0x00, 0x00, 0x0c, 0x00, 0x06, 0x00, 0x08, 0x00, 0x00, 0x00,
        0xb3, 0x02, 0x00, 0x00, 0x03, 0x00, 0x00, 0x00, 0x1f, 0x00, 0x00, 0x00, 0xb2, 0x02, 0x00, 0x00,
        0x08, 0x00, 0x04, 0x00, 0x02, 0x00, 0x00, 0x00, 0xfe, 0x00, 0x00, 0x00, 0x00, 0x00, 0x00, 0x00,
        0x41, 0x00, 0x05, 0x00, 0xa7, 0x00, 0x00, 0x00, 0xb4, 0x02, 0x00, 0x00, 0xa4, 0x00, 0x00, 0x00,
        0xa6, 0x00, 0x00, 0x00, 0x3d, 0x00, 0x04, 0x00, 0x08, 0x00, 0x00, 0x00, 0xb5, 0x02, 0x00, 0x00,
        0xb4, 0x02, 0x00, 0x00, 0x0c, 0x00, 0x08, 0x00, 0x08, 0x00, 0x00, 0x00, 0xb8, 0x02, 0x00, 0x00,
        0x03, 0x00, 0x00, 0x00, 0x2b, 0x00, 0x00, 0x00, 0xb3, 0x02, 0x00, 0x00, 0x40, 0x00, 0x00, 0x00,
        0xac, 0x00, 0x00, 0x00, 0x81, 0x00, 0x05, 0x00, 0x08, 0x00, 0x00, 0x00, 0xb9, 0x02, 0x00, 0x00,
        0xb5, 0x02, 0x00, 0x00, 0xb8, 0x02, 0x00, 0x00, 0x08, 0x00, 0x04, 0x00, 0x02, 0x00, 0x00, 0x00,
        0x00, 0x01, 0x00, 0x00, 0x00, 0x00, 0x00, 0x00, 0x83, 0x00, 0x05, 0x00, 0x08, 0x00, 0x00, 0x00,
        0xbc, 0x02, 0x00, 0x00, 0xa7, 0x02, 0x00, 0x00, 0xb9, 0x02, 0x00, 0x00, 0x08, 0x00, 0x04, 0x00,
        0x02, 0x00, 0x00, 0x00, 0x03, 0x01, 0x00, 0x00, 0x00, 0x00, 0x00, 0x00, 0xb8, 0x00, 0x05, 0x00,
        0x1c, 0x00, 0x00, 0x00, 0xbf, 0x02, 0x00, 0x00, 0xa2, 0x02, 0x00, 0x00, 0xbc, 0x02, 0x00, 0x00,
        0x08, 0x00, 0x04, 0x00, 0x02, 0x00, 0x00, 0x00, 0x09, 0x01, 0x00, 0x00, 0x00, 0x00, 0x00, 0x00,
        0xf9, 0x00, 0x02, 0x00, 0xc3, 0x02, 0x00, 0x00, 0xf8, 0x00, 0x02, 0x00, 0xc2, 0x02, 0x00, 0x00,
        0x08, 0x00, 0x04, 0x00, 0x02, 0x00, 0x00, 0x00, 0x0b, 0x01, 0x00, 0x00, 0x00, 0x00, 0x00, 0x00,
        0xf9, 0x00, 0x02, 0x00, 0xc3, 0x02, 0x00, 0x00, 0xf8, 0x00, 0x02, 0x00, 0xc3, 0x02, 0x00, 0x00,
        0xf5, 0x00, 0x07, 0x00, 0x1c, 0x00, 0x00, 0x00, 0x2c, 0x03, 0x00, 0x00, 0xbf, 0x02, 0x00, 0x00,
        0x9c, 0x02, 0x00, 0x00, 0x54, 0x00, 0x00, 0x00, 0xc2, 0x02, 0x00, 0x00, 0x08, 0x00, 0x04, 0x00,
        0x02, 0x00, 0x00, 0x00, 0x67, 0x01, 0x00, 0x00, 0x00, 0x00, 0x00, 0x00, 0xf7, 0x00, 0x03, 0x00,
        0x07, 0x02, 0x00, 0x00, 0x00, 0x00, 0x00, 0x00, 0xfa, 0x00, 0x04, 0x00, 0x9b, 0x02, 0x00, 0x00,
        0x05, 0x02, 0x00, 0x00, 0x07, 0x02, 0x00, 0x00, 0xf8, 0x00, 0x02, 0x00, 0x05, 0x02, 0x00, 0x00,
        0x08, 0x00, 0x04, 0x00, 0x02, 0x00, 0x00, 0x00, 0x67, 0x01, 0x00, 0x00, 0x00, 0x00, 0x00, 0x00,
        0xf9, 0x00, 0x02, 0x00, 0x1c, 0x02, 0x00, 0x00, 0xf8, 0x00, 0x02, 0x00, 0x07, 0x02, 0x00, 0x00,
        0x08, 0x00, 0x04, 0x00, 0x02, 0x00, 0x00, 0x00, 0x69, 0x01, 0x00, 0x00, 0x00, 0x00, 0x00, 0x00,
        0xba, 0x00, 0x05, 0x00, 0x1c, 0x00, 0x00, 0x00, 0x0a, 0x02, 0x00, 0x00, 0xe1, 0x01, 0x00, 0x00,
        0x3b, 0x00, 0x00, 0x00, 0xf7, 0x00, 0x03, 0x00, 0x18, 0x02, 0x00, 0x00, 0x00, 0x00, 0x00, 0x00,
        0xfa, 0x00, 0x04, 0x00, 0x0a, 0x02, 0x00, 0x00, 0x0b, 0x02, 0x00, 0x00, 0x18, 0x02, 0x00, 0x00,
        0xf8, 0x00, 0x02, 0x00, 0x0b, 0x02, 0x00, 0x00, 0x08, 0x00, 0x04, 0x00, 0x02, 0x00, 0x00, 0x00,
        0x6e, 0x01, 0x00, 0x00, 0x00, 0x00, 0x00, 0x00, 0x41, 0x00, 0x05, 0x00, 0xd6, 0x00, 0x00, 0x00,
        0x0d, 0x02, 0x00, 0x00, 0xa4, 0x00, 0x00, 0x00, 0x0b, 0x01, 0x00, 0x00, 0x3d, 0x00, 0x04, 0x00,
        0x16, 0x00, 0x00, 0x00, 0x0e, 0x02, 0x00, 0x00, 0x0d, 0x02, 0x00, 0x00, 0x3d, 0x00, 0x04, 0x00,
        0x18, 0x00, 0x00, 0x00, 0x0f, 0x02, 0x00, 0x00, 0x0c, 0x01, 0x00, 0x00, 0x3d, 0x00, 0x04, 0x00,
        0x1a, 0x00, 0x00, 0x00, 0x10, 0x02, 0x00, 0x00, 0x0d, 0x01, 0x00, 0x00, 0x08, 0x00, 0x04, 0x00,
        0x02, 0x00, 0x00, 0x00, 0xe6, 0x00, 0x00, 0x00, 0x00, 0x00, 0x00, 0x00, 0x91, 0x00, 0x05, 0x00,
        0x14, 0x00, 0x00, 0x00, 0xcf, 0x02, 0x00, 0x00, 0x0e, 0x02, 0x00, 0x00, 0x93, 0x01, 0x00, 0x00,
        0x08, 0x00, 0x04, 0x00, 0x02, 0x00, 0x00, 0x00, 0xe9, 0x00, 0x00, 0x00, 0x00, 0x00, 0x00, 0x00,
        0x4f, 0x00, 0x07, 0x00, 0x59, 0x00, 0x00, 0x00, 0xd1, 0x02, 0x00, 0x00, 0xcf, 0x02, 0x00, 0x00,
        0xcf, 0x02, 0x00, 0x00, 0x00, 0x00, 0x00, 0x00, 0x01, 0x00, 0x00, 0x00, 0x8e, 0x00, 0x05, 0x00,
        0x59, 0x00, 0x00, 0x00, 0xd2, 0x02, 0x00, 0x00, 0xd1, 0x02, 0x00, 0x00, 0x5c, 0x00, 0x00, 0x00,
        0x08, 0x00, 0x04, 0x00, 0x02, 0x00, 0x00, 0x00, 0xea, 0x00, 0x00, 0x00, 0x00, 0x00, 0x00, 0x00,
        0x51, 0x00, 0x05, 0x00, 0x08, 0x00, 0x00, 0x00, 0xd4, 0x02, 0x00, 0x00, 0xcf, 0x02, 0x00, 0x00,
        0x03, 0x00, 0x00, 0x00, 0x50, 0x00, 0x05, 0x00, 0x59, 0x00, 0x00, 0x00, 0xd5, 0x02, 0x00, 0x00,
        0xd4, 0x02, 0x00, 0x00, 0xd4, 0x02, 0x00, 0x00, 0x88, 0x00, 0x05, 0x00, 0x59, 0x00, 0x00, 0x00,
        0xd6, 0x02, 0x00, 0x00, 0xd2, 0x02, 0x00, 0x00, 0xd5, 0x02, 0x00, 0x00, 0x81, 0x00, 0x05, 0x00,
        0x59, 0x00, 0x00, 0x00, 0xd7, 0x02, 0x00, 0x00, 0xd6, 0x02, 0x00, 0x00, 0x66, 0x00, 0x00, 0x00,
        0x08, 0x00, 0x04, 0x00, 0x02, 0x00, 0x00, 0x00, 0xeb, 0x00, 0x00, 0x00, 0x00, 0x00, 0x00, 0x00,
        0x51, 0x00, 0x05, 0x00, 0x08, 0x00, 0x00, 0x00, 0xd9, 0x02, 0x00, 0x00, 0xd7, 0x02, 0x00, 0x00,
        0x01, 0x00, 0x00, 0x00, 0x83, 0x00, 0x05, 0x00, 0x08, 0x00, 0x00, 0x00, 0xda, 0x02, 0x00, 0x00,
        0x4a, 0x00, 0x00, 0x00, 0xd9, 0x02, 0x00, 0x00, 0x52, 0x00, 0x06, 0x00, 0x59, 0x00, 0x00, 0x00,
        0x57, 0x03, 0x00, 0x00, 0xda, 0x02, 0x00, 0x00, 0xd7, 0x02, 0x00, 0x00, 0x01, 0x00, 0x00, 0x00,
        0x08, 0x00, 0x04, 0x00, 0x02, 0x00, 0x00, 0x00, 0xee, 0x00, 0x00, 0x00, 0x00, 0x00, 0x00, 0x00,
        0x51, 0x00, 0x05, 0x00, 0x08, 0x00, 0x00, 0x00, 0xdd, 0x02, 0x00, 0x00, 0xd7, 0x02, 0x00, 0x00,
        0x00, 0x00, 0x00, 0x00, 0xbe, 0x00, 0x05, 0x00, 0x1c, 0x00, 0x00, 0x00, 0xde, 0x02, 0x00, 0x00,
        0xdd, 0x02, 0x00, 0x00, 0x40, 0x00, 0x00, 0x00, 0xbc, 0x00, 0x05, 0x00, 0x1c, 0x00, 0x00, 0x00,
        0xe1, 0x02, 0x00, 0x00, 0xdd, 0x02, 0x00, 0x00, 0x4a, 0x00, 0x00, 0x00, 0xa7, 0x00, 0x05, 0x00,
        0x1c, 0x00, 0x00, 0x00, 0xe2, 0x02, 0x00, 0x00, 0xde, 0x02, 0x00, 0x00, 0xe1, 0x02, 0x00, 0x00,
        0x08, 0x00, 0x04, 0x00, 0x02, 0x00, 0x00, 0x00, 0xef, 0x00, 0x00, 0x00, 0x00, 0x00, 0x00, 0x00,
        0xbe, 0x00, 0x05, 0x00, 0x1c, 0x00, 0x00, 0x00, 0xe5, 0x02, 0x00, 0x00, 0xda, 0x02, 0x00, 0x00,
        0x40, 0x00, 0x00, 0x00, 0xa7, 0x00, 0x05, 0x00, 0x1c, 0x00, 0x00, 0x00, 0xe6, 0x02, 0x00, 0x00,
        0xe2, 0x02, 0x00, 0x00, 0xe5, 0x02, 0x00, 0x00, 0xbc, 0x00, 0x05, 0x00, 0x1c, 0x00, 0x00, 0x00,
        0xe9, 0x02, 0x00, 0x00, 0xda, 0x02, 0x00, 0x00, 0x4a, 0x00, 0x00, 0x00, 0xa7, 0x00, 0x05, 0x00,
        0x1c, 0x00, 0x00, 0x00, 0xea, 0x02, 0x00, 0x00, 0xe6, 0x02, 0x00, 0x00, 0xe9, 0x02, 0x00, 0x00,
        0x08, 0x00, 0x04, 0x00, 0x02, 0x00, 0x00, 0x00, 0xf0, 0x00, 0x00, 0x00, 0x00, 0x00, 0x00, 0x00,
        0x51, 0x00, 0x05, 0x00, 0x08, 0x00, 0x00, 0x00, 0xec, 0x02, 0x00, 0x00, 0xcf, 0x02, 0x00, 0x00,
        0x02, 0x00, 0x00, 0x00, 0xba, 0x00, 0x05, 0x00, 0x1c, 0x00, 0x00, 0x00, 0xed, 0x02, 0x00, 0x00,
        0xec, 0x02, 0x00, 0x00, 0x40, 0x00, 0x00, 0x00, 0xa7, 0x00, 0x05, 0x00, 0x1c, 0x00, 0x00, 0x00,
        0xee, 0x02, 0x00, 0x00, 0xea, 0x02, 0x00, 0x00, 0xed, 0x02, 0x00, 0x00, 0xf7, 0x00, 0x03, 0x00,
        0x16, 0x03, 0x00, 0x00, 0x00, 0x00, 0x00, 0x00, 0xfa, 0x00, 0x04, 0x00, 0xee, 0x02, 0x00, 0x00,
        0xef, 0x02, 0x00, 0x00, 0x15, 0x03, 0x00, 0x00, 0xf8, 0x00, 0x02, 0x00, 0xef, 0x02, 0x00, 0x00,
        0x08, 0x00, 0x04, 0x00, 0x02, 0x00, 0x00, 0x00, 0xf3, 0x00, 0x00, 0x00, 0x00, 0x00, 0x00, 0x00,
        0x56, 0x00, 0x05, 0x00, 0x87, 0x00, 0x00, 0x00, 0xf2, 0x02, 0x00, 0x00, 0x0f, 0x02, 0x00, 0x00,
        0x10, 0x02, 0x00, 0x00, 0x57, 0x00, 0x05, 0x00, 0x14, 0x00, 0x00, 0x00, 0xf4, 0x02, 0x00, 0x00,
        0xf2, 0x02, 0x00, 0x00, 0x57, 0x03, 0x00, 0x00, 0x51, 0x00, 0x05, 0x00, 0x08, 0x00, 0x00, 0x00,
        0xf5, 0x02, 0x00, 0x00, 0xf4, 0x02, 0x00, 0x00, 0x00, 0x00, 0x00, 0x00, 0x08, 0x00, 0x04, 0x00,
        0x02, 0x00, 0x00, 0x00, 0xf8, 0x00, 0x00, 0x00, 0x00, 0x00, 0x00, 0x00, 0x88, 0x00, 0x05, 0x00,
        0x08, 0x00, 0x00, 0x00, 0xfa, 0x02, 0x00, 0x00, 0xec, 0x02, 0x00, 0x00, 0xd4, 0x02, 0x00, 0x00,
        0x08, 0x00, 0x04, 0x00, 0x02, 0x00, 0x00, 0x00, 0xfb, 0x00, 0x00, 0x00, 0x00, 0x00, 0x00, 0x00,
        0xcf, 0x00, 0x04, 0x00, 0x08, 0x00, 0x00, 0x00, 0xfc, 0x02, 0x00, 0x00, 0xfa, 0x02, 0x00, 0x00,
        0x08, 0x00, 0x04, 0x00, 0x02, 0x00, 0x00, 0x00, 0xfc, 0x00, 0x00, 0x00, 0x00, 0x00, 0x00, 0x00,
        0xd0, 0x00, 0x04, 0x00, 0x08, 0x00, 0x00, 0x00, 0xfe, 0x02, 0x00, 0x00, 0xfa, 0x02, 0x00, 0x00,
        0x08, 0x00, 0x04, 0x00, 0x02, 0x00, 0x00, 0x00, 0xfd, 0x00, 0x00, 0x00, 0x00, 0x00, 0x00, 0x00,
        0x85, 0x00, 0x05, 0x00, 0x08, 0x00, 0x00, 0x00, 0x01, 0x03, 0x00, 0x00, 0xfc, 0x02, 0x00, 0x00,
        0xfc, 0x02, 0x00, 0x00, 0x85, 0x00, 0x05, 0x00, 0x08, 0x00, 0x00, 0x00, 0x04, 0x03, 0x00, 0x00,
        0xfe, 0x02, 0x00, 0x00, 0xfe, 0x02, 0x00, 0x00, 0x81, 0x00, 0x05, 0x00, 0x08, 0x00, 0x00, 0x00,
        0x05, 0x03, 0x00, 0x00, 0x01, 0x03, 0x00, 0x00, 0x04, 0x03, 0x00, 0x00, 0x0c, 0x00, 0x06, 0x00,
        0x08, 0x00, 0x00, 0x00, 0x06, 0x03, 0x00, 0x00, 0x03, 0x00, 0x00, 0x00, 0x1f, 0x00, 0x00, 0x00,
        0x05, 0x03, 0x00, 0x00, 0x08, 0x00, 0x04, 0x00, 0x02, 0x00, 0x00, 0x00, 0xfe, 0x00, 0x00, 0x00,
        0x00, 0x00, 0x00, 0x00, 0x41, 0x00, 0x05, 0x00, 0xa7, 0x00, 0x00, 0x00, 0x07, 0x03, 0x00, 0x00,
        0xa4, 0x00, 0x00, 0x00, 0xa6, 0x00, 0x00, 0x00, 0x3d, 0x00, 0x04, 0x00, 0x08, 0x00, 0x00, 0x00,
        0x08, 0x03, 0x00, 0x00, 0x07, 0x03, 0x00, 0x00, 0x0c, 0x00, 0x08, 0x00, 0x08, 0x00, 0x00, 0x00,
        0x0b, 0x03, 0x00, 0x00, 0x03, 0x00, 0x00, 0x00, 0x2b, 0x00, 0x00, 0x00, 0x06, 0x03, 0x00, 0x00,
        0x40, 0x00, 0x00, 0x00, 0xac, 0x00, 0x00, 0x00, 0x81, 0x00, 0x05, 0x00, 0x08, 0x00, 0x00, 0x00,
        0x0c, 0x03, 0x00, 0x00, 0x08, 0x03, 0x00, 0x00, 0x0b, 0x03, 0x00, 0x00, 0x08, 0x00, 0x04, 0x00,
        0x02, 0x00, 0x00, 0x00, 0x00, 0x01, 0x00, 0x00, 0x00, 0x00, 0x00, 0x00, 0x83, 0x00, 0x05, 0x00,
        0x08, 0x00, 0x00, 0x00, 0x0f, 0x03, 0x00, 0x00, 0xfa, 0x02, 0x00, 0x00, 0x0c, 0x03, 0x00, 0x00,
        0x08, 0x00, 0x04, 0x00, 0x02, 0x00, 0x00, 0x00, 0x03, 0x01, 0x00, 0x00, 0x00, 0x00, 0x00, 0x00,
        0xb8, 0x00, 0x05, 0x00, 0x1c, 0x00, 0x00, 0x00, 0x12, 0x03, 0x00, 0x00, 0xf5, 0x02, 0x00, 0x00,
        0x0f, 0x03, 0x00, 0x00, 0x08, 0x00, 0x04, 0x00, 0x02, 0x00, 0x00, 0x00, 0x09, 0x01, 0x00, 0x00,
        0x00, 0x00, 0x00, 0x00, 0xf9, 0x00, 0x02, 0x00, 0x16, 0x03, 0x00, 0x00, 0xf8, 0x00, 0x02, 0x00,
        0x15, 0x03, 0x00, 0x00, 0x08, 0x00, 0x04, 0x00, 0x02, 0x00, 0x00, 0x00, 0x0b, 0x01, 0x00, 0x00,
        0x00, 0x00, 0x00, 0x00, 0xf9, 0x00, 0x02, 0x00, 0x16, 0x03, 0x00, 0x00, 0xf8, 0x00, 0x02, 0x00,
        0x16, 0x03, 0x00, 0x00, 0xf5, 0x00, 0x07, 0x00, 0x1c, 0x00, 0x00, 0x00, 0x2f, 0x03, 0x00, 0x00,
        0x12, 0x03, 0x00, 0x00, 0xef, 0x02, 0x00, 0x00, 0x54, 0x00, 0x00, 0x00, 0x15, 0x03, 0x00, 0x00,
        0x08, 0x00, 0x04, 0x00, 0x02, 0x00, 0x00, 0x00, 0x72, 0x01, 0x00, 0x00, 0x00, 0x00, 0x00, 0x00,
        0xf7, 0x00, 0x03, 0x00, 0x17, 0x02, 0x00, 0x00, 0x00, 0x00, 0x00, 0x00, 0xfa, 0x00, 0x04, 0x00,
        0xee, 0x02, 0x00, 0x00, 0x15, 0x02, 0x00, 0x00, 0x17, 0x02, 0x00, 0x00, 0xf8, 0x00, 0x02, 0x00,
        0x15, 0x02, 0x00, 0x00, 0x08, 0x00, 0x04, 0x00, 0x02, 0x00, 0x00, 0x00, 0x72, 0x01, 0x00, 0x00,
        0x00, 0x00, 0x00, 0x00, 0xf9, 0x00, 0x02, 0x00, 0x1c, 0x02, 0x00, 0x00, 0xf8, 0x00, 0x02, 0x00,
        0x17, 0x02, 0x00, 0x00, 0xf9, 0x00, 0x02, 0x00, 0x18, 0x02, 0x00, 0x00, 0xf8, 0x00, 0x02, 0x00,
        0x18, 0x02, 0x00, 0x00, 0xf9, 0x00, 0x02, 0x00, 0x19, 0x02, 0x00, 0x00, 0xf8, 0x00, 0x02, 0x00,
        0x19, 0x02, 0x00, 0x00, 0xf9, 0x00, 0x02, 0x00, 0x1a, 0x02, 0x00, 0x00, 0xf8, 0x00, 0x02, 0x00,
        0x1a, 0x02, 0x00, 0x00, 0xf9, 0x00, 0x02, 0x00, 0x1b, 0x02, 0x00, 0x00, 0xf8, 0x00, 0x02, 0x00,
        0x1b, 0x02, 0x00, 0x00, 0x08, 0x00, 0x04, 0x00, 0x02, 0x00, 0x00, 0x00, 0x78, 0x01, 0x00, 0x00,
        0x00, 0x00, 0x00, 0x00, 0xf9, 0x00, 0x02, 0x00, 0x1c, 0x02, 0x00, 0x00, 0xf8, 0x00, 0x02, 0x00,
        0x1c, 0x02, 0x00, 0x00, 0xf5, 0x00, 0x0b, 0x00, 0x1c, 0x00, 0x00, 0x00, 0x31, 0x03, 0x00, 0x00,
        0x29, 0x03, 0x00, 0x00, 0xf5, 0x01, 0x00, 0x00, 0x2c, 0x03, 0x00, 0x00, 0x05, 0x02, 0x00, 0x00,
        0x2f, 0x03, 0x00, 0x00, 0x15, 0x02, 0x00, 0x00, 0x54, 0x00, 0x00, 0x00, 0x1b, 0x02, 0x00, 0x00,
        0x08, 0x00, 0x04, 0x00, 0x02, 0x00, 0x00, 0x00, 0x83, 0x01, 0x00, 0x00, 0x00, 0x00, 0x00, 0x00,
        0xf7, 0x00, 0x03, 0x00, 0xc1, 0x01, 0x00, 0x00, 0x00, 0x00, 0x00, 0x00, 0xfa, 0x00, 0x04, 0x00,
        0x31, 0x03, 0x00, 0x00, 0xbe, 0x01, 0x00, 0x00, 0xc1, 0x01, 0x00, 0x00, 0xf8, 0x00, 0x02, 0x00,
        0xbe, 0x01, 0x00, 0x00, 0x08, 0x00, 0x04, 0x00, 0x02, 0x00, 0x00, 0x00, 0x85, 0x01, 0x00, 0x00,
        0x00, 0x00, 0x00, 0x00, 0x85, 0x00, 0x05, 0x00, 0x09, 0x00, 0x00, 0x00, 0xc0, 0x01, 0x00, 0x00,
        0xb7, 0x01, 0x00, 0x00, 0x2b, 0x01, 0x00, 0x00, 0xf9, 0x00, 0x02, 0x00, 0xc1, 0x01, 0x00, 0x00,
        0xf8, 0x00, 0x02, 0x00, 0xc1, 0x01, 0x00, 0x00, 0xf5, 0x00, 0x07, 0x00, 0x09, 0x00, 0x00, 0x00,
        0x3d, 0x03, 0x00, 0x00, 0xb7, 0x01, 0x00, 0x00, 0x1c, 0x02, 0x00, 0x00, 0xc0, 0x01, 0x00, 0x00,
        0xbe, 0x01, 0x00, 0x00, 0x08, 0x00, 0x04, 0x00, 0x01, 0x00, 0x00, 0x00, 0x38, 0x00, 0x00, 0x00,
        0x00, 0x00, 0x00, 0x00, 0x41, 0x00, 0x05, 0x00, 0x66, 0x01, 0x00, 0x00, 0x27, 0x03, 0x00, 0x00,
        0x60, 0x01, 0x00, 0x00, 0x61, 0x00, 0x00, 0x00, 0x3d, 0x00, 0x04, 0x00, 0x08, 0x00, 0x00, 0x00,
        0x99, 0x01, 0x00, 0x00, 0x27, 0x03, 0x00, 0x00, 0x51, 0x00, 0x05, 0x00, 0x08, 0x00, 0x00, 0x00,
        0x9a, 0x01, 0x00, 0x00, 0x3d, 0x03, 0x00, 0x00, 0x00, 0x00, 0x00, 0x00, 0x51, 0x00, 0x05, 0x00,
        0x08, 0x00, 0x00, 0x00, 0x9b, 0x01, 0x00, 0x00, 0x3d, 0x03, 0x00, 0x00, 0x01, 0x00, 0x00, 0x00,
        0x51, 0x00, 0x05, 0x00, 0x08, 0x00, 0x00, 0x00, 0x9c, 0x01, 0x00, 0x00, 0x3d, 0x03, 0x00, 0x00,
        0x02, 0x00, 0x00, 0x00, 0x50, 0x00, 0x07, 0x00, 0x14, 0x00, 0x00, 0x00, 0x9d, 0x01, 0x00, 0x00,
        0x9a, 0x01, 0x00, 0x00, 0x9b, 0x01, 0x00, 0x00, 0x9c, 0x01, 0x00, 0x00, 0x99, 0x01, 0x00, 0x00,
        0x08, 0x00, 0x04, 0x00, 0x01, 0x00, 0x00, 0x00, 0x31, 0x00, 0x00, 0x00, 0x00, 0x00, 0x00, 0x00,
        0x3e, 0x00, 0x03, 0x00, 0x6b, 0x01, 0x00, 0x00, 0x9d, 0x01, 0x00, 0x00, 0xfd, 0x00, 0x01, 0x00,
        0x38, 0x00, 0x01, 0x00,
    };

    /// <summary>HLSL, compiled by sokol's D3D11 backend.</summary>
    private const string PixelHlsl =
"""
cbuffer _Global : register(b0)
{
    column_major float4x4 _164_LightViewProj0 : packoffset(c0);
    column_major float4x4 _164_LightViewProj1 : packoffset(c4);
    column_major float4x4 _164_LightViewProj2 : packoffset(c8);
    float _164_DepthBias : packoffset(c12);
    float _164_NumCascades : packoffset(c12.y);
    float3 _164_LightDirection : packoffset(c13);
    column_major float4x4 _164_WorldView : packoffset(c14);
    column_major float4x4 _164_WorldViewProj : packoffset(c18);
    float3 _164_FogColor : packoffset(c22);
    float _164_FogDistance : packoffset(c22.w);
    float _164_FogLogDensity : packoffset(c23);
};

Texture2D<float4> ShadowMap0 : register(t0);
SamplerState ShadowMapSampler0 : register(s0);
Texture2D<float4> ShadowMap1 : register(t1);
SamplerState ShadowMapSampler1 : register(s1);
Texture2D<float4> ShadowMap2 : register(t2);
SamplerState ShadowMapSampler2 : register(s2);

static float4 input_Color;
static float4 input_WorldPos;
static float input_ViewLength;
static float4 _entryPointOutput;

struct SPIRV_Cross_Input
{
    float4 input_Color : TEXCOORD0;
    float4 input_WorldPos : TEXCOORD1;
    float input_ViewLength : TEXCOORD2;
};

struct SPIRV_Cross_Output
{
    float4 _entryPointOutput : SV_Target0;
};

void frag_main()
{
    float _425 = exp2(max((input_ViewLength - (_164_FogDistance * 0.5f)) / _164_FogDistance, 0.0f) * _164_FogLogDensity);
    float3 _439 = (input_Color.xyz * _425.xxx) + (_164_FogColor * (1.0f - _425).xxx);
    float4 _403 = float4(input_WorldPos.xyz, 1.0f);
    bool _817;
    do
    {
        if (_164_NumCascades > 0.0f)
        {
            if (abs(_164_LightDirection.y) >= 0.0500000007450580596923828125f)
            {
                float4 _553 = mul(_403, _164_LightViewProj0);
                float _558 = _553.w;
                float2 _561 = ((_553.xy * 0.5f) / _558.xx) + 0.5f.xx;
                float _564 = 1.0f - _561.y;
                float2 _833 = _561;
                _833.y = _564;
                float _567 = _561.x;
                float _582 = _553.z;
                bool _584 = ((((_567 >= 0.0f) && (_567 <= 1.0f)) && (_564 >= 0.0f)) && (_564 <= 1.0f)) && (_582 > 0.0f);
                bool _809;
                if (_584)
                {
                    float _596 = _582 / _558;
                    float _598 = ddx(_596);
                    float _600 = ddy(_596);
                    _809 = ShadowMap0.Sample(ShadowMapSampler0, _833).x < (_596 - (_164_DepthBias + clamp(sqrt((_598 * _598) + (_600 * _600)), 0.0f, 0.00999999977648258209228515625f)));
                }
                else
                {
                    _809 = false;
                }
                if (_584)
                {
                    _817 = _809;
                    break;
                }
                if (_164_NumCascades > 1.0f)
                {
                    float4 _636 = mul(_403, _164_LightViewProj1);
                    float _641 = _636.w;
                    float2 _644 = ((_636.xy * 0.5f) / _641.xx) + 0.5f.xx;
                    float _647 = 1.0f - _644.y;
                    float2 _844 = _644;
                    _844.y = _647;
                    float _650 = _644.x;
                    float _665 = _636.z;
                    bool _667 = ((((_650 >= 0.0f) && (_650 <= 1.0f)) && (_647 >= 0.0f)) && (_647 <= 1.0f)) && (_665 > 0.0f);
                    bool _812;
                    if (_667)
                    {
                        float _679 = _665 / _641;
                        float _681 = ddx(_679);
                        float _683 = ddy(_679);
                        _812 = ShadowMap1.Sample(ShadowMapSampler1, _844).x < (_679 - (_164_DepthBias + clamp(sqrt((_681 * _681) + (_683 * _683)), 0.0f, 0.00999999977648258209228515625f)));
                    }
                    else
                    {
                        _812 = false;
                    }
                    if (_667)
                    {
                        _817 = _812;
                        break;
                    }
                    if (_164_NumCascades > 2.0f)
                    {
                        float4 _719 = mul(_403, _164_LightViewProj2);
                        float _724 = _719.w;
                        float2 _727 = ((_719.xy * 0.5f) / _724.xx) + 0.5f.xx;
                        float _730 = 1.0f - _727.y;
                        float2 _855 = _727;
                        _855.y = _730;
                        float _733 = _727.x;
                        float _748 = _719.z;
                        bool _750 = ((((_733 >= 0.0f) && (_733 <= 1.0f)) && (_730 >= 0.0f)) && (_730 <= 1.0f)) && (_748 > 0.0f);
                        bool _815;
                        if (_750)
                        {
                            float _762 = _748 / _724;
                            float _764 = ddx(_762);
                            float _766 = ddy(_762);
                            _815 = ShadowMap2.Sample(ShadowMapSampler2, _855).x < (_762 - (_164_DepthBias + clamp(sqrt((_764 * _764) + (_766 * _766)), 0.0f, 0.00999999977648258209228515625f)));
                        }
                        else
                        {
                            _815 = false;
                        }
                        if (_750)
                        {
                            _817 = _815;
                            break;
                        }
                    }
                }
            }
        }
        _817 = false;
        break;
    } while(false);
    float3 _829;
    if (_817)
    {
        _829 = _439 * 0.5f.xxx;
    }
    else
    {
        _829 = _439;
    }
    _entryPointOutput = float4(_829, input_Color.w);
}

SPIRV_Cross_Output main(SPIRV_Cross_Input stage_input)
{
    input_Color = stage_input.input_Color;
    input_WorldPos = stage_input.input_WorldPos;
    input_ViewLength = stage_input.input_ViewLength;
    frag_main();
    SPIRV_Cross_Output stage_output;
    stage_output._entryPointOutput = _entryPointOutput;
    return stage_output;
}
""";

    /// <summary>Metal Shading Language, compiled by sokol's Metal backend.</summary>
    private const string PixelMsl =
"""
#include <metal_stdlib>
#include <simd/simd.h>

using namespace metal;

struct _Global
{
    float4x4 LightViewProj0;
    float4x4 LightViewProj1;
    float4x4 LightViewProj2;
    float DepthBias;
    float NumCascades;
    float3 LightDirection;
    float4x4 WorldView;
    float4x4 WorldViewProj;
    packed_float3 FogColor;
    float FogDistance;
    float FogLogDensity;
};

struct main0_out
{
    float4 _entryPointOutput [[color(0)]];
};

struct main0_in
{
    float4 input_Color [[user(locn0)]];
    float4 input_WorldPos [[user(locn1)]];
    float input_ViewLength [[user(locn2)]];
};

fragment main0_out main0(main0_in in [[stage_in]], constant _Global& _164 [[buffer(0)]], texture2d<float> ShadowMap0 [[texture(0)]], texture2d<float> ShadowMap1 [[texture(1)]], texture2d<float> ShadowMap2 [[texture(2)]], sampler ShadowMapSampler0 [[sampler(0)]], sampler ShadowMapSampler1 [[sampler(1)]], sampler ShadowMapSampler2 [[sampler(2)]])
{
    main0_out out = {};
    float _425 = exp2(fast::max((in.input_ViewLength - (_164.FogDistance * 0.5)) / _164.FogDistance, 0.0) * _164.FogLogDensity);
    float3 _439 = (in.input_Color.xyz * float3(_425)) + (float3(_164.FogColor) * float3(1.0 - _425));
    float4 _403 = float4(in.input_WorldPos.xyz, 1.0);
    bool _817;
    do
    {
        if (_164.NumCascades > 0.0)
        {
            if (abs(_164.LightDirection.y) >= 0.0500000007450580596923828125)
            {
                float4 _553 = _403 * _164.LightViewProj0;
                float _558 = _553.w;
                float2 _561 = ((_553.xy * 0.5) / float2(_558)) + float2(0.5);
                float _564 = 1.0 - _561.y;
                float2 _833 = _561;
                _833.y = _564;
                float _567 = _561.x;
                float _582 = _553.z;
                bool _584 = ((((_567 >= 0.0) && (_567 <= 1.0)) && (_564 >= 0.0)) && (_564 <= 1.0)) && (_582 > 0.0);
                bool _809;
                if (_584)
                {
                    float _596 = _582 / _558;
                    float _598 = dfdx(_596);
                    float _600 = dfdy(_596);
                    _809 = ShadowMap0.sample(ShadowMapSampler0, _833).x < (_596 - (_164.DepthBias + fast::clamp(sqrt((_598 * _598) + (_600 * _600)), 0.0, 0.00999999977648258209228515625)));
                }
                else
                {
                    _809 = false;
                }
                if (_584)
                {
                    _817 = _809;
                    break;
                }
                if (_164.NumCascades > 1.0)
                {
                    float4 _636 = _403 * _164.LightViewProj1;
                    float _641 = _636.w;
                    float2 _644 = ((_636.xy * 0.5) / float2(_641)) + float2(0.5);
                    float _647 = 1.0 - _644.y;
                    float2 _844 = _644;
                    _844.y = _647;
                    float _650 = _644.x;
                    float _665 = _636.z;
                    bool _667 = ((((_650 >= 0.0) && (_650 <= 1.0)) && (_647 >= 0.0)) && (_647 <= 1.0)) && (_665 > 0.0);
                    bool _812;
                    if (_667)
                    {
                        float _679 = _665 / _641;
                        float _681 = dfdx(_679);
                        float _683 = dfdy(_679);
                        _812 = ShadowMap1.sample(ShadowMapSampler1, _844).x < (_679 - (_164.DepthBias + fast::clamp(sqrt((_681 * _681) + (_683 * _683)), 0.0, 0.00999999977648258209228515625)));
                    }
                    else
                    {
                        _812 = false;
                    }
                    if (_667)
                    {
                        _817 = _812;
                        break;
                    }
                    if (_164.NumCascades > 2.0)
                    {
                        float4 _719 = _403 * _164.LightViewProj2;
                        float _724 = _719.w;
                        float2 _727 = ((_719.xy * 0.5) / float2(_724)) + float2(0.5);
                        float _730 = 1.0 - _727.y;
                        float2 _855 = _727;
                        _855.y = _730;
                        float _733 = _727.x;
                        float _748 = _719.z;
                        bool _750 = ((((_733 >= 0.0) && (_733 <= 1.0)) && (_730 >= 0.0)) && (_730 <= 1.0)) && (_748 > 0.0);
                        bool _815;
                        if (_750)
                        {
                            float _762 = _748 / _724;
                            float _764 = dfdx(_762);
                            float _766 = dfdy(_762);
                            _815 = ShadowMap2.sample(ShadowMapSampler2, _855).x < (_762 - (_164.DepthBias + fast::clamp(sqrt((_764 * _764) + (_766 * _766)), 0.0, 0.00999999977648258209228515625)));
                        }
                        else
                        {
                            _815 = false;
                        }
                        if (_750)
                        {
                            _817 = _815;
                            break;
                        }
                    }
                }
            }
        }
        _817 = false;
        break;
    } while(false);
    float3 _829;
    if (_817)
    {
        _829 = _439 * float3(0.5);
    }
    else
    {
        _829 = _439;
    }
    out._entryPointOutput = float4(_829, in.input_Color.w);
    return out;
}
""";

    /// <summary>GLSL, compiled by sokol's GL backend.</summary>
    private const string PixelGlsl =
"""
#version 410
#ifdef GL_ARB_shading_language_420pack
#extension GL_ARB_shading_language_420pack : require
#endif

struct _Global
{
    mat4 LightViewProj0;
    mat4 LightViewProj1;
    mat4 LightViewProj2;
    float DepthBias;
    float NumCascades;
    vec3 LightDirection;
    mat4 WorldView;
    mat4 WorldViewProj;
    vec3 FogColor;
    float FogDistance;
    float FogLogDensity;
};

uniform _Global _164;

uniform sampler2D ShadowMap0;
uniform sampler2D ShadowMap1;
uniform sampler2D ShadowMap2;

layout(location = 0) in vec4 input_Color;
layout(location = 1) in vec4 input_WorldPos;
layout(location = 2) in float input_ViewLength;
layout(location = 0) out vec4 _entryPointOutput;

mat4 spvWorkaroundRowMajor(mat4 wrap) { return wrap; }

void main()
{
    float _425 = exp2(max((input_ViewLength - (_164.FogDistance * 0.5)) / _164.FogDistance, 0.0) * _164.FogLogDensity);
    vec3 _439 = (input_Color.xyz * vec3(_425)) + (_164.FogColor * vec3(1.0 - _425));
    vec4 _403 = vec4(input_WorldPos.xyz, 1.0);
    bool _817;
    do
    {
        if (_164.NumCascades > 0.0)
        {
            if (abs(_164.LightDirection.y) >= 0.0500000007450580596923828125)
            {
                vec4 _553 = spvWorkaroundRowMajor(_164.LightViewProj0) * _403;
                float _558 = _553.w;
                vec2 _561 = ((_553.xy * 0.5) / vec2(_558)) + vec2(0.5);
                float _564 = 1.0 - _561.y;
                vec2 _833 = _561;
                _833.y = _564;
                float _567 = _561.x;
                float _582 = _553.z;
                bool _584 = ((((_567 >= 0.0) && (_567 <= 1.0)) && (_564 >= 0.0)) && (_564 <= 1.0)) && (_582 > 0.0);
                bool _809;
                if (_584)
                {
                    float _596 = _582 / _558;
                    float _598 = dFdx(_596);
                    float _600 = dFdy(_596);
                    _809 = texture(ShadowMap0, _833).x < (_596 - (_164.DepthBias + clamp(sqrt((_598 * _598) + (_600 * _600)), 0.0, 0.00999999977648258209228515625)));
                }
                else
                {
                    _809 = false;
                }
                if (_584)
                {
                    _817 = _809;
                    break;
                }
                if (_164.NumCascades > 1.0)
                {
                    vec4 _636 = spvWorkaroundRowMajor(_164.LightViewProj1) * _403;
                    float _641 = _636.w;
                    vec2 _644 = ((_636.xy * 0.5) / vec2(_641)) + vec2(0.5);
                    float _647 = 1.0 - _644.y;
                    vec2 _844 = _644;
                    _844.y = _647;
                    float _650 = _644.x;
                    float _665 = _636.z;
                    bool _667 = ((((_650 >= 0.0) && (_650 <= 1.0)) && (_647 >= 0.0)) && (_647 <= 1.0)) && (_665 > 0.0);
                    bool _812;
                    if (_667)
                    {
                        float _679 = _665 / _641;
                        float _681 = dFdx(_679);
                        float _683 = dFdy(_679);
                        _812 = texture(ShadowMap1, _844).x < (_679 - (_164.DepthBias + clamp(sqrt((_681 * _681) + (_683 * _683)), 0.0, 0.00999999977648258209228515625)));
                    }
                    else
                    {
                        _812 = false;
                    }
                    if (_667)
                    {
                        _817 = _812;
                        break;
                    }
                    if (_164.NumCascades > 2.0)
                    {
                        vec4 _719 = spvWorkaroundRowMajor(_164.LightViewProj2) * _403;
                        float _724 = _719.w;
                        vec2 _727 = ((_719.xy * 0.5) / vec2(_724)) + vec2(0.5);
                        float _730 = 1.0 - _727.y;
                        vec2 _855 = _727;
                        _855.y = _730;
                        float _733 = _727.x;
                        float _748 = _719.z;
                        bool _750 = ((((_733 >= 0.0) && (_733 <= 1.0)) && (_730 >= 0.0)) && (_730 <= 1.0)) && (_748 > 0.0);
                        bool _815;
                        if (_750)
                        {
                            float _762 = _748 / _724;
                            float _764 = dFdx(_762);
                            float _766 = dFdy(_762);
                            _815 = texture(ShadowMap2, _855).x < (_762 - (_164.DepthBias + clamp(sqrt((_764 * _764) + (_766 * _766)), 0.0, 0.00999999977648258209228515625)));
                        }
                        else
                        {
                            _815 = false;
                        }
                        if (_750)
                        {
                            _817 = _815;
                            break;
                        }
                    }
                }
            }
        }
        _817 = false;
        break;
    } while(false);
    vec3 _829;
    if (_817)
    {
        _829 = _439 * vec3(0.5);
    }
    else
    {
        _829 = _439;
    }
    _entryPointOutput = vec4(_829, input_Color.w);
}
""";

    /// <summary>OpenGL ES 3.0 GLSL, compiled by a GLES3 context or ANGLE.</summary>
    private const string PixelGlslEs =
"""
#version 300 es
precision highp float;
precision highp int;

layout(std140) uniform _Global
{
    layout(row_major) mat4 LightViewProj0;
    layout(row_major) mat4 LightViewProj1;
    layout(row_major) mat4 LightViewProj2;
    float DepthBias;
    float NumCascades;
    vec3 LightDirection;
    layout(row_major) mat4 WorldView;
    layout(row_major) mat4 WorldViewProj;
    vec3 FogColor;
    float FogDistance;
    float FogLogDensity;
} _164;

uniform highp sampler2D ShadowMap0;
uniform highp sampler2D ShadowMap1;
uniform highp sampler2D ShadowMap2;

in vec4 varying_0;
in vec4 varying_1;
in float varying_2;
layout(location = 0) out vec4 _entryPointOutput;

highp mat4 spvWorkaroundRowMajor(highp mat4 wrap) { return wrap; }
mediump mat4 spvWorkaroundRowMajorMP(mediump mat4 wrap) { return wrap; }

void main()
{
    float _425 = exp2(max((varying_2 - (_164.FogDistance * 0.5)) / _164.FogDistance, 0.0) * _164.FogLogDensity);
    vec3 _439 = (varying_0.xyz * vec3(_425)) + (_164.FogColor * vec3(1.0 - _425));
    vec4 _403 = vec4(varying_1.xyz, 1.0);
    bool _817;
    do
    {
        if (_164.NumCascades > 0.0)
        {
            if (abs(_164.LightDirection.y) >= 0.0500000007450580596923828125)
            {
                vec4 _553 = spvWorkaroundRowMajor(_164.LightViewProj0) * _403;
                float _558 = _553.w;
                vec2 _561 = ((_553.xy * 0.5) / vec2(_558)) + vec2(0.5);
                float _564 = 1.0 - _561.y;
                vec2 _833 = _561;
                _833.y = _564;
                float _567 = _561.x;
                float _582 = _553.z;
                bool _584 = ((((_567 >= 0.0) && (_567 <= 1.0)) && (_564 >= 0.0)) && (_564 <= 1.0)) && (_582 > 0.0);
                bool _809;
                if (_584)
                {
                    float _596 = _582 / _558;
                    float _598 = dFdx(_596);
                    float _600 = dFdy(_596);
                    _809 = texture(ShadowMap0, _833).x < (_596 - (_164.DepthBias + clamp(sqrt((_598 * _598) + (_600 * _600)), 0.0, 0.00999999977648258209228515625)));
                }
                else
                {
                    _809 = false;
                }
                if (_584)
                {
                    _817 = _809;
                    break;
                }
                if (_164.NumCascades > 1.0)
                {
                    vec4 _636 = spvWorkaroundRowMajor(_164.LightViewProj1) * _403;
                    float _641 = _636.w;
                    vec2 _644 = ((_636.xy * 0.5) / vec2(_641)) + vec2(0.5);
                    float _647 = 1.0 - _644.y;
                    vec2 _844 = _644;
                    _844.y = _647;
                    float _650 = _644.x;
                    float _665 = _636.z;
                    bool _667 = ((((_650 >= 0.0) && (_650 <= 1.0)) && (_647 >= 0.0)) && (_647 <= 1.0)) && (_665 > 0.0);
                    bool _812;
                    if (_667)
                    {
                        float _679 = _665 / _641;
                        float _681 = dFdx(_679);
                        float _683 = dFdy(_679);
                        _812 = texture(ShadowMap1, _844).x < (_679 - (_164.DepthBias + clamp(sqrt((_681 * _681) + (_683 * _683)), 0.0, 0.00999999977648258209228515625)));
                    }
                    else
                    {
                        _812 = false;
                    }
                    if (_667)
                    {
                        _817 = _812;
                        break;
                    }
                    if (_164.NumCascades > 2.0)
                    {
                        vec4 _719 = spvWorkaroundRowMajor(_164.LightViewProj2) * _403;
                        float _724 = _719.w;
                        vec2 _727 = ((_719.xy * 0.5) / vec2(_724)) + vec2(0.5);
                        float _730 = 1.0 - _727.y;
                        vec2 _855 = _727;
                        _855.y = _730;
                        float _733 = _727.x;
                        float _748 = _719.z;
                        bool _750 = ((((_733 >= 0.0) && (_733 <= 1.0)) && (_730 >= 0.0)) && (_730 <= 1.0)) && (_748 > 0.0);
                        bool _815;
                        if (_750)
                        {
                            float _762 = _748 / _724;
                            float _764 = dFdx(_762);
                            float _766 = dFdy(_762);
                            _815 = texture(ShadowMap2, _855).x < (_762 - (_164.DepthBias + clamp(sqrt((_764 * _764) + (_766 * _766)), 0.0, 0.00999999977648258209228515625)));
                        }
                        else
                        {
                            _815 = false;
                        }
                        if (_750)
                        {
                            _817 = _815;
                            break;
                        }
                    }
                }
            }
        }
        _817 = false;
        break;
    } while(false);
    vec3 _829;
    if (_817)
    {
        _829 = _439 * vec3(0.5);
    }
    else
    {
        _829 = _439;
    }
    _entryPointOutput = vec4(_829, varying_0.w);
}
""";

    /// <summary>Desktop GLSL 3.30, compiled by a core-profile desktop GL context.</summary>
    private const string PixelGlsl330 =
"""
#version 330

layout(std140) uniform _Global
{
    layout(row_major) mat4 LightViewProj0;
    layout(row_major) mat4 LightViewProj1;
    layout(row_major) mat4 LightViewProj2;
    float DepthBias;
    float NumCascades;
    vec3 LightDirection;
    layout(row_major) mat4 WorldView;
    layout(row_major) mat4 WorldViewProj;
    vec3 FogColor;
    float FogDistance;
    float FogLogDensity;
} _164;

uniform sampler2D ShadowMap0;
uniform sampler2D ShadowMap1;
uniform sampler2D ShadowMap2;

in vec4 varying_0;
in vec4 varying_1;
in float varying_2;
layout(location = 0) out vec4 _entryPointOutput;

mat4 spvWorkaroundRowMajor(mat4 wrap) { return wrap; }

void main()
{
    float _425 = exp2(max((varying_2 - (_164.FogDistance * 0.5)) / _164.FogDistance, 0.0) * _164.FogLogDensity);
    vec3 _439 = (varying_0.xyz * vec3(_425)) + (_164.FogColor * vec3(1.0 - _425));
    vec4 _403 = vec4(varying_1.xyz, 1.0);
    bool _817;
    do
    {
        if (_164.NumCascades > 0.0)
        {
            if (abs(_164.LightDirection.y) >= 0.0500000007450580596923828125)
            {
                vec4 _553 = spvWorkaroundRowMajor(_164.LightViewProj0) * _403;
                float _558 = _553.w;
                vec2 _561 = ((_553.xy * 0.5) / vec2(_558)) + vec2(0.5);
                float _564 = 1.0 - _561.y;
                vec2 _833 = _561;
                _833.y = _564;
                float _567 = _561.x;
                float _582 = _553.z;
                bool _584 = ((((_567 >= 0.0) && (_567 <= 1.0)) && (_564 >= 0.0)) && (_564 <= 1.0)) && (_582 > 0.0);
                bool _809;
                if (_584)
                {
                    float _596 = _582 / _558;
                    float _598 = dFdx(_596);
                    float _600 = dFdy(_596);
                    _809 = texture(ShadowMap0, _833).x < (_596 - (_164.DepthBias + clamp(sqrt((_598 * _598) + (_600 * _600)), 0.0, 0.00999999977648258209228515625)));
                }
                else
                {
                    _809 = false;
                }
                if (_584)
                {
                    _817 = _809;
                    break;
                }
                if (_164.NumCascades > 1.0)
                {
                    vec4 _636 = spvWorkaroundRowMajor(_164.LightViewProj1) * _403;
                    float _641 = _636.w;
                    vec2 _644 = ((_636.xy * 0.5) / vec2(_641)) + vec2(0.5);
                    float _647 = 1.0 - _644.y;
                    vec2 _844 = _644;
                    _844.y = _647;
                    float _650 = _644.x;
                    float _665 = _636.z;
                    bool _667 = ((((_650 >= 0.0) && (_650 <= 1.0)) && (_647 >= 0.0)) && (_647 <= 1.0)) && (_665 > 0.0);
                    bool _812;
                    if (_667)
                    {
                        float _679 = _665 / _641;
                        float _681 = dFdx(_679);
                        float _683 = dFdy(_679);
                        _812 = texture(ShadowMap1, _844).x < (_679 - (_164.DepthBias + clamp(sqrt((_681 * _681) + (_683 * _683)), 0.0, 0.00999999977648258209228515625)));
                    }
                    else
                    {
                        _812 = false;
                    }
                    if (_667)
                    {
                        _817 = _812;
                        break;
                    }
                    if (_164.NumCascades > 2.0)
                    {
                        vec4 _719 = spvWorkaroundRowMajor(_164.LightViewProj2) * _403;
                        float _724 = _719.w;
                        vec2 _727 = ((_719.xy * 0.5) / vec2(_724)) + vec2(0.5);
                        float _730 = 1.0 - _727.y;
                        vec2 _855 = _727;
                        _855.y = _730;
                        float _733 = _727.x;
                        float _748 = _719.z;
                        bool _750 = ((((_733 >= 0.0) && (_733 <= 1.0)) && (_730 >= 0.0)) && (_730 <= 1.0)) && (_748 > 0.0);
                        bool _815;
                        if (_750)
                        {
                            float _762 = _748 / _724;
                            float _764 = dFdx(_762);
                            float _766 = dFdy(_762);
                            _815 = texture(ShadowMap2, _855).x < (_762 - (_164.DepthBias + clamp(sqrt((_764 * _764) + (_766 * _766)), 0.0, 0.00999999977648258209228515625)));
                        }
                        else
                        {
                            _815 = false;
                        }
                        if (_750)
                        {
                            _817 = _815;
                            break;
                        }
                    }
                }
            }
        }
        _817 = false;
        break;
    } while(false);
    vec3 _829;
    if (_817)
    {
        _829 = _439 * vec3(0.5);
    }
    else
    {
        _829 = _439;
    }
    _entryPointOutput = vec4(_829, varying_0.w);
}
""";

    /// <summary>
    /// Builds this program's modules and reflection. The reflection is parsed once here,
    /// not re-derived from source at runtime.
    /// </summary>
    public static GroundFullbrightProgram Create() => new(
        new ShaderStageSources(
            VertexSpirv,
            VertexHlsl,
            VertexMsl,
            VertexGlsl,
            VertexGlslEs,
            VertexGlsl330),
        new ShaderStageSources(
            PixelSpirv,
            PixelHlsl,
            PixelMsl,
            PixelGlsl,
            PixelGlslEs,
            PixelGlsl330),
        new ShaderReflection
        {
            Uniforms = new UniformParam[]
            {
                new("LightViewProj0", 0, 64, UniformType.Matrix4x4),
                new("LightViewProj1", 64, 64, UniformType.Matrix4x4),
                new("LightViewProj2", 128, 64, UniformType.Matrix4x4),
                new("DepthBias", 192, 4, UniformType.Float),
                new("NumCascades", 196, 4, UniformType.Float),
                new("LightDirection", 208, 12, UniformType.Vector3),
                new("WorldView", 224, 64, UniformType.Matrix4x4),
                new("WorldViewProj", 288, 64, UniformType.Matrix4x4),
                new("FogColor", 352, 12, UniformType.Vector3),
                new("FogDistance", 364, 4, UniformType.Float),
                new("FogLogDensity", 368, 4, UniformType.Float),
            },
            Textures = new ResourceBinding[]
            {
                new("ShadowMap0", 0),
                new("ShadowMap1", 1),
                new("ShadowMap2", 2),
            },
            Samplers = new ResourceBinding[]
            {
                new("ShadowMapSampler0", 0),
                new("ShadowMapSampler1", 1),
                new("ShadowMapSampler2", 2),
            },
        }
    );
}


/// <summary>
/// Resolves this program's uniform and texture slots against its own reflection.
/// Call once when the program is created - not per frame or per draw - and reuse the
/// result, since slots are stable for the program's lifetime.
/// </summary>
internal readonly struct GroundFullbrightParameters
{
    internal GroundFullbrightParameters(ShaderReflection reflection)
    {
        LightViewProj0 = new Float4x4EffectParameter(SlotOf(reflection, "LightViewProj0"));
        LightViewProj1 = new Float4x4EffectParameter(SlotOf(reflection, "LightViewProj1"));
        LightViewProj2 = new Float4x4EffectParameter(SlotOf(reflection, "LightViewProj2"));
        DepthBias = new FloatEffectParameter(SlotOf(reflection, "DepthBias"));
        NumCascades = new FloatEffectParameter(SlotOf(reflection, "NumCascades"));
        LightDirection = new Float3EffectParameter(SlotOf(reflection, "LightDirection"));
        WorldView = new Float4x4EffectParameter(SlotOf(reflection, "WorldView"));
        WorldViewProj = new Float4x4EffectParameter(SlotOf(reflection, "WorldViewProj"));
        FogColor = new Float3EffectParameter(SlotOf(reflection, "FogColor"));
        FogDistance = new FloatEffectParameter(SlotOf(reflection, "FogDistance"));
        FogLogDensity = new FloatEffectParameter(SlotOf(reflection, "FogLogDensity"));
        ShadowMap0 = new TextureEffectParameter(TextureSlotOf(reflection, "ShadowMap0"));
        ShadowMap1 = new TextureEffectParameter(TextureSlotOf(reflection, "ShadowMap1"));
        ShadowMap2 = new TextureEffectParameter(TextureSlotOf(reflection, "ShadowMap2"));
    }

    public Float4x4EffectParameter LightViewProj0 { get; }
    public Float4x4EffectParameter LightViewProj1 { get; }
    public Float4x4EffectParameter LightViewProj2 { get; }
    public FloatEffectParameter DepthBias { get; }
    public FloatEffectParameter NumCascades { get; }
    public Float3EffectParameter LightDirection { get; }
    public Float4x4EffectParameter WorldView { get; }
    public Float4x4EffectParameter WorldViewProj { get; }
    public Float3EffectParameter FogColor { get; }
    public FloatEffectParameter FogDistance { get; }
    public FloatEffectParameter FogLogDensity { get; }
    public TextureEffectParameter ShadowMap0 { get; }
    public TextureEffectParameter ShadowMap1 { get; }
    public TextureEffectParameter ShadowMap2 { get; }

    // -1 ("not found") mirrors the old FNA model's "parameter != null" check for a
    // uniform the HLSL compiler optimized out - every *EffectParameter.SetValue below
    // no-ops on a negative slot.
    private static int SlotOf(ShaderReflection reflection, string name)
    {
        foreach (var uniform in reflection.Uniforms)
        {
            if (uniform.Name == name) return uniform.Offset;
        }
        return -1;
    }

    private static int TextureSlotOf(ShaderReflection reflection, string name)
    {
        foreach (var texture in reflection.Textures)
        {
            if (texture.Name == name) return texture.Slot;
        }
        return -1;
    }
}

internal sealed record GroundFullbrightProgram(
    ShaderStageSources Vertex,
    ShaderStageSources Pixel,
    ShaderReflection Reflection)
{
    public ReadOnlyMemory<byte> VertexSpirv => Vertex.Spirv;
    public ReadOnlyMemory<byte> PixelSpirv => Pixel.Spirv;

    public GroundFullbrightParameters Bind() => new(Reflection);
}
