// <auto-generated/>
// Generated by the shader compiler. Do not edit.
#nullable enable

using System;
using System.Collections.Generic;
using NFMWorld.Shaders;

public static class Line
{
    /// <summary>SPIR-V for the Vertex stage (entry point <c>MainVS</c>).</summary>
    private static ReadOnlyMemory<byte> VertexSpirv => new byte[]
    {
        0x03, 0x02, 0x23, 0x07, 0x00, 0x03, 0x01, 0x00, 0x0b, 0x00, 0x0d, 0x00, 0x15, 0x06, 0x00, 0x00,
        0x00, 0x00, 0x00, 0x00, 0x11, 0x00, 0x02, 0x00, 0x01, 0x00, 0x00, 0x00, 0x0b, 0x00, 0x06, 0x00,
        0x03, 0x00, 0x00, 0x00, 0x47, 0x4c, 0x53, 0x4c, 0x2e, 0x73, 0x74, 0x64, 0x2e, 0x34, 0x35, 0x30,
        0x00, 0x00, 0x00, 0x00, 0x0e, 0x00, 0x03, 0x00, 0x00, 0x00, 0x00, 0x00, 0x01, 0x00, 0x00, 0x00,
        0x0f, 0x00, 0x17, 0x00, 0x00, 0x00, 0x00, 0x00, 0x06, 0x00, 0x00, 0x00, 0x4d, 0x61, 0x69, 0x6e,
        0x56, 0x53, 0x00, 0x00, 0xf4, 0x02, 0x00, 0x00, 0xf7, 0x02, 0x00, 0x00, 0xfb, 0x02, 0x00, 0x00,
        0xfe, 0x02, 0x00, 0x00, 0x01, 0x03, 0x00, 0x00, 0x04, 0x03, 0x00, 0x00, 0x07, 0x03, 0x00, 0x00,
        0x0c, 0x03, 0x00, 0x00, 0x10, 0x03, 0x00, 0x00, 0x13, 0x03, 0x00, 0x00, 0x20, 0x03, 0x00, 0x00,
        0x23, 0x03, 0x00, 0x00, 0x26, 0x03, 0x00, 0x00, 0x2a, 0x03, 0x00, 0x00, 0x2e, 0x03, 0x00, 0x00,
        0x31, 0x03, 0x00, 0x00, 0x34, 0x03, 0x00, 0x00, 0x37, 0x03, 0x00, 0x00, 0x07, 0x00, 0x0f, 0x00,
        0x01, 0x00, 0x00, 0x00, 0x43, 0x3a, 0x2f, 0x55, 0x73, 0x65, 0x72, 0x73, 0x2f, 0x4d, 0x61, 0x78,
        0x69, 0x6e, 0x65, 0x2f, 0x41, 0x70, 0x70, 0x44, 0x61, 0x74, 0x61, 0x2f, 0x4c, 0x6f, 0x63, 0x61,
        0x6c, 0x2f, 0x54, 0x65, 0x6d, 0x70, 0x2f, 0x66, 0x78, 0x6d, 0x69, 0x67, 0x2f, 0x4c, 0x69, 0x6e,
        0x65, 0x2e, 0x66, 0x78, 0x00, 0x00, 0x00, 0x00, 0x07, 0x00, 0x05, 0x00, 0x02, 0x00, 0x00, 0x00,
        0x2e, 0x2f, 0x4d, 0x61, 0x64, 0x2e, 0x66, 0x78, 0x68, 0x00, 0x00, 0x00, 0x03, 0x00, 0x06, 0x09,
        0x05, 0x00, 0x00, 0x00, 0xf4, 0x01, 0x00, 0x00, 0x01, 0x00, 0x00, 0x00, 0x23, 0x69, 0x66, 0x20,
        0x4f, 0x50, 0x45, 0x4e, 0x47, 0x4c, 0x0a, 0x09, 0x23, 0x64, 0x65, 0x66, 0x69, 0x6e, 0x65, 0x20,
        0x53, 0x56, 0x5f, 0x50, 0x4f, 0x53, 0x49, 0x54, 0x49, 0x4f, 0x4e, 0x20, 0x50, 0x4f, 0x53, 0x49,
        0x54, 0x49, 0x4f, 0x4e, 0x0a, 0x09, 0x23, 0x64, 0x65, 0x66, 0x69, 0x6e, 0x65, 0x20, 0x56, 0x53,
        0x5f, 0x53, 0x48, 0x41, 0x44, 0x45, 0x52, 0x4d, 0x4f, 0x44, 0x45, 0x4c, 0x20, 0x76, 0x73, 0x5f,
        0x33, 0x5f, 0x30, 0x0a, 0x09, 0x23, 0x64, 0x65, 0x66, 0x69, 0x6e, 0x65, 0x20, 0x50, 0x53, 0x5f,
        0x53, 0x48, 0x41, 0x44, 0x45, 0x52, 0x4d, 0x4f, 0x44, 0x45, 0x4c, 0x20, 0x70, 0x73, 0x5f, 0x33,
        0x5f, 0x30, 0x0a, 0x23, 0x65, 0x6c, 0x73, 0x65, 0x0a, 0x09, 0x23, 0x64, 0x65, 0x66, 0x69, 0x6e,
        0x65, 0x20, 0x56, 0x53, 0x5f, 0x53, 0x48, 0x41, 0x44, 0x45, 0x52, 0x4d, 0x4f, 0x44, 0x45, 0x4c,
        0x20, 0x76, 0x73, 0x5f, 0x33, 0x5f, 0x30, 0x0a, 0x09, 0x23, 0x64, 0x65, 0x66, 0x69, 0x6e, 0x65,
        0x20, 0x50, 0x53, 0x5f, 0x53, 0x48, 0x41, 0x44, 0x45, 0x52, 0x4d, 0x4f, 0x44, 0x45, 0x4c, 0x20,
        0x70, 0x73, 0x5f, 0x33, 0x5f, 0x30, 0x0a, 0x23, 0x65, 0x6e, 0x64, 0x69, 0x66, 0x0a, 0x0a, 0x23,
        0x69, 0x6e, 0x63, 0x6c, 0x75, 0x64, 0x65, 0x20, 0x22, 0x2e, 0x2f, 0x4d, 0x61, 0x64, 0x2e, 0x66,
        0x78, 0x68, 0x22, 0x0a, 0x0a, 0x66, 0x6c, 0x6f, 0x61, 0x74, 0x34, 0x78, 0x34, 0x20, 0x56, 0x69,
        0x65, 0x77, 0x3b, 0x0a, 0x66, 0x6c, 0x6f, 0x61, 0x74, 0x34, 0x78, 0x34, 0x20, 0x50, 0x72, 0x6f,
        0x6a, 0x65, 0x63, 0x74, 0x69, 0x6f, 0x6e, 0x3b, 0x0a, 0x66, 0x6c, 0x6f, 0x61, 0x74, 0x34, 0x78,
        0x34, 0x20, 0x56, 0x69, 0x65, 0x77, 0x50, 0x72, 0x6f, 0x6a, 0x3b, 0x0a, 0x66, 0x6c, 0x6f, 0x61,
        0x74, 0x33, 0x20, 0x53, 0x6e, 0x61, 0x70, 0x43, 0x6f, 0x6c, 0x6f, 0x72, 0x3b, 0x0a, 0x62, 0x6f,
        0x6f, 0x6c, 0x20, 0x49, 0x73, 0x46, 0x75, 0x6c, 0x6c, 0x62, 0x72, 0x69, 0x67, 0x68, 0x74, 0x3b,
        0x0a, 0x62, 0x6f, 0x6f, 0x6c, 0x20, 0x55, 0x73, 0x65, 0x42, 0x61, 0x73, 0x65, 0x43, 0x6f, 0x6c,
        0x6f, 0x72, 0x3b, 0x0a, 0x66, 0x6c, 0x6f, 0x61, 0x74, 0x33, 0x20, 0x42, 0x61, 0x73, 0x65, 0x43,
        0x6f, 0x6c, 0x6f, 0x72, 0x3b, 0x0a, 0x66, 0x6c, 0x6f, 0x61, 0x74, 0x33, 0x20, 0x46, 0x6f, 0x67,
        0x43, 0x6f, 0x6c, 0x6f, 0x72, 0x3b, 0x0a, 0x66, 0x6c, 0x6f, 0x61, 0x74, 0x20, 0x46, 0x6f, 0x67,
        0x44, 0x69, 0x73, 0x74, 0x61, 0x6e, 0x63, 0x65, 0x3b, 0x0a, 0x2f, 0x2f, 0x20, 0x6c, 0x6f, 0x67,
        0x32, 0x20, 0x6f, 0x66, 0x20, 0x74, 0x68, 0x65, 0x20, 0x6e, 0x6f, 0x72, 0x6d, 0x61, 0x6c, 0x69,
        0x7a, 0x65, 0x64, 0x20, 0x66, 0x6f, 0x67, 0x20, 0x64, 0x65, 0x6e, 0x73, 0x69, 0x74, 0x79, 0x20,
        0x28, 0x73, 0x65, 0x65, 0x20, 0x56, 0x53, 0x5f, 0x41, 0x70, 0x70, 0x6c, 0x79, 0x46, 0x6f, 0x67,
        0x29, 0x2e, 0x20, 0x54, 0x68, 0x65, 0x20, 0x6c, 0x6f, 0x67, 0x32, 0x20, 0x69, 0x73, 0x20, 0x66,
        0x6f, 0x6c, 0x64, 0x65, 0x64, 0x20, 0x6f, 0x6e, 0x20, 0x74, 0x68, 0x65, 0x20, 0x43, 0x50, 0x55,
        0x20, 0x73, 0x6f, 0x20, 0x74, 0x68, 0x65, 0x0a, 0x2f, 0x2f, 0x20, 0x70, 0x69, 0x78, 0x65, 0x6c,
        0x20, 0x73, 0x68, 0x61, 0x64, 0x65, 0x72, 0x20, 0x70, 0x61, 0x79, 0x73, 0x20, 0x6f, 0x6e, 0x65,
        0x20, 0x65, 0x78, 0x70, 0x32, 0x20, 0x70, 0x65, 0x72, 0x20, 0x70, 0x69, 0x78, 0x65, 0x6c, 0x20,
        0x69, 0x6e, 0x73, 0x74, 0x65, 0x61, 0x64, 0x20, 0x6f, 0x66, 0x20, 0x61, 0x20, 0x6c, 0x6f, 0x67,
        0x32, 0x20, 0x2b, 0x20, 0x65, 0x78, 0x70, 0x32, 0x20, 0x70, 0x61, 0x69, 0x72, 0x2e, 0x0a, 0x66,
        0x6c, 0x6f, 0x61, 0x74, 0x20, 0x46, 0x6f, 0x67, 0x4c, 0x6f, 0x67, 0x44, 0x65, 0x6e, 0x73, 0x69,
        0x74, 0x79, 0x3b, 0x0a, 0x66, 0x6c, 0x6f, 0x61, 0x74, 0x32, 0x20, 0x45, 0x6e, 0x76, 0x69, 0x72,
        0x6f, 0x6e, 0x6d, 0x65, 0x6e, 0x74, 0x4c, 0x69, 0x67, 0x68, 0x74, 0x3b, 0x0a, 0x66, 0x6c, 0x6f,
        0x61, 0x74, 0x33, 0x20, 0x43, 0x61, 0x6d, 0x65, 0x72, 0x61, 0x50, 0x6f, 0x73, 0x69, 0x74, 0x69,
        0x6f, 0x6e, 0x3b, 0x0a, 0x66, 0x6c, 0x6f, 0x61, 0x74, 0x20, 0x41, 0x6c, 0x70, 0x68, 0x61, 0x3b,
        0x0a, 0x0a, 0x0a, 0x2f, 0x2f, 0x20, 0x44, 0x61, 0x6d, 0x61, 0x67, 0x65, 0x0a, 0x62, 0x6f, 0x6f,
        0x6c, 0x20, 0x45, 0x78, 0x70, 0x61, 0x6e, 0x64, 0x3b, 0x0a, 0x66, 0x6c, 0x6f, 0x61, 0x74, 0x20,
        0x52, 0x61, 0x6e, 0x64, 0x6f, 0x6d, 0x46, 0x6c, 0x6f, 0x61, 0x74, 0x3b, 0x0a, 0x66, 0x6c, 0x6f,
        0x61, 0x74, 0x20, 0x44, 0x61, 0x72, 0x6b, 0x65, 0x6e, 0x3b, 0x20, 0x2f, 0x2f, 0x20, 0x73, 0x65,
        0x74, 0x20, 0x62, 0x65, 0x6c, 0x6f, 0x77, 0x20, 0x31, 0x2e, 0x30, 0x66, 0x20, 0x74, 0x6f, 0x20,
        0x61, 0x64, 0x6a, 0x75, 0x73, 0x74, 0x20, 0x62, 0x72, 0x69, 0x67, 0x68, 0x74, 0x6e, 0x65, 0x73,
        0x73, 0x0a, 0x0a, 0x2f, 0x2f, 0x20, 0x43, 0x68, 0x61, 0x72, 0x67, 0x65, 0x64, 0x20, 0x6c, 0x69,
        0x6e, 0x65, 0x20, 0x62, 0x6c, 0x69, 0x6e, 0x6b, 0x0a, 0x66, 0x6c, 0x6f, 0x61, 0x74, 0x20, 0x43,
        0x68, 0x61, 0x72, 0x67, 0x65, 0x64, 0x42, 0x6c, 0x69, 0x6e, 0x6b, 0x41, 0x6d, 0x6f, 0x75, 0x6e,
        0x74, 0x3b, 0x0a, 0x0a, 0x66, 0x6c, 0x6f, 0x61, 0x74, 0x20, 0x48, 0x61, 0x6c, 0x66, 0x54, 0x68,
        0x69, 0x63, 0x6b, 0x6e, 0x65, 0x73, 0x73, 0x3b, 0x0a, 0x66, 0x6c, 0x6f, 0x61, 0x74, 0x32, 0x20,
        0x52, 0x65, 0x73, 0x6f, 0x6c, 0x75, 0x74, 0x69, 0x6f, 0x6e, 0x3b, 0x0a, 0x0a, 0x2f, 0x2f, 0x20,
        0x44, 0x69, 0x73, 0x74, 0x61, 0x6e, 0x74, 0x20, 0x6f, 0x75, 0x74, 0x6c, 0x69, 0x6e, 0x65, 0x20,
        0x6d, 0x6f, 0x64, 0x65, 0x73, 0x20, 0x61, 0x72, 0x65, 0x20, 0x73, 0x65, 0x6e, 0x74, 0x20, 0x61,
        0x73, 0x20, 0x69, 0x6e, 0x64, 0x65, 0x70, 0x65, 0x6e, 0x64, 0x65, 0x6e, 0x74, 0x20, 0x6e, 0x75,
        0x6d, 0x65, 0x72, 0x69, 0x63, 0x20, 0x6d, 0x61, 0x73, 0x6b, 0x73, 0x2e, 0x20, 0x4b, 0x65, 0x65,
        0x70, 0x69, 0x6e, 0x67, 0x20, 0x74, 0x68, 0x69, 0x73, 0x20, 0x70, 0x61, 0x74, 0x68, 0x0a, 0x2f,
        0x2f, 0x20, 0x62, 0x72, 0x61, 0x6e, 0x63, 0x68, 0x6c, 0x65, 0x73, 0x73, 0x20, 0x61, 0x76, 0x6f,
        0x69, 0x64, 0x73, 0x20, 0x69, 0x6e, 0x63, 0x6f, 0x6e, 0x73, 0x69, 0x73, 0x74, 0x65, 0x6e, 0x74,
        0x20, 0x64, 0x79, 0x6e, 0x61, 0x6d, 0x69, 0x63, 0x2d, 0x62, 0x72, 0x61, 0x6e, 0x63, 0x68, 0x20,
        0x62, 0x65, 0x68, 0x61, 0x76, 0x69, 0x6f, 0x72, 0x20, 0x6f, 0x6e, 0x20, 0x74, 0x68, 0x65, 0x20,
        0x46, 0x4e, 0x41, 0x2f, 0x4d, 0x65, 0x74, 0x61, 0x6c, 0x20, 0x73, 0x68, 0x61, 0x64, 0x65, 0x72,
        0x20, 0x70, 0x61, 0x74, 0x68, 0x2e, 0x0a, 0x66, 0x6c, 0x6f, 0x61, 0x74, 0x20, 0x44, 0x69, 0x73,
        0x74, 0x61, 0x6e, 0x74, 0x4f, 0x75, 0x74, 0x6c, 0x69, 0x6e, 0x65, 0x44, 0x69, 0x73, 0x74, 0x61,
        0x6e, 0x63, 0x65, 0x46, 0x61, 0x6c, 0x6c, 0x6f, 0x66, 0x66, 0x57, 0x69, 0x74, 0x68, 0x43, 0x75,
        0x74, 0x6f, 0x66, 0x66, 0x4d, 0x61, 0x73, 0x6b, 0x3b, 0x0a, 0x66, 0x6c, 0x6f, 0x61, 0x74, 0x20,
        0x44, 0x69, 0x73, 0x74, 0x61, 0x6e, 0x74, 0x4f, 0x75, 0x74, 0x6c, 0x69, 0x6e, 0x65, 0x43, 0x6c,
        0x61, 0x73, 0x73, 0x69, 0x63, 0x43, 0x75, 0x74, 0x6f, 0x66, 0x66, 0x4d, 0x61, 0x73, 0x6b, 0x3b,
        0x0a, 0x66, 0x6c, 0x6f, 0x61, 0x74, 0x20, 0x44, 0x69, 0x73, 0x74, 0x61, 0x6e, 0x74, 0x4f, 0x75,
        0x74, 0x6c, 0x69, 0x6e, 0x65, 0x44, 0x69, 0x73, 0x74, 0x61, 0x6e, 0x63, 0x65, 0x46, 0x61, 0x6c,
        0x6c, 0x6f, 0x66, 0x66, 0x4d, 0x61, 0x73, 0x6b, 0x3b, 0x0a, 0x0a, 0x66, 0x6c, 0x6f, 0x61, 0x74,
        0x20, 0x4f, 0x75, 0x74, 0x6c, 0x69, 0x6e, 0x65, 0x43, 0x6c, 0x61, 0x73, 0x73, 0x69, 0x63, 0x43,
        0x75, 0x74, 0x6f, 0x66, 0x66, 0x44, 0x69, 0x73, 0x74, 0x61, 0x6e, 0x63, 0x65, 0x3b, 0x0a, 0x66,
        0x6c, 0x6f, 0x61, 0x74, 0x20, 0x4f, 0x75, 0x74, 0x6c, 0x69, 0x6e, 0x65, 0x46, 0x61, 0x6c, 0x6c,
        0x6f, 0x66, 0x66, 0x53, 0x74, 0x61, 0x72, 0x74, 0x44, 0x69, 0x73, 0x74, 0x61, 0x6e, 0x63, 0x65,
        0x3b, 0x0a, 0x66, 0x6c, 0x6f, 0x61, 0x74, 0x20, 0x4f, 0x75, 0x74, 0x6c, 0x69, 0x6e, 0x65, 0x46,
        0x61, 0x6c, 0x6c, 0x6f, 0x66, 0x66, 0x43, 0x75, 0x74, 0x6f, 0x66, 0x66, 0x44, 0x69, 0x73, 0x74,
        0x61, 0x6e, 0x63, 0x65, 0x3b, 0x0a, 0x66, 0x6c, 0x6f, 0x61, 0x74, 0x20, 0x4f, 0x75, 0x74, 0x6c,
        0x69, 0x6e, 0x65, 0x46, 0x61, 0x6c, 0x6c, 0x6f, 0x66, 0x66, 0x4c, 0x69, 0x6e, 0x65, 0x61, 0x72,
        0x46, 0x61, 0x64, 0x65, 0x53, 0x74, 0x61, 0x72, 0x74, 0x44, 0x69, 0x73, 0x74, 0x61, 0x6e, 0x63,
        0x65, 0x3b, 0x0a, 0x66, 0x6c, 0x6f, 0x61, 0x74, 0x20, 0x4f, 0x75, 0x74, 0x6c, 0x69, 0x6e, 0x65,
        0x46, 0x61, 0x6c, 0x6c, 0x6f, 0x66, 0x66, 0x4c, 0x69, 0x6e, 0x65, 0x61, 0x72, 0x46, 0x61, 0x64,
        0x65, 0x53, 0x74, 0x61, 0x72, 0x74, 0x54, 0x68, 0x69, 0x63, 0x6b, 0x6e, 0x65, 0x73, 0x73, 0x3b,
        0x0a, 0x66, 0x6c, 0x6f, 0x61, 0x74, 0x20, 0x4f, 0x75, 0x74, 0x6c, 0x69, 0x6e, 0x65, 0x46, 0x61,
        0x6c, 0x6c, 0x6f, 0x66, 0x66, 0x49, 0x6e, 0x76, 0x65, 0x72, 0x73, 0x65, 0x4c, 0x69, 0x6e, 0x65,
        0x61, 0x72, 0x46, 0x61, 0x64, 0x65, 0x4c, 0x65, 0x6e, 0x67, 0x74, 0x68, 0x3b, 0x0a, 0x0a, 0x73,
        0x74, 0x72, 0x75, 0x63, 0x74, 0x20, 0x56, 0x65, 0x72, 0x74, 0x65, 0x78, 0x53, 0x68, 0x61, 0x64,
        0x65, 0x72, 0x49, 0x6e, 0x70, 0x75, 0x74, 0x0a, 0x7b, 0x0a, 0x09, 0x66, 0x6c, 0x6f, 0x61, 0x74,
        0x33, 0x20, 0x50, 0x6f, 0x73, 0x69, 0x74, 0x69, 0x6f, 0x6e, 0x41, 0x20, 0x3a, 0x20, 0x50, 0x4f,
        0x53, 0x49, 0x54, 0x49, 0x4f, 0x4e, 0x30, 0x3b, 0x0a, 0x09, 0x66, 0x6c, 0x6f, 0x61, 0x74, 0x33,
        0x20, 0x50, 0x6f, 0x73, 0x69, 0x74, 0x69, 0x6f, 0x6e, 0x42, 0x20, 0x3a, 0x20, 0x50, 0x4f, 0x53,
        0x49, 0x54, 0x49, 0x4f, 0x4e, 0x31, 0x3b, 0x0a, 0x09, 0x66, 0x6c, 0x6f, 0x61, 0x74, 0x20, 0x53,
        0x69, 0x64, 0x65, 0x20, 0x3a, 0x20, 0x54, 0x45, 0x58, 0x43, 0x4f, 0x4f, 0x52, 0x44, 0x30, 0x3b,
        0x20, 0x2f, 0x2f, 0x20, 0x2b, 0x2f, 0x2d, 0x31, 0x20, 0x66, 0x6f, 0x72, 0x20, 0x65, 0x6e, 0x64,
        0x70, 0x6f, 0x69, 0x6e, 0x74, 0x20, 0x41, 0x2c, 0x20, 0x2b, 0x2f, 0x2d, 0x32, 0x20, 0x66, 0x6f,
        0x72, 0x20, 0x65, 0x6e, 0x64, 0x70, 0x6f, 0x69, 0x6e, 0x74, 0x20, 0x42, 0x0a, 0x09, 0x66, 0x6c,
        0x6f, 0x61, 0x74, 0x33, 0x20, 0x4e, 0x6f, 0x72, 0x6d, 0x61, 0x6c, 0x20, 0x3a, 0x20, 0x4e, 0x4f,
        0x52, 0x4d, 0x41, 0x4c, 0x30, 0x3b, 0x0a, 0x09, 0x66, 0x6c, 0x6f, 0x61, 0x74, 0x33, 0x20, 0x43,
        0x6f, 0x6c, 0x6f, 0x72, 0x20, 0x3a, 0x20, 0x43, 0x4f, 0x4c, 0x4f, 0x52, 0x30, 0x3b, 0x0a, 0x09,
        0x66, 0x6c, 0x6f, 0x61, 0x74, 0x33, 0x20, 0x43, 0x65, 0x6e, 0x74, 0x72, 0x6f, 0x69, 0x64, 0x20,
        0x3a, 0x20, 0x50, 0x4f, 0x53, 0x49, 0x54, 0x49, 0x4f, 0x4e, 0x32, 0x3b, 0x0a, 0x09, 0x66, 0x6c,
        0x6f, 0x61, 0x74, 0x20, 0x44, 0x65, 0x63, 0x61, 0x6c, 0x4f, 0x66, 0x66, 0x73, 0x65, 0x74, 0x20,
        0x3a, 0x20, 0x54, 0x45, 0x58, 0x43, 0x4f, 0x4f, 0x52, 0x44, 0x31, 0x3b, 0x0a, 0x7d, 0x3b, 0x0a,
        0x0a, 0x73, 0x74, 0x72, 0x75, 0x63, 0x74, 0x20, 0x56, 0x65, 0x72, 0x74, 0x65, 0x78, 0x53, 0x68,
        0x61, 0x64, 0x65, 0x72, 0x4f, 0x75, 0x74, 0x70, 0x75, 0x74, 0x0a, 0x7b, 0x0a, 0x09, 0x66, 0x6c,
        0x6f, 0x61, 0x74, 0x34, 0x20, 0x50, 0x6f, 0x73, 0x69, 0x74, 0x69, 0x6f, 0x6e, 0x20, 0x3a, 0x20,
        0x53, 0x56, 0x5f, 0x50, 0x4f, 0x53, 0x49, 0x54, 0x49, 0x4f, 0x4e, 0x3b, 0x0a, 0x09, 0x66, 0x6c,
        0x6f, 0x61, 0x74, 0x34, 0x20, 0x43, 0x6f, 0x6c, 0x6f, 0x72, 0x20, 0x3a, 0x20, 0x43, 0x4f, 0x4c,
        0x4f, 0x52, 0x30, 0x3b, 0x0a, 0x20, 0x20, 0x20, 0x20, 0x66, 0x6c, 0x6f, 0x61, 0x74, 0x34, 0x20,
        0x57, 0x6f, 0x72, 0x6c, 0x64, 0x50, 0x6f, 0x73, 0x20, 0x3a, 0x20, 0x54, 0x45, 0x58, 0x43, 0x4f,
        0x4f, 0x52, 0x44, 0x32, 0x3b, 0x0a, 0x20, 0x20, 0x20, 0x20, 0x66, 0x6c, 0x6f, 0x61, 0x74, 0x20,
        0x47, 0x65, 0x74, 0x73, 0x53, 0x68, 0x61, 0x64, 0x6f, 0x77, 0x65, 0x64, 0x20, 0x3a, 0x20, 0x54,
        0x45, 0x58, 0x43, 0x4f, 0x4f, 0x52, 0x44, 0x33, 0x3b, 0x0a, 0x20, 0x20, 0x20, 0x20, 0x66, 0x6c,
        0x6f, 0x61, 0x74, 0x33, 0x20, 0x4e, 0x6f, 0x72, 0x6d, 0x61, 0x6c, 0x57, 0x6f, 0x72, 0x6c, 0x64,
        0x20, 0x3a, 0x20, 0x54, 0x45, 0x58, 0x43, 0x4f, 0x4f, 0x52, 0x44, 0x34, 0x3b, 0x20, 0x20, 0x20,
        0x2f, 0x2f, 0x20, 0x77, 0x6f, 0x72, 0x6c, 0x64, 0x2d, 0x73, 0x70, 0x61, 0x63, 0x65, 0x20, 0x66,
        0x61, 0x63, 0x65, 0x20, 0x6e, 0x6f, 0x72, 0x6d, 0x61, 0x6c, 0x0a, 0x20, 0x20, 0x20, 0x20, 0x66,
        0x6c, 0x6f, 0x61, 0x74, 0x20, 0x56, 0x69, 0x65, 0x77, 0x4c, 0x65, 0x6e, 0x67, 0x74, 0x68, 0x20,
        0x3a, 0x20, 0x54, 0x45, 0x58, 0x43, 0x4f, 0x4f, 0x52, 0x44, 0x35, 0x3b, 0x20, 0x20, 0x20, 0x20,
        0x20, 0x2f, 0x2f, 0x20, 0x6c, 0x65, 0x6e, 0x67, 0x74, 0x68, 0x20, 0x6f, 0x66, 0x20, 0x74, 0x68,
        0x65, 0x20, 0x76, 0x69, 0x65, 0x77, 0x2d, 0x73, 0x70, 0x61, 0x63, 0x65, 0x20, 0x70, 0x6f, 0x73,
        0x69, 0x74, 0x69, 0x6f, 0x6e, 0x20, 0x66, 0x6f, 0x72, 0x20, 0x66, 0x6f, 0x67, 0x20, 0x63, 0x61,
        0x6c, 0x63, 0x75, 0x6c, 0x61, 0x74, 0x69, 0x6f, 0x6e, 0x73, 0x0a, 0x20, 0x20, 0x20, 0x20, 0x66,
        0x6c, 0x6f, 0x61, 0x74, 0x20, 0x4c, 0x69, 0x74, 0x20, 0x3a, 0x20, 0x54, 0x45, 0x58, 0x43, 0x4f,
        0x4f, 0x52, 0x44, 0x36, 0x3b, 0x20, 0x20, 0x20, 0x20, 0x20, 0x20, 0x20, 0x20, 0x20, 0x20, 0x20,
        0x20, 0x2f, 0x2f, 0x20, 0x31, 0x20, 0x3d, 0x20, 0x61, 0x70, 0x70, 0x6c, 0x79, 0x20, 0x64, 0x69,
        0x66, 0x66, 0x75, 0x73, 0x65, 0x2f, 0x73, 0x6e, 0x61, 0x70, 0x2c, 0x20, 0x30, 0x20, 0x3d, 0x20,
        0x66, 0x75, 0x6c, 0x6c, 0x62, 0x72, 0x69, 0x67, 0x68, 0x74, 0x2f, 0x67, 0x6c, 0x6f, 0x77, 0x0a,
        0x20, 0x20, 0x20, 0x20, 0x66, 0x6c, 0x6f, 0x61, 0x74, 0x20, 0x44, 0x69, 0x66, 0x66, 0x75, 0x73,
        0x65, 0x20, 0x3a, 0x20, 0x54, 0x45, 0x58, 0x43, 0x4f, 0x4f, 0x52, 0x44, 0x37, 0x3b, 0x20, 0x20,
        0x20, 0x20, 0x20, 0x20, 0x20, 0x20, 0x2f, 0x2f, 0x20, 0x70, 0x72, 0x65, 0x2d, 0x63, 0x6f, 0x6d,
        0x70, 0x75, 0x74, 0x65, 0x64, 0x20, 0x69, 0x6e, 0x20, 0x56, 0x53, 0x2c, 0x20, 0x63, 0x6f, 0x6e,
        0x73, 0x75, 0x6d, 0x65, 0x64, 0x20, 0x69, 0x6e, 0x20, 0x50, 0x53, 0x0a, 0x7d, 0x3b, 0x0a, 0x0a,
        0x76, 0x6f, 0x69, 0x64, 0x20, 0x43, 0x61, 0x6c, 0x63, 0x75, 0x6c, 0x61, 0x74, 0x65, 0x44, 0x69,
        0x73, 0x74, 0x61, 0x6e, 0x74, 0x4f, 0x75, 0x74, 0x6c, 0x69, 0x6e, 0x65, 0x28, 0x0a, 0x20, 0x20,
        0x20, 0x20, 0x66, 0x6c, 0x6f, 0x61, 0x74, 0x20, 0x76, 0x69, 0x65, 0x77, 0x44, 0x65, 0x70, 0x74,
        0x68, 0x2c, 0x0a, 0x20, 0x20, 0x20, 0x20, 0x6f, 0x75, 0x74, 0x20, 0x66, 0x6c, 0x6f, 0x61, 0x74,
        0x20, 0x72, 0x65, 0x6e, 0x64, 0x65, 0x72, 0x65, 0x64, 0x48, 0x61, 0x6c, 0x66, 0x54, 0x68, 0x69,
        0x63, 0x6b, 0x6e, 0x65, 0x73, 0x73, 0x2c, 0x0a, 0x20, 0x20, 0x20, 0x20, 0x6f, 0x75, 0x74, 0x20,
        0x66, 0x6c, 0x6f, 0x61, 0x74, 0x20, 0x68, 0x69, 0x64, 0x65, 0x4c, 0x69, 0x6e, 0x65, 0x0a, 0x29,
        0x0a, 0x7b, 0x0a, 0x20, 0x20, 0x20, 0x20, 0x2f, 0x2f, 0x20, 0x46, 0x61, 0x6c, 0x6c, 0x6f, 0x66,
        0x66, 0x20, 0x6b, 0x65, 0x65, 0x70, 0x73, 0x20, 0x74, 0x68, 0x65, 0x20, 0x72, 0x65, 0x71, 0x75,
        0x65, 0x73, 0x74, 0x65, 0x64, 0x20, 0x77, 0x69, 0x64, 0x74, 0x68, 0x20, 0x74, 0x68, 0x72, 0x6f,
        0x75, 0x67, 0x68, 0x20, 0x74, 0x68, 0x65, 0x20, 0x73, 0x74, 0x61, 0x72, 0x74, 0x20, 0x64, 0x69,
        0x73, 0x74, 0x61, 0x6e, 0x63, 0x65, 0x2c, 0x20, 0x74, 0x68, 0x65, 0x6e, 0x20, 0x66, 0x6f, 0x6c,
        0x6c, 0x6f, 0x77, 0x73, 0x20, 0x69, 0x6e, 0x76, 0x65, 0x72, 0x73, 0x65, 0x2d, 0x64, 0x65, 0x70,
        0x74, 0x68, 0x20, 0x73, 0x69, 0x7a, 0x69, 0x6e, 0x67, 0x2e, 0x0a, 0x20, 0x20, 0x20, 0x20, 0x66,
        0x6c, 0x6f, 0x61, 0x74, 0x20, 0x72, 0x65, 0x66, 0x65, 0x72, 0x65, 0x6e, 0x63, 0x65, 0x44, 0x65,
        0x70, 0x74, 0x68, 0x20, 0x3d, 0x20, 0x6d, 0x61, 0x78, 0x28, 0x4f, 0x75, 0x74, 0x6c, 0x69, 0x6e,
        0x65, 0x46, 0x61, 0x6c, 0x6c, 0x6f, 0x66, 0x66, 0x53, 0x74, 0x61, 0x72, 0x74, 0x44, 0x69, 0x73,
        0x74, 0x61, 0x6e, 0x63, 0x65, 0x2c, 0x20, 0x30, 0x2e, 0x30, 0x30, 0x30, 0x31, 0x29, 0x3b, 0x0a,
        0x20, 0x20, 0x20, 0x20, 0x66, 0x6c, 0x6f, 0x61, 0x74, 0x20, 0x69, 0x6e, 0x76, 0x65, 0x72, 0x73,
        0x65, 0x44, 0x65, 0x70, 0x74, 0x68, 0x54, 0x68, 0x69, 0x63, 0x6b, 0x6e, 0x65, 0x73, 0x73, 0x20,
        0x3d, 0x20, 0x48, 0x61, 0x6c, 0x66, 0x54, 0x68, 0x69, 0x63, 0x6b, 0x6e, 0x65, 0x73, 0x73, 0x20,
        0x2a, 0x20, 0x6d, 0x69, 0x6e, 0x28, 0x31, 0x2e, 0x30, 0x2c, 0x20, 0x72, 0x65, 0x66, 0x65, 0x72,
        0x65, 0x6e, 0x63, 0x65, 0x44, 0x65, 0x70, 0x74, 0x68, 0x20, 0x2f, 0x20, 0x6d, 0x61, 0x78, 0x28,
        0x76, 0x69, 0x65, 0x77, 0x44, 0x65, 0x70, 0x74, 0x68, 0x2c, 0x20, 0x30, 0x2e, 0x30, 0x30, 0x30,
        0x31, 0x29, 0x29, 0x3b, 0x0a, 0x0a, 0x20, 0x20, 0x20, 0x20, 0x2f, 0x2f, 0x20, 0x54, 0x68, 0x65,
        0x20, 0x63, 0x75, 0x74, 0x6f, 0x66, 0x66, 0x20, 0x6d, 0x6f, 0x64, 0x65, 0x20, 0x74, 0x72, 0x61,
        0x6e, 0x73, 0x69, 0x74, 0x69, 0x6f, 0x6e, 0x73, 0x20, 0x66, 0x72, 0x6f, 0x6d, 0x20, 0x69, 0x6e,
        0x76, 0x65, 0x72, 0x73, 0x65, 0x2d, 0x64, 0x65, 0x70, 0x74, 0x68, 0x20, 0x73, 0x69, 0x7a, 0x69,
        0x6e, 0x67, 0x20, 0x74, 0x6f, 0x20, 0x61, 0x20, 0x73, 0x68, 0x6f, 0x72, 0x74, 0x20, 0x6c, 0x69,
        0x6e, 0x65, 0x61, 0x72, 0x20, 0x66, 0x61, 0x64, 0x65, 0x20, 0x74, 0x6f, 0x20, 0x7a, 0x65, 0x72,
        0x6f, 0x2e, 0x0a, 0x20, 0x20, 0x20, 0x20, 0x2f, 0x2f, 0x20, 0x56, 0x61, 0x6c, 0x75, 0x65, 0x73,
        0x20, 0x69, 0x6e, 0x76, 0x6f, 0x6c, 0x76, 0x69, 0x6e, 0x67, 0x20, 0x64, 0x69, 0x76, 0x69, 0x73,
        0x69, 0x6f, 0x6e, 0x73, 0x20, 0x61, 0x72, 0x65, 0x20, 0x70, 0x72, 0x65, 0x63, 0x6f, 0x6d, 0x70,
        0x75, 0x74, 0x65, 0x64, 0x20, 0x6f, 0x6e, 0x20, 0x74, 0x68, 0x65, 0x20, 0x43, 0x50, 0x55, 0x2e,
        0x0a, 0x20, 0x20, 0x20, 0x20, 0x66, 0x6c, 0x6f, 0x61, 0x74, 0x20, 0x6c, 0x69, 0x6e, 0x65, 0x61,
        0x72, 0x46, 0x61, 0x64, 0x65, 0x41, 0x6d, 0x6f, 0x75, 0x6e, 0x74, 0x20, 0x3d, 0x20, 0x73, 0x61,
        0x74, 0x75, 0x72, 0x61, 0x74, 0x65, 0x28, 0x0a, 0x20, 0x20, 0x20, 0x20, 0x20, 0x20, 0x20, 0x20,
        0x28, 0x4f, 0x75, 0x74, 0x6c, 0x69, 0x6e, 0x65, 0x46, 0x61, 0x6c, 0x6c, 0x6f, 0x66, 0x66, 0x43,
        0x75, 0x74, 0x6f, 0x66, 0x66, 0x44, 0x69, 0x73, 0x74, 0x61, 0x6e, 0x63, 0x65, 0x20, 0x2d, 0x20,
        0x76, 0x69, 0x65, 0x77, 0x44, 0x65, 0x70, 0x74, 0x68, 0x29, 0x20, 0x2a, 0x20, 0x4f, 0x75, 0x74,
        0x6c, 0x69, 0x6e, 0x65, 0x46, 0x61, 0x6c, 0x6c, 0x6f, 0x66, 0x66, 0x49, 0x6e, 0x76, 0x65, 0x72,
        0x73, 0x65, 0x4c, 0x69, 0x6e, 0x65, 0x61, 0x72, 0x46, 0x61, 0x64, 0x65, 0x4c, 0x65, 0x6e, 0x67,
        0x74, 0x68, 0x29, 0x3b, 0x0a, 0x20, 0x20, 0x20, 0x20, 0x66, 0x6c, 0x6f, 0x61, 0x74, 0x20, 0x6c,
        0x69, 0x6e, 0x65, 0x61, 0x72, 0x46, 0x61, 0x64, 0x65, 0x54, 0x68, 0x69, 0x63, 0x6b, 0x6e, 0x65,
        0x73, 0x73, 0x20, 0x3d, 0x20, 0x4f, 0x75, 0x74, 0x6c, 0x69, 0x6e, 0x65, 0x46, 0x61, 0x6c, 0x6c,
        0x6f, 0x66, 0x66, 0x4c, 0x69, 0x6e, 0x65, 0x61, 0x72, 0x46, 0x61, 0x64, 0x65, 0x53, 0x74, 0x61,
        0x72, 0x74, 0x54, 0x68, 0x69, 0x63, 0x6b, 0x6e, 0x65, 0x73, 0x73, 0x20, 0x2a, 0x20, 0x6c, 0x69,
        0x6e, 0x65, 0x61, 0x72, 0x46, 0x61, 0x64, 0x65, 0x41, 0x6d, 0x6f, 0x75, 0x6e, 0x74, 0x3b, 0x0a,
        0x20, 0x20, 0x20, 0x20, 0x66, 0x6c, 0x6f, 0x61, 0x74, 0x20, 0x6c, 0x69, 0x6e, 0x65, 0x61, 0x72,
        0x46, 0x61, 0x64, 0x65, 0x52, 0x65, 0x67, 0x69, 0x6f, 0x6e, 0x4d, 0x61, 0x73, 0x6b, 0x20, 0x3d,
        0x20, 0x73, 0x61, 0x74, 0x75, 0x72, 0x61, 0x74, 0x65, 0x28, 0x73, 0x69, 0x67, 0x6e, 0x28, 0x76,
        0x69, 0x65, 0x77, 0x44, 0x65, 0x70, 0x74, 0x68, 0x20, 0x2d, 0x20, 0x4f, 0x75, 0x74, 0x6c, 0x69,
        0x6e, 0x65, 0x46, 0x61, 0x6c, 0x6c, 0x6f, 0x66, 0x66, 0x4c, 0x69, 0x6e, 0x65, 0x61, 0x72, 0x46,
        0x61, 0x64, 0x65, 0x53, 0x74, 0x61, 0x72, 0x74, 0x44, 0x69, 0x73, 0x74, 0x61, 0x6e, 0x63, 0x65,
        0x29, 0x29, 0x3b, 0x0a, 0x20, 0x20, 0x20, 0x20, 0x66, 0x6c, 0x6f, 0x61, 0x74, 0x20, 0x63, 0x75,
        0x74, 0x6f, 0x66, 0x66, 0x54, 0x68, 0x69, 0x63, 0x6b, 0x6e, 0x65, 0x73, 0x73, 0x20, 0x3d, 0x20,
        0x6c, 0x65, 0x72, 0x70, 0x28, 0x69, 0x6e, 0x76, 0x65, 0x72, 0x73, 0x65, 0x44, 0x65, 0x70, 0x74,
        0x68, 0x54, 0x68, 0x69, 0x63, 0x6b, 0x6e, 0x65, 0x73, 0x73, 0x2c, 0x20, 0x6c, 0x69, 0x6e, 0x65,
        0x61, 0x72, 0x46, 0x61, 0x64, 0x65, 0x54, 0x68, 0x69, 0x63, 0x6b, 0x6e, 0x65, 0x73, 0x73, 0x2c,
        0x20, 0x6c, 0x69, 0x6e, 0x65, 0x61, 0x72, 0x46, 0x61, 0x64, 0x65, 0x52, 0x65, 0x67, 0x69, 0x6f,
        0x6e, 0x4d, 0x61, 0x73, 0x6b, 0x29, 0x3b, 0x0a, 0x20, 0x20, 0x20, 0x20, 0x66, 0x6c, 0x6f, 0x61,
        0x74, 0x20, 0x66, 0x61, 0x6c, 0x6c, 0x6f, 0x66, 0x66, 0x54, 0x68, 0x69, 0x63, 0x6b, 0x6e, 0x65,
        0x73, 0x73, 0x20, 0x3d, 0x20, 0x6c, 0x65, 0x72, 0x70, 0x28, 0x0a, 0x20, 0x20, 0x20, 0x20, 0x20,
        0x20, 0x20, 0x20, 0x69, 0x6e, 0x76, 0x65, 0x72, 0x73, 0x65, 0x44, 0x65, 0x70, 0x74, 0x68, 0x54,
        0x68, 0x69, 0x63, 0x6b, 0x6e, 0x65, 0x73, 0x73, 0x2c, 0x0a, 0x20, 0x20, 0x20, 0x20, 0x20, 0x20,
        0x20, 0x20, 0x63, 0x75, 0x74, 0x6f, 0x66, 0x66, 0x54, 0x68, 0x69, 0x63, 0x6b, 0x6e, 0x65, 0x73,
        0x73, 0x2c, 0x0a, 0x20, 0x20, 0x20, 0x20, 0x20, 0x20, 0x20, 0x20, 0x44, 0x69, 0x73, 0x74, 0x61,
        0x6e, 0x74, 0x4f, 0x75, 0x74, 0x6c, 0x69, 0x6e, 0x65, 0x44, 0x69, 0x73, 0x74, 0x61, 0x6e, 0x63,
        0x65, 0x46, 0x61, 0x6c, 0x6c, 0x6f, 0x66, 0x66, 0x57, 0x69, 0x74, 0x68, 0x43, 0x75, 0x74, 0x6f,
        0x66, 0x66, 0x4d, 0x61, 0x73, 0x6b, 0x29, 0x3b, 0x0a, 0x20, 0x20, 0x20, 0x20, 0x66, 0x6c, 0x6f,
        0x61, 0x74, 0x20, 0x66, 0x61, 0x6c, 0x6c, 0x6f, 0x66, 0x66, 0x4d, 0x6f, 0x64, 0x65, 0x20, 0x3d,
        0x20, 0x44, 0x69, 0x73, 0x74, 0x61, 0x6e, 0x74, 0x4f, 0x75, 0x74, 0x6c, 0x69, 0x6e, 0x65, 0x44,
        0x69, 0x73, 0x74, 0x61, 0x6e, 0x63, 0x65, 0x46, 0x61, 0x6c, 0x6c, 0x6f, 0x66, 0x66, 0x4d, 0x61,
        0x73, 0x6b, 0x20, 0x2b, 0x0a, 0x20, 0x20, 0x20, 0x20, 0x20, 0x20, 0x20, 0x20, 0x20, 0x20, 0x20,
        0x20, 0x20, 0x20, 0x20, 0x20, 0x20, 0x20, 0x20, 0x20, 0x20, 0x20, 0x20, 0x20, 0x44, 0x69, 0x73,
        0x74, 0x61, 0x6e, 0x74, 0x4f, 0x75, 0x74, 0x6c, 0x69, 0x6e, 0x65, 0x44, 0x69, 0x73, 0x74, 0x61,
        0x6e, 0x63, 0x65, 0x46, 0x61, 0x6c, 0x6c, 0x6f, 0x66, 0x66, 0x57, 0x69, 0x74, 0x68, 0x43, 0x75,
        0x74, 0x6f, 0x66, 0x66, 0x4d, 0x61, 0x73, 0x6b, 0x3b, 0x0a, 0x0a, 0x20, 0x20, 0x20, 0x20, 0x72,
        0x65, 0x6e, 0x64, 0x65, 0x72, 0x65, 0x64, 0x48, 0x61, 0x6c, 0x66, 0x54, 0x68, 0x69, 0x63, 0x6b,
        0x6e, 0x65, 0x73, 0x73, 0x20, 0x3d, 0x20, 0x6c, 0x65, 0x72, 0x70, 0x28, 0x48, 0x61, 0x6c, 0x66,
        0x54, 0x68, 0x69, 0x63, 0x6b, 0x6e, 0x65, 0x73, 0x73, 0x2c, 0x20, 0x66, 0x61, 0x6c, 0x6c, 0x6f,
        0x66, 0x66, 0x54, 0x68, 0x69, 0x63, 0x6b, 0x6e, 0x65, 0x73, 0x73, 0x2c, 0x20, 0x66, 0x61, 0x6c,
        0x6c, 0x6f, 0x66, 0x66, 0x4d, 0x6f, 0x64, 0x65, 0x29, 0x3b, 0x0a, 0x0a, 0x20, 0x20, 0x20, 0x20,
        0x2f, 0x2f, 0x20, 0x48, 0x69, 0x64, 0x65, 0x20, 0x71, 0x75, 0x61, 0x64, 0x73, 0x20, 0x69, 0x6e,
        0x20, 0x74, 0x68, 0x65, 0x20, 0x76, 0x65, 0x72, 0x74, 0x65, 0x78, 0x20, 0x73, 0x68, 0x61, 0x64,
        0x65, 0x72, 0x20, 0x72, 0x61, 0x74, 0x68, 0x65, 0x72, 0x20, 0x74, 0x68, 0x61, 0x6e, 0x20, 0x70,
        0x61, 0x79, 0x69, 0x6e, 0x67, 0x20, 0x66, 0x6f, 0x72, 0x20, 0x70, 0x69, 0x78, 0x65, 0x6c, 0x2d,
        0x73, 0x68, 0x61, 0x64, 0x65, 0x72, 0x20, 0x64, 0x69, 0x73, 0x63, 0x61, 0x72, 0x64, 0x2e, 0x0a,
        0x20, 0x20, 0x20, 0x20, 0x66, 0x6c, 0x6f, 0x61, 0x74, 0x20, 0x70, 0x61, 0x73, 0x74, 0x43, 0x6c,
        0x61, 0x73, 0x73, 0x69, 0x63, 0x43, 0x75, 0x74, 0x6f, 0x66, 0x66, 0x20, 0x3d, 0x20, 0x73, 0x61,
        0x74, 0x75, 0x72, 0x61, 0x74, 0x65, 0x28, 0x73, 0x69, 0x67, 0x6e, 0x28, 0x76, 0x69, 0x65, 0x77,
        0x44, 0x65, 0x70, 0x74, 0x68, 0x20, 0x2d, 0x20, 0x4f, 0x75, 0x74, 0x6c, 0x69, 0x6e, 0x65, 0x43,
        0x6c, 0x61, 0x73, 0x73, 0x69, 0x63, 0x43, 0x75, 0x74, 0x6f, 0x66, 0x66, 0x44, 0x69, 0x73, 0x74,
        0x61, 0x6e, 0x63, 0x65, 0x29, 0x29, 0x3b, 0x0a, 0x20, 0x20, 0x20, 0x20, 0x66, 0x6c, 0x6f, 0x61,
        0x74, 0x20, 0x70, 0x61, 0x73, 0x74, 0x46, 0x61, 0x6c, 0x6c, 0x6f, 0x66, 0x66, 0x43, 0x75, 0x74,
        0x6f, 0x66, 0x66, 0x20, 0x3d, 0x20, 0x73, 0x61, 0x74, 0x75, 0x72, 0x61, 0x74, 0x65, 0x28, 0x73,
        0x69, 0x67, 0x6e, 0x28, 0x76, 0x69, 0x65, 0x77, 0x44, 0x65, 0x70, 0x74, 0x68, 0x20, 0x2d, 0x20,
        0x4f, 0x75, 0x74, 0x6c, 0x69, 0x6e, 0x65, 0x46, 0x61, 0x6c, 0x6c, 0x6f, 0x66, 0x66, 0x43, 0x75,
        0x74, 0x6f, 0x66, 0x66, 0x44, 0x69, 0x73, 0x74, 0x61, 0x6e, 0x63, 0x65, 0x29, 0x29, 0x3b, 0x0a,
        0x20, 0x20, 0x20, 0x20, 0x66, 0x6c, 0x6f, 0x61, 0x74, 0x20, 0x64, 0x69, 0x73, 0x74, 0x61, 0x6e,
        0x63, 0x65, 0x43, 0x75, 0x74, 0x6f, 0x66, 0x66, 0x48, 0x69, 0x64, 0x64, 0x65, 0x6e, 0x20, 0x3d,
        0x20, 0x44, 0x69, 0x73, 0x74, 0x61, 0x6e, 0x74, 0x4f, 0x75, 0x74, 0x6c, 0x69, 0x6e, 0x65, 0x44,
        0x69, 0x73, 0x74, 0x61, 0x6e, 0x63, 0x65, 0x46, 0x61, 0x6c, 0x6c, 0x6f, 0x66, 0x66, 0x57, 0x69,
        0x74, 0x68, 0x43, 0x75, 0x74, 0x6f, 0x66, 0x66, 0x4d, 0x61, 0x73, 0x6b, 0x20, 0x2a, 0x20, 0x70,
        0x61, 0x73, 0x74, 0x46, 0x61, 0x6c, 0x6c, 0x6f, 0x66, 0x66, 0x43, 0x75, 0x74, 0x6f, 0x66, 0x66,
        0x3b, 0x0a, 0x20, 0x20, 0x20, 0x20, 0x66, 0x6c, 0x6f, 0x61, 0x74, 0x20, 0x63, 0x6c, 0x61, 0x73,
        0x73, 0x69, 0x63, 0x48, 0x69, 0x64, 0x64, 0x65, 0x6e, 0x20, 0x3d, 0x20, 0x44, 0x69, 0x73, 0x74,
        0x61, 0x6e, 0x74, 0x4f, 0x75, 0x74, 0x6c, 0x69, 0x6e, 0x65, 0x43, 0x6c, 0x61, 0x73, 0x73, 0x69,
        0x63, 0x43, 0x75, 0x74, 0x6f, 0x66, 0x66, 0x4d, 0x61, 0x73, 0x6b, 0x20, 0x2a, 0x20, 0x70, 0x61,
        0x73, 0x74, 0x43, 0x6c, 0x61, 0x73, 0x73, 0x69, 0x63, 0x43, 0x75, 0x74, 0x6f, 0x66, 0x66, 0x3b,
        0x0a, 0x20, 0x20, 0x20, 0x20, 0x68, 0x69, 0x64, 0x65, 0x4c, 0x69, 0x6e, 0x65, 0x20, 0x3d, 0x20,
        0x6d, 0x61, 0x78, 0x28, 0x63, 0x6c, 0x61, 0x73, 0x73, 0x69, 0x63, 0x48, 0x69, 0x64, 0x64, 0x65,
        0x6e, 0x2c, 0x20, 0x64, 0x69, 0x73, 0x74, 0x61, 0x6e, 0x63, 0x65, 0x43, 0x75, 0x74, 0x6f, 0x66,
        0x66, 0x48, 0x69, 0x64, 0x64, 0x65, 0x6e, 0x29, 0x3b, 0x0a, 0x7d, 0x0a, 0x0a, 0x56, 0x65, 0x72,
        0x74, 0x65, 0x78, 0x53, 0x68, 0x61, 0x64, 0x65, 0x72, 0x4f, 0x75, 0x74, 0x70, 0x75, 0x74, 0x20,
        0x4d, 0x61, 0x69, 0x6e, 0x56, 0x53, 0x28, 0x0a, 0x20, 0x20, 0x20, 0x20, 0x69, 0x6e, 0x20, 0x56,
        0x65, 0x72, 0x74, 0x65, 0x78, 0x53, 0x68, 0x61, 0x64, 0x65, 0x72, 0x49, 0x6e, 0x70, 0x75, 0x74,
        0x20, 0x69, 0x6e, 0x70, 0x75, 0x74, 0x2c, 0x0a, 0x20, 0x20, 0x20, 0x20, 0x2f, 0x2f, 0x20, 0x69,
        0x6e, 0x73, 0x74, 0x61, 0x6e, 0x63, 0x65, 0x20, 0x70, 0x61, 0x72, 0x61, 0x6d, 0x65, 0x74, 0x65,
        0x72, 0x73, 0x0a, 0x20, 0x20, 0x20, 0x20, 0x69, 0x6e, 0x20, 0x66, 0x6c, 0x6f, 0x61, 0x74, 0x34,
        0x78, 0x34, 0x20, 0x77, 0x6f, 0x72, 0x6c, 0x64, 0x20, 0x3a, 0x20, 0x54, 0x45, 0x58, 0x43, 0x4f,
        0x4f, 0x52, 0x44, 0x33, 0x2c, 0x0a, 0x20, 0x20, 0x20, 0x20, 0x69, 0x6e, 0x20, 0x66, 0x6c, 0x6f,
        0x61, 0x74, 0x34, 0x20, 0x70, 0x61, 0x72, 0x61, 0x6d, 0x65, 0x74, 0x65, 0x72, 0x73, 0x20, 0x3a,
        0x20, 0x54, 0x45, 0x58, 0x43, 0x4f, 0x4f, 0x52, 0x44, 0x37, 0x2c, 0x0a, 0x20, 0x20, 0x20, 0x20,
        0x69, 0x6e, 0x20, 0x66, 0x6c, 0x6f, 0x61, 0x74, 0x34, 0x20, 0x70, 0x61, 0x72, 0x61, 0x6d, 0x65,
        0x74, 0x65, 0x72, 0x73, 0x32, 0x20, 0x3a, 0x20, 0x54, 0x45, 0x58, 0x43, 0x4f, 0x4f, 0x52, 0x44,
        0x38, 0x0a, 0x29, 0x0a, 0x7b, 0x0a, 0x20, 0x20, 0x20, 0x20, 0x62, 0x6f, 0x6f, 0x6c, 0x20, 0x67,
        0x65, 0x74, 0x73, 0x53, 0x68, 0x61, 0x64, 0x6f, 0x77, 0x65, 0x64, 0x3b, 0x0a, 0x20, 0x20, 0x20,
        0x20, 0x66, 0x6c, 0x6f, 0x61, 0x74, 0x20, 0x61, 0x6c, 0x70, 0x68, 0x61, 0x4f, 0x76, 0x65, 0x72,
        0x72, 0x69, 0x64, 0x65, 0x3b, 0x0a, 0x20, 0x20, 0x20, 0x20, 0x62, 0x6f, 0x6f, 0x6c, 0x20, 0x69,
        0x73, 0x46, 0x75, 0x6c, 0x6c, 0x62, 0x72, 0x69, 0x67, 0x68, 0x74, 0x3b, 0x0a, 0x20, 0x20, 0x20,
        0x20, 0x62, 0x6f, 0x6f, 0x6c, 0x20, 0x67, 0x6c, 0x6f, 0x77, 0x3b, 0x0a, 0x20, 0x20, 0x20, 0x20,
        0x56, 0x53, 0x5f, 0x55, 0x6e, 0x70, 0x61, 0x63, 0x6b, 0x50, 0x61, 0x72, 0x61, 0x6d, 0x65, 0x74,
        0x65, 0x72, 0x73, 0x28, 0x70, 0x61, 0x72, 0x61, 0x6d, 0x65, 0x74, 0x65, 0x72, 0x73, 0x2c, 0x20,
        0x67, 0x65, 0x74, 0x73, 0x53, 0x68, 0x61, 0x64, 0x6f, 0x77, 0x65, 0x64, 0x2c, 0x20, 0x61, 0x6c,
        0x70, 0x68, 0x61, 0x4f, 0x76, 0x65, 0x72, 0x72, 0x69, 0x64, 0x65, 0x2c, 0x20, 0x69, 0x73, 0x46,
        0x75, 0x6c, 0x6c, 0x62, 0x72, 0x69, 0x67, 0x68, 0x74, 0x2c, 0x20, 0x67, 0x6c, 0x6f, 0x77, 0x29,
        0x3b, 0x0a, 0x20, 0x20, 0x20, 0x20, 0x0a, 0x20, 0x20, 0x20, 0x20, 0x66, 0x6c, 0x6f, 0x61, 0x74,
        0x20, 0x6c, 0x61, 0x79, 0x65, 0x72, 0x3b, 0x0a, 0x20, 0x20, 0x20, 0x20, 0x56, 0x53, 0x5f, 0x55,
        0x6e, 0x70, 0x61, 0x63, 0x6b, 0x50, 0x61, 0x72, 0x61, 0x6d, 0x65, 0x74, 0x65, 0x72, 0x73, 0x32,
        0x28, 0x70, 0x61, 0x72, 0x61, 0x6d, 0x65, 0x74, 0x65, 0x72, 0x73, 0x32, 0x2c, 0x20, 0x6c, 0x61,
        0x79, 0x65, 0x72, 0x29, 0x3b, 0x0a, 0x0a, 0x09, 0x56, 0x65, 0x72, 0x74, 0x65, 0x78, 0x53, 0x68,
        0x61, 0x64, 0x65, 0x72, 0x4f, 0x75, 0x74, 0x70, 0x75, 0x74, 0x20, 0x6f, 0x75, 0x74, 0x70, 0x75,
        0x74, 0x20, 0x3d, 0x20, 0x28, 0x56, 0x65, 0x72, 0x74, 0x65, 0x78, 0x53, 0x68, 0x61, 0x64, 0x65,
        0x72, 0x4f, 0x75, 0x74, 0x70, 0x75, 0x74, 0x29, 0x30, 0x3b, 0x0a, 0x0a, 0x20, 0x20, 0x20, 0x20,
        0x2f, 0x2f, 0x20, 0x44, 0x69, 0x73, 0x74, 0x61, 0x6e, 0x63, 0x65, 0x20, 0x62, 0x65, 0x68, 0x61,
        0x76, 0x69, 0x6f, 0x72, 0x20, 0x75, 0x73, 0x65, 0x73, 0x20, 0x74, 0x68, 0x65, 0x20, 0x6c, 0x69,
        0x6e, 0x65, 0x20, 0x63, 0x65, 0x6e, 0x74, 0x72, 0x6f, 0x69, 0x64, 0x20, 0x61, 0x6e, 0x64, 0x20,
        0x63, 0x61, 0x6d, 0x65, 0x72, 0x61, 0x2d, 0x73, 0x70, 0x61, 0x63, 0x65, 0x20, 0x64, 0x65, 0x70,
        0x74, 0x68, 0x20, 0x72, 0x61, 0x74, 0x68, 0x65, 0x72, 0x20, 0x74, 0x68, 0x61, 0x6e, 0x20, 0x61,
        0x6e, 0x20, 0x65, 0x6e, 0x64, 0x70, 0x6f, 0x69, 0x6e, 0x74, 0x20, 0x6f, 0x72, 0x20, 0x72, 0x61,
        0x64, 0x69, 0x61, 0x6c, 0x20, 0x64, 0x69, 0x73, 0x74, 0x61, 0x6e, 0x63, 0x65, 0x2e, 0x0a, 0x20,
        0x20, 0x20, 0x20, 0x66, 0x6c, 0x6f, 0x61, 0x74, 0x33, 0x20, 0x77, 0x6f, 0x72, 0x6c, 0x64, 0x43,
        0x65, 0x6e, 0x74, 0x72, 0x6f, 0x69, 0x64, 0x20, 0x3d, 0x20, 0x6d, 0x75, 0x6c, 0x28, 0x66, 0x6c,
        0x6f, 0x61, 0x74, 0x34, 0x28, 0x69, 0x6e, 0x70, 0x75, 0x74, 0x2e, 0x43, 0x65, 0x6e, 0x74, 0x72,
        0x6f, 0x69, 0x64, 0x2c, 0x20, 0x31, 0x29, 0x2c, 0x20, 0x77, 0x6f, 0x72, 0x6c, 0x64, 0x29, 0x2e,
        0x78, 0x79, 0x7a, 0x3b, 0x0a, 0x20, 0x20, 0x20, 0x20, 0x66, 0x6c, 0x6f, 0x61, 0x74, 0x20, 0x76,
        0x69, 0x65, 0x77, 0x44, 0x65, 0x70, 0x74, 0x68, 0x20, 0x3d, 0x20, 0x2d, 0x6d, 0x75, 0x6c, 0x28,
        0x66, 0x6c, 0x6f, 0x61, 0x74, 0x34, 0x28, 0x77, 0x6f, 0x72, 0x6c, 0x64, 0x43, 0x65, 0x6e, 0x74,
        0x72, 0x6f, 0x69, 0x64, 0x2c, 0x20, 0x31, 0x29, 0x2c, 0x20, 0x56, 0x69, 0x65, 0x77, 0x29, 0x2e,
        0x7a, 0x3b, 0x0a, 0x0a, 0x20, 0x20, 0x20, 0x20, 0x66, 0x6c, 0x6f, 0x61, 0x74, 0x20, 0x72, 0x65,
        0x6e, 0x64, 0x65, 0x72, 0x65, 0x64, 0x48, 0x61, 0x6c, 0x66, 0x54, 0x68, 0x69, 0x63, 0x6b, 0x6e,
        0x65, 0x73, 0x73, 0x3b, 0x0a, 0x20, 0x20, 0x20, 0x20, 0x66, 0x6c, 0x6f, 0x61, 0x74, 0x20, 0x68,
        0x69, 0x64, 0x65, 0x4c, 0x69, 0x6e, 0x65, 0x3b, 0x0a, 0x20, 0x20, 0x20, 0x20, 0x43, 0x61, 0x6c,
        0x63, 0x75, 0x6c, 0x61, 0x74, 0x65, 0x44, 0x69, 0x73, 0x74, 0x61, 0x6e, 0x74, 0x4f, 0x75, 0x74,
        0x6c, 0x69, 0x6e, 0x65, 0x28, 0x76, 0x69, 0x65, 0x77, 0x44, 0x65, 0x70, 0x74, 0x68, 0x2c, 0x20,
        0x72, 0x65, 0x6e, 0x64, 0x65, 0x72, 0x65, 0x64, 0x48, 0x61, 0x6c, 0x66, 0x54, 0x68, 0x69, 0x63,
        0x6b, 0x6e, 0x65, 0x73, 0x73, 0x2c, 0x20, 0x68, 0x69, 0x64, 0x65, 0x4c, 0x69, 0x6e, 0x65, 0x29,
        0x3b, 0x0a, 0x0a, 0x20, 0x20, 0x20, 0x20, 0x2f, 0x2f, 0x20, 0x44, 0x65, 0x63, 0x6f, 0x64, 0x65,
        0x20, 0x53, 0x69, 0x64, 0x65, 0x3a, 0x20, 0x61, 0x62, 0x73, 0x20, 0x3e, 0x20, 0x31, 0x2e, 0x35,
        0x20, 0x6d, 0x65, 0x61, 0x6e, 0x73, 0x20, 0x65, 0x6e, 0x64, 0x70, 0x6f, 0x69, 0x6e, 0x74, 0x20,
        0x42, 0x2c, 0x20, 0x73, 0x69, 0x67, 0x6e, 0x20, 0x67, 0x69, 0x76, 0x65, 0x73, 0x20, 0x6f, 0x66,
        0x66, 0x73, 0x65, 0x74, 0x20, 0x64, 0x69, 0x72, 0x65, 0x63, 0x74, 0x69, 0x6f, 0x6e, 0x0a, 0x20,
        0x20, 0x20, 0x20, 0x66, 0x6c, 0x6f, 0x61, 0x74, 0x33, 0x20, 0x70, 0x6f, 0x73, 0x69, 0x74, 0x69,
        0x6f, 0x6e, 0x20, 0x3d, 0x20, 0x28, 0x61, 0x62, 0x73, 0x28, 0x69, 0x6e, 0x70, 0x75, 0x74, 0x2e,
        0x53, 0x69, 0x64, 0x65, 0x29, 0x20, 0x3e, 0x20, 0x31, 0x2e, 0x35, 0x29, 0x20, 0x3f, 0x20, 0x69,
        0x6e, 0x70, 0x75, 0x74, 0x2e, 0x50, 0x6f, 0x73, 0x69, 0x74, 0x69, 0x6f, 0x6e, 0x42, 0x20, 0x3a,
        0x20, 0x69, 0x6e, 0x70, 0x75, 0x74, 0x2e, 0x50, 0x6f, 0x73, 0x69, 0x74, 0x69, 0x6f, 0x6e, 0x41,
        0x3b, 0x0a, 0x20, 0x20, 0x20, 0x20, 0x66, 0x6c, 0x6f, 0x61, 0x74, 0x20, 0x73, 0x69, 0x64, 0x65,
        0x53, 0x69, 0x67, 0x6e, 0x20, 0x3d, 0x20, 0x73, 0x69, 0x67, 0x6e, 0x28, 0x69, 0x6e, 0x70, 0x75,
        0x74, 0x2e, 0x53, 0x69, 0x64, 0x65, 0x29, 0x3b, 0x0a, 0x0a, 0x20, 0x20, 0x20, 0x20, 0x56, 0x53,
        0x5f, 0x44, 0x65, 0x63, 0x61, 0x6c, 0x4f, 0x66, 0x66, 0x73, 0x65, 0x74, 0x28, 0x70, 0x6f, 0x73,
        0x69, 0x74, 0x69, 0x6f, 0x6e, 0x2c, 0x20, 0x69, 0x6e, 0x70, 0x75, 0x74, 0x2e, 0x4e, 0x6f, 0x72,
        0x6d, 0x61, 0x6c, 0x2c, 0x20, 0x69, 0x6e, 0x70, 0x75, 0x74, 0x2e, 0x44, 0x65, 0x63, 0x61, 0x6c,
        0x4f, 0x66, 0x66, 0x73, 0x65, 0x74, 0x29, 0x3b, 0x0a, 0x0a, 0x20, 0x20, 0x20, 0x20, 0x69, 0x66,
        0x20, 0x28, 0x45, 0x78, 0x70, 0x61, 0x6e, 0x64, 0x20, 0x3d, 0x3d, 0x20, 0x74, 0x72, 0x75, 0x65,
        0x29, 0x0a, 0x20, 0x20, 0x20, 0x20, 0x7b, 0x0a, 0x20, 0x20, 0x20, 0x20, 0x20, 0x20, 0x20, 0x20,
        0x56, 0x53, 0x5f, 0x45, 0x78, 0x70, 0x61, 0x6e, 0x64, 0x28, 0x70, 0x6f, 0x73, 0x69, 0x74, 0x69,
        0x6f, 0x6e, 0x2c, 0x20, 0x69, 0x6e, 0x70, 0x75, 0x74, 0x2e, 0x43, 0x65, 0x6e, 0x74, 0x72, 0x6f,
        0x69, 0x64, 0x2c, 0x20, 0x52, 0x61, 0x6e, 0x64, 0x6f, 0x6d, 0x46, 0x6c, 0x6f, 0x61, 0x74, 0x29,
        0x3b, 0x0a, 0x20, 0x20, 0x20, 0x20, 0x7d, 0x0a, 0x0a, 0x20, 0x20, 0x20, 0x20, 0x2f, 0x2f, 0x20,
        0x53, 0x61, 0x76, 0x65, 0x20, 0x74, 0x68, 0x65, 0x20, 0x76, 0x65, 0x72, 0x74, 0x69, 0x63, 0x65,
        0x73, 0x20, 0x70, 0x6f, 0x73, 0x69, 0x74, 0x69, 0x6f, 0x6e, 0x20, 0x69, 0x6e, 0x20, 0x77, 0x6f,
        0x72, 0x6c, 0x64, 0x20, 0x73, 0x70, 0x61, 0x63, 0x65, 0x20, 0x28, 0x66, 0x6f, 0x72, 0x20, 0x73,
        0x68, 0x61, 0x64, 0x6f, 0x77, 0x20, 0x6d, 0x61, 0x70, 0x70, 0x69, 0x6e, 0x67, 0x29, 0x0a, 0x20,
        0x20, 0x20, 0x20, 0x6f, 0x75, 0x74, 0x70, 0x75, 0x74, 0x2e, 0x57, 0x6f, 0x72, 0x6c, 0x64, 0x50,
        0x6f, 0x73, 0x20, 0x3d, 0x20, 0x6d, 0x75, 0x6c, 0x28, 0x66, 0x6c, 0x6f, 0x61, 0x74, 0x34, 0x28,
        0x70, 0x6f, 0x73, 0x69, 0x74, 0x69, 0x6f, 0x6e, 0x2c, 0x20, 0x31, 0x29, 0x2c, 0x20, 0x77, 0x6f,
        0x72, 0x6c, 0x64, 0x29, 0x3b, 0x0a, 0x20, 0x20, 0x20, 0x20, 0x6f, 0x75, 0x74, 0x70, 0x75, 0x74,
        0x2e, 0x47, 0x65, 0x74, 0x73, 0x53, 0x68, 0x61, 0x64, 0x6f, 0x77, 0x65, 0x64, 0x20, 0x3d, 0x20,
        0x67, 0x65, 0x74, 0x73, 0x53, 0x68, 0x61, 0x64, 0x6f, 0x77, 0x65, 0x64, 0x3b, 0x0a, 0x0a, 0x20,
        0x20, 0x20, 0x20, 0x66, 0x6c, 0x6f, 0x61, 0x74, 0x34, 0x20, 0x76, 0x69, 0x65, 0x77, 0x50, 0x6f,
        0x73, 0x20, 0x3d, 0x20, 0x6d, 0x75, 0x6c, 0x28, 0x6f, 0x75, 0x74, 0x70, 0x75, 0x74, 0x2e, 0x57,
        0x6f, 0x72, 0x6c, 0x64, 0x50, 0x6f, 0x73, 0x2c, 0x20, 0x56, 0x69, 0x65, 0x77, 0x29, 0x3b, 0x0a,
        0x20, 0x20, 0x20, 0x20, 0x2f, 0x2f, 0x20, 0x46, 0x6f, 0x67, 0x20, 0x69, 0x73, 0x20, 0x6d, 0x65,
        0x61, 0x73, 0x75, 0x72, 0x65, 0x64, 0x20, 0x66, 0x72, 0x6f, 0x6d, 0x20, 0x74, 0x68, 0x65, 0x20,
        0x76, 0x69, 0x65, 0x77, 0x2d, 0x73, 0x70, 0x61, 0x63, 0x65, 0x20, 0x70, 0x6f, 0x73, 0x69, 0x74,
        0x69, 0x6f, 0x6e, 0x2e, 0x20, 0x49, 0x6e, 0x74, 0x65, 0x72, 0x70, 0x6f, 0x6c, 0x61, 0x74, 0x69,
        0x6e, 0x67, 0x20, 0x69, 0x74, 0x20, 0x66, 0x72, 0x6f, 0x6d, 0x20, 0x74, 0x68, 0x65, 0x20, 0x76,
        0x65, 0x72, 0x74, 0x65, 0x78, 0x20, 0x73, 0x68, 0x61, 0x64, 0x65, 0x72, 0x20, 0x69, 0x73, 0x0a,
        0x20, 0x20, 0x20, 0x20, 0x2f, 0x2f, 0x20, 0x65, 0x71, 0x75, 0x69, 0x76, 0x61, 0x6c, 0x65, 0x6e,
        0x74, 0x20, 0x74, 0x6f, 0x20, 0x72, 0x65, 0x2d, 0x64, 0x65, 0x72, 0x69, 0x76, 0x69, 0x6e, 0x67,
        0x20, 0x69, 0x74, 0x20, 0x66, 0x72, 0x6f, 0x6d, 0x20, 0x74, 0x68, 0x65, 0x20, 0x69, 0x6e, 0x74,
        0x65, 0x72, 0x70, 0x6f, 0x6c, 0x61, 0x74, 0x65, 0x64, 0x20, 0x57, 0x6f, 0x72, 0x6c, 0x64, 0x50,
        0x6f, 0x73, 0x20, 0x69, 0x6e, 0x20, 0x74, 0x68, 0x65, 0x20, 0x70, 0x69, 0x78, 0x65, 0x6c, 0x20,
        0x73, 0x68, 0x61, 0x64, 0x65, 0x72, 0x20, 0x28, 0x56, 0x69, 0x65, 0x77, 0x20, 0x69, 0x73, 0x0a,
        0x20, 0x20, 0x20, 0x20, 0x2f, 0x2f, 0x20, 0x61, 0x66, 0x66, 0x69, 0x6e, 0x65, 0x29, 0x2c, 0x20,
        0x62, 0x75, 0x74, 0x20, 0x63, 0x6f, 0x73, 0x74, 0x73, 0x20, 0x6f, 0x6e, 0x65, 0x20, 0x76, 0x61,
        0x72, 0x79, 0x69, 0x6e, 0x67, 0x20, 0x69, 0x6e, 0x73, 0x74, 0x65, 0x61, 0x64, 0x20, 0x6f, 0x66,
        0x20, 0x61, 0x20, 0x34, 0x78, 0x34, 0x20, 0x6d, 0x75, 0x6c, 0x74, 0x69, 0x70, 0x6c, 0x79, 0x20,
        0x70, 0x65, 0x72, 0x20, 0x70, 0x69, 0x78, 0x65, 0x6c, 0x2e, 0x0a, 0x20, 0x20, 0x20, 0x20, 0x6f,
        0x75, 0x74, 0x70, 0x75, 0x74, 0x2e, 0x56, 0x69, 0x65, 0x77, 0x4c, 0x65, 0x6e, 0x67, 0x74, 0x68,
        0x20, 0x3d, 0x20, 0x6c, 0x65, 0x6e, 0x67, 0x74, 0x68, 0x28, 0x76, 0x69, 0x65, 0x77, 0x50, 0x6f,
        0x73, 0x29, 0x3b, 0x0a, 0x0a, 0x20, 0x20, 0x20, 0x20, 0x2f, 0x2f, 0x20, 0x54, 0x72, 0x61, 0x6e,
        0x73, 0x66, 0x6f, 0x72, 0x6d, 0x20, 0x62, 0x6f, 0x74, 0x68, 0x20, 0x65, 0x6e, 0x64, 0x70, 0x6f,
        0x69, 0x6e, 0x74, 0x73, 0x20, 0x74, 0x6f, 0x20, 0x63, 0x6c, 0x69, 0x70, 0x20, 0x73, 0x70, 0x61,
        0x63, 0x65, 0x20, 0x66, 0x6f, 0x72, 0x20, 0x73, 0x63, 0x72, 0x65, 0x65, 0x6e, 0x2d, 0x73, 0x70,
        0x61, 0x63, 0x65, 0x20, 0x6c, 0x69, 0x6e, 0x65, 0x20, 0x64, 0x69, 0x72, 0x65, 0x63, 0x74, 0x69,
        0x6f, 0x6e, 0x0a, 0x20, 0x20, 0x20, 0x20, 0x66, 0x6c, 0x6f, 0x61, 0x74, 0x34, 0x20, 0x63, 0x6c,
        0x69, 0x70, 0x41, 0x20, 0x3d, 0x20, 0x6d, 0x75, 0x6c, 0x28, 0x6d, 0x75, 0x6c, 0x28, 0x66, 0x6c,
        0x6f, 0x61, 0x74, 0x34, 0x28, 0x69, 0x6e, 0x70, 0x75, 0x74, 0x2e, 0x50, 0x6f, 0x73, 0x69, 0x74,
        0x69, 0x6f, 0x6e, 0x41, 0x2c, 0x20, 0x31, 0x29, 0x2c, 0x20, 0x77, 0x6f, 0x72, 0x6c, 0x64, 0x29,
        0x2c, 0x20, 0x56, 0x69, 0x65, 0x77, 0x50, 0x72, 0x6f, 0x6a, 0x29, 0x3b, 0x0a, 0x20, 0x20, 0x20,
        0x20, 0x66, 0x6c, 0x6f, 0x61, 0x74, 0x34, 0x20, 0x63, 0x6c, 0x69, 0x70, 0x42, 0x20, 0x3d, 0x20,
        0x6d, 0x75, 0x6c, 0x28, 0x6d, 0x75, 0x6c, 0x28, 0x66, 0x6c, 0x6f, 0x61, 0x74, 0x34, 0x28, 0x69,
        0x6e, 0x70, 0x75, 0x74, 0x2e, 0x50, 0x6f, 0x73, 0x69, 0x74, 0x69, 0x6f, 0x6e, 0x42, 0x2c, 0x20,
        0x31, 0x29, 0x2c, 0x20, 0x77, 0x6f, 0x72, 0x6c, 0x64, 0x29, 0x2c, 0x20, 0x56, 0x69, 0x65, 0x77,
        0x50, 0x72, 0x6f, 0x6a, 0x29, 0x3b, 0x0a, 0x0a, 0x20, 0x20, 0x20, 0x20, 0x66, 0x6c, 0x6f, 0x61,
        0x74, 0x32, 0x20, 0x73, 0x63, 0x72, 0x65, 0x65, 0x6e, 0x41, 0x20, 0x3d, 0x20, 0x52, 0x65, 0x73,
        0x6f, 0x6c, 0x75, 0x74, 0x69, 0x6f, 0x6e, 0x20, 0x2a, 0x20, 0x63, 0x6c, 0x69, 0x70, 0x41, 0x2e,
        0x78, 0x79, 0x20, 0x2f, 0x20, 0x63, 0x6c, 0x69, 0x70, 0x41, 0x2e, 0x77, 0x3b, 0x0a, 0x20, 0x20,
        0x20, 0x20, 0x66, 0x6c, 0x6f, 0x61, 0x74, 0x32, 0x20, 0x73, 0x63, 0x72, 0x65, 0x65, 0x6e, 0x42,
        0x20, 0x3d, 0x20, 0x52, 0x65, 0x73, 0x6f, 0x6c, 0x75, 0x74, 0x69, 0x6f, 0x6e, 0x20, 0x2a, 0x20,
        0x63, 0x6c, 0x69, 0x70, 0x42, 0x2e, 0x78, 0x79, 0x20, 0x2f, 0x20, 0x63, 0x6c, 0x69, 0x70, 0x42,
        0x2e, 0x77, 0x3b, 0x0a, 0x0a, 0x20, 0x20, 0x20, 0x20, 0x2f, 0x2f, 0x20, 0x47, 0x75, 0x61, 0x72,
        0x64, 0x20, 0x61, 0x67, 0x61, 0x69, 0x6e, 0x73, 0x74, 0x20, 0x4e, 0x61, 0x4e, 0x20, 0x66, 0x72,
        0x6f, 0x6d, 0x20, 0x6e, 0x6f, 0x72, 0x6d, 0x61, 0x6c, 0x69, 0x7a, 0x65, 0x28, 0x28, 0x30, 0x2c,
        0x30, 0x29, 0x29, 0x20, 0x77, 0x68, 0x65, 0x6e, 0x20, 0x65, 0x6e, 0x64, 0x70, 0x6f, 0x69, 0x6e,
        0x74, 0x73, 0x20, 0x70, 0x72, 0x6f, 0x6a, 0x65, 0x63, 0x74, 0x20, 0x74, 0x6f, 0x20, 0x74, 0x68,
        0x65, 0x0a, 0x20, 0x20, 0x20, 0x20, 0x2f, 0x2f, 0x20, 0x73, 0x61, 0x6d, 0x65, 0x20, 0x73, 0x63,
        0x72, 0x65, 0x65, 0x6e, 0x20, 0x70, 0x69, 0x78, 0x65, 0x6c, 0x20, 0x28, 0x6e, 0x65, 0x61, 0x72,
        0x2d, 0x64, 0x65, 0x67, 0x65, 0x6e, 0x65, 0x72, 0x61, 0x74, 0x65, 0x20, 0x6c, 0x69, 0x6e, 0x65,
        0x73, 0x29, 0x2e, 0x20, 0x46, 0x61, 0x6c, 0x6c, 0x62, 0x61, 0x63, 0x6b, 0x20, 0x74, 0x6f, 0x20,
        0x68, 0x6f, 0x72, 0x69, 0x7a, 0x6f, 0x6e, 0x74, 0x61, 0x6c, 0x2e, 0x0a, 0x20, 0x20, 0x20, 0x20,
        0x66, 0x6c, 0x6f, 0x61, 0x74, 0x32, 0x20, 0x64, 0x65, 0x6c, 0x74, 0x61, 0x20, 0x3d, 0x20, 0x73,
        0x63, 0x72, 0x65, 0x65, 0x6e, 0x42, 0x20, 0x2d, 0x20, 0x73, 0x63, 0x72, 0x65, 0x65, 0x6e, 0x41,
        0x3b, 0x0a, 0x20, 0x20, 0x20, 0x20, 0x66, 0x6c, 0x6f, 0x61, 0x74, 0x20, 0x64, 0x65, 0x6c, 0x74,
        0x61, 0x4c, 0x65, 0x6e, 0x53, 0x71, 0x20, 0x3d, 0x20, 0x64, 0x6f, 0x74, 0x28, 0x64, 0x65, 0x6c,
        0x74, 0x61, 0x2c, 0x20, 0x64, 0x65, 0x6c, 0x74, 0x61, 0x29, 0x3b, 0x0a, 0x20, 0x20, 0x20, 0x20,
        0x66, 0x6c, 0x6f, 0x61, 0x74, 0x32, 0x20, 0x64, 0x69, 0x72, 0x20, 0x3d, 0x20, 0x64, 0x65, 0x6c,
        0x74, 0x61, 0x4c, 0x65, 0x6e, 0x53, 0x71, 0x20, 0x3c, 0x20, 0x30, 0x2e, 0x30, 0x30, 0x30, 0x31,
        0x20, 0x3f, 0x20, 0x66, 0x6c, 0x6f, 0x61, 0x74, 0x32, 0x28, 0x31, 0x2c, 0x20, 0x30, 0x29, 0x20,
        0x3a, 0x20, 0x6e, 0x6f, 0x72, 0x6d, 0x61, 0x6c, 0x69, 0x7a, 0x65, 0x28, 0x64, 0x65, 0x6c, 0x74,
        0x61, 0x29, 0x3b, 0x0a, 0x20, 0x20, 0x20, 0x20, 0x66, 0x6c, 0x6f, 0x61, 0x74, 0x32, 0x20, 0x6e,
        0x6f, 0x72, 0x6d, 0x61, 0x6c, 0x20, 0x3d, 0x20, 0x66, 0x6c, 0x6f, 0x61, 0x74, 0x32, 0x28, 0x2d,
        0x64, 0x69, 0x72, 0x2e, 0x79, 0x2c, 0x20, 0x64, 0x69, 0x72, 0x2e, 0x78, 0x29, 0x3b, 0x0a, 0x0a,
        0x20, 0x20, 0x20, 0x20, 0x2f, 0x2f, 0x20, 0x53, 0x63, 0x72, 0x65, 0x65, 0x6e, 0x2d, 0x73, 0x70,
        0x61, 0x63, 0x65, 0x20, 0x6f, 0x66, 0x66, 0x73, 0x65, 0x74, 0x20, 0x66, 0x6f, 0x72, 0x20, 0x6c,
        0x69, 0x6e, 0x65, 0x20, 0x74, 0x68, 0x69, 0x63, 0x6b, 0x6e, 0x65, 0x73, 0x73, 0x0a, 0x20, 0x20,
        0x20, 0x20, 0x66, 0x6c, 0x6f, 0x61, 0x74, 0x34, 0x20, 0x63, 0x6c, 0x69, 0x70, 0x50, 0x6f, 0x73,
        0x20, 0x3d, 0x20, 0x6d, 0x75, 0x6c, 0x28, 0x76, 0x69, 0x65, 0x77, 0x50, 0x6f, 0x73, 0x2c, 0x20,
        0x50, 0x72, 0x6f, 0x6a, 0x65, 0x63, 0x74, 0x69, 0x6f, 0x6e, 0x29, 0x3b, 0x0a, 0x20, 0x20, 0x20,
        0x20, 0x66, 0x6c, 0x6f, 0x61, 0x74, 0x32, 0x20, 0x6f, 0x66, 0x66, 0x73, 0x65, 0x74, 0x20, 0x3d,
        0x20, 0x6e, 0x6f, 0x72, 0x6d, 0x61, 0x6c, 0x20, 0x2a, 0x20, 0x72, 0x65, 0x6e, 0x64, 0x65, 0x72,
        0x65, 0x64, 0x48, 0x61, 0x6c, 0x66, 0x54, 0x68, 0x69, 0x63, 0x6b, 0x6e, 0x65, 0x73, 0x73, 0x20,
        0x2a, 0x20, 0x73, 0x69, 0x64, 0x65, 0x53, 0x69, 0x67, 0x6e, 0x20, 0x2f, 0x20, 0x52, 0x65, 0x73,
        0x6f, 0x6c, 0x75, 0x74, 0x69, 0x6f, 0x6e, 0x20, 0x2a, 0x20, 0x32, 0x2e, 0x30, 0x3b, 0x0a, 0x0a,
        0x09, 0x66, 0x6c, 0x6f, 0x61, 0x74, 0x33, 0x20, 0x63, 0x6f, 0x6c, 0x6f, 0x72, 0x20, 0x3d, 0x20,
        0x69, 0x6e, 0x70, 0x75, 0x74, 0x2e, 0x43, 0x6f, 0x6c, 0x6f, 0x72, 0x3b, 0x0a, 0x0a, 0x20, 0x20,
        0x20, 0x20, 0x2f, 0x2f, 0x20, 0x41, 0x70, 0x70, 0x6c, 0x79, 0x20, 0x62, 0x61, 0x73, 0x65, 0x20,
        0x63, 0x6f, 0x6c, 0x6f, 0x72, 0x0a, 0x20, 0x20, 0x20, 0x20, 0x63, 0x6f, 0x6c, 0x6f, 0x72, 0x20,
        0x3d, 0x20, 0x6c, 0x65, 0x72, 0x70, 0x28, 0x63, 0x6f, 0x6c, 0x6f, 0x72, 0x2c, 0x20, 0x42, 0x61,
        0x73, 0x65, 0x43, 0x6f, 0x6c, 0x6f, 0x72, 0x2c, 0x20, 0x55, 0x73, 0x65, 0x42, 0x61, 0x73, 0x65,
        0x43, 0x6f, 0x6c, 0x6f, 0x72, 0x20, 0x3f, 0x20, 0x31, 0x2e, 0x30, 0x20, 0x3a, 0x20, 0x30, 0x2e,
        0x30, 0x29, 0x3b, 0x0a, 0x0a, 0x20, 0x20, 0x20, 0x20, 0x6f, 0x75, 0x74, 0x70, 0x75, 0x74, 0x2e,
        0x50, 0x6f, 0x73, 0x69, 0x74, 0x69, 0x6f, 0x6e, 0x20, 0x3d, 0x20, 0x63, 0x6c, 0x69, 0x70, 0x50,
        0x6f, 0x73, 0x20, 0x2b, 0x20, 0x66, 0x6c, 0x6f, 0x61, 0x74, 0x34, 0x28, 0x6f, 0x66, 0x66, 0x73,
        0x65, 0x74, 0x20, 0x2a, 0x20, 0x63, 0x6c, 0x69, 0x70, 0x50, 0x6f, 0x73, 0x2e, 0x77, 0x2c, 0x20,
        0x30, 0x2c, 0x20, 0x30, 0x29, 0x3b, 0x0a, 0x0a, 0x20, 0x20, 0x20, 0x20, 0x2f, 0x2f, 0x20, 0x41,
        0x70, 0x70, 0x6c, 0x79, 0x20, 0x6c, 0x61, 0x79, 0x65, 0x72, 0x20, 0x6e, 0x75, 0x64, 0x67, 0x65,
        0x20, 0x74, 0x6f, 0x20, 0x70, 0x72, 0x65, 0x76, 0x65, 0x6e, 0x74, 0x20, 0x5a, 0x2d, 0x66, 0x69,
        0x67, 0x68, 0x74, 0x69, 0x6e, 0x67, 0x0a, 0x20, 0x20, 0x20, 0x20, 0x2f, 0x2f, 0x20, 0x41, 0x57,
        0x41, 0x59, 0x20, 0x66, 0x72, 0x6f, 0x6d, 0x20, 0x74, 0x68, 0x65, 0x20, 0x63, 0x61, 0x6d, 0x65,
        0x72, 0x61, 0x20, 0x62, 0x65, 0x63, 0x61, 0x75, 0x73, 0x65, 0x20, 0x69, 0x74, 0x27, 0x73, 0x20,
        0x6c, 0x65, 0x73, 0x73, 0x20, 0x6e, 0x6f, 0x74, 0x69, 0x63, 0x65, 0x61, 0x62, 0x6c, 0x65, 0x20,
        0x28, 0x77, 0x6f, 0x6e, 0x27, 0x74, 0x20, 0x63, 0x6c, 0x69, 0x70, 0x20, 0x61, 0x67, 0x61, 0x69,
        0x6e, 0x73, 0x74, 0x20, 0x74, 0x68, 0x65, 0x20, 0x63, 0x61, 0x72, 0x20, 0x65, 0x74, 0x63, 0x29,
        0x0a, 0x20, 0x20, 0x20, 0x20, 0x6f, 0x75, 0x74, 0x70, 0x75, 0x74, 0x2e, 0x50, 0x6f, 0x73, 0x69,
        0x74, 0x69, 0x6f, 0x6e, 0x2e, 0x7a, 0x20, 0x2b, 0x3d, 0x20, 0x30, 0x2e, 0x30, 0x31, 0x20, 0x2a,
        0x20, 0x6c, 0x61, 0x79, 0x65, 0x72, 0x3b, 0x0a, 0x0a, 0x20, 0x20, 0x20, 0x20, 0x2f, 0x2f, 0x20,
        0x43, 0x6f, 0x6c, 0x6c, 0x61, 0x70, 0x73, 0x65, 0x20, 0x68, 0x69, 0x64, 0x64, 0x65, 0x6e, 0x20,
        0x6c, 0x69, 0x6e, 0x65, 0x20, 0x71, 0x75, 0x61, 0x64, 0x73, 0x20, 0x6f, 0x75, 0x74, 0x73, 0x69,
        0x64, 0x65, 0x20, 0x63, 0x6c, 0x69, 0x70, 0x20, 0x73, 0x70, 0x61, 0x63, 0x65, 0x20, 0x77, 0x69,
        0x74, 0x68, 0x6f, 0x75, 0x74, 0x20, 0x61, 0x20, 0x70, 0x69, 0x78, 0x65, 0x6c, 0x2d, 0x73, 0x68,
        0x61, 0x64, 0x65, 0x72, 0x20, 0x64, 0x69, 0x73, 0x63, 0x61, 0x72, 0x64, 0x2e, 0x0a, 0x20, 0x20,
        0x20, 0x20, 0x6f, 0x75, 0x74, 0x70, 0x75, 0x74, 0x2e, 0x50, 0x6f, 0x73, 0x69, 0x74, 0x69, 0x6f,
        0x6e, 0x20, 0x3d, 0x20, 0x6c, 0x65, 0x72, 0x70, 0x28, 0x6f, 0x75, 0x74, 0x70, 0x75, 0x74, 0x2e,
        0x50, 0x6f, 0x73, 0x69, 0x74, 0x69, 0x6f, 0x6e, 0x2c, 0x20, 0x66, 0x6c, 0x6f, 0x61, 0x74, 0x34,
        0x28, 0x32, 0x2e, 0x30, 0x2c, 0x20, 0x32, 0x2e, 0x30, 0x2c, 0x20, 0x30, 0x2e, 0x30, 0x2c, 0x20,
        0x31, 0x2e, 0x30, 0x29, 0x2c, 0x20, 0x68, 0x69, 0x64, 0x65, 0x4c, 0x69, 0x6e, 0x65, 0x29, 0x3b,
        0x0a, 0x0a, 0x20, 0x20, 0x20, 0x20, 0x69, 0x66, 0x20, 0x28, 0x44, 0x61, 0x72, 0x6b, 0x65, 0x6e,
        0x20, 0x3c, 0x20, 0x31, 0x2e, 0x30, 0x66, 0x29, 0x0a, 0x20, 0x20, 0x20, 0x20, 0x7b, 0x0a, 0x20,
        0x20, 0x20, 0x20, 0x20, 0x20, 0x20, 0x20, 0x56, 0x53, 0x5f, 0x44, 0x61, 0x72, 0x6b, 0x65, 0x6e,
        0x28, 0x63, 0x6f, 0x6c, 0x6f, 0x72, 0x2c, 0x20, 0x44, 0x61, 0x72, 0x6b, 0x65, 0x6e, 0x29, 0x3b,
        0x0a, 0x20, 0x20, 0x20, 0x20, 0x7d, 0x0a, 0x0a, 0x20, 0x20, 0x20, 0x20, 0x69, 0x66, 0x20, 0x28,
        0x67, 0x6c, 0x6f, 0x77, 0x20, 0x3d, 0x3d, 0x20, 0x74, 0x72, 0x75, 0x65, 0x29, 0x0a, 0x20, 0x20,
        0x20, 0x20, 0x7b, 0x0a, 0x20, 0x20, 0x20, 0x20, 0x20, 0x20, 0x20, 0x20, 0x63, 0x6f, 0x6c, 0x6f,
        0x72, 0x20, 0x3d, 0x20, 0x63, 0x6f, 0x6c, 0x6f, 0x72, 0x20, 0x2a, 0x20, 0x31, 0x2e, 0x36, 0x3b,
        0x0a, 0x20, 0x20, 0x20, 0x20, 0x20, 0x20, 0x20, 0x20, 0x2f, 0x2f, 0x20, 0x63, 0x6c, 0x61, 0x6d,
        0x70, 0x20, 0x74, 0x6f, 0x20, 0x31, 0x2e, 0x30, 0x0a, 0x20, 0x20, 0x20, 0x20, 0x20, 0x20, 0x20,
        0x20, 0x63, 0x6f, 0x6c, 0x6f, 0x72, 0x20, 0x3d, 0x20, 0x6d, 0x69, 0x6e, 0x28, 0x63, 0x6f, 0x6c,
        0x6f, 0x72, 0x2c, 0x20, 0x66, 0x6c, 0x6f, 0x61, 0x74, 0x33, 0x28, 0x31, 0x2e, 0x30, 0x2c, 0x20,
        0x31, 0x2e, 0x30, 0x2c, 0x20, 0x31, 0x2e, 0x30, 0x29, 0x29, 0x3b, 0x0a, 0x20, 0x20, 0x20, 0x20,
        0x7d, 0x0a, 0x0a, 0x20, 0x20, 0x20, 0x20, 0x2f, 0x2f, 0x20, 0x47, 0x65, 0x6f, 0x6d, 0x65, 0x74,
        0x72, 0x69, 0x63, 0x20, 0x64, 0x69, 0x66, 0x66, 0x75, 0x73, 0x65, 0x20, 0x69, 0x73, 0x20, 0x63,
        0x6f, 0x6d, 0x70, 0x75, 0x74, 0x65, 0x64, 0x20, 0x68, 0x65, 0x72, 0x65, 0x20, 0x28, 0x56, 0x53,
        0x2c, 0x20, 0x70, 0x65, 0x72, 0x2d, 0x66, 0x61, 0x63, 0x65, 0x29, 0x2e, 0x20, 0x53, 0x6e, 0x61,
        0x70, 0x2c, 0x20, 0x63, 0x68, 0x61, 0x72, 0x67, 0x65, 0x64, 0x2d, 0x62, 0x6c, 0x69, 0x6e, 0x6b,
        0x0a, 0x20, 0x20, 0x20, 0x20, 0x2f, 0x2f, 0x20, 0x61, 0x6e, 0x64, 0x20, 0x66, 0x6f, 0x67, 0x20,
        0x61, 0x72, 0x65, 0x20, 0x61, 0x70, 0x70, 0x6c, 0x69, 0x65, 0x64, 0x20, 0x70, 0x65, 0x72, 0x2d,
        0x70, 0x69, 0x78, 0x65, 0x6c, 0x20, 0x28, 0x73, 0x65, 0x65, 0x20, 0x4d, 0x61, 0x69, 0x6e, 0x50,
        0x53, 0x29, 0x20, 0x73, 0x6f, 0x20, 0x74, 0x68, 0x65, 0x20, 0x67, 0x65, 0x6f, 0x6d, 0x65, 0x74,
        0x72, 0x69, 0x63, 0x20, 0x64, 0x69, 0x66, 0x66, 0x75, 0x73, 0x65, 0x20, 0x61, 0x6e, 0x64, 0x0a,
        0x20, 0x20, 0x20, 0x20, 0x2f, 0x2f, 0x20, 0x74, 0x68, 0x65, 0x20, 0x73, 0x68, 0x61, 0x64, 0x6f,
        0x77, 0x20, 0x6d, 0x61, 0x70, 0x20, 0x66, 0x6f, 0x6c, 0x64, 0x20, 0x69, 0x6e, 0x74, 0x6f, 0x20,
        0x6f, 0x6e, 0x65, 0x20, 0x64, 0x61, 0x72, 0x6b, 0x65, 0x6e, 0x69, 0x6e, 0x67, 0x20, 0x70, 0x61,
        0x73, 0x73, 0x2e, 0x0a, 0x20, 0x20, 0x20, 0x20, 0x6f, 0x75, 0x74, 0x70, 0x75, 0x74, 0x2e, 0x4e,
        0x6f, 0x72, 0x6d, 0x61, 0x6c, 0x57, 0x6f, 0x72, 0x6c, 0x64, 0x20, 0x3d, 0x20, 0x6e, 0x6f, 0x72,
        0x6d, 0x61, 0x6c, 0x69, 0x7a, 0x65, 0x28, 0x6d, 0x75, 0x6c, 0x28, 0x66, 0x6c, 0x6f, 0x61, 0x74,
        0x34, 0x28, 0x69, 0x6e, 0x70, 0x75, 0x74, 0x2e, 0x4e, 0x6f, 0x72, 0x6d, 0x61, 0x6c, 0x2c, 0x20,
        0x30, 0x29, 0x2c, 0x20, 0x77, 0x6f, 0x72, 0x6c, 0x64, 0x29, 0x2e, 0x78, 0x79, 0x7a, 0x29, 0x3b,
        0x0a, 0x20, 0x20, 0x20, 0x20, 0x6f, 0x75, 0x74, 0x70, 0x75, 0x74, 0x2e, 0x4c, 0x69, 0x74, 0x20,
        0x3d, 0x20, 0x28, 0x49, 0x73, 0x46, 0x75, 0x6c, 0x6c, 0x62, 0x72, 0x69, 0x67, 0x68, 0x74, 0x20,
        0x3d, 0x3d, 0x20, 0x66, 0x61, 0x6c, 0x73, 0x65, 0x20, 0x26, 0x26, 0x20, 0x69, 0x73, 0x46, 0x75,
        0x6c, 0x6c, 0x62, 0x72, 0x69, 0x67, 0x68, 0x74, 0x20, 0x3d, 0x3d, 0x20, 0x66, 0x61, 0x6c, 0x73,
        0x65, 0x20, 0x26, 0x26, 0x20, 0x67, 0x6c, 0x6f, 0x77, 0x20, 0x3d, 0x3d, 0x20, 0x66, 0x61, 0x6c,
        0x73, 0x65, 0x29, 0x20, 0x3f, 0x20, 0x31, 0x2e, 0x30, 0x66, 0x20, 0x3a, 0x20, 0x30, 0x2e, 0x30,
        0x66, 0x3b, 0x0a, 0x20, 0x20, 0x20, 0x20, 0x6f, 0x75, 0x74, 0x70, 0x75, 0x74, 0x2e, 0x44, 0x69,
        0x66, 0x66, 0x75, 0x73, 0x65, 0x20, 0x3d, 0x20, 0x43, 0x6f, 0x6d, 0x70, 0x75, 0x74, 0x65, 0x50,
        0x6f, 0x6c, 0x79, 0x67, 0x6f, 0x6e, 0x44, 0x69, 0x66, 0x66, 0x75, 0x73, 0x65, 0x28, 0x77, 0x6f,
        0x72, 0x6c, 0x64, 0x43, 0x65, 0x6e, 0x74, 0x72, 0x6f, 0x69, 0x64, 0x2c, 0x20, 0x6f, 0x75, 0x74,
        0x70, 0x75, 0x74, 0x2e, 0x4e, 0x6f, 0x72, 0x6d, 0x61, 0x6c, 0x57, 0x6f, 0x72, 0x6c, 0x64, 0x2c,
        0x20, 0x4c, 0x69, 0x67, 0x68, 0x74, 0x44, 0x69, 0x72, 0x65, 0x63, 0x74, 0x69, 0x6f, 0x6e, 0x2c,
        0x20, 0x43, 0x61, 0x6d, 0x65, 0x72, 0x61, 0x50, 0x6f, 0x73, 0x69, 0x74, 0x69, 0x6f, 0x6e, 0x29,
        0x3b, 0x0a, 0x0a, 0x20, 0x20, 0x20, 0x20, 0x2f, 0x2f, 0x20, 0x53, 0x68, 0x69, 0x70, 0x20, 0x74,
        0x68, 0x65, 0x20, 0x55, 0x4e, 0x4c, 0x49, 0x54, 0x20, 0x63, 0x6f, 0x6c, 0x6f, 0x72, 0x3b, 0x20,
        0x64, 0x69, 0x66, 0x66, 0x75, 0x73, 0x65, 0x20, 0x61, 0x70, 0x70, 0x6c, 0x69, 0x63, 0x61, 0x74,
        0x69, 0x6f, 0x6e, 0x20, 0x2b, 0x20, 0x73, 0x6e, 0x61, 0x70, 0x20, 0x2b, 0x20, 0x66, 0x6f, 0x67,
        0x20, 0x68, 0x61, 0x70, 0x70, 0x65, 0x6e, 0x20, 0x69, 0x6e, 0x20, 0x50, 0x53, 0x2e, 0x0a, 0x20,
        0x20, 0x20, 0x20, 0x6f, 0x75, 0x74, 0x70, 0x75, 0x74, 0x2e, 0x43, 0x6f, 0x6c, 0x6f, 0x72, 0x20,
        0x3d, 0x20, 0x66, 0x6c, 0x6f, 0x61, 0x74, 0x34, 0x28, 0x63, 0x6f, 0x6c, 0x6f, 0x72, 0x2c, 0x20,
        0x6d, 0x69, 0x6e, 0x28, 0x61, 0x6c, 0x70, 0x68, 0x61, 0x4f, 0x76, 0x65, 0x72, 0x72, 0x69, 0x64,
        0x65, 0x2c, 0x20, 0x41, 0x6c, 0x70, 0x68, 0x61, 0x29, 0x29, 0x3b, 0x0a, 0x0a, 0x09, 0x72, 0x65,
        0x74, 0x75, 0x72, 0x6e, 0x20, 0x6f, 0x75, 0x74, 0x70, 0x75, 0x74, 0x3b, 0x0a, 0x7d, 0x0a, 0x0a,
        0x66, 0x6c, 0x6f, 0x61, 0x74, 0x34, 0x20, 0x4d, 0x61, 0x69, 0x6e, 0x50, 0x53, 0x28, 0x56, 0x65,
        0x72, 0x74, 0x65, 0x78, 0x53, 0x68, 0x61, 0x64, 0x65, 0x72, 0x4f, 0x75, 0x74, 0x70, 0x75, 0x74,
        0x20, 0x69, 0x6e, 0x70, 0x75, 0x74, 0x29, 0x20, 0x3a, 0x20, 0x53, 0x56, 0x5f, 0x54, 0x41, 0x52,
        0x47, 0x45, 0x54, 0x0a, 0x7b, 0x0a, 0x20, 0x20, 0x20, 0x20, 0x66, 0x6c, 0x6f, 0x61, 0x74, 0x33,
        0x20, 0x63, 0x6f, 0x6c, 0x6f, 0x72, 0x20, 0x3d, 0x20, 0x69, 0x6e, 0x70, 0x75, 0x74, 0x2e, 0x43,
        0x6f, 0x6c, 0x6f, 0x72, 0x2e, 0x72, 0x67, 0x62, 0x3b, 0x0a, 0x20, 0x20, 0x20, 0x20, 0x66, 0x6c,
        0x6f, 0x61, 0x74, 0x20, 0x20, 0x61, 0x6c, 0x70, 0x68, 0x61, 0x20, 0x3d, 0x20, 0x69, 0x6e, 0x70,
        0x75, 0x74, 0x2e, 0x43, 0x6f, 0x6c, 0x6f, 0x72, 0x2e, 0x61, 0x3b, 0x0a, 0x0a, 0x20, 0x20, 0x20,
        0x20, 0x69, 0x66, 0x20, 0x28, 0x69, 0x6e, 0x70, 0x75, 0x74, 0x2e, 0x4c, 0x69, 0x74, 0x20, 0x3e,
        0x20, 0x30, 0x2e, 0x30, 0x29, 0x0a, 0x20, 0x20, 0x20, 0x20, 0x7b, 0x0a, 0x20, 0x20, 0x20, 0x20,
        0x20, 0x20, 0x20, 0x20, 0x2f, 0x2f, 0x20, 0x50, 0x72, 0x65, 0x2d, 0x63, 0x6f, 0x6d, 0x70, 0x75,
        0x74, 0x65, 0x64, 0x20, 0x69, 0x6e, 0x20, 0x76, 0x65, 0x72, 0x74, 0x65, 0x78, 0x20, 0x73, 0x68,
        0x61, 0x64, 0x65, 0x72, 0x20, 0x28, 0x70, 0x65, 0x72, 0x2d, 0x66, 0x61, 0x63, 0x65, 0x20, 0x76,
        0x61, 0x6c, 0x75, 0x65, 0x2c, 0x20, 0x73, 0x61, 0x6d, 0x65, 0x20, 0x66, 0x6f, 0x72, 0x20, 0x61,
        0x6c, 0x6c, 0x20, 0x70, 0x69, 0x78, 0x65, 0x6c, 0x73, 0x29, 0x2e, 0x0a, 0x20, 0x20, 0x20, 0x20,
        0x20, 0x20, 0x20, 0x20, 0x66, 0x6c, 0x6f, 0x61, 0x74, 0x20, 0x64, 0x69, 0x66, 0x66, 0x20, 0x3d,
        0x20, 0x69, 0x6e, 0x70, 0x75, 0x74, 0x2e, 0x44, 0x69, 0x66, 0x66, 0x75, 0x73, 0x65, 0x3b, 0x0a,
        0x0a, 0x20, 0x20, 0x20, 0x20, 0x20, 0x20, 0x20, 0x20, 0x2f, 0x2f, 0x20, 0x53, 0x68, 0x61, 0x64,
        0x6f, 0x77, 0x20, 0x6d, 0x61, 0x70, 0x3a, 0x20, 0x69, 0x66, 0x20, 0x6f, 0x63, 0x63, 0x6c, 0x75,
        0x64, 0x65, 0x64, 0x2c, 0x20, 0x66, 0x6f, 0x72, 0x63, 0x65, 0x20, 0x74, 0x68, 0x65, 0x20, 0x53,
        0x41, 0x4d, 0x45, 0x20, 0x66, 0x61, 0x63, 0x74, 0x6f, 0x72, 0x20, 0x74, 0x6f, 0x20, 0x69, 0x74,
        0x73, 0x20, 0x6d, 0x69, 0x6e, 0x69, 0x6d, 0x75, 0x6d, 0x2e, 0x0a, 0x20, 0x20, 0x20, 0x20, 0x20,
        0x20, 0x20, 0x20, 0x2f, 0x2f, 0x20, 0x54, 0x68, 0x69, 0x73, 0x20, 0x69, 0x73, 0x20, 0x77, 0x68,
        0x61, 0x74, 0x20, 0x73, 0x74, 0x6f, 0x70, 0x73, 0x20, 0x70, 0x69, 0x78, 0x65, 0x6c, 0x73, 0x20,
        0x62, 0x65, 0x69, 0x6e, 0x67, 0x20, 0x73, 0x68, 0x61, 0x64, 0x6f, 0x77, 0x65, 0x64, 0x20, 0x74,
        0x77, 0x69, 0x63, 0x65, 0x2e, 0x0a, 0x20, 0x20, 0x20, 0x20, 0x20, 0x20, 0x20, 0x20, 0x69, 0x66,
        0x20, 0x28, 0x69, 0x6e, 0x70, 0x75, 0x74, 0x2e, 0x47, 0x65, 0x74, 0x73, 0x53, 0x68, 0x61, 0x64,
        0x6f, 0x77, 0x65, 0x64, 0x20, 0x3e, 0x20, 0x30, 0x2e, 0x30, 0x20, 0x26, 0x26, 0x20, 0x50, 0x53,
        0x5f, 0x49, 0x73, 0x53, 0x68, 0x61, 0x64, 0x6f, 0x77, 0x65, 0x64, 0x28, 0x69, 0x6e, 0x70, 0x75,
        0x74, 0x2e, 0x57, 0x6f, 0x72, 0x6c, 0x64, 0x50, 0x6f, 0x73, 0x2c, 0x20, 0x69, 0x6e, 0x70, 0x75,
        0x74, 0x2e, 0x4e, 0x6f, 0x72, 0x6d, 0x61, 0x6c, 0x57, 0x6f, 0x72, 0x6c, 0x64, 0x29, 0x29, 0x0a,
        0x20, 0x20, 0x20, 0x20, 0x20, 0x20, 0x20, 0x20, 0x7b, 0x0a, 0x20, 0x20, 0x20, 0x20, 0x20, 0x20,
        0x20, 0x20, 0x20, 0x20, 0x20, 0x20, 0x64, 0x69, 0x66, 0x66, 0x20, 0x3d, 0x20, 0x30, 0x2e, 0x30,
        0x3b, 0x0a, 0x20, 0x20, 0x20, 0x20, 0x20, 0x20, 0x20, 0x20, 0x7d, 0x0a, 0x0a, 0x20, 0x20, 0x20,
        0x20, 0x20, 0x20, 0x20, 0x20, 0x2f, 0x2f, 0x20, 0x41, 0x70, 0x70, 0x6c, 0x79, 0x20, 0x74, 0x68,
        0x65, 0x20, 0x63, 0x6f, 0x6d, 0x62, 0x69, 0x6e, 0x65, 0x64, 0x20, 0x64, 0x69, 0x66, 0x66, 0x75,
        0x73, 0x65, 0x20, 0x65, 0x78, 0x61, 0x63, 0x74, 0x6c, 0x79, 0x20, 0x6f, 0x6e, 0x63, 0x65, 0x2c,
        0x20, 0x74, 0x68, 0x65, 0x6e, 0x20, 0x73, 0x6e, 0x61, 0x70, 0x2e, 0x0a, 0x20, 0x20, 0x20, 0x20,
        0x20, 0x20, 0x20, 0x20, 0x41, 0x70, 0x70, 0x6c, 0x79, 0x44, 0x69, 0x66, 0x66, 0x75, 0x73, 0x65,
        0x46, 0x61, 0x63, 0x74, 0x6f, 0x72, 0x28, 0x63, 0x6f, 0x6c, 0x6f, 0x72, 0x2c, 0x20, 0x64, 0x69,
        0x66, 0x66, 0x2c, 0x20, 0x45, 0x6e, 0x76, 0x69, 0x72, 0x6f, 0x6e, 0x6d, 0x65, 0x6e, 0x74, 0x4c,
        0x69, 0x67, 0x68, 0x74, 0x29, 0x3b, 0x0a, 0x20, 0x20, 0x20, 0x20, 0x20, 0x20, 0x20, 0x20, 0x56,
        0x53, 0x5f, 0x53, 0x6e, 0x61, 0x70, 0x28, 0x63, 0x6f, 0x6c, 0x6f, 0x72, 0x2c, 0x20, 0x53, 0x6e,
        0x61, 0x70, 0x43, 0x6f, 0x6c, 0x6f, 0x72, 0x29, 0x3b, 0x0a, 0x20, 0x20, 0x20, 0x20, 0x7d, 0x0a,
        0x0a, 0x20, 0x20, 0x20, 0x20, 0x2f, 0x2f, 0x20, 0x43, 0x68, 0x61, 0x72, 0x67, 0x65, 0x64, 0x20,
        0x6c, 0x69, 0x6e, 0x65, 0x20, 0x62, 0x6c, 0x69, 0x6e, 0x6b, 0x20, 0x6f, 0x76, 0x65, 0x72, 0x72,
        0x69, 0x64, 0x65, 0x73, 0x20, 0x74, 0x68, 0x65, 0x20, 0x63, 0x6f, 0x6c, 0x6f, 0x72, 0x20, 0x28,
        0x6d, 0x61, 0x74, 0x63, 0x68, 0x65, 0x73, 0x20, 0x6f, 0x72, 0x69, 0x67, 0x69, 0x6e, 0x61, 0x6c,
        0x20, 0x6f, 0x72, 0x64, 0x65, 0x72, 0x69, 0x6e, 0x67, 0x29, 0x2e, 0x0a, 0x20, 0x20, 0x20, 0x20,
        0x69, 0x66, 0x20, 0x28, 0x43, 0x68, 0x61, 0x72, 0x67, 0x65, 0x64, 0x42, 0x6c, 0x69, 0x6e, 0x6b,
        0x41, 0x6d, 0x6f, 0x75, 0x6e, 0x74, 0x20, 0x3e, 0x20, 0x30, 0x2e, 0x30, 0x66, 0x29, 0x0a, 0x20,
        0x20, 0x20, 0x20, 0x7b, 0x0a, 0x20, 0x20, 0x20, 0x20, 0x20, 0x20, 0x20, 0x20, 0x63, 0x6f, 0x6c,
        0x6f, 0x72, 0x2e, 0x72, 0x20, 0x3d, 0x20, 0x28, 0x32, 0x35, 0x2e, 0x35, 0x20, 0x2a, 0x20, 0x43,
        0x68, 0x61, 0x72, 0x67, 0x65, 0x64, 0x42, 0x6c, 0x69, 0x6e, 0x6b, 0x41, 0x6d, 0x6f, 0x75, 0x6e,
        0x74, 0x29, 0x20, 0x2f, 0x20, 0x32, 0x35, 0x35, 0x2e, 0x30, 0x3b, 0x0a, 0x20, 0x20, 0x20, 0x20,
        0x20, 0x20, 0x20, 0x20, 0x63, 0x6f, 0x6c, 0x6f, 0x72, 0x2e, 0x67, 0x20, 0x3d, 0x20, 0x28, 0x31,
        0x32, 0x38, 0x2e, 0x30, 0x20, 0x2b, 0x20, 0x31, 0x32, 0x2e, 0x38, 0x20, 0x2a, 0x20, 0x43, 0x68,
        0x61, 0x72, 0x67, 0x65, 0x64, 0x42, 0x6c, 0x69, 0x6e, 0x6b, 0x41, 0x6d, 0x6f, 0x75, 0x6e, 0x74,
        0x29, 0x20, 0x2f, 0x20, 0x32, 0x35, 0x35, 0x2e, 0x30, 0x3b, 0x0a, 0x20, 0x20, 0x20, 0x20, 0x20,
        0x20, 0x20, 0x20, 0x63, 0x6f, 0x6c, 0x6f, 0x72, 0x2e, 0x62, 0x20, 0x3d, 0x20, 0x31, 0x2e, 0x30,
        0x3b, 0x0a, 0x20, 0x20, 0x20, 0x20, 0x7d, 0x0a, 0x0a, 0x20, 0x20, 0x20, 0x20, 0x2f, 0x2f, 0x20,
        0x46, 0x6f, 0x67, 0x20, 0x77, 0x61, 0x73, 0x20, 0x61, 0x70, 0x70, 0x6c, 0x69, 0x65, 0x64, 0x20,
        0x6c, 0x61, 0x73, 0x74, 0x20, 0x69, 0x6e, 0x20, 0x74, 0x68, 0x65, 0x20, 0x6f, 0x72, 0x69, 0x67,
        0x69, 0x6e, 0x61, 0x6c, 0x20, 0x76, 0x65, 0x72, 0x74, 0x65, 0x78, 0x20, 0x73, 0x68, 0x61, 0x64,
        0x65, 0x72, 0x20, 0x28, 0x61, 0x6c, 0x77, 0x61, 0x79, 0x73, 0x29, 0x2e, 0x20, 0x54, 0x68, 0x65,
        0x20, 0x76, 0x69, 0x65, 0x77, 0x2d, 0x73, 0x70, 0x61, 0x63, 0x65, 0x20, 0x70, 0x6f, 0x73, 0x69,
        0x74, 0x69, 0x6f, 0x6e, 0x20, 0x69, 0x73, 0x0a, 0x20, 0x20, 0x20, 0x20, 0x2f, 0x2f, 0x20, 0x69,
        0x6e, 0x74, 0x65, 0x72, 0x70, 0x6f, 0x6c, 0x61, 0x74, 0x65, 0x64, 0x20, 0x66, 0x72, 0x6f, 0x6d,
        0x20, 0x74, 0x68, 0x65, 0x20, 0x76, 0x65, 0x72, 0x74, 0x65, 0x78, 0x20, 0x73, 0x68, 0x61, 0x64,
        0x65, 0x72, 0x2c, 0x20, 0x73, 0x6f, 0x20, 0x74, 0x68, 0x65, 0x72, 0x65, 0x20, 0x69, 0x73, 0x20,
        0x6e, 0x6f, 0x20, 0x56, 0x69, 0x65, 0x77, 0x20, 0x6d, 0x75, 0x6c, 0x74, 0x69, 0x70, 0x6c, 0x79,
        0x20, 0x74, 0x6f, 0x20, 0x64, 0x6f, 0x20, 0x70, 0x65, 0x72, 0x20, 0x70, 0x69, 0x78, 0x65, 0x6c,
        0x2e, 0x0a, 0x20, 0x20, 0x20, 0x20, 0x56, 0x53, 0x5f, 0x41, 0x70, 0x70, 0x6c, 0x79, 0x46, 0x6f,
        0x67, 0x28, 0x63, 0x6f, 0x6c, 0x6f, 0x72, 0x2c, 0x20, 0x69, 0x6e, 0x70, 0x75, 0x74, 0x2e, 0x56,
        0x69, 0x65, 0x77, 0x4c, 0x65, 0x6e, 0x67, 0x74, 0x68, 0x2c, 0x20, 0x46, 0x6f, 0x67, 0x43, 0x6f,
        0x6c, 0x6f, 0x72, 0x2c, 0x20, 0x46, 0x6f, 0x67, 0x44, 0x69, 0x73, 0x74, 0x61, 0x6e, 0x63, 0x65,
        0x2c, 0x20, 0x46, 0x6f, 0x67, 0x4c, 0x6f, 0x67, 0x44, 0x65, 0x6e, 0x73, 0x69, 0x74, 0x79, 0x29,
        0x3b, 0x0a, 0x20, 0x20, 0x20, 0x20, 0x56, 0x53, 0x5f, 0x43, 0x6f, 0x6c, 0x6f, 0x72, 0x43, 0x6f,
        0x72, 0x72, 0x65, 0x63, 0x74, 0x28, 0x63, 0x6f, 0x6c, 0x6f, 0x72, 0x29, 0x3b, 0x0a, 0x0a, 0x09,
        0x72, 0x65, 0x74, 0x75, 0x72, 0x6e, 0x20, 0x66, 0x6c, 0x6f, 0x61, 0x74, 0x34, 0x28, 0x63, 0x6f,
        0x6c, 0x6f, 0x72, 0x2c, 0x20, 0x61, 0x6c, 0x70, 0x68, 0x61, 0x29, 0x3b, 0x0a, 0x7d, 0x0a, 0x0a,
        0x00, 0x00, 0x00, 0x00, 0x03, 0x00, 0xfa, 0x08, 0x05, 0x00, 0x00, 0x00, 0xf4, 0x01, 0x00, 0x00,
        0x02, 0x00, 0x00, 0x00, 0x76, 0x6f, 0x69, 0x64, 0x20, 0x56, 0x53, 0x5f, 0x55, 0x6e, 0x70, 0x61,
        0x63, 0x6b, 0x50, 0x61, 0x72, 0x61, 0x6d, 0x65, 0x74, 0x65, 0x72, 0x73, 0x28, 0x69, 0x6e, 0x20,
        0x66, 0x6c, 0x6f, 0x61, 0x74, 0x34, 0x20, 0x70, 0x61, 0x72, 0x61, 0x6d, 0x65, 0x74, 0x65, 0x72,
        0x73, 0x2c, 0x20, 0x6f, 0x75, 0x74, 0x20, 0x62, 0x6f, 0x6f, 0x6c, 0x20, 0x67, 0x65, 0x74, 0x73,
        0x53, 0x68, 0x61, 0x64, 0x6f, 0x77, 0x65, 0x64, 0x2c, 0x20, 0x6f, 0x75, 0x74, 0x20, 0x66, 0x6c,
        0x6f, 0x61, 0x74, 0x20, 0x61, 0x6c, 0x70, 0x68, 0x61, 0x4f, 0x76, 0x65, 0x72, 0x72, 0x69, 0x64,
        0x65, 0x2c, 0x20, 0x6f, 0x75, 0x74, 0x20, 0x62, 0x6f, 0x6f, 0x6c, 0x20, 0x69, 0x73, 0x46, 0x75,
        0x6c, 0x6c, 0x62, 0x72, 0x69, 0x67, 0x68, 0x74, 0x2c, 0x20, 0x6f, 0x75, 0x74, 0x20, 0x62, 0x6f,
        0x6f, 0x6c, 0x20, 0x67, 0x6c, 0x6f, 0x77, 0x29, 0x0a, 0x7b, 0x0a, 0x20, 0x20, 0x20, 0x20, 0x67,
        0x65, 0x74, 0x73, 0x53, 0x68, 0x61, 0x64, 0x6f, 0x77, 0x65, 0x64, 0x20, 0x3d, 0x20, 0x70, 0x61,
        0x72, 0x61, 0x6d, 0x65, 0x74, 0x65, 0x72, 0x73, 0x2e, 0x78, 0x20, 0x3e, 0x20, 0x30, 0x2e, 0x30,
        0x66, 0x3b, 0x0a, 0x20, 0x20, 0x20, 0x20, 0x61, 0x6c, 0x70, 0x68, 0x61, 0x4f, 0x76, 0x65, 0x72,
        0x72, 0x69, 0x64, 0x65, 0x20, 0x3d, 0x20, 0x70, 0x61, 0x72, 0x61, 0x6d, 0x65, 0x74, 0x65, 0x72,
        0x73, 0x2e, 0x79, 0x3b, 0x0a, 0x20, 0x20, 0x20, 0x20, 0x69, 0x73, 0x46, 0x75, 0x6c, 0x6c, 0x62,
        0x72, 0x69, 0x67, 0x68, 0x74, 0x20, 0x3d, 0x20, 0x70, 0x61, 0x72, 0x61, 0x6d, 0x65, 0x74, 0x65,
        0x72, 0x73, 0x2e, 0x7a, 0x20, 0x3e, 0x20, 0x30, 0x2e, 0x30, 0x66, 0x3b, 0x0a, 0x20, 0x20, 0x20,
        0x20, 0x67, 0x6c, 0x6f, 0x77, 0x20, 0x3d, 0x20, 0x70, 0x61, 0x72, 0x61, 0x6d, 0x65, 0x74, 0x65,
        0x72, 0x73, 0x2e, 0x77, 0x20, 0x3e, 0x20, 0x30, 0x2e, 0x30, 0x66, 0x3b, 0x0a, 0x7d, 0x0a, 0x0a,
        0x76, 0x6f, 0x69, 0x64, 0x20, 0x56, 0x53, 0x5f, 0x55, 0x6e, 0x70, 0x61, 0x63, 0x6b, 0x50, 0x61,
        0x72, 0x61, 0x6d, 0x65, 0x74, 0x65, 0x72, 0x73, 0x32, 0x28, 0x69, 0x6e, 0x20, 0x66, 0x6c, 0x6f,
        0x61, 0x74, 0x34, 0x20, 0x70, 0x61, 0x72, 0x61, 0x6d, 0x65, 0x74, 0x65, 0x72, 0x73, 0x2c, 0x20,
        0x6f, 0x75, 0x74, 0x20, 0x66, 0x6c, 0x6f, 0x61, 0x74, 0x20, 0x6c, 0x61, 0x79, 0x65, 0x72, 0x29,
        0x0a, 0x7b, 0x0a, 0x20, 0x20, 0x20, 0x20, 0x6c, 0x61, 0x79, 0x65, 0x72, 0x20, 0x3d, 0x20, 0x70,
        0x61, 0x72, 0x61, 0x6d, 0x65, 0x74, 0x65, 0x72, 0x73, 0x2e, 0x78, 0x3b, 0x0a, 0x7d, 0x0a, 0x0a,
        0x2f, 0x2f, 0x20, 0x41, 0x6c, 0x6c, 0x20, 0x63, 0x6f, 0x6d, 0x70, 0x6f, 0x6e, 0x65, 0x6e, 0x74,
        0x73, 0x20, 0x61, 0x72, 0x65, 0x20, 0x69, 0x6e, 0x20, 0x74, 0x68, 0x65, 0x20, 0x72, 0x61, 0x6e,
        0x67, 0x65, 0x20, 0x5b, 0x30, 0xe2, 0x80, 0xa6, 0x31, 0x5d, 0x2c, 0x20, 0x69, 0x6e, 0x63, 0x6c,
        0x75, 0x64, 0x69, 0x6e, 0x67, 0x20, 0x68, 0x75, 0x65, 0x2e, 0x0a, 0x66, 0x6c, 0x6f, 0x61, 0x74,
        0x33, 0x20, 0x72, 0x67, 0x62, 0x32, 0x68, 0x73, 0x76, 0x28, 0x66, 0x6c, 0x6f, 0x61, 0x74, 0x33,
        0x20, 0x63, 0x29, 0x0a, 0x7b, 0x0a, 0x20, 0x20, 0x20, 0x20, 0x66, 0x6c, 0x6f, 0x61, 0x74, 0x34,
        0x20, 0x4b, 0x20, 0x3d, 0x20, 0x66, 0x6c, 0x6f, 0x61, 0x74, 0x34, 0x28, 0x30, 0x2e, 0x30, 0x2c,
        0x20, 0x2d, 0x31, 0x2e, 0x30, 0x20, 0x2f, 0x20, 0x33, 0x2e, 0x30, 0x2c, 0x20, 0x32, 0x2e, 0x30,
        0x20, 0x2f, 0x20, 0x33, 0x2e, 0x30, 0x2c, 0x20, 0x2d, 0x31, 0x2e, 0x30, 0x29, 0x3b, 0x0a, 0x20,
        0x20, 0x20, 0x20, 0x66, 0x6c, 0x6f, 0x61, 0x74, 0x34, 0x20, 0x70, 0x20, 0x3d, 0x20, 0x6c, 0x65,
        0x72, 0x70, 0x28, 0x66, 0x6c, 0x6f, 0x61, 0x74, 0x34, 0x28, 0x63, 0x2e, 0x62, 0x67, 0x2c, 0x20,
        0x4b, 0x2e, 0x77, 0x7a, 0x29, 0x2c, 0x20, 0x66, 0x6c, 0x6f, 0x61, 0x74, 0x34, 0x28, 0x63, 0x2e,
        0x67, 0x62, 0x2c, 0x20, 0x4b, 0x2e, 0x78, 0x79, 0x29, 0x2c, 0x20, 0x73, 0x74, 0x65, 0x70, 0x28,
        0x63, 0x2e, 0x62, 0x2c, 0x20, 0x63, 0x2e, 0x67, 0x29, 0x29, 0x3b, 0x0a, 0x20, 0x20, 0x20, 0x20,
        0x66, 0x6c, 0x6f, 0x61, 0x74, 0x34, 0x20, 0x71, 0x20, 0x3d, 0x20, 0x6c, 0x65, 0x72, 0x70, 0x28,
        0x66, 0x6c, 0x6f, 0x61, 0x74, 0x34, 0x28, 0x70, 0x2e, 0x78, 0x79, 0x77, 0x2c, 0x20, 0x63, 0x2e,
        0x72, 0x29, 0x2c, 0x20, 0x66, 0x6c, 0x6f, 0x61, 0x74, 0x34, 0x28, 0x63, 0x2e, 0x72, 0x2c, 0x20,
        0x70, 0x2e, 0x79, 0x7a, 0x78, 0x29, 0x2c, 0x20, 0x73, 0x74, 0x65, 0x70, 0x28, 0x70, 0x2e, 0x78,
        0x2c, 0x20, 0x63, 0x2e, 0x72, 0x29, 0x29, 0x3b, 0x0a, 0x0a, 0x20, 0x20, 0x20, 0x20, 0x66, 0x6c,
        0x6f, 0x61, 0x74, 0x20, 0x64, 0x20, 0x3d, 0x20, 0x71, 0x2e, 0x78, 0x20, 0x2d, 0x20, 0x6d, 0x69,
        0x6e, 0x28, 0x71, 0x2e, 0x77, 0x2c, 0x20, 0x71, 0x2e, 0x79, 0x29, 0x3b, 0x0a, 0x20, 0x20, 0x20,
        0x20, 0x66, 0x6c, 0x6f, 0x61, 0x74, 0x20, 0x65, 0x20, 0x3d, 0x20, 0x31, 0x2e, 0x30, 0x65, 0x2d,
        0x31, 0x30, 0x3b, 0x0a, 0x20, 0x20, 0x20, 0x20, 0x72, 0x65, 0x74, 0x75, 0x72, 0x6e, 0x20, 0x66,
        0x6c, 0x6f, 0x61, 0x74, 0x33, 0x28, 0x61, 0x62, 0x73, 0x28, 0x71, 0x2e, 0x7a, 0x20, 0x2b, 0x20,
        0x28, 0x71, 0x2e, 0x77, 0x20, 0x2d, 0x20, 0x71, 0x2e, 0x79, 0x29, 0x20, 0x2f, 0x20, 0x28, 0x36,
        0x2e, 0x30, 0x20, 0x2a, 0x20, 0x64, 0x20, 0x2b, 0x20, 0x65, 0x29, 0x29, 0x2c, 0x20, 0x64, 0x20,
        0x2f, 0x20, 0x28, 0x71, 0x2e, 0x78, 0x20, 0x2b, 0x20, 0x65, 0x29, 0x2c, 0x20, 0x71, 0x2e, 0x78,
        0x29, 0x3b, 0x0a, 0x7d, 0x0a, 0x0a, 0x2f, 0x2f, 0x20, 0x41, 0x6c, 0x6c, 0x20, 0x63, 0x6f, 0x6d,
        0x70, 0x6f, 0x6e, 0x65, 0x6e, 0x74, 0x73, 0x20, 0x61, 0x72, 0x65, 0x20, 0x69, 0x6e, 0x20, 0x74,
        0x68, 0x65, 0x20, 0x72, 0x61, 0x6e, 0x67, 0x65, 0x20, 0x5b, 0x30, 0xe2, 0x80, 0xa6, 0x31, 0x5d,
        0x2c, 0x20, 0x69, 0x6e, 0x63, 0x6c, 0x75, 0x64, 0x69, 0x6e, 0x67, 0x20, 0x68, 0x75, 0x65, 0x2e,
        0x0a, 0x66, 0x6c, 0x6f, 0x61, 0x74, 0x33, 0x20, 0x68, 0x73, 0x76, 0x32, 0x72, 0x67, 0x62, 0x28,
        0x66, 0x6c, 0x6f, 0x61, 0x74, 0x33, 0x20, 0x63, 0x29, 0x0a, 0x7b, 0x0a, 0x20, 0x20, 0x20, 0x20,
        0x66, 0x6c, 0x6f, 0x61, 0x74, 0x34, 0x20, 0x4b, 0x20, 0x3d, 0x20, 0x66, 0x6c, 0x6f, 0x61, 0x74,
        0x34, 0x28, 0x31, 0x2e, 0x30, 0x2c, 0x20, 0x32, 0x2e, 0x30, 0x20, 0x2f, 0x20, 0x33, 0x2e, 0x30,
        0x2c, 0x20, 0x31, 0x2e, 0x30, 0x20, 0x2f, 0x20, 0x33, 0x2e, 0x30, 0x2c, 0x20, 0x33, 0x2e, 0x30,
        0x29, 0x3b, 0x0a, 0x20, 0x20, 0x20, 0x20, 0x66, 0x6c, 0x6f, 0x61, 0x74, 0x33, 0x20, 0x70, 0x20,
        0x3d, 0x20, 0x61, 0x62, 0x73, 0x28, 0x66, 0x72, 0x61, 0x63, 0x28, 0x63, 0x2e, 0x78, 0x78, 0x78,
        0x20, 0x2b, 0x20, 0x4b, 0x2e, 0x78, 0x79, 0x7a, 0x29, 0x20, 0x2a, 0x20, 0x36, 0x2e, 0x30, 0x20,
        0x2d, 0x20, 0x4b, 0x2e, 0x77, 0x77, 0x77, 0x29, 0x3b, 0x0a, 0x20, 0x20, 0x20, 0x20, 0x72, 0x65,
        0x74, 0x75, 0x72, 0x6e, 0x20, 0x63, 0x2e, 0x7a, 0x20, 0x2a, 0x20, 0x6c, 0x65, 0x72, 0x70, 0x28,
        0x4b, 0x2e, 0x78, 0x78, 0x78, 0x2c, 0x20, 0x63, 0x6c, 0x61, 0x6d, 0x70, 0x28, 0x70, 0x20, 0x2d,
        0x20, 0x4b, 0x2e, 0x78, 0x78, 0x78, 0x2c, 0x20, 0x30, 0x2e, 0x30, 0x2c, 0x20, 0x31, 0x2e, 0x30,
        0x29, 0x2c, 0x20, 0x63, 0x2e, 0x79, 0x29, 0x3b, 0x0a, 0x7d, 0x0a, 0x0a, 0x76, 0x6f, 0x69, 0x64,
        0x20, 0x56, 0x53, 0x5f, 0x43, 0x6f, 0x6c, 0x6f, 0x72, 0x43, 0x6f, 0x72, 0x72, 0x65, 0x63, 0x74,
        0x28, 0x69, 0x6e, 0x6f, 0x75, 0x74, 0x20, 0x66, 0x6c, 0x6f, 0x61, 0x74, 0x33, 0x20, 0x63, 0x6f,
        0x6c, 0x6f, 0x72, 0x29, 0x0a, 0x7b, 0x0a, 0x20, 0x20, 0x20, 0x20, 0x2f, 0x2f, 0x20, 0x66, 0x6c,
        0x6f, 0x61, 0x74, 0x33, 0x20, 0x68, 0x73, 0x76, 0x20, 0x3d, 0x20, 0x72, 0x67, 0x62, 0x32, 0x68,
        0x73, 0x76, 0x28, 0x63, 0x6f, 0x6c, 0x6f, 0x72, 0x29, 0x3b, 0x0a, 0x20, 0x20, 0x20, 0x20, 0x2f,
        0x2f, 0x20, 0x68, 0x73, 0x76, 0x2e, 0x7a, 0x20, 0x2a, 0x3d, 0x20, 0x30, 0x2e, 0x39, 0x3b, 0x0a,
        0x20, 0x20, 0x20, 0x20, 0x2f, 0x2f, 0x20, 0x63, 0x6f, 0x6c, 0x6f, 0x72, 0x20, 0x3d, 0x20, 0x68,
        0x73, 0x76, 0x32, 0x72, 0x67, 0x62, 0x28, 0x68, 0x73, 0x76, 0x29, 0x3b, 0x0a, 0x7d, 0x0a, 0x0a,
        0x2f, 0x2f, 0x20, 0x47, 0x65, 0x74, 0x20, 0x75, 0x6e, 0x69, 0x71, 0x75, 0x65, 0x6c, 0x79, 0x20,
        0x6c, 0x6f, 0x6f, 0x6b, 0x69, 0x6e, 0x67, 0x20, 0x72, 0x61, 0x6e, 0x64, 0x6f, 0x6d, 0x20, 0x66,
        0x6c, 0x6f, 0x61, 0x74, 0x20, 0x62, 0x65, 0x74, 0x77, 0x65, 0x65, 0x6e, 0x20, 0x30, 0x20, 0x61,
        0x6e, 0x64, 0x20, 0x31, 0x20, 0x66, 0x72, 0x6f, 0x6d, 0x20, 0x66, 0x6c, 0x6f, 0x61, 0x74, 0x20,
        0x69, 0x6e, 0x70, 0x75, 0x74, 0x20, 0x77, 0x69, 0x74, 0x68, 0x6f, 0x75, 0x74, 0x20, 0x75, 0x73,
        0x69, 0x6e, 0x67, 0x20, 0x62, 0x69, 0x74, 0x77, 0x69, 0x73, 0x65, 0x20, 0x6f, 0x70, 0x65, 0x72,
        0x61, 0x74, 0x69, 0x6f, 0x6e, 0x73, 0x20, 0x28, 0x6e, 0x6f, 0x74, 0x20, 0x73, 0x75, 0x70, 0x70,
        0x6f, 0x72, 0x74, 0x65, 0x64, 0x20, 0x69, 0x6e, 0x20, 0x76, 0x73, 0x5f, 0x33, 0x5f, 0x30, 0x29,
        0x0a, 0x66, 0x6c, 0x6f, 0x61, 0x74, 0x20, 0x52, 0x61, 0x6e, 0x64, 0x6f, 0x6d, 0x28, 0x66, 0x6c,
        0x6f, 0x61, 0x74, 0x20, 0x69, 0x6e, 0x70, 0x75, 0x74, 0x29, 0x0a, 0x7b, 0x0a, 0x20, 0x20, 0x20,
        0x20, 0x72, 0x65, 0x74, 0x75, 0x72, 0x6e, 0x20, 0x66, 0x72, 0x61, 0x63, 0x28, 0x73, 0x69, 0x6e,
        0x28, 0x69, 0x6e, 0x70, 0x75, 0x74, 0x20, 0x2a, 0x20, 0x31, 0x32, 0x2e, 0x39, 0x38, 0x39, 0x38,
        0x29, 0x20, 0x2a, 0x20, 0x34, 0x33, 0x37, 0x35, 0x38, 0x2e, 0x35, 0x34, 0x35, 0x33, 0x29, 0x3b,
        0x0a, 0x7d, 0x0a, 0x0a, 0x76, 0x6f, 0x69, 0x64, 0x20, 0x56, 0x53, 0x5f, 0x44, 0x65, 0x63, 0x61,
        0x6c, 0x4f, 0x66, 0x66, 0x73, 0x65, 0x74, 0x28, 0x0a, 0x20, 0x20, 0x20, 0x20, 0x69, 0x6e, 0x6f,
        0x75, 0x74, 0x20, 0x66, 0x6c, 0x6f, 0x61, 0x74, 0x33, 0x20, 0x70, 0x6f, 0x73, 0x69, 0x74, 0x69,
        0x6f, 0x6e, 0x2c, 0x0a, 0x20, 0x20, 0x20, 0x20, 0x69, 0x6e, 0x20, 0x66, 0x6c, 0x6f, 0x61, 0x74,
        0x33, 0x20, 0x6e, 0x6f, 0x72, 0x6d, 0x61, 0x6c, 0x2c, 0x0a, 0x20, 0x20, 0x20, 0x20, 0x69, 0x6e,
        0x20, 0x66, 0x6c, 0x6f, 0x61, 0x74, 0x20, 0x64, 0x65, 0x63, 0x61, 0x6c, 0x4f, 0x66, 0x66, 0x73,
        0x65, 0x74, 0x0a, 0x29, 0x20, 0x7b, 0x0a, 0x20, 0x20, 0x20, 0x20, 0x2f, 0x2f, 0x20, 0x44, 0x65,
        0x63, 0x61, 0x6c, 0x4f, 0x66, 0x66, 0x73, 0x65, 0x74, 0x20, 0x69, 0x73, 0x20, 0x6e, 0x65, 0x67,
        0x61, 0x74, 0x69, 0x76, 0x65, 0x20, 0x74, 0x6f, 0x20, 0x70, 0x75, 0x6c, 0x6c, 0x20, 0x61, 0x77,
        0x61, 0x79, 0x20, 0x66, 0x72, 0x6f, 0x6d, 0x20, 0x73, 0x75, 0x72, 0x66, 0x61, 0x63, 0x65, 0x2c,
        0x20, 0x70, 0x6f, 0x73, 0x69, 0x74, 0x69, 0x76, 0x65, 0x20, 0x74, 0x6f, 0x20, 0x70, 0x75, 0x73,
        0x68, 0x20, 0x69, 0x6e, 0x74, 0x6f, 0x20, 0x69, 0x74, 0x0a, 0x20, 0x20, 0x20, 0x20, 0x2f, 0x2f,
        0x20, 0x4d, 0x75, 0x6c, 0x74, 0x69, 0x70, 0x6c, 0x79, 0x20, 0x62, 0x79, 0x20, 0x74, 0x68, 0x65,
        0x20, 0x73, 0x69, 0x67, 0x6e, 0x20, 0x74, 0x6f, 0x20, 0x63, 0x6f, 0x6e, 0x74, 0x72, 0x6f, 0x6c,
        0x20, 0x64, 0x69, 0x72, 0x65, 0x63, 0x74, 0x69, 0x6f, 0x6e, 0x0a, 0x20, 0x20, 0x20, 0x20, 0x70,
        0x6f, 0x73, 0x69, 0x74, 0x69, 0x6f, 0x6e, 0x20, 0x3d, 0x20, 0x70, 0x6f, 0x73, 0x69, 0x74, 0x69,
        0x6f, 0x6e, 0x20, 0x2d, 0x20, 0x6e, 0x6f, 0x72, 0x6d, 0x61, 0x6c, 0x20, 0x2a, 0x20, 0x64, 0x65,
        0x63, 0x61, 0x6c, 0x4f, 0x66, 0x66, 0x73, 0x65, 0x74, 0x20, 0x2a, 0x20, 0x30, 0x2e, 0x31, 0x3b,
        0x0a, 0x7d, 0x0a, 0x0a, 0x76, 0x6f, 0x69, 0x64, 0x20, 0x56, 0x53, 0x5f, 0x45, 0x78, 0x70, 0x61,
        0x6e, 0x64, 0x28, 0x0a, 0x20, 0x20, 0x20, 0x20, 0x69, 0x6e, 0x6f, 0x75, 0x74, 0x20, 0x66, 0x6c,
        0x6f, 0x61, 0x74, 0x33, 0x20, 0x70, 0x6f, 0x73, 0x69, 0x74, 0x69, 0x6f, 0x6e, 0x2c, 0x0a, 0x20,
        0x20, 0x20, 0x20, 0x69, 0x6e, 0x20, 0x66, 0x6c, 0x6f, 0x61, 0x74, 0x33, 0x20, 0x61, 0x63, 0x65,
        0x6e, 0x74, 0x72, 0x6f, 0x69, 0x64, 0x2c, 0x0a, 0x20, 0x20, 0x20, 0x20, 0x69, 0x6e, 0x20, 0x66,
        0x6c, 0x6f, 0x61, 0x74, 0x20, 0x72, 0x61, 0x6e, 0x64, 0x6f, 0x6d, 0x46, 0x6c, 0x6f, 0x61, 0x74,
        0x0a, 0x29, 0x20, 0x7b, 0x0a, 0x20, 0x20, 0x20, 0x20, 0x2f, 0x2f, 0x20, 0x54, 0x72, 0x61, 0x6e,
        0x73, 0x6c, 0x61, 0x74, 0x65, 0x20, 0x76, 0x65, 0x72, 0x74, 0x65, 0x78, 0x20, 0x61, 0x72, 0x6f,
        0x75, 0x6e, 0x64, 0x20, 0x63, 0x65, 0x6e, 0x74, 0x72, 0x6f, 0x69, 0x64, 0x20, 0x62, 0x79, 0x20,
        0x61, 0x20, 0x72, 0x61, 0x6e, 0x64, 0x6f, 0x6d, 0x20, 0x66, 0x61, 0x63, 0x74, 0x6f, 0x72, 0x20,
        0x62, 0x65, 0x74, 0x77, 0x65, 0x65, 0x6e, 0x20, 0x2d, 0x31, 0x35, 0x20, 0x61, 0x6e, 0x64, 0x20,
        0x31, 0x35, 0x20, 0x75, 0x6e, 0x69, 0x74, 0x73, 0x0a, 0x0a, 0x20, 0x20, 0x20, 0x20, 0x66, 0x6c,
        0x6f, 0x61, 0x74, 0x33, 0x20, 0x64, 0x69, 0x72, 0x65, 0x63, 0x74, 0x69, 0x6f, 0x6e, 0x20, 0x3d,
        0x20, 0x6e, 0x6f, 0x72, 0x6d, 0x61, 0x6c, 0x69, 0x7a, 0x65, 0x28, 0x70, 0x6f, 0x73, 0x69, 0x74,
        0x69, 0x6f, 0x6e, 0x20, 0x2d, 0x20, 0x61, 0x63, 0x65, 0x6e, 0x74, 0x72, 0x6f, 0x69, 0x64, 0x29,
        0x3b, 0x0a, 0x20, 0x20, 0x20, 0x20, 0x66, 0x6c, 0x6f, 0x61, 0x74, 0x33, 0x20, 0x72, 0x61, 0x6e,
        0x64, 0x6f, 0x6d, 0x53, 0x63, 0x61, 0x6c, 0x65, 0x20, 0x3d, 0x20, 0x66, 0x6c, 0x6f, 0x61, 0x74,
        0x33, 0x28, 0x0a, 0x20, 0x20, 0x20, 0x20, 0x20, 0x20, 0x20, 0x20, 0x31, 0x35, 0x2e, 0x30, 0x20,
        0x2d, 0x20, 0x52, 0x61, 0x6e, 0x64, 0x6f, 0x6d, 0x28, 0x61, 0x63, 0x65, 0x6e, 0x74, 0x72, 0x6f,
        0x69, 0x64, 0x2e, 0x78, 0x20, 0x2b, 0x20, 0x72, 0x61, 0x6e, 0x64, 0x6f, 0x6d, 0x46, 0x6c, 0x6f,
        0x61, 0x74, 0x29, 0x20, 0x2a, 0x20, 0x33, 0x30, 0x2e, 0x30, 0x2c, 0x0a, 0x20, 0x20, 0x20, 0x20,
        0x20, 0x20, 0x20, 0x20, 0x31, 0x35, 0x2e, 0x30, 0x20, 0x2d, 0x20, 0x52, 0x61, 0x6e, 0x64, 0x6f,
        0x6d, 0x28, 0x61, 0x63, 0x65, 0x6e, 0x74, 0x72, 0x6f, 0x69, 0x64, 0x2e, 0x79, 0x20, 0x2b, 0x20,
        0x72, 0x61, 0x6e, 0x64, 0x6f, 0x6d, 0x46, 0x6c, 0x6f, 0x61, 0x74, 0x29, 0x20, 0x2a, 0x20, 0x33,
        0x30, 0x2e, 0x30, 0x2c, 0x0a, 0x20, 0x20, 0x20, 0x20, 0x20, 0x20, 0x20, 0x20, 0x31, 0x35, 0x2e,
        0x30, 0x20, 0x2d, 0x20, 0x52, 0x61, 0x6e, 0x64, 0x6f, 0x6d, 0x28, 0x61, 0x63, 0x65, 0x6e, 0x74,
        0x72, 0x6f, 0x69, 0x64, 0x2e, 0x7a, 0x20, 0x2b, 0x20, 0x72, 0x61, 0x6e, 0x64, 0x6f, 0x6d, 0x46,
        0x6c, 0x6f, 0x61, 0x74, 0x29, 0x20, 0x2a, 0x20, 0x33, 0x30, 0x2e, 0x30, 0x0a, 0x20, 0x20, 0x20,
        0x20, 0x29, 0x3b, 0x0a, 0x20, 0x20, 0x20, 0x20, 0x70, 0x6f, 0x73, 0x69, 0x74, 0x69, 0x6f, 0x6e,
        0x20, 0x3d, 0x20, 0x70, 0x6f, 0x73, 0x69, 0x74, 0x69, 0x6f, 0x6e, 0x20, 0x2b, 0x20, 0x64, 0x69,
        0x72, 0x65, 0x63, 0x74, 0x69, 0x6f, 0x6e, 0x20, 0x2a, 0x20, 0x72, 0x61, 0x6e, 0x64, 0x6f, 0x6d,
        0x53, 0x63, 0x61, 0x6c, 0x65, 0x3b, 0x0a, 0x7d, 0x0a, 0x0a, 0x76, 0x6f, 0x69, 0x64, 0x20, 0x56,
        0x53, 0x5f, 0x44, 0x61, 0x72, 0x6b, 0x65, 0x6e, 0x28, 0x0a, 0x20, 0x20, 0x20, 0x20, 0x69, 0x6e,
        0x6f, 0x75, 0x74, 0x20, 0x66, 0x6c, 0x6f, 0x61, 0x74, 0x33, 0x20, 0x63, 0x6f, 0x6c, 0x6f, 0x72,
        0x2c, 0x0a, 0x20, 0x20, 0x20, 0x20, 0x69, 0x6e, 0x20, 0x66, 0x6c, 0x6f, 0x61, 0x74, 0x20, 0x64,
        0x61, 0x72, 0x6b, 0x65, 0x6e, 0x0a, 0x29, 0x20, 0x7b, 0x0a, 0x20, 0x20, 0x20, 0x20, 0x66, 0x6c,
        0x6f, 0x61, 0x74, 0x33, 0x20, 0x68, 0x73, 0x76, 0x20, 0x3d, 0x20, 0x72, 0x67, 0x62, 0x32, 0x68,
        0x73, 0x76, 0x28, 0x63, 0x6f, 0x6c, 0x6f, 0x72, 0x29, 0x3b, 0x0a, 0x20, 0x20, 0x20, 0x20, 0x69,
        0x66, 0x20, 0x28, 0x68, 0x73, 0x76, 0x2e, 0x7a, 0x20, 0x3e, 0x20, 0x64, 0x61, 0x72, 0x6b, 0x65,
        0x6e, 0x29, 0x0a, 0x20, 0x20, 0x20, 0x20, 0x7b, 0x0a, 0x20, 0x20, 0x20, 0x20, 0x20, 0x20, 0x20,
        0x20, 0x68, 0x73, 0x76, 0x2e, 0x7a, 0x20, 0x3d, 0x20, 0x64, 0x61, 0x72, 0x6b, 0x65, 0x6e, 0x3b,
        0x0a, 0x20, 0x20, 0x20, 0x20, 0x20, 0x20, 0x20, 0x20, 0x63, 0x6f, 0x6c, 0x6f, 0x72, 0x20, 0x3d,
        0x20, 0x68, 0x73, 0x76, 0x32, 0x72, 0x67, 0x62, 0x28, 0x68, 0x73, 0x76, 0x29, 0x3b, 0x0a, 0x20,
        0x20, 0x20, 0x20, 0x7d, 0x0a, 0x7d, 0x0a, 0x0a, 0x76, 0x6f, 0x69, 0x64, 0x20, 0x56, 0x53, 0x5f,
        0x53, 0x6e, 0x61, 0x70, 0x28, 0x0a, 0x20, 0x20, 0x20, 0x20, 0x69, 0x6e, 0x6f, 0x75, 0x74, 0x20,
        0x66, 0x6c, 0x6f, 0x61, 0x74, 0x33, 0x20, 0x63, 0x6f, 0x6c, 0x6f, 0x72, 0x2c, 0x0a, 0x20, 0x20,
        0x20, 0x20, 0x69, 0x6e, 0x20, 0x66, 0x6c, 0x6f, 0x61, 0x74, 0x33, 0x20, 0x73, 0x6e, 0x61, 0x70,
        0x43, 0x6f, 0x6c, 0x6f, 0x72, 0x0a, 0x29, 0x0a, 0x7b, 0x0a, 0x20, 0x20, 0x20, 0x20, 0x63, 0x6f,
        0x6c, 0x6f, 0x72, 0x20, 0x2b, 0x3d, 0x20, 0x28, 0x63, 0x6f, 0x6c, 0x6f, 0x72, 0x20, 0x2a, 0x20,
        0x28, 0x73, 0x6e, 0x61, 0x70, 0x43, 0x6f, 0x6c, 0x6f, 0x72, 0x20, 0x2a, 0x20, 0x32, 0x35, 0x35,
        0x2e, 0x30, 0x20, 0x2f, 0x20, 0x31, 0x30, 0x30, 0x2e, 0x30, 0x29, 0x29, 0x3b, 0x0a, 0x20, 0x20,
        0x20, 0x20, 0x2f, 0x2f, 0x20, 0x63, 0x6c, 0x61, 0x6d, 0x70, 0x20, 0x74, 0x6f, 0x20, 0x31, 0x2e,
        0x30, 0x0a, 0x20, 0x20, 0x20, 0x20, 0x63, 0x6f, 0x6c, 0x6f, 0x72, 0x20, 0x3d, 0x20, 0x6d, 0x69,
        0x6e, 0x28, 0x63, 0x6f, 0x6c, 0x6f, 0x72, 0x2c, 0x20, 0x66, 0x6c, 0x6f, 0x61, 0x74, 0x33, 0x28,
        0x31, 0x2e, 0x30, 0x2c, 0x20, 0x31, 0x2e, 0x30, 0x2c, 0x20, 0x31, 0x2e, 0x30, 0x29, 0x29, 0x3b,
        0x0a, 0x7d, 0x0a, 0x0a, 0x2f, 0x2f, 0x20, 0x52, 0x65, 0x74, 0x75, 0x72, 0x6e, 0x73, 0x20, 0x74,
        0x68, 0x65, 0x20, 0x67, 0x65, 0x6f, 0x6d, 0x65, 0x74, 0x72, 0x69, 0x63, 0x20, 0x64, 0x69, 0x66,
        0x66, 0x75, 0x73, 0x65, 0x20, 0x66, 0x61, 0x63, 0x74, 0x6f, 0x72, 0x20, 0x69, 0x6e, 0x20, 0x5b,
        0x30, 0x2e, 0x2e, 0x31, 0x5d, 0x2e, 0x20, 0x52, 0x65, 0x74, 0x75, 0x72, 0x6e, 0x73, 0x20, 0x30,
        0x20, 0x77, 0x68, 0x65, 0x6e, 0x20, 0x74, 0x68, 0x65, 0x20, 0x63, 0x61, 0x6d, 0x65, 0x72, 0x61,
        0x20, 0x69, 0x73, 0x0a, 0x2f, 0x2f, 0x20, 0x6f, 0x6e, 0x20, 0x74, 0x68, 0x65, 0x20, 0x6f, 0x70,
        0x70, 0x6f, 0x73, 0x69, 0x74, 0x65, 0x20, 0x73, 0x69, 0x64, 0x65, 0x20, 0x6f, 0x66, 0x20, 0x74,
        0x68, 0x65, 0x20, 0x66, 0x61, 0x63, 0x65, 0x20, 0x66, 0x72, 0x6f, 0x6d, 0x20, 0x74, 0x68, 0x65,
        0x20, 0x6c, 0x69, 0x67, 0x68, 0x74, 0x20, 0x28, 0x61, 0x20, 0x22, 0x6d, 0x61, 0x78, 0x20, 0x73,
        0x68, 0x61, 0x64, 0x6f, 0x77, 0x22, 0x20, 0x73, 0x69, 0x74, 0x75, 0x61, 0x74, 0x69, 0x6f, 0x6e,
        0x29, 0x2c, 0x0a, 0x2f, 0x2f, 0x20, 0x6f, 0x74, 0x68, 0x65, 0x72, 0x77, 0x69, 0x73, 0x65, 0x20,
        0x74, 0x68, 0x65, 0x20, 0x61, 0x6e, 0x67, 0x6c, 0x65, 0x2d, 0x62, 0x61, 0x73, 0x65, 0x64, 0x20,
        0x74, 0x65, 0x72, 0x6d, 0x20, 0x61, 0x62, 0x73, 0x28, 0x64, 0x6f, 0x74, 0x28, 0x6e, 0x2c, 0x20,
        0x4c, 0x29, 0x29, 0x2e, 0x0a, 0x66, 0x6c, 0x6f, 0x61, 0x74, 0x20, 0x43, 0x6f, 0x6d, 0x70, 0x75,
        0x74, 0x65, 0x50, 0x6f, 0x6c, 0x79, 0x67, 0x6f, 0x6e, 0x44, 0x69, 0x66, 0x66, 0x75, 0x73, 0x65,
        0x28, 0x0a, 0x20, 0x20, 0x20, 0x20, 0x69, 0x6e, 0x20, 0x66, 0x6c, 0x6f, 0x61, 0x74, 0x33, 0x20,
        0x43, 0x65, 0x6e, 0x74, 0x72, 0x6f, 0x69, 0x64, 0x57, 0x6f, 0x72, 0x6c, 0x64, 0x2c, 0x0a, 0x20,
        0x20, 0x20, 0x20, 0x69, 0x6e, 0x20, 0x66, 0x6c, 0x6f, 0x61, 0x74, 0x33, 0x20, 0x4e, 0x6f, 0x72,
        0x6d, 0x61, 0x6c, 0x57, 0x6f, 0x72, 0x6c, 0x64, 0x2c, 0x0a, 0x20, 0x20, 0x20, 0x20, 0x69, 0x6e,
        0x20, 0x66, 0x6c, 0x6f, 0x61, 0x74, 0x33, 0x20, 0x4c, 0x69, 0x67, 0x68, 0x74, 0x44, 0x69, 0x72,
        0x65, 0x63, 0x74, 0x69, 0x6f, 0x6e, 0x2c, 0x0a, 0x20, 0x20, 0x20, 0x20, 0x69, 0x6e, 0x20, 0x66,
        0x6c, 0x6f, 0x61, 0x74, 0x33, 0x20, 0x43, 0x61, 0x6d, 0x65, 0x72, 0x61, 0x50, 0x6f, 0x73, 0x69,
        0x74, 0x69, 0x6f, 0x6e, 0x0a, 0x29, 0x0a, 0x7b, 0x0a, 0x20, 0x20, 0x20, 0x20, 0x66, 0x6c, 0x6f,
        0x61, 0x74, 0x33, 0x20, 0x63, 0x20, 0x3d, 0x20, 0x43, 0x65, 0x6e, 0x74, 0x72, 0x6f, 0x69, 0x64,
        0x57, 0x6f, 0x72, 0x6c, 0x64, 0x3b, 0x0a, 0x20, 0x20, 0x20, 0x20, 0x66, 0x6c, 0x6f, 0x61, 0x74,
        0x33, 0x20, 0x6e, 0x20, 0x3d, 0x20, 0x4e, 0x6f, 0x72, 0x6d, 0x61, 0x6c, 0x57, 0x6f, 0x72, 0x6c,
        0x64, 0x3b, 0x0a, 0x20, 0x20, 0x20, 0x20, 0x66, 0x6c, 0x6f, 0x61, 0x74, 0x20, 0x64, 0x69, 0x66,
        0x66, 0x20, 0x3d, 0x20, 0x30, 0x2e, 0x30, 0x3b, 0x0a, 0x20, 0x20, 0x20, 0x20, 0x2f, 0x2f, 0x20,
        0x70, 0x68, 0x79, 0x20, 0x6f, 0x72, 0x69, 0x67, 0x69, 0x6e, 0x61, 0x6c, 0x0a, 0x20, 0x20, 0x20,
        0x20, 0x69, 0x66, 0x20, 0x28, 0x73, 0x69, 0x67, 0x6e, 0x28, 0x64, 0x6f, 0x74, 0x28, 0x6e, 0x2c,
        0x20, 0x4c, 0x69, 0x67, 0x68, 0x74, 0x44, 0x69, 0x72, 0x65, 0x63, 0x74, 0x69, 0x6f, 0x6e, 0x29,
        0x29, 0x20, 0x3d, 0x3d, 0x20, 0x73, 0x69, 0x67, 0x6e, 0x28, 0x64, 0x6f, 0x74, 0x28, 0x6e, 0x2c,
        0x20, 0x63, 0x20, 0x2d, 0x20, 0x43, 0x61, 0x6d, 0x65, 0x72, 0x61, 0x50, 0x6f, 0x73, 0x69, 0x74,
        0x69, 0x6f, 0x6e, 0x29, 0x29, 0x29, 0x0a, 0x20, 0x20, 0x20, 0x20, 0x7b, 0x0a, 0x20, 0x20, 0x20,
        0x20, 0x20, 0x20, 0x20, 0x20, 0x64, 0x69, 0x66, 0x66, 0x20, 0x3d, 0x20, 0x61, 0x62, 0x73, 0x28,
        0x64, 0x6f, 0x74, 0x28, 0x6e, 0x2c, 0x20, 0x4c, 0x69, 0x67, 0x68, 0x74, 0x44, 0x69, 0x72, 0x65,
        0x63, 0x74, 0x69, 0x6f, 0x6e, 0x29, 0x29, 0x3b, 0x0a, 0x20, 0x20, 0x20, 0x20, 0x7d, 0x0a, 0x20,
        0x20, 0x20, 0x20, 0x72, 0x65, 0x74, 0x75, 0x72, 0x6e, 0x20, 0x64, 0x69, 0x66, 0x66, 0x3b, 0x0a,
        0x7d, 0x0a, 0x0a, 0x2f, 0x2f, 0x20, 0x41, 0x70, 0x70, 0x6c, 0x69, 0x65, 0x73, 0x20, 0x61, 0x20,
        0x64, 0x69, 0x66, 0x66, 0x75, 0x73, 0x65, 0x20, 0x66, 0x61, 0x63, 0x74, 0x6f, 0x72, 0x20, 0x74,
        0x6f, 0x20, 0x63, 0x6f, 0x6c, 0x6f, 0x72, 0x20, 0x65, 0x78, 0x61, 0x63, 0x74, 0x6c, 0x79, 0x20,
        0x6f, 0x6e, 0x63, 0x65, 0x20, 0x28, 0x61, 0x6d, 0x62, 0x69, 0x65, 0x6e, 0x74, 0x20, 0x2b, 0x20,
        0x64, 0x69, 0x72, 0x65, 0x63, 0x74, 0x69, 0x6f, 0x6e, 0x61, 0x6c, 0x20, 0x74, 0x65, 0x72, 0x6d,
        0x29, 0x2e, 0x0a, 0x76, 0x6f, 0x69, 0x64, 0x20, 0x41, 0x70, 0x70, 0x6c, 0x79, 0x44, 0x69, 0x66,
        0x66, 0x75, 0x73, 0x65, 0x46, 0x61, 0x63, 0x74, 0x6f, 0x72, 0x28, 0x0a, 0x20, 0x20, 0x20, 0x20,
        0x69, 0x6e, 0x6f, 0x75, 0x74, 0x20, 0x66, 0x6c, 0x6f, 0x61, 0x74, 0x33, 0x20, 0x63, 0x6f, 0x6c,
        0x6f, 0x72, 0x2c, 0x0a, 0x20, 0x20, 0x20, 0x20, 0x69, 0x6e, 0x20, 0x66, 0x6c, 0x6f, 0x61, 0x74,
        0x20, 0x64, 0x69, 0x66, 0x66, 0x2c, 0x0a, 0x20, 0x20, 0x20, 0x20, 0x69, 0x6e, 0x20, 0x66, 0x6c,
        0x6f, 0x61, 0x74, 0x32, 0x20, 0x45, 0x6e, 0x76, 0x69, 0x72, 0x6f, 0x6e, 0x6d, 0x65, 0x6e, 0x74,
        0x4c, 0x69, 0x67, 0x68, 0x74, 0x0a, 0x29, 0x0a, 0x7b, 0x0a, 0x20, 0x20, 0x20, 0x20, 0x63, 0x6f,
        0x6c, 0x6f, 0x72, 0x20, 0x3d, 0x20, 0x28, 0x45, 0x6e, 0x76, 0x69, 0x72, 0x6f, 0x6e, 0x6d, 0x65,
        0x6e, 0x74, 0x4c, 0x69, 0x67, 0x68, 0x74, 0x2e, 0x78, 0x20, 0x2b, 0x20, 0x45, 0x6e, 0x76, 0x69,
        0x72, 0x6f, 0x6e, 0x6d, 0x65, 0x6e, 0x74, 0x4c, 0x69, 0x67, 0x68, 0x74, 0x2e, 0x79, 0x20, 0x2a,
        0x20, 0x64, 0x69, 0x66, 0x66, 0x29, 0x20, 0x2a, 0x20, 0x63, 0x6f, 0x6c, 0x6f, 0x72, 0x3b, 0x0a,
        0x7d, 0x0a, 0x0a, 0x76, 0x6f, 0x69, 0x64, 0x20, 0x56, 0x53, 0x5f, 0x41, 0x70, 0x70, 0x6c, 0x79,
        0x50, 0x6f, 0x6c, 0x79, 0x67, 0x6f, 0x6e, 0x44, 0x69, 0x66, 0x66, 0x75, 0x73, 0x65, 0x28, 0x0a,
        0x20, 0x20, 0x20, 0x20, 0x69, 0x6e, 0x6f, 0x75, 0x74, 0x20, 0x66, 0x6c, 0x6f, 0x61, 0x74, 0x33,
        0x20, 0x63, 0x6f, 0x6c, 0x6f, 0x72, 0x2c, 0x0a, 0x20, 0x20, 0x20, 0x20, 0x69, 0x6e, 0x20, 0x66,
        0x6c, 0x6f, 0x61, 0x74, 0x33, 0x20, 0x43, 0x65, 0x6e, 0x74, 0x72, 0x6f, 0x69, 0x64, 0x57, 0x6f,
        0x72, 0x6c, 0x64, 0x2c, 0x0a, 0x20, 0x20, 0x20, 0x20, 0x69, 0x6e, 0x20, 0x66, 0x6c, 0x6f, 0x61,
        0x74, 0x33, 0x20, 0x4e, 0x6f, 0x72, 0x6d, 0x61, 0x6c, 0x57, 0x6f, 0x72, 0x6c, 0x64, 0x2c, 0x0a,
        0x20, 0x20, 0x20, 0x20, 0x69, 0x6e, 0x20, 0x66, 0x6c, 0x6f, 0x61, 0x74, 0x33, 0x20, 0x4c, 0x69,
        0x67, 0x68, 0x74, 0x44, 0x69, 0x72, 0x65, 0x63, 0x74, 0x69, 0x6f, 0x6e, 0x2c, 0x0a, 0x20, 0x20,
        0x20, 0x20, 0x69, 0x6e, 0x20, 0x66, 0x6c, 0x6f, 0x61, 0x74, 0x33, 0x20, 0x43, 0x61, 0x6d, 0x65,
        0x72, 0x61, 0x50, 0x6f, 0x73, 0x69, 0x74, 0x69, 0x6f, 0x6e, 0x2c, 0x0a, 0x20, 0x20, 0x20, 0x20,
        0x69, 0x6e, 0x20, 0x66, 0x6c, 0x6f, 0x61, 0x74, 0x32, 0x20, 0x45, 0x6e, 0x76, 0x69, 0x72, 0x6f,
        0x6e, 0x6d, 0x65, 0x6e, 0x74, 0x4c, 0x69, 0x67, 0x68, 0x74, 0x0a, 0x29, 0x0a, 0x7b, 0x0a, 0x20,
        0x20, 0x20, 0x20, 0x66, 0x6c, 0x6f, 0x61, 0x74, 0x20, 0x64, 0x69, 0x66, 0x66, 0x20, 0x3d, 0x20,
        0x43, 0x6f, 0x6d, 0x70, 0x75, 0x74, 0x65, 0x50, 0x6f, 0x6c, 0x79, 0x67, 0x6f, 0x6e, 0x44, 0x69,
        0x66, 0x66, 0x75, 0x73, 0x65, 0x28, 0x43, 0x65, 0x6e, 0x74, 0x72, 0x6f, 0x69, 0x64, 0x57, 0x6f,
        0x72, 0x6c, 0x64, 0x2c, 0x20, 0x4e, 0x6f, 0x72, 0x6d, 0x61, 0x6c, 0x57, 0x6f, 0x72, 0x6c, 0x64,
        0x2c, 0x20, 0x4c, 0x69, 0x67, 0x68, 0x74, 0x44, 0x69, 0x72, 0x65, 0x63, 0x74, 0x69, 0x6f, 0x6e,
        0x2c, 0x20, 0x43, 0x61, 0x6d, 0x65, 0x72, 0x61, 0x50, 0x6f, 0x73, 0x69, 0x74, 0x69, 0x6f, 0x6e,
        0x29, 0x3b, 0x0a, 0x20, 0x20, 0x20, 0x20, 0x41, 0x70, 0x70, 0x6c, 0x79, 0x44, 0x69, 0x66, 0x66,
        0x75, 0x73, 0x65, 0x46, 0x61, 0x63, 0x74, 0x6f, 0x72, 0x28, 0x63, 0x6f, 0x6c, 0x6f, 0x72, 0x2c,
        0x20, 0x64, 0x69, 0x66, 0x66, 0x2c, 0x20, 0x45, 0x6e, 0x76, 0x69, 0x72, 0x6f, 0x6e, 0x6d, 0x65,
        0x6e, 0x74, 0x4c, 0x69, 0x67, 0x68, 0x74, 0x29, 0x3b, 0x0a, 0x7d, 0x0a, 0x0a, 0x2f, 0x2f, 0x20,
        0x46, 0x6f, 0x67, 0x4c, 0x6f, 0x67, 0x44, 0x65, 0x6e, 0x73, 0x69, 0x74, 0x79, 0x20, 0x69, 0x73,
        0x20, 0x6c, 0x6f, 0x67, 0x32, 0x20, 0x6f, 0x66, 0x20, 0x74, 0x68, 0x65, 0x20, 0x66, 0x6f, 0x67,
        0x20, 0x64, 0x65, 0x6e, 0x73, 0x69, 0x74, 0x79, 0x2c, 0x20, 0x6e, 0x6f, 0x72, 0x6d, 0x61, 0x6c,
        0x69, 0x7a, 0x65, 0x64, 0x20, 0x6f, 0x6e, 0x20, 0x74, 0x68, 0x65, 0x20, 0x43, 0x50, 0x55, 0x20,
        0x28, 0x73, 0x65, 0x65, 0x20, 0x57, 0x6f, 0x72, 0x6c, 0x64, 0x2e, 0x46, 0x6f, 0x67, 0x4c, 0x6f,
        0x67, 0x44, 0x65, 0x6e, 0x73, 0x69, 0x74, 0x79, 0x29, 0x2e, 0x0a, 0x2f, 0x2f, 0x20, 0x70, 0x6f,
        0x77, 0x28, 0x64, 0x65, 0x6e, 0x73, 0x69, 0x74, 0x79, 0x2c, 0x20, 0x74, 0x29, 0x20, 0x69, 0x73,
        0x20, 0x65, 0x78, 0x61, 0x63, 0x74, 0x6c, 0x79, 0x20, 0x65, 0x78, 0x70, 0x32, 0x28, 0x74, 0x20,
        0x2a, 0x20, 0x6c, 0x6f, 0x67, 0x32, 0x28, 0x64, 0x65, 0x6e, 0x73, 0x69, 0x74, 0x79, 0x29, 0x29,
        0x2c, 0x20, 0x73, 0x6f, 0x20, 0x66, 0x6f, 0x6c, 0x64, 0x69, 0x6e, 0x67, 0x20, 0x74, 0x68, 0x65,
        0x20, 0x28, 0x75, 0x6e, 0x69, 0x66, 0x6f, 0x72, 0x6d, 0x29, 0x20, 0x6c, 0x6f, 0x67, 0x32, 0x20,
        0x69, 0x6e, 0x74, 0x6f, 0x20, 0x74, 0x68, 0x65, 0x0a, 0x2f, 0x2f, 0x20, 0x63, 0x6f, 0x6e, 0x73,
        0x74, 0x61, 0x6e, 0x74, 0x20, 0x6c, 0x65, 0x61, 0x76, 0x65, 0x73, 0x20, 0x74, 0x68, 0x65, 0x20,
        0x72, 0x65, 0x73, 0x75, 0x6c, 0x74, 0x20, 0x75, 0x6e, 0x63, 0x68, 0x61, 0x6e, 0x67, 0x65, 0x64,
        0x20, 0x77, 0x68, 0x69, 0x6c, 0x65, 0x20, 0x72, 0x65, 0x70, 0x6c, 0x61, 0x63, 0x69, 0x6e, 0x67,
        0x20, 0x61, 0x20, 0x70, 0x65, 0x72, 0x2d, 0x70, 0x69, 0x78, 0x65, 0x6c, 0x20, 0x6c, 0x6f, 0x67,
        0x32, 0x20, 0x2b, 0x20, 0x65, 0x78, 0x70, 0x32, 0x20, 0x70, 0x61, 0x69, 0x72, 0x20, 0x77, 0x69,
        0x74, 0x68, 0x20, 0x61, 0x0a, 0x2f, 0x2f, 0x20, 0x73, 0x69, 0x6e, 0x67, 0x6c, 0x65, 0x20, 0x65,
        0x78, 0x70, 0x32, 0x2e, 0x0a, 0x76, 0x6f, 0x69, 0x64, 0x20, 0x56, 0x53, 0x5f, 0x41, 0x70, 0x70,
        0x6c, 0x79, 0x46, 0x6f, 0x67, 0x28, 0x0a, 0x20, 0x20, 0x20, 0x20, 0x69, 0x6e, 0x6f, 0x75, 0x74,
        0x20, 0x66, 0x6c, 0x6f, 0x61, 0x74, 0x33, 0x20, 0x63, 0x6f, 0x6c, 0x6f, 0x72, 0x2c, 0x0a, 0x20,
        0x20, 0x20, 0x20, 0x69, 0x6e, 0x20, 0x66, 0x6c, 0x6f, 0x61, 0x74, 0x20, 0x56, 0x69, 0x65, 0x77,
        0x4c, 0x65, 0x6e, 0x67, 0x74, 0x68, 0x2c, 0x0a, 0x20, 0x20, 0x20, 0x20, 0x69, 0x6e, 0x20, 0x66,
        0x6c, 0x6f, 0x61, 0x74, 0x33, 0x20, 0x46, 0x6f, 0x67, 0x43, 0x6f, 0x6c, 0x6f, 0x72, 0x2c, 0x0a,
        0x20, 0x20, 0x20, 0x20, 0x69, 0x6e, 0x20, 0x66, 0x6c, 0x6f, 0x61, 0x74, 0x20, 0x46, 0x6f, 0x67,
        0x44, 0x69, 0x73, 0x74, 0x61, 0x6e, 0x63, 0x65, 0x2c, 0x0a, 0x20, 0x20, 0x20, 0x20, 0x69, 0x6e,
        0x20, 0x66, 0x6c, 0x6f, 0x61, 0x74, 0x20, 0x46, 0x6f, 0x67, 0x4c, 0x6f, 0x67, 0x44, 0x65, 0x6e,
        0x73, 0x69, 0x74, 0x79, 0x0a, 0x29, 0x0a, 0x7b, 0x0a, 0x0a, 0x09, 0x66, 0x6c, 0x6f, 0x61, 0x74,
        0x20, 0x66, 0x20, 0x3d, 0x20, 0x65, 0x78, 0x70, 0x32, 0x28, 0x6d, 0x61, 0x78, 0x28, 0x28, 0x56,
        0x69, 0x65, 0x77, 0x4c, 0x65, 0x6e, 0x67, 0x74, 0x68, 0x20, 0x2d, 0x20, 0x46, 0x6f, 0x67, 0x44,
        0x69, 0x73, 0x74, 0x61, 0x6e, 0x63, 0x65, 0x20, 0x2f, 0x20, 0x32, 0x2e, 0x30, 0x29, 0x20, 0x2f,
        0x20, 0x46, 0x6f, 0x67, 0x44, 0x69, 0x73, 0x74, 0x61, 0x6e, 0x63, 0x65, 0x2c, 0x20, 0x30, 0x2e,
        0x30, 0x29, 0x20, 0x2a, 0x20, 0x46, 0x6f, 0x67, 0x4c, 0x6f, 0x67, 0x44, 0x65, 0x6e, 0x73, 0x69,
        0x74, 0x79, 0x29, 0x3b, 0x0a, 0x0a, 0x09, 0x63, 0x6f, 0x6c, 0x6f, 0x72, 0x20, 0x3d, 0x20, 0x63,
        0x6f, 0x6c, 0x6f, 0x72, 0x20, 0x2a, 0x20, 0x66, 0x6c, 0x6f, 0x61, 0x74, 0x33, 0x28, 0x66, 0x2c,
        0x20, 0x66, 0x2c, 0x20, 0x66, 0x29, 0x20, 0x2b, 0x20, 0x46, 0x6f, 0x67, 0x43, 0x6f, 0x6c, 0x6f,
        0x72, 0x20, 0x2a, 0x20, 0x66, 0x6c, 0x6f, 0x61, 0x74, 0x33, 0x28, 0x31, 0x2e, 0x30, 0x20, 0x2d,
        0x20, 0x66, 0x2c, 0x20, 0x31, 0x2e, 0x30, 0x20, 0x2d, 0x20, 0x66, 0x2c, 0x20, 0x31, 0x2e, 0x30,
        0x20, 0x2d, 0x20, 0x66, 0x29, 0x3b, 0x0a, 0x7d, 0x0a, 0x0a, 0x66, 0x6c, 0x6f, 0x61, 0x74, 0x34,
        0x78, 0x34, 0x20, 0x4c, 0x69, 0x67, 0x68, 0x74, 0x56, 0x69, 0x65, 0x77, 0x50, 0x72, 0x6f, 0x6a,
        0x30, 0x3b, 0x0a, 0x54, 0x65, 0x78, 0x74, 0x75, 0x72, 0x65, 0x32, 0x44, 0x20, 0x53, 0x68, 0x61,
        0x64, 0x6f, 0x77, 0x4d, 0x61, 0x70, 0x30, 0x20, 0x3a, 0x20, 0x72, 0x65, 0x67, 0x69, 0x73, 0x74,
        0x65, 0x72, 0x28, 0x74, 0x30, 0x29, 0x3b, 0x0a, 0x53, 0x61, 0x6d, 0x70, 0x6c, 0x65, 0x72, 0x53,
        0x74, 0x61, 0x74, 0x65, 0x20, 0x53, 0x68, 0x61, 0x64, 0x6f, 0x77, 0x4d, 0x61, 0x70, 0x53, 0x61,
        0x6d, 0x70, 0x6c, 0x65, 0x72, 0x30, 0x20, 0x3a, 0x20, 0x72, 0x65, 0x67, 0x69, 0x73, 0x74, 0x65,
        0x72, 0x28, 0x73, 0x30, 0x29, 0x3b, 0x0a, 0x66, 0x6c, 0x6f, 0x61, 0x74, 0x34, 0x78, 0x34, 0x20,
        0x4c, 0x69, 0x67, 0x68, 0x74, 0x56, 0x69, 0x65, 0x77, 0x50, 0x72, 0x6f, 0x6a, 0x31, 0x3b, 0x0a,
        0x54, 0x65, 0x78, 0x74, 0x75, 0x72, 0x65, 0x32, 0x44, 0x20, 0x53, 0x68, 0x61, 0x64, 0x6f, 0x77,
        0x4d, 0x61, 0x70, 0x31, 0x20, 0x3a, 0x20, 0x72, 0x65, 0x67, 0x69, 0x73, 0x74, 0x65, 0x72, 0x28,
        0x74, 0x31, 0x29, 0x3b, 0x0a, 0x53, 0x61, 0x6d, 0x70, 0x6c, 0x65, 0x72, 0x53, 0x74, 0x61, 0x74,
        0x65, 0x20, 0x53, 0x68, 0x61, 0x64, 0x6f, 0x77, 0x4d, 0x61, 0x70, 0x53, 0x61, 0x6d, 0x70, 0x6c,
        0x65, 0x72, 0x31, 0x20, 0x3a, 0x20, 0x72, 0x65, 0x67, 0x69, 0x73, 0x74, 0x65, 0x72, 0x28, 0x73,
        0x31, 0x29, 0x3b, 0x0a, 0x66, 0x6c, 0x6f, 0x61, 0x74, 0x34, 0x78, 0x34, 0x20, 0x4c, 0x69, 0x67,
        0x68, 0x74, 0x56, 0x69, 0x65, 0x77, 0x50, 0x72, 0x6f, 0x6a, 0x32, 0x3b, 0x0a, 0x54, 0x65, 0x78,
        0x74, 0x75, 0x72, 0x65, 0x32, 0x44, 0x20, 0x53, 0x68, 0x61, 0x64, 0x6f, 0x77, 0x4d, 0x61, 0x70,
        0x32, 0x20, 0x3a, 0x20, 0x72, 0x65, 0x67, 0x69, 0x73, 0x74, 0x65, 0x72, 0x28, 0x74, 0x32, 0x29,
        0x3b, 0x0a, 0x53, 0x61, 0x6d, 0x70, 0x6c, 0x65, 0x72, 0x53, 0x74, 0x61, 0x74, 0x65, 0x20, 0x53,
        0x68, 0x61, 0x64, 0x6f, 0x77, 0x4d, 0x61, 0x70, 0x53, 0x61, 0x6d, 0x70, 0x6c, 0x65, 0x72, 0x32,
        0x20, 0x3a, 0x20, 0x72, 0x65, 0x67, 0x69, 0x73, 0x74, 0x65, 0x72, 0x28, 0x73, 0x32, 0x29, 0x3b,
        0x0a, 0x2f, 0x2f, 0x20, 0x53, 0x68, 0x61, 0x64, 0x6f, 0x77, 0x2d, 0x6d, 0x61, 0x70, 0x20, 0x64,
        0x65, 0x70, 0x74, 0x68, 0x20, 0x62, 0x69, 0x61, 0x73, 0x2c, 0x20, 0x69, 0x6e, 0x20, 0x6e, 0x6f,
        0x72, 0x6d, 0x61, 0x6c, 0x69, 0x7a, 0x65, 0x64, 0x20, 0x73, 0x68, 0x61, 0x64, 0x6f, 0x77, 0x2d,
        0x6d, 0x61, 0x70, 0x20, 0x64, 0x65, 0x70, 0x74, 0x68, 0x20, 0x28, 0x72, 0x61, 0x6e, 0x67, 0x65,
        0x20, 0x5b, 0x30, 0x2e, 0x2e, 0x31, 0x5d, 0x29, 0x2e, 0x0a, 0x2f, 0x2f, 0x20, 0x20, 0x20, 0x54,
        0x6f, 0x6f, 0x20, 0x73, 0x6d, 0x61, 0x6c, 0x6c, 0x20, 0x2d, 0x3e, 0x20, 0x73, 0x68, 0x61, 0x64,
        0x6f, 0x77, 0x20, 0x61, 0x63, 0x6e, 0x65, 0x20, 0x28, 0x73, 0x68, 0x69, 0x6d, 0x6d, 0x65, 0x72,
        0x69, 0x6e, 0x67, 0x20, 0x73, 0x65, 0x6c, 0x66, 0x2d, 0x73, 0x68, 0x61, 0x64, 0x6f, 0x77, 0x20,
        0x6f, 0x6e, 0x20, 0x6c, 0x69, 0x74, 0x20, 0x66, 0x61, 0x63, 0x65, 0x73, 0x29, 0x2e, 0x0a, 0x2f,
        0x2f, 0x20, 0x20, 0x20, 0x54, 0x6f, 0x6f, 0x20, 0x6c, 0x61, 0x72, 0x67, 0x65, 0x20, 0x2d, 0x3e,
        0x20, 0x70, 0x65, 0x74, 0x65, 0x72, 0x2d, 0x70, 0x61, 0x6e, 0x6e, 0x69, 0x6e, 0x67, 0x20, 0x28,
        0x73, 0x68, 0x61, 0x64, 0x6f, 0x77, 0x20, 0x64, 0x65, 0x74, 0x61, 0x63, 0x68, 0x65, 0x73, 0x20,
        0x2f, 0x20, 0x73, 0x6c, 0x69, 0x64, 0x65, 0x73, 0x20, 0x6f, 0x66, 0x66, 0x20, 0x69, 0x74, 0x73,
        0x20, 0x63, 0x61, 0x73, 0x74, 0x65, 0x72, 0x29, 0x2e, 0x0a, 0x2f, 0x2f, 0x20, 0x4c, 0x6f, 0x77,
        0x65, 0x72, 0x65, 0x64, 0x20, 0x66, 0x72, 0x6f, 0x6d, 0x20, 0x30, 0x2e, 0x32, 0x35, 0x2c, 0x20,
        0x77, 0x68, 0x69, 0x63, 0x68, 0x20, 0x77, 0x61, 0x73, 0x20, 0x7e, 0x31, 0x2f, 0x34, 0x20, 0x6f,
        0x66, 0x20, 0x74, 0x68, 0x65, 0x20, 0x77, 0x68, 0x6f, 0x6c, 0x65, 0x20, 0x64, 0x65, 0x70, 0x74,
        0x68, 0x20, 0x72, 0x61, 0x6e, 0x67, 0x65, 0x20, 0x61, 0x6e, 0x64, 0x20, 0x6d, 0x61, 0x64, 0x65,
        0x20, 0x73, 0x68, 0x61, 0x64, 0x6f, 0x77, 0x73, 0x0a, 0x2f, 0x2f, 0x20, 0x64, 0x65, 0x74, 0x61,
        0x63, 0x68, 0x65, 0x64, 0x20, 0x61, 0x6e, 0x64, 0x20, 0x69, 0x6e, 0x61, 0x63, 0x63, 0x75, 0x72,
        0x61, 0x74, 0x65, 0x2e, 0x20, 0x54, 0x75, 0x6e, 0x65, 0x20, 0x69, 0x6e, 0x20, 0x74, 0x68, 0x65,
        0x20, 0x30, 0x2e, 0x30, 0x30, 0x30, 0x35, 0x20, 0x2e, 0x2e, 0x20, 0x30, 0x2e, 0x30, 0x30, 0x33,
        0x20, 0x72, 0x61, 0x6e, 0x67, 0x65, 0x3b, 0x20, 0x72, 0x61, 0x69, 0x73, 0x65, 0x20, 0x6f, 0x6e,
        0x6c, 0x79, 0x20, 0x75, 0x6e, 0x74, 0x69, 0x6c, 0x0a, 0x2f, 0x2f, 0x20, 0x61, 0x63, 0x6e, 0x65,
        0x20, 0x64, 0x69, 0x73, 0x61, 0x70, 0x70, 0x65, 0x61, 0x72, 0x73, 0x2c, 0x20, 0x6e, 0x6f, 0x20,
        0x66, 0x75, 0x72, 0x74, 0x68, 0x65, 0x72, 0x2e, 0x0a, 0x2f, 0x2f, 0x20, 0x4e, 0x4f, 0x54, 0x45,
        0x3a, 0x20, 0x69, 0x66, 0x20, 0x44, 0x65, 0x70, 0x74, 0x68, 0x42, 0x69, 0x61, 0x73, 0x20, 0x69,
        0x73, 0x20, 0x61, 0x6c, 0x73, 0x6f, 0x20, 0x73, 0x65, 0x74, 0x20, 0x66, 0x72, 0x6f, 0x6d, 0x20,
        0x68, 0x6f, 0x73, 0x74, 0x2f, 0x43, 0x23, 0x20, 0x63, 0x6f, 0x64, 0x65, 0x2c, 0x20, 0x74, 0x68,
        0x61, 0x74, 0x20, 0x76, 0x61, 0x6c, 0x75, 0x65, 0x20, 0x6f, 0x76, 0x65, 0x72, 0x72, 0x69, 0x64,
        0x65, 0x73, 0x20, 0x74, 0x68, 0x69, 0x73, 0x0a, 0x2f, 0x2f, 0x20, 0x64, 0x65, 0x66, 0x61, 0x75,
        0x6c, 0x74, 0x20, 0xe2, 0x80, 0x94, 0x20, 0x6c, 0x6f, 0x77, 0x65, 0x72, 0x20, 0x69, 0x74, 0x20,
        0x74, 0x68, 0x65, 0x72, 0x65, 0x20, 0x74, 0x6f, 0x6f, 0x2e, 0x0a, 0x66, 0x6c, 0x6f, 0x61, 0x74,
        0x20, 0x44, 0x65, 0x70, 0x74, 0x68, 0x42, 0x69, 0x61, 0x73, 0x20, 0x3d, 0x20, 0x30, 0x2e, 0x30,
        0x30, 0x30, 0x35, 0x66, 0x3b, 0x0a, 0x66, 0x6c, 0x6f, 0x61, 0x74, 0x20, 0x4e, 0x75, 0x6d, 0x43,
        0x61, 0x73, 0x63, 0x61, 0x64, 0x65, 0x73, 0x20, 0x3d, 0x20, 0x33, 0x3b, 0x0a, 0x66, 0x6c, 0x6f,
        0x61, 0x74, 0x33, 0x20, 0x4c, 0x69, 0x67, 0x68, 0x74, 0x44, 0x69, 0x72, 0x65, 0x63, 0x74, 0x69,
        0x6f, 0x6e, 0x3b, 0x0a, 0x0a, 0x76, 0x6f, 0x69, 0x64, 0x20, 0x61, 0x70, 0x70, 0x6c, 0x79, 0x53,
        0x68, 0x61, 0x64, 0x6f, 0x77, 0x69, 0x6e, 0x67, 0x53, 0x69, 0x6e, 0x67, 0x6c, 0x65, 0x28, 0x0a,
        0x20, 0x20, 0x20, 0x20, 0x69, 0x6e, 0x20, 0x66, 0x6c, 0x6f, 0x61, 0x74, 0x34, 0x20, 0x77, 0x6f,
        0x72, 0x6c, 0x64, 0x50, 0x6f, 0x73, 0x2c, 0x0a, 0x20, 0x20, 0x20, 0x20, 0x69, 0x6e, 0x20, 0x66,
        0x6c, 0x6f, 0x61, 0x74, 0x34, 0x78, 0x34, 0x20, 0x6c, 0x69, 0x67, 0x68, 0x74, 0x56, 0x69, 0x65,
        0x77, 0x50, 0x72, 0x6f, 0x6a, 0x2c, 0x0a, 0x20, 0x20, 0x20, 0x20, 0x69, 0x6e, 0x20, 0x54, 0x65,
        0x78, 0x74, 0x75, 0x72, 0x65, 0x32, 0x44, 0x20, 0x73, 0x68, 0x61, 0x64, 0x6f, 0x77, 0x4d, 0x61,
        0x70, 0x53, 0x61, 0x6d, 0x70, 0x6c, 0x65, 0x72, 0x54, 0x65, 0x78, 0x74, 0x75, 0x72, 0x65, 0x2c,
        0x20, 0x69, 0x6e, 0x20, 0x53, 0x61, 0x6d, 0x70, 0x6c, 0x65, 0x72, 0x53, 0x74, 0x61, 0x74, 0x65,
        0x20, 0x73, 0x68, 0x61, 0x64, 0x6f, 0x77, 0x4d, 0x61, 0x70, 0x53, 0x61, 0x6d, 0x70, 0x6c, 0x65,
        0x72, 0x2c, 0x0a, 0x20, 0x20, 0x20, 0x20, 0x6f, 0x75, 0x74, 0x20, 0x62, 0x6f, 0x6f, 0x6c, 0x20,
        0x69, 0x73, 0x49, 0x6e, 0x4c, 0x69, 0x67, 0x68, 0x74, 0x2c, 0x0a, 0x20, 0x20, 0x20, 0x20, 0x6f,
        0x75, 0x74, 0x20, 0x62, 0x6f, 0x6f, 0x6c, 0x20, 0x69, 0x73, 0x53, 0x68, 0x61, 0x64, 0x6f, 0x77,
        0x65, 0x64, 0x0a, 0x29, 0x7b, 0x0a, 0x20, 0x20, 0x20, 0x20, 0x69, 0x73, 0x53, 0x68, 0x61, 0x64,
        0x6f, 0x77, 0x65, 0x64, 0x20, 0x3d, 0x20, 0x66, 0x61, 0x6c, 0x73, 0x65, 0x3b, 0x0a, 0x0a, 0x20,
        0x20, 0x20, 0x20, 0x2f, 0x2f, 0x20, 0x46, 0x69, 0x6e, 0x64, 0x20, 0x74, 0x68, 0x65, 0x20, 0x70,
        0x6f, 0x73, 0x69, 0x74, 0x69, 0x6f, 0x6e, 0x20, 0x6f, 0x66, 0x20, 0x74, 0x68, 0x69, 0x73, 0x20,
        0x70, 0x69, 0x78, 0x65, 0x6c, 0x20, 0x69, 0x6e, 0x20, 0x6c, 0x69, 0x67, 0x68, 0x74, 0x20, 0x73,
        0x70, 0x61, 0x63, 0x65, 0x0a, 0x20, 0x20, 0x20, 0x20, 0x66, 0x6c, 0x6f, 0x61, 0x74, 0x34, 0x20,
        0x6c, 0x69, 0x67, 0x68, 0x74, 0x69, 0x6e, 0x67, 0x50, 0x6f, 0x73, 0x69, 0x74, 0x69, 0x6f, 0x6e,
        0x20, 0x3d, 0x20, 0x6d, 0x75, 0x6c, 0x28, 0x77, 0x6f, 0x72, 0x6c, 0x64, 0x50, 0x6f, 0x73, 0x2c,
        0x20, 0x6c, 0x69, 0x67, 0x68, 0x74, 0x56, 0x69, 0x65, 0x77, 0x50, 0x72, 0x6f, 0x6a, 0x29, 0x3b,
        0x0a, 0x0a, 0x20, 0x20, 0x20, 0x20, 0x2f, 0x2f, 0x20, 0x46, 0x69, 0x6e, 0x64, 0x20, 0x74, 0x68,
        0x65, 0x20, 0x70, 0x6f, 0x73, 0x69, 0x74, 0x69, 0x6f, 0x6e, 0x20, 0x69, 0x6e, 0x20, 0x74, 0x68,
        0x65, 0x20, 0x73, 0x68, 0x61, 0x64, 0x6f, 0x77, 0x20, 0x6d, 0x61, 0x70, 0x20, 0x66, 0x6f, 0x72,
        0x20, 0x74, 0x68, 0x69, 0x73, 0x20, 0x70, 0x69, 0x78, 0x65, 0x6c, 0x0a, 0x20, 0x20, 0x20, 0x20,
        0x66, 0x6c, 0x6f, 0x61, 0x74, 0x32, 0x20, 0x73, 0x68, 0x61, 0x64, 0x6f, 0x77, 0x54, 0x65, 0x78,
        0x43, 0x6f, 0x6f, 0x72, 0x64, 0x20, 0x3d, 0x20, 0x30, 0x2e, 0x35, 0x20, 0x2a, 0x20, 0x6c, 0x69,
        0x67, 0x68, 0x74, 0x69, 0x6e, 0x67, 0x50, 0x6f, 0x73, 0x69, 0x74, 0x69, 0x6f, 0x6e, 0x2e, 0x78,
        0x79, 0x20, 0x2f, 0x0a, 0x20, 0x20, 0x20, 0x20, 0x20, 0x20, 0x20, 0x20, 0x20, 0x20, 0x20, 0x20,
        0x20, 0x20, 0x20, 0x20, 0x20, 0x20, 0x20, 0x20, 0x20, 0x20, 0x20, 0x20, 0x20, 0x20, 0x20, 0x20,
        0x6c, 0x69, 0x67, 0x68, 0x74, 0x69, 0x6e, 0x67, 0x50, 0x6f, 0x73, 0x69, 0x74, 0x69, 0x6f, 0x6e,
        0x2e, 0x77, 0x20, 0x2b, 0x20, 0x66, 0x6c, 0x6f, 0x61, 0x74, 0x32, 0x28, 0x20, 0x30, 0x2e, 0x35,
        0x2c, 0x20, 0x30, 0x2e, 0x35, 0x20, 0x29, 0x3b, 0x0a, 0x20, 0x20, 0x20, 0x20, 0x73, 0x68, 0x61,
        0x64, 0x6f, 0x77, 0x54, 0x65, 0x78, 0x43, 0x6f, 0x6f, 0x72, 0x64, 0x2e, 0x79, 0x20, 0x3d, 0x20,
        0x31, 0x2e, 0x30, 0x66, 0x20, 0x2d, 0x20, 0x73, 0x68, 0x61, 0x64, 0x6f, 0x77, 0x54, 0x65, 0x78,
        0x43, 0x6f, 0x6f, 0x72, 0x64, 0x2e, 0x79, 0x3b, 0x0a, 0x0a, 0x20, 0x20, 0x20, 0x20, 0x2f, 0x2f,
        0x20, 0x4f, 0x6e, 0x6c, 0x79, 0x20, 0x61, 0x70, 0x70, 0x6c, 0x79, 0x20, 0x73, 0x68, 0x61, 0x64,
        0x6f, 0x77, 0x73, 0x20, 0x69, 0x66, 0x20, 0x77, 0x65, 0x27, 0x72, 0x65, 0x20, 0x69, 0x6e, 0x73,
        0x69, 0x64, 0x65, 0x20, 0x74, 0x68, 0x65, 0x20, 0x6c, 0x69, 0x67, 0x68, 0x74, 0x27, 0x73, 0x20,
        0x76, 0x69, 0x65, 0x77, 0x20, 0x66, 0x72, 0x75, 0x73, 0x74, 0x75, 0x6d, 0x0a, 0x20, 0x20, 0x20,
        0x20, 0x69, 0x66, 0x20, 0x28, 0x73, 0x68, 0x61, 0x64, 0x6f, 0x77, 0x54, 0x65, 0x78, 0x43, 0x6f,
        0x6f, 0x72, 0x64, 0x2e, 0x78, 0x20, 0x3e, 0x3d, 0x20, 0x30, 0x2e, 0x30, 0x20, 0x26, 0x26, 0x20,
        0x73, 0x68, 0x61, 0x64, 0x6f, 0x77, 0x54, 0x65, 0x78, 0x43, 0x6f, 0x6f, 0x72, 0x64, 0x2e, 0x78,
        0x20, 0x3c, 0x3d, 0x20, 0x31, 0x2e, 0x30, 0x20, 0x26, 0x26, 0x0a, 0x20, 0x20, 0x20, 0x20, 0x20,
        0x20, 0x20, 0x20, 0x73, 0x68, 0x61, 0x64, 0x6f, 0x77, 0x54, 0x65, 0x78, 0x43, 0x6f, 0x6f, 0x72,
        0x64, 0x2e, 0x79, 0x20, 0x3e, 0x3d, 0x20, 0x30, 0x2e, 0x30, 0x20, 0x26, 0x26, 0x20, 0x73, 0x68,
        0x61, 0x64, 0x6f, 0x77, 0x54, 0x65, 0x78, 0x43, 0x6f, 0x6f, 0x72, 0x64, 0x2e, 0x79, 0x20, 0x3c,
        0x3d, 0x20, 0x31, 0x2e, 0x30, 0x20, 0x26, 0x26, 0x0a, 0x20, 0x20, 0x20, 0x20, 0x20, 0x20, 0x20,
        0x20, 0x6c, 0x69, 0x67, 0x68, 0x74, 0x69, 0x6e, 0x67, 0x50, 0x6f, 0x73, 0x69, 0x74, 0x69, 0x6f,
        0x6e, 0x2e, 0x7a, 0x20, 0x3e, 0x20, 0x30, 0x2e, 0x30, 0x29, 0x0a, 0x20, 0x20, 0x20, 0x20, 0x7b,
        0x0a, 0x20, 0x20, 0x20, 0x20, 0x20, 0x20, 0x20, 0x20, 0x2f, 0x2f, 0x20, 0x47, 0x65, 0x74, 0x20,
        0x74, 0x68, 0x65, 0x20, 0x63, 0x75, 0x72, 0x72, 0x65, 0x6e, 0x74, 0x20, 0x64, 0x65, 0x70, 0x74,
        0x68, 0x20, 0x73, 0x74, 0x6f, 0x72, 0x65, 0x64, 0x20, 0x69, 0x6e, 0x20, 0x74, 0x68, 0x65, 0x20,
        0x73, 0x68, 0x61, 0x64, 0x6f, 0x77, 0x20, 0x6d, 0x61, 0x70, 0x0a, 0x20, 0x20, 0x20, 0x20, 0x20,
        0x20, 0x20, 0x20, 0x66, 0x6c, 0x6f, 0x61, 0x74, 0x20, 0x73, 0x68, 0x61, 0x64, 0x6f, 0x77, 0x64,
        0x65, 0x70, 0x74, 0x68, 0x20, 0x3d, 0x20, 0x73, 0x68, 0x61, 0x64, 0x6f, 0x77, 0x4d, 0x61, 0x70,
        0x53, 0x61, 0x6d, 0x70, 0x6c, 0x65, 0x72, 0x54, 0x65, 0x78, 0x74, 0x75, 0x72, 0x65, 0x2e, 0x53,
        0x61, 0x6d, 0x70, 0x6c, 0x65, 0x28, 0x73, 0x68, 0x61, 0x64, 0x6f, 0x77, 0x4d, 0x61, 0x70, 0x53,
        0x61, 0x6d, 0x70, 0x6c, 0x65, 0x72, 0x2c, 0x20, 0x73, 0x68, 0x61, 0x64, 0x6f, 0x77, 0x54, 0x65,
        0x78, 0x43, 0x6f, 0x6f, 0x72, 0x64, 0x29, 0x2e, 0x72, 0x3b, 0x0a, 0x0a, 0x20, 0x20, 0x20, 0x20,
        0x20, 0x20, 0x20, 0x20, 0x2f, 0x2f, 0x20, 0x43, 0x61, 0x6c, 0x63, 0x75, 0x6c, 0x61, 0x74, 0x65,
        0x20, 0x74, 0x68, 0x65, 0x20, 0x63, 0x75, 0x72, 0x72, 0x65, 0x6e, 0x74, 0x20, 0x70, 0x69, 0x78,
        0x65, 0x6c, 0x20, 0x64, 0x65, 0x70, 0x74, 0x68, 0x0a, 0x20, 0x20, 0x20, 0x20, 0x20, 0x20, 0x20,
        0x20, 0x2f, 0x2f, 0x20, 0x54, 0x68, 0x65, 0x20, 0x62, 0x69, 0x61, 0x73, 0x20, 0x69, 0x73, 0x20,
        0x75, 0x73, 0x65, 0x64, 0x20, 0x74, 0x6f, 0x20, 0x70, 0x72, 0x65, 0x76, 0x65, 0x6e, 0x74, 0x20,
        0x66, 0x6c, 0x6f, 0x61, 0x74, 0x69, 0x6e, 0x67, 0x20, 0x70, 0x6f, 0x69, 0x6e, 0x74, 0x20, 0x65,
        0x72, 0x72, 0x6f, 0x72, 0x73, 0x20, 0x74, 0x68, 0x61, 0x74, 0x20, 0x6f, 0x63, 0x63, 0x75, 0x72,
        0x20, 0x77, 0x68, 0x65, 0x6e, 0x0a, 0x20, 0x20, 0x20, 0x20, 0x20, 0x20, 0x20, 0x20, 0x2f, 0x2f,
        0x20, 0x74, 0x68, 0x65, 0x20, 0x70, 0x69, 0x78, 0x65, 0x6c, 0x20, 0x6f, 0x66, 0x20, 0x74, 0x68,
        0x65, 0x20, 0x6f, 0x63, 0x63, 0x6c, 0x75, 0x64, 0x65, 0x72, 0x20, 0x69, 0x73, 0x20, 0x62, 0x65,
        0x69, 0x6e, 0x67, 0x20, 0x64, 0x72, 0x61, 0x77, 0x6e, 0x0a, 0x20, 0x20, 0x20, 0x20, 0x20, 0x20,
        0x20, 0x20, 0x66, 0x6c, 0x6f, 0x61, 0x74, 0x20, 0x6f, 0x75, 0x72, 0x64, 0x65, 0x70, 0x74, 0x68,
        0x20, 0x3d, 0x20, 0x28, 0x6c, 0x69, 0x67, 0x68, 0x74, 0x69, 0x6e, 0x67, 0x50, 0x6f, 0x73, 0x69,
        0x74, 0x69, 0x6f, 0x6e, 0x2e, 0x7a, 0x20, 0x2f, 0x20, 0x6c, 0x69, 0x67, 0x68, 0x74, 0x69, 0x6e,
        0x67, 0x50, 0x6f, 0x73, 0x69, 0x74, 0x69, 0x6f, 0x6e, 0x2e, 0x77, 0x29, 0x3b, 0x0a, 0x0a, 0x20,
        0x20, 0x20, 0x20, 0x20, 0x20, 0x20, 0x20, 0x2f, 0x2f, 0x20, 0x53, 0x6c, 0x6f, 0x70, 0x65, 0x2d,
        0x73, 0x63, 0x61, 0x6c, 0x65, 0x64, 0x20, 0x62, 0x69, 0x61, 0x73, 0x20, 0x66, 0x72, 0x6f, 0x6d,
        0x20, 0x6c, 0x69, 0x67, 0x68, 0x74, 0x2d, 0x73, 0x70, 0x61, 0x63, 0x65, 0x20, 0x64, 0x65, 0x70,
        0x74, 0x68, 0x20, 0x64, 0x65, 0x72, 0x69, 0x76, 0x61, 0x74, 0x69, 0x76, 0x65, 0x73, 0x0a, 0x20,
        0x20, 0x20, 0x20, 0x20, 0x20, 0x20, 0x20, 0x66, 0x6c, 0x6f, 0x61, 0x74, 0x20, 0x64, 0x7a, 0x64,
        0x78, 0x20, 0x3d, 0x20, 0x64, 0x64, 0x78, 0x28, 0x6f, 0x75, 0x72, 0x64, 0x65, 0x70, 0x74, 0x68,
        0x29, 0x3b, 0x0a, 0x20, 0x20, 0x20, 0x20, 0x20, 0x20, 0x20, 0x20, 0x66, 0x6c, 0x6f, 0x61, 0x74,
        0x20, 0x64, 0x7a, 0x64, 0x79, 0x20, 0x3d, 0x20, 0x64, 0x64, 0x79, 0x28, 0x6f, 0x75, 0x72, 0x64,
        0x65, 0x70, 0x74, 0x68, 0x29, 0x3b, 0x0a, 0x20, 0x20, 0x20, 0x20, 0x20, 0x20, 0x20, 0x20, 0x66,
        0x6c, 0x6f, 0x61, 0x74, 0x20, 0x73, 0x6c, 0x6f, 0x70, 0x65, 0x46, 0x61, 0x63, 0x74, 0x6f, 0x72,
        0x20, 0x3d, 0x20, 0x73, 0x71, 0x72, 0x74, 0x28, 0x64, 0x7a, 0x64, 0x78, 0x20, 0x2a, 0x20, 0x64,
        0x7a, 0x64, 0x78, 0x20, 0x2b, 0x20, 0x64, 0x7a, 0x64, 0x79, 0x20, 0x2a, 0x20, 0x64, 0x7a, 0x64,
        0x79, 0x29, 0x3b, 0x0a, 0x20, 0x20, 0x20, 0x20, 0x20, 0x20, 0x20, 0x20, 0x66, 0x6c, 0x6f, 0x61,
        0x74, 0x20, 0x62, 0x69, 0x61, 0x73, 0x20, 0x3d, 0x20, 0x44, 0x65, 0x70, 0x74, 0x68, 0x42, 0x69,
        0x61, 0x73, 0x20, 0x2b, 0x20, 0x63, 0x6c, 0x61, 0x6d, 0x70, 0x28, 0x73, 0x6c, 0x6f, 0x70, 0x65,
        0x46, 0x61, 0x63, 0x74, 0x6f, 0x72, 0x20, 0x2a, 0x20, 0x31, 0x2e, 0x30, 0x2c, 0x20, 0x30, 0x2e,
        0x30, 0x2c, 0x20, 0x30, 0x2e, 0x30, 0x31, 0x29, 0x3b, 0x20, 0x2f, 0x2f, 0x20, 0x73, 0x6c, 0x6f,
        0x70, 0x65, 0x2d, 0x73, 0x63, 0x61, 0x6c, 0x65, 0x64, 0x20, 0x61, 0x64, 0x64, 0x2d, 0x6f, 0x6e,
        0x20, 0x28, 0x30, 0x20, 0x2e, 0x2e, 0x20, 0x30, 0x2e, 0x30, 0x31, 0x29, 0x0a, 0x0a, 0x20, 0x20,
        0x20, 0x20, 0x20, 0x20, 0x20, 0x20, 0x6f, 0x75, 0x72, 0x64, 0x65, 0x70, 0x74, 0x68, 0x20, 0x2d,
        0x3d, 0x20, 0x62, 0x69, 0x61, 0x73, 0x3b, 0x0a, 0x0a, 0x20, 0x20, 0x20, 0x20, 0x20, 0x20, 0x20,
        0x20, 0x2f, 0x2f, 0x20, 0x43, 0x68, 0x65, 0x63, 0x6b, 0x20, 0x74, 0x6f, 0x20, 0x73, 0x65, 0x65,
        0x20, 0x69, 0x66, 0x20, 0x74, 0x68, 0x69, 0x73, 0x20, 0x70, 0x69, 0x78, 0x65, 0x6c, 0x20, 0x69,
        0x73, 0x20, 0x69, 0x6e, 0x20, 0x66, 0x72, 0x6f, 0x6e, 0x74, 0x20, 0x6f, 0x72, 0x20, 0x62, 0x65,
        0x68, 0x69, 0x6e, 0x64, 0x20, 0x74, 0x68, 0x65, 0x20, 0x76, 0x61, 0x6c, 0x75, 0x65, 0x20, 0x69,
        0x6e, 0x20, 0x74, 0x68, 0x65, 0x20, 0x73, 0x68, 0x61, 0x64, 0x6f, 0x77, 0x20, 0x6d, 0x61, 0x70,
        0x0a, 0x20, 0x20, 0x20, 0x20, 0x20, 0x20, 0x20, 0x20, 0x69, 0x66, 0x20, 0x28, 0x73, 0x68, 0x61,
        0x64, 0x6f, 0x77, 0x64, 0x65, 0x70, 0x74, 0x68, 0x20, 0x3c, 0x20, 0x6f, 0x75, 0x72, 0x64, 0x65,
        0x70, 0x74, 0x68, 0x29, 0x0a, 0x20, 0x20, 0x20, 0x20, 0x20, 0x20, 0x20, 0x20, 0x7b, 0x0a, 0x20,
        0x20, 0x20, 0x20, 0x20, 0x20, 0x20, 0x20, 0x20, 0x20, 0x20, 0x20, 0x2f, 0x2f, 0x20, 0x54, 0x68,
        0x69, 0x73, 0x20, 0x70, 0x69, 0x78, 0x65, 0x6c, 0x20, 0x69, 0x73, 0x20, 0x6f, 0x63, 0x63, 0x6c,
        0x75, 0x64, 0x65, 0x64, 0x20, 0x66, 0x72, 0x6f, 0x6d, 0x20, 0x74, 0x68, 0x65, 0x20, 0x6c, 0x69,
        0x67, 0x68, 0x74, 0x0a, 0x20, 0x20, 0x20, 0x20, 0x20, 0x20, 0x20, 0x20, 0x20, 0x20, 0x20, 0x20,
        0x69, 0x73, 0x53, 0x68, 0x61, 0x64, 0x6f, 0x77, 0x65, 0x64, 0x20, 0x3d, 0x20, 0x74, 0x72, 0x75,
        0x65, 0x3b, 0x0a, 0x20, 0x20, 0x20, 0x20, 0x20, 0x20, 0x20, 0x20, 0x7d, 0x0a, 0x0a, 0x20, 0x20,
        0x20, 0x20, 0x20, 0x20, 0x20, 0x20, 0x69, 0x73, 0x49, 0x6e, 0x4c, 0x69, 0x67, 0x68, 0x74, 0x20,
        0x3d, 0x20, 0x74, 0x72, 0x75, 0x65, 0x3b, 0x0a, 0x20, 0x20, 0x20, 0x20, 0x7d, 0x20, 0x65, 0x6c,
        0x73, 0x65, 0x20, 0x7b, 0x0a, 0x20, 0x20, 0x20, 0x20, 0x20, 0x20, 0x20, 0x20, 0x69, 0x73, 0x49,
        0x6e, 0x4c, 0x69, 0x67, 0x68, 0x74, 0x20, 0x3d, 0x20, 0x66, 0x61, 0x6c, 0x73, 0x65, 0x3b, 0x0a,
        0x20, 0x20, 0x20, 0x20, 0x7d, 0x0a, 0x7d, 0x0a, 0x0a, 0x62, 0x6f, 0x6f, 0x6c, 0x20, 0x50, 0x53,
        0x5f, 0x49, 0x73, 0x53, 0x68, 0x61, 0x64, 0x6f, 0x77, 0x65, 0x64, 0x28, 0x0a, 0x20, 0x20, 0x20,
        0x20, 0x69, 0x6e, 0x20, 0x66, 0x6c, 0x6f, 0x61, 0x74, 0x34, 0x20, 0x77, 0x6f, 0x72, 0x6c, 0x64,
        0x50, 0x6f, 0x73, 0x2c, 0x0a, 0x20, 0x20, 0x20, 0x20, 0x69, 0x6e, 0x20, 0x66, 0x6c, 0x6f, 0x61,
        0x74, 0x33, 0x20, 0x66, 0x61, 0x63, 0x65, 0x4e, 0x6f, 0x72, 0x6d, 0x61, 0x6c, 0x0a, 0x29, 0x0a,
        0x7b, 0x0a, 0x20, 0x20, 0x20, 0x20, 0x69, 0x66, 0x20, 0x28, 0x4e, 0x75, 0x6d, 0x43, 0x61, 0x73,
        0x63, 0x61, 0x64, 0x65, 0x73, 0x20, 0x3e, 0x20, 0x30, 0x29, 0x0a, 0x20, 0x20, 0x20, 0x20, 0x7b,
        0x0a, 0x20, 0x20, 0x20, 0x20, 0x20, 0x20, 0x20, 0x20, 0x2f, 0x2f, 0x20, 0x48, 0x6f, 0x77, 0x20,
        0x6d, 0x75, 0x63, 0x68, 0x20, 0x64, 0x6f, 0x65, 0x73, 0x20, 0x74, 0x68, 0x69, 0x73, 0x20, 0x73,
        0x75, 0x72, 0x66, 0x61, 0x63, 0x65, 0x20, 0x66, 0x61, 0x63, 0x65, 0x20, 0x74, 0x68, 0x65, 0x20,
        0x6c, 0x69, 0x67, 0x68, 0x74, 0x3f, 0x0a, 0x20, 0x20, 0x20, 0x20, 0x20, 0x20, 0x20, 0x20, 0x2f,
        0x2f, 0x20, 0x4c, 0x69, 0x67, 0x68, 0x74, 0x44, 0x69, 0x72, 0x65, 0x63, 0x74, 0x69, 0x6f, 0x6e,
        0x20, 0x70, 0x6f, 0x69, 0x6e, 0x74, 0x73, 0x20, 0x54, 0x4f, 0x57, 0x41, 0x52, 0x44, 0x20, 0x74,
        0x68, 0x65, 0x20, 0x6c, 0x69, 0x67, 0x68, 0x74, 0x20, 0x28, 0x65, 0x2e, 0x67, 0x2e, 0x20, 0x28,
        0x30, 0x2c, 0x31, 0x2c, 0x30, 0x29, 0x20, 0x3d, 0x20, 0x6c, 0x69, 0x67, 0x68, 0x74, 0x20, 0x61,
        0x62, 0x6f, 0x76, 0x65, 0x29, 0x2e, 0x0a, 0x20, 0x20, 0x20, 0x20, 0x20, 0x20, 0x20, 0x20, 0x2f,
        0x2f, 0x20, 0x41, 0x20, 0x64, 0x6f, 0x74, 0x20, 0x70, 0x72, 0x6f, 0x64, 0x75, 0x63, 0x74, 0x20,
        0x6e, 0x65, 0x61, 0x72, 0x20, 0x30, 0x20, 0x6d, 0x65, 0x61, 0x6e, 0x73, 0x20, 0x74, 0x68, 0x65,
        0x20, 0x73, 0x75, 0x72, 0x66, 0x61, 0x63, 0x65, 0x20, 0x69, 0x73, 0x20, 0x70, 0x61, 0x72, 0x61,
        0x6c, 0x6c, 0x65, 0x6c, 0x20, 0x74, 0x6f, 0x20, 0x74, 0x68, 0x65, 0x20, 0x6c, 0x69, 0x67, 0x68,
        0x74, 0x20, 0x72, 0x61, 0x79, 0x73, 0x0a, 0x20, 0x20, 0x20, 0x20, 0x20, 0x20, 0x20, 0x20, 0x2f,
        0x2f, 0x20, 0xe2, 0x80, 0x94, 0x20, 0x74, 0x68, 0x65, 0x73, 0x65, 0x20, 0x61, 0x72, 0x65, 0x20,
        0x74, 0x68, 0x65, 0x20, 0x73, 0x75, 0x72, 0x66, 0x61, 0x63, 0x65, 0x73, 0x20, 0x74, 0x68, 0x61,
        0x74, 0x20, 0x66, 0x6c, 0x69, 0x63, 0x6b, 0x65, 0x72, 0x2e, 0x20, 0x53, 0x6b, 0x69, 0x70, 0x20,
        0x73, 0x68, 0x61, 0x64, 0x6f, 0x77, 0x69, 0x6e, 0x67, 0x20, 0x66, 0x6f, 0x72, 0x20, 0x74, 0x68,
        0x65, 0x6d, 0x2e, 0x0a, 0x20, 0x20, 0x20, 0x20, 0x20, 0x20, 0x20, 0x20, 0x66, 0x6c, 0x6f, 0x61,
        0x74, 0x20, 0x4e, 0x64, 0x6f, 0x74, 0x4c, 0x20, 0x3d, 0x20, 0x61, 0x62, 0x73, 0x28, 0x64, 0x6f,
        0x74, 0x28, 0x66, 0x61, 0x63, 0x65, 0x4e, 0x6f, 0x72, 0x6d, 0x61, 0x6c, 0x2c, 0x20, 0x4c, 0x69,
        0x67, 0x68, 0x74, 0x44, 0x69, 0x72, 0x65, 0x63, 0x74, 0x69, 0x6f, 0x6e, 0x29, 0x29, 0x3b, 0x0a,
        0x0a, 0x20, 0x20, 0x20, 0x20, 0x20, 0x20, 0x20, 0x20, 0x2f, 0x2f, 0x20, 0x54, 0x68, 0x72, 0x65,
        0x73, 0x68, 0x6f, 0x6c, 0x64, 0x20, 0x62, 0x65, 0x6c, 0x6f, 0x77, 0x20, 0x77, 0x68, 0x69, 0x63,
        0x68, 0x20, 0x77, 0x65, 0x20, 0x63, 0x6f, 0x6e, 0x73, 0x69, 0x64, 0x65, 0x72, 0x20, 0x74, 0x68,
        0x65, 0x20, 0x73, 0x75, 0x72, 0x66, 0x61, 0x63, 0x65, 0x20, 0x74, 0x6f, 0x6f, 0x20, 0x70, 0x61,
        0x72, 0x61, 0x6c, 0x6c, 0x65, 0x6c, 0x20, 0x74, 0x6f, 0x20, 0x73, 0x68, 0x61, 0x64, 0x6f, 0x77,
        0x20, 0x72, 0x65, 0x6c, 0x69, 0x61, 0x62, 0x6c, 0x79, 0x2e, 0x0a, 0x20, 0x20, 0x20, 0x20, 0x20,
        0x20, 0x20, 0x20, 0x2f, 0x2f, 0x20, 0x30, 0x2e, 0x31, 0x20, 0xe2, 0x89, 0x88, 0x20, 0x73, 0x75,
        0x72, 0x66, 0x61, 0x63, 0x65, 0x73, 0x20, 0x77, 0x69, 0x74, 0x68, 0x69, 0x6e, 0x20, 0x7e, 0x38,
        0x34, 0xc2, 0xb0, 0x20, 0x6f, 0x66, 0x20, 0x74, 0x68, 0x65, 0x20, 0x6c, 0x69, 0x67, 0x68, 0x74,
        0x20, 0x64, 0x69, 0x72, 0x65, 0x63, 0x74, 0x69, 0x6f, 0x6e, 0x20, 0x61, 0x72, 0x65, 0x20, 0x65,
        0x78, 0x63, 0x6c, 0x75, 0x64, 0x65, 0x64, 0x2e, 0x0a, 0x20, 0x20, 0x20, 0x20, 0x20, 0x20, 0x20,
        0x20, 0x69, 0x66, 0x20, 0x28, 0x4e, 0x64, 0x6f, 0x74, 0x4c, 0x20, 0x3e, 0x3d, 0x20, 0x30, 0x2e,
        0x30, 0x35, 0x29, 0x0a, 0x20, 0x20, 0x20, 0x20, 0x20, 0x20, 0x20, 0x20, 0x7b, 0x0a, 0x20, 0x20,
        0x20, 0x20, 0x20, 0x20, 0x20, 0x20, 0x20, 0x20, 0x20, 0x20, 0x62, 0x6f, 0x6f, 0x6c, 0x20, 0x69,
        0x73, 0x49, 0x6e, 0x4c, 0x69, 0x67, 0x68, 0x74, 0x30, 0x20, 0x3d, 0x20, 0x66, 0x61, 0x6c, 0x73,
        0x65, 0x3b, 0x0a, 0x20, 0x20, 0x20, 0x20, 0x20, 0x20, 0x20, 0x20, 0x20, 0x20, 0x20, 0x20, 0x62,
        0x6f, 0x6f, 0x6c, 0x20, 0x69, 0x73, 0x53, 0x68, 0x61, 0x64, 0x6f, 0x77, 0x65, 0x64, 0x30, 0x20,
        0x3d, 0x20, 0x66, 0x61, 0x6c, 0x73, 0x65, 0x3b, 0x0a, 0x20, 0x20, 0x20, 0x20, 0x20, 0x20, 0x20,
        0x20, 0x20, 0x20, 0x20, 0x20, 0x61, 0x70, 0x70, 0x6c, 0x79, 0x53, 0x68, 0x61, 0x64, 0x6f, 0x77,
        0x69, 0x6e, 0x67, 0x53, 0x69, 0x6e, 0x67, 0x6c, 0x65, 0x28, 0x77, 0x6f, 0x72, 0x6c, 0x64, 0x50,
        0x6f, 0x73, 0x2c, 0x20, 0x4c, 0x69, 0x67, 0x68, 0x74, 0x56, 0x69, 0x65, 0x77, 0x50, 0x72, 0x6f,
        0x6a, 0x30, 0x2c, 0x20, 0x53, 0x68, 0x61, 0x64, 0x6f, 0x77, 0x4d, 0x61, 0x70, 0x30, 0x2c, 0x20,
        0x53, 0x68, 0x61, 0x64, 0x6f, 0x77, 0x4d, 0x61, 0x70, 0x53, 0x61, 0x6d, 0x70, 0x6c, 0x65, 0x72,
        0x30, 0x2c, 0x20, 0x69, 0x73, 0x49, 0x6e, 0x4c, 0x69, 0x67, 0x68, 0x74, 0x30, 0x2c, 0x20, 0x69,
        0x73, 0x53, 0x68, 0x61, 0x64, 0x6f, 0x77, 0x65, 0x64, 0x30, 0x29, 0x3b, 0x0a, 0x20, 0x20, 0x20,
        0x20, 0x20, 0x20, 0x20, 0x20, 0x20, 0x20, 0x20, 0x20, 0x69, 0x66, 0x20, 0x28, 0x69, 0x73, 0x49,
        0x6e, 0x4c, 0x69, 0x67, 0x68, 0x74, 0x30, 0x29, 0x20, 0x72, 0x65, 0x74, 0x75, 0x72, 0x6e, 0x20,
        0x69, 0x73, 0x53, 0x68, 0x61, 0x64, 0x6f, 0x77, 0x65, 0x64, 0x30, 0x3b, 0x0a, 0x0a, 0x20, 0x20,
        0x20, 0x20, 0x20, 0x20, 0x20, 0x20, 0x20, 0x20, 0x20, 0x20, 0x69, 0x66, 0x20, 0x28, 0x4e, 0x75,
        0x6d, 0x43, 0x61, 0x73, 0x63, 0x61, 0x64, 0x65, 0x73, 0x20, 0x3e, 0x20, 0x31, 0x29, 0x0a, 0x20,
        0x20, 0x20, 0x20, 0x20, 0x20, 0x20, 0x20, 0x20, 0x20, 0x20, 0x20, 0x7b, 0x0a, 0x20, 0x20, 0x20,
        0x20, 0x20, 0x20, 0x20, 0x20, 0x20, 0x20, 0x20, 0x20, 0x20, 0x20, 0x20, 0x20, 0x62, 0x6f, 0x6f,
        0x6c, 0x20, 0x69, 0x73, 0x49, 0x6e, 0x4c, 0x69, 0x67, 0x68, 0x74, 0x31, 0x20, 0x3d, 0x20, 0x66,
        0x61, 0x6c, 0x73, 0x65, 0x3b, 0x0a, 0x20, 0x20, 0x20, 0x20, 0x20, 0x20, 0x20, 0x20, 0x20, 0x20,
        0x20, 0x20, 0x20, 0x20, 0x20, 0x20, 0x62, 0x6f, 0x6f, 0x6c, 0x20, 0x69, 0x73, 0x53, 0x68, 0x61,
        0x64, 0x6f, 0x77, 0x65, 0x64, 0x31, 0x20, 0x3d, 0x20, 0x66, 0x61, 0x6c, 0x73, 0x65, 0x3b, 0x0a,
        0x20, 0x20, 0x20, 0x20, 0x20, 0x20, 0x20, 0x20, 0x20, 0x20, 0x20, 0x20, 0x20, 0x20, 0x20, 0x20,
        0x61, 0x70, 0x70, 0x6c, 0x79, 0x53, 0x68, 0x61, 0x64, 0x6f, 0x77, 0x69, 0x6e, 0x67, 0x53, 0x69,
        0x6e, 0x67, 0x6c, 0x65, 0x28, 0x77, 0x6f, 0x72, 0x6c, 0x64, 0x50, 0x6f, 0x73, 0x2c, 0x20, 0x4c,
        0x69, 0x67, 0x68, 0x74, 0x56, 0x69, 0x65, 0x77, 0x50, 0x72, 0x6f, 0x6a, 0x31, 0x2c, 0x20, 0x53,
        0x68, 0x61, 0x64, 0x6f, 0x77, 0x4d, 0x61, 0x70, 0x31, 0x2c, 0x20, 0x53, 0x68, 0x61, 0x64, 0x6f,
        0x77, 0x4d, 0x61, 0x70, 0x53, 0x61, 0x6d, 0x70, 0x6c, 0x65, 0x72, 0x31, 0x2c, 0x20, 0x69, 0x73,
        0x49, 0x6e, 0x4c, 0x69, 0x67, 0x68, 0x74, 0x31, 0x2c, 0x20, 0x69, 0x73, 0x53, 0x68, 0x61, 0x64,
        0x6f, 0x77, 0x65, 0x64, 0x31, 0x29, 0x3b, 0x0a, 0x20, 0x20, 0x20, 0x20, 0x20, 0x20, 0x20, 0x20,
        0x20, 0x20, 0x20, 0x20, 0x20, 0x20, 0x20, 0x20, 0x69, 0x66, 0x20, 0x28, 0x69, 0x73, 0x49, 0x6e,
        0x4c, 0x69, 0x67, 0x68, 0x74, 0x31, 0x29, 0x20, 0x72, 0x65, 0x74, 0x75, 0x72, 0x6e, 0x20, 0x69,
        0x73, 0x53, 0x68, 0x61, 0x64, 0x6f, 0x77, 0x65, 0x64, 0x31, 0x3b, 0x0a, 0x0a, 0x20, 0x20, 0x20,
        0x20, 0x20, 0x20, 0x20, 0x20, 0x20, 0x20, 0x20, 0x20, 0x20, 0x20, 0x20, 0x20, 0x69, 0x66, 0x20,
        0x28, 0x4e, 0x75, 0x6d, 0x43, 0x61, 0x73, 0x63, 0x61, 0x64, 0x65, 0x73, 0x20, 0x3e, 0x20, 0x32,
        0x29, 0x0a, 0x20, 0x20, 0x20, 0x20, 0x20, 0x20, 0x20, 0x20, 0x20, 0x20, 0x20, 0x20, 0x20, 0x20,
        0x20, 0x20, 0x7b, 0x0a, 0x20, 0x20, 0x20, 0x20, 0x20, 0x20, 0x20, 0x20, 0x20, 0x20, 0x20, 0x20,
        0x20, 0x20, 0x20, 0x20, 0x20, 0x20, 0x20, 0x20, 0x62, 0x6f, 0x6f, 0x6c, 0x20, 0x69, 0x73, 0x49,
        0x6e, 0x4c, 0x69, 0x67, 0x68, 0x74, 0x32, 0x20, 0x3d, 0x20, 0x66, 0x61, 0x6c, 0x73, 0x65, 0x3b,
        0x0a, 0x20, 0x20, 0x20, 0x20, 0x20, 0x20, 0x20, 0x20, 0x20, 0x20, 0x20, 0x20, 0x20, 0x20, 0x20,
        0x20, 0x20, 0x20, 0x20, 0x20, 0x62, 0x6f, 0x6f, 0x6c, 0x20, 0x69, 0x73, 0x53, 0x68, 0x61, 0x64,
        0x6f, 0x77, 0x65, 0x64, 0x32, 0x20, 0x3d, 0x20, 0x66, 0x61, 0x6c, 0x73, 0x65, 0x3b, 0x0a, 0x20,
        0x20, 0x20, 0x20, 0x20, 0x20, 0x20, 0x20, 0x20, 0x20, 0x20, 0x20, 0x20, 0x20, 0x20, 0x20, 0x20,
        0x20, 0x20, 0x20, 0x61, 0x70, 0x70, 0x6c, 0x79, 0x53, 0x68, 0x61, 0x64, 0x6f, 0x77, 0x69, 0x6e,
        0x67, 0x53, 0x69, 0x6e, 0x67, 0x6c, 0x65, 0x28, 0x77, 0x6f, 0x72, 0x6c, 0x64, 0x50, 0x6f, 0x73,
        0x2c, 0x20, 0x4c, 0x69, 0x67, 0x68, 0x74, 0x56, 0x69, 0x65, 0x77, 0x50, 0x72, 0x6f, 0x6a, 0x32,
        0x2c, 0x20, 0x53, 0x68, 0x61, 0x64, 0x6f, 0x77, 0x4d, 0x61, 0x70, 0x32, 0x2c, 0x20, 0x53, 0x68,
        0x61, 0x64, 0x6f, 0x77, 0x4d, 0x61, 0x70, 0x53, 0x61, 0x6d, 0x70, 0x6c, 0x65, 0x72, 0x32, 0x2c,
        0x20, 0x69, 0x73, 0x49, 0x6e, 0x4c, 0x69, 0x67, 0x68, 0x74, 0x32, 0x2c, 0x20, 0x69, 0x73, 0x53,
        0x68, 0x61, 0x64, 0x6f, 0x77, 0x65, 0x64, 0x32, 0x29, 0x3b, 0x0a, 0x20, 0x20, 0x20, 0x20, 0x20,
        0x20, 0x20, 0x20, 0x20, 0x20, 0x20, 0x20, 0x20, 0x20, 0x20, 0x20, 0x20, 0x20, 0x20, 0x20, 0x69,
        0x66, 0x20, 0x28, 0x69, 0x73, 0x49, 0x6e, 0x4c, 0x69, 0x67, 0x68, 0x74, 0x32, 0x29, 0x20, 0x72,
        0x65, 0x74, 0x75, 0x72, 0x6e, 0x20, 0x69, 0x73, 0x53, 0x68, 0x61, 0x64, 0x6f, 0x77, 0x65, 0x64,
        0x32, 0x3b, 0x0a, 0x20, 0x20, 0x20, 0x20, 0x20, 0x20, 0x20, 0x20, 0x20, 0x20, 0x20, 0x20, 0x20,
        0x20, 0x20, 0x20, 0x7d, 0x0a, 0x20, 0x20, 0x20, 0x20, 0x20, 0x20, 0x20, 0x20, 0x20, 0x20, 0x20,
        0x20, 0x7d, 0x0a, 0x20, 0x20, 0x20, 0x20, 0x20, 0x20, 0x20, 0x20, 0x7d, 0x0a, 0x20, 0x20, 0x20,
        0x20, 0x7d, 0x0a, 0x0a, 0x20, 0x20, 0x20, 0x20, 0x72, 0x65, 0x74, 0x75, 0x72, 0x6e, 0x20, 0x66,
        0x61, 0x6c, 0x73, 0x65, 0x3b, 0x0a, 0x7d, 0x0a, 0x0a, 0x2f, 0x2f, 0x20, 0x4c, 0x65, 0x67, 0x61,
        0x63, 0x79, 0x20, 0x70, 0x61, 0x74, 0x68, 0x20, 0x66, 0x6f, 0x72, 0x20, 0x66, 0x75, 0x6c, 0x6c,
        0x62, 0x72, 0x69, 0x67, 0x68, 0x74, 0x20, 0x73, 0x68, 0x61, 0x64, 0x65, 0x72, 0x73, 0x20, 0x28,
        0x74, 0x65, 0x72, 0x72, 0x61, 0x69, 0x6e, 0x29, 0x20, 0x77, 0x69, 0x74, 0x68, 0x20, 0x6e, 0x6f,
        0x20, 0x64, 0x69, 0x66, 0x66, 0x75, 0x73, 0x65, 0x20, 0x74, 0x65, 0x72, 0x6d, 0x3a, 0x20, 0x64,
        0x61, 0x72, 0x6b, 0x65, 0x6e, 0x0a, 0x2f, 0x2f, 0x20, 0x74, 0x68, 0x65, 0x20, 0x63, 0x6f, 0x6c,
        0x6f, 0x72, 0x20, 0x6f, 0x6e, 0x63, 0x65, 0x20, 0x77, 0x68, 0x65, 0x72, 0x65, 0x20, 0x74, 0x68,
        0x65, 0x20, 0x70, 0x69, 0x78, 0x65, 0x6c, 0x20, 0x69, 0x73, 0x20, 0x73, 0x68, 0x61, 0x64, 0x6f,
        0x77, 0x65, 0x64, 0x2e, 0x20, 0x55, 0x73, 0x65, 0x64, 0x20, 0x62, 0x79, 0x20, 0x47, 0x72, 0x6f,
        0x75, 0x6e, 0x64, 0x2e, 0x66, 0x78, 0x20, 0x2f, 0x20, 0x4d, 0x6f, 0x75, 0x6e, 0x74, 0x61, 0x69,
        0x6e, 0x73, 0x2e, 0x66, 0x78, 0x2e, 0x0a, 0x76, 0x6f, 0x69, 0x64, 0x20, 0x50, 0x53, 0x5f, 0x41,
        0x70, 0x70, 0x6c, 0x79, 0x53, 0x68, 0x61, 0x64, 0x6f, 0x77, 0x69, 0x6e, 0x67, 0x28, 0x0a, 0x20,
        0x20, 0x20, 0x20, 0x69, 0x6e, 0x6f, 0x75, 0x74, 0x20, 0x66, 0x6c, 0x6f, 0x61, 0x74, 0x33, 0x20,
        0x64, 0x69, 0x66, 0x66, 0x75, 0x73, 0x65, 0x2c, 0x0a, 0x20, 0x20, 0x20, 0x20, 0x69, 0x6e, 0x20,
        0x66, 0x6c, 0x6f, 0x61, 0x74, 0x34, 0x20, 0x77, 0x6f, 0x72, 0x6c, 0x64, 0x50, 0x6f, 0x73, 0x2c,
        0x0a, 0x20, 0x20, 0x20, 0x20, 0x69, 0x6e, 0x20, 0x66, 0x6c, 0x6f, 0x61, 0x74, 0x33, 0x20, 0x66,
        0x61, 0x63, 0x65, 0x4e, 0x6f, 0x72, 0x6d, 0x61, 0x6c, 0x0a, 0x29, 0x0a, 0x7b, 0x0a, 0x20, 0x20,
        0x20, 0x20, 0x69, 0x66, 0x20, 0x28, 0x50, 0x53, 0x5f, 0x49, 0x73, 0x53, 0x68, 0x61, 0x64, 0x6f,
        0x77, 0x65, 0x64, 0x28, 0x77, 0x6f, 0x72, 0x6c, 0x64, 0x50, 0x6f, 0x73, 0x2c, 0x20, 0x66, 0x61,
        0x63, 0x65, 0x4e, 0x6f, 0x72, 0x6d, 0x61, 0x6c, 0x29, 0x29, 0x0a, 0x20, 0x20, 0x20, 0x20, 0x7b,
        0x0a, 0x20, 0x20, 0x20, 0x20, 0x20, 0x20, 0x20, 0x20, 0x64, 0x69, 0x66, 0x66, 0x75, 0x73, 0x65,
        0x20, 0x3d, 0x20, 0x64, 0x69, 0x66, 0x66, 0x75, 0x73, 0x65, 0x20, 0x2a, 0x20, 0x66, 0x6c, 0x6f,
        0x61, 0x74, 0x33, 0x28, 0x30, 0x2e, 0x35, 0x2c, 0x20, 0x30, 0x2e, 0x35, 0x2c, 0x20, 0x30, 0x2e,
        0x35, 0x29, 0x3b, 0x0a, 0x20, 0x20, 0x20, 0x20, 0x7d, 0x0a, 0x7d, 0x00, 0x04, 0x00, 0x0a, 0x00,
        0x47, 0x4c, 0x5f, 0x47, 0x4f, 0x4f, 0x47, 0x4c, 0x45, 0x5f, 0x63, 0x70, 0x70, 0x5f, 0x73, 0x74,
        0x79, 0x6c, 0x65, 0x5f, 0x6c, 0x69, 0x6e, 0x65, 0x5f, 0x64, 0x69, 0x72, 0x65, 0x63, 0x74, 0x69,
        0x76, 0x65, 0x00, 0x00, 0x04, 0x00, 0x08, 0x00, 0x47, 0x4c, 0x5f, 0x47, 0x4f, 0x4f, 0x47, 0x4c,
        0x45, 0x5f, 0x69, 0x6e, 0x63, 0x6c, 0x75, 0x64, 0x65, 0x5f, 0x64, 0x69, 0x72, 0x65, 0x63, 0x74,
        0x69, 0x76, 0x65, 0x00, 0x05, 0x00, 0x04, 0x00, 0x06, 0x00, 0x00, 0x00, 0x4d, 0x61, 0x69, 0x6e,
        0x56, 0x53, 0x00, 0x00, 0x05, 0x00, 0x04, 0x00, 0x43, 0x01, 0x00, 0x00, 0x24, 0x47, 0x6c, 0x6f,
        0x62, 0x61, 0x6c, 0x00, 0x06, 0x00, 0x07, 0x00, 0x43, 0x01, 0x00, 0x00, 0x00, 0x00, 0x00, 0x00,
        0x4c, 0x69, 0x67, 0x68, 0x74, 0x56, 0x69, 0x65, 0x77, 0x50, 0x72, 0x6f, 0x6a, 0x30, 0x00, 0x00,
        0x06, 0x00, 0x07, 0x00, 0x43, 0x01, 0x00, 0x00, 0x01, 0x00, 0x00, 0x00, 0x4c, 0x69, 0x67, 0x68,
        0x74, 0x56, 0x69, 0x65, 0x77, 0x50, 0x72, 0x6f, 0x6a, 0x31, 0x00, 0x00, 0x06, 0x00, 0x07, 0x00,
        0x43, 0x01, 0x00, 0x00, 0x02, 0x00, 0x00, 0x00, 0x4c, 0x69, 0x67, 0x68, 0x74, 0x56, 0x69, 0x65,
        0x77, 0x50, 0x72, 0x6f, 0x6a, 0x32, 0x00, 0x00, 0x06, 0x00, 0x06, 0x00, 0x43, 0x01, 0x00, 0x00,
        0x03, 0x00, 0x00, 0x00, 0x44, 0x65, 0x70, 0x74, 0x68, 0x42, 0x69, 0x61, 0x73, 0x00, 0x00, 0x00,
        0x06, 0x00, 0x06, 0x00, 0x43, 0x01, 0x00, 0x00, 0x04, 0x00, 0x00, 0x00, 0x4e, 0x75, 0x6d, 0x43,
        0x61, 0x73, 0x63, 0x61, 0x64, 0x65, 0x73, 0x00, 0x06, 0x00, 0x07, 0x00, 0x43, 0x01, 0x00, 0x00,
        0x05, 0x00, 0x00, 0x00, 0x4c, 0x69, 0x67, 0x68, 0x74, 0x44, 0x69, 0x72, 0x65, 0x63, 0x74, 0x69,
        0x6f, 0x6e, 0x00, 0x00, 0x06, 0x00, 0x05, 0x00, 0x43, 0x01, 0x00, 0x00, 0x06, 0x00, 0x00, 0x00,
        0x56, 0x69, 0x65, 0x77, 0x00, 0x00, 0x00, 0x00, 0x06, 0x00, 0x06, 0x00, 0x43, 0x01, 0x00, 0x00,
        0x07, 0x00, 0x00, 0x00, 0x50, 0x72, 0x6f, 0x6a, 0x65, 0x63, 0x74, 0x69, 0x6f, 0x6e, 0x00, 0x00,
        0x06, 0x00, 0x06, 0x00, 0x43, 0x01, 0x00, 0x00, 0x08, 0x00, 0x00, 0x00, 0x56, 0x69, 0x65, 0x77,
        0x50, 0x72, 0x6f, 0x6a, 0x00, 0x00, 0x00, 0x00, 0x06, 0x00, 0x06, 0x00, 0x43, 0x01, 0x00, 0x00,
        0x09, 0x00, 0x00, 0x00, 0x53, 0x6e, 0x61, 0x70, 0x43, 0x6f, 0x6c, 0x6f, 0x72, 0x00, 0x00, 0x00,
        0x06, 0x00, 0x07, 0x00, 0x43, 0x01, 0x00, 0x00, 0x0a, 0x00, 0x00, 0x00, 0x49, 0x73, 0x46, 0x75,
        0x6c, 0x6c, 0x62, 0x72, 0x69, 0x67, 0x68, 0x74, 0x00, 0x00, 0x00, 0x00, 0x06, 0x00, 0x07, 0x00,
        0x43, 0x01, 0x00, 0x00, 0x0b, 0x00, 0x00, 0x00, 0x55, 0x73, 0x65, 0x42, 0x61, 0x73, 0x65, 0x43,
        0x6f, 0x6c, 0x6f, 0x72, 0x00, 0x00, 0x00, 0x00, 0x06, 0x00, 0x06, 0x00, 0x43, 0x01, 0x00, 0x00,
        0x0c, 0x00, 0x00, 0x00, 0x42, 0x61, 0x73, 0x65, 0x43, 0x6f, 0x6c, 0x6f, 0x72, 0x00, 0x00, 0x00,
        0x06, 0x00, 0x06, 0x00, 0x43, 0x01, 0x00, 0x00, 0x0d, 0x00, 0x00, 0x00, 0x46, 0x6f, 0x67, 0x43,
        0x6f, 0x6c, 0x6f, 0x72, 0x00, 0x00, 0x00, 0x00, 0x06, 0x00, 0x06, 0x00, 0x43, 0x01, 0x00, 0x00,
        0x0e, 0x00, 0x00, 0x00, 0x46, 0x6f, 0x67, 0x44, 0x69, 0x73, 0x74, 0x61, 0x6e, 0x63, 0x65, 0x00,
        0x06, 0x00, 0x07, 0x00, 0x43, 0x01, 0x00, 0x00, 0x0f, 0x00, 0x00, 0x00, 0x46, 0x6f, 0x67, 0x4c,
        0x6f, 0x67, 0x44, 0x65, 0x6e, 0x73, 0x69, 0x74, 0x79, 0x00, 0x00, 0x00, 0x06, 0x00, 0x08, 0x00,
        0x43, 0x01, 0x00, 0x00, 0x10, 0x00, 0x00, 0x00, 0x45, 0x6e, 0x76, 0x69, 0x72, 0x6f, 0x6e, 0x6d,
        0x65, 0x6e, 0x74, 0x4c, 0x69, 0x67, 0x68, 0x74, 0x00, 0x00, 0x00, 0x00, 0x06, 0x00, 0x07, 0x00,
        0x43, 0x01, 0x00, 0x00, 0x11, 0x00, 0x00, 0x00, 0x43, 0x61, 0x6d, 0x65, 0x72, 0x61, 0x50, 0x6f,
        0x73, 0x69, 0x74, 0x69, 0x6f, 0x6e, 0x00, 0x00, 0x06, 0x00, 0x05, 0x00, 0x43, 0x01, 0x00, 0x00,
        0x12, 0x00, 0x00, 0x00, 0x41, 0x6c, 0x70, 0x68, 0x61, 0x00, 0x00, 0x00, 0x06, 0x00, 0x05, 0x00,
        0x43, 0x01, 0x00, 0x00, 0x13, 0x00, 0x00, 0x00, 0x45, 0x78, 0x70, 0x61, 0x6e, 0x64, 0x00, 0x00,
        0x06, 0x00, 0x06, 0x00, 0x43, 0x01, 0x00, 0x00, 0x14, 0x00, 0x00, 0x00, 0x52, 0x61, 0x6e, 0x64,
        0x6f, 0x6d, 0x46, 0x6c, 0x6f, 0x61, 0x74, 0x00, 0x06, 0x00, 0x05, 0x00, 0x43, 0x01, 0x00, 0x00,
        0x15, 0x00, 0x00, 0x00, 0x44, 0x61, 0x72, 0x6b, 0x65, 0x6e, 0x00, 0x00, 0x06, 0x00, 0x08, 0x00,
        0x43, 0x01, 0x00, 0x00, 0x16, 0x00, 0x00, 0x00, 0x43, 0x68, 0x61, 0x72, 0x67, 0x65, 0x64, 0x42,
        0x6c, 0x69, 0x6e, 0x6b, 0x41, 0x6d, 0x6f, 0x75, 0x6e, 0x74, 0x00, 0x00, 0x06, 0x00, 0x07, 0x00,
        0x43, 0x01, 0x00, 0x00, 0x17, 0x00, 0x00, 0x00, 0x48, 0x61, 0x6c, 0x66, 0x54, 0x68, 0x69, 0x63,
        0x6b, 0x6e, 0x65, 0x73, 0x73, 0x00, 0x00, 0x00, 0x06, 0x00, 0x06, 0x00, 0x43, 0x01, 0x00, 0x00,
        0x18, 0x00, 0x00, 0x00, 0x52, 0x65, 0x73, 0x6f, 0x6c, 0x75, 0x74, 0x69, 0x6f, 0x6e, 0x00, 0x00,
        0x06, 0x00, 0x0e, 0x00, 0x43, 0x01, 0x00, 0x00, 0x19, 0x00, 0x00, 0x00, 0x44, 0x69, 0x73, 0x74,
        0x61, 0x6e, 0x74, 0x4f, 0x75, 0x74, 0x6c, 0x69, 0x6e, 0x65, 0x44, 0x69, 0x73, 0x74, 0x61, 0x6e,
        0x63, 0x65, 0x46, 0x61, 0x6c, 0x6c, 0x6f, 0x66, 0x66, 0x57, 0x69, 0x74, 0x68, 0x43, 0x75, 0x74,
        0x6f, 0x66, 0x66, 0x4d, 0x61, 0x73, 0x6b, 0x00, 0x06, 0x00, 0x0b, 0x00, 0x43, 0x01, 0x00, 0x00,
        0x1a, 0x00, 0x00, 0x00, 0x44, 0x69, 0x73, 0x74, 0x61, 0x6e, 0x74, 0x4f, 0x75, 0x74, 0x6c, 0x69,
        0x6e, 0x65, 0x43, 0x6c, 0x61, 0x73, 0x73, 0x69, 0x63, 0x43, 0x75, 0x74, 0x6f, 0x66, 0x66, 0x4d,
        0x61, 0x73, 0x6b, 0x00, 0x06, 0x00, 0x0c, 0x00, 0x43, 0x01, 0x00, 0x00, 0x1b, 0x00, 0x00, 0x00,
        0x44, 0x69, 0x73, 0x74, 0x61, 0x6e, 0x74, 0x4f, 0x75, 0x74, 0x6c, 0x69, 0x6e, 0x65, 0x44, 0x69,
        0x73, 0x74, 0x61, 0x6e, 0x63, 0x65, 0x46, 0x61, 0x6c, 0x6c, 0x6f, 0x66, 0x66, 0x4d, 0x61, 0x73,
        0x6b, 0x00, 0x00, 0x00, 0x06, 0x00, 0x0b, 0x00, 0x43, 0x01, 0x00, 0x00, 0x1c, 0x00, 0x00, 0x00,
        0x4f, 0x75, 0x74, 0x6c, 0x69, 0x6e, 0x65, 0x43, 0x6c, 0x61, 0x73, 0x73, 0x69, 0x63, 0x43, 0x75,
        0x74, 0x6f, 0x66, 0x66, 0x44, 0x69, 0x73, 0x74, 0x61, 0x6e, 0x63, 0x65, 0x00, 0x00, 0x00, 0x00,
        0x06, 0x00, 0x0a, 0x00, 0x43, 0x01, 0x00, 0x00, 0x1d, 0x00, 0x00, 0x00, 0x4f, 0x75, 0x74, 0x6c,
        0x69, 0x6e, 0x65, 0x46, 0x61, 0x6c, 0x6c, 0x6f, 0x66, 0x66, 0x53, 0x74, 0x61, 0x72, 0x74, 0x44,
        0x69, 0x73, 0x74, 0x61, 0x6e, 0x63, 0x65, 0x00, 0x06, 0x00, 0x0b, 0x00, 0x43, 0x01, 0x00, 0x00,
        0x1e, 0x00, 0x00, 0x00, 0x4f, 0x75, 0x74, 0x6c, 0x69, 0x6e, 0x65, 0x46, 0x61, 0x6c, 0x6c, 0x6f,
        0x66, 0x66, 0x43, 0x75, 0x74, 0x6f, 0x66, 0x66, 0x44, 0x69, 0x73, 0x74, 0x61, 0x6e, 0x63, 0x65,
        0x00, 0x00, 0x00, 0x00, 0x06, 0x00, 0x0d, 0x00, 0x43, 0x01, 0x00, 0x00, 0x1f, 0x00, 0x00, 0x00,
        0x4f, 0x75, 0x74, 0x6c, 0x69, 0x6e, 0x65, 0x46, 0x61, 0x6c, 0x6c, 0x6f, 0x66, 0x66, 0x4c, 0x69,
        0x6e, 0x65, 0x61, 0x72, 0x46, 0x61, 0x64, 0x65, 0x53, 0x74, 0x61, 0x72, 0x74, 0x44, 0x69, 0x73,
        0x74, 0x61, 0x6e, 0x63, 0x65, 0x00, 0x00, 0x00, 0x06, 0x00, 0x0d, 0x00, 0x43, 0x01, 0x00, 0x00,
        0x20, 0x00, 0x00, 0x00, 0x4f, 0x75, 0x74, 0x6c, 0x69, 0x6e, 0x65, 0x46, 0x61, 0x6c, 0x6c, 0x6f,
        0x66, 0x66, 0x4c, 0x69, 0x6e, 0x65, 0x61, 0x72, 0x46, 0x61, 0x64, 0x65, 0x53, 0x74, 0x61, 0x72,
        0x74, 0x54, 0x68, 0x69, 0x63, 0x6b, 0x6e, 0x65, 0x73, 0x73, 0x00, 0x00, 0x06, 0x00, 0x0d, 0x00,
        0x43, 0x01, 0x00, 0x00, 0x21, 0x00, 0x00, 0x00, 0x4f, 0x75, 0x74, 0x6c, 0x69, 0x6e, 0x65, 0x46,
        0x61, 0x6c, 0x6c, 0x6f, 0x66, 0x66, 0x49, 0x6e, 0x76, 0x65, 0x72, 0x73, 0x65, 0x4c, 0x69, 0x6e,
        0x65, 0x61, 0x72, 0x46, 0x61, 0x64, 0x65, 0x4c, 0x65, 0x6e, 0x67, 0x74, 0x68, 0x00, 0x00, 0x00,
        0x05, 0x00, 0x03, 0x00, 0x45, 0x01, 0x00, 0x00, 0x00, 0x00, 0x00, 0x00, 0x05, 0x00, 0x06, 0x00,
        0xf4, 0x02, 0x00, 0x00, 0x69, 0x6e, 0x70, 0x75, 0x74, 0x2e, 0x50, 0x6f, 0x73, 0x69, 0x74, 0x69,
        0x6f, 0x6e, 0x41, 0x00, 0x05, 0x00, 0x06, 0x00, 0xf7, 0x02, 0x00, 0x00, 0x69, 0x6e, 0x70, 0x75,
        0x74, 0x2e, 0x50, 0x6f, 0x73, 0x69, 0x74, 0x69, 0x6f, 0x6e, 0x42, 0x00, 0x05, 0x00, 0x05, 0x00,
        0xfb, 0x02, 0x00, 0x00, 0x69, 0x6e, 0x70, 0x75, 0x74, 0x2e, 0x53, 0x69, 0x64, 0x65, 0x00, 0x00,
        0x05, 0x00, 0x06, 0x00, 0xfe, 0x02, 0x00, 0x00, 0x69, 0x6e, 0x70, 0x75, 0x74, 0x2e, 0x4e, 0x6f,
        0x72, 0x6d, 0x61, 0x6c, 0x00, 0x00, 0x00, 0x00, 0x05, 0x00, 0x05, 0x00, 0x01, 0x03, 0x00, 0x00,
        0x69, 0x6e, 0x70, 0x75, 0x74, 0x2e, 0x43, 0x6f, 0x6c, 0x6f, 0x72, 0x00, 0x05, 0x00, 0x06, 0x00,
        0x04, 0x03, 0x00, 0x00, 0x69, 0x6e, 0x70, 0x75, 0x74, 0x2e, 0x43, 0x65, 0x6e, 0x74, 0x72, 0x6f,
        0x69, 0x64, 0x00, 0x00, 0x05, 0x00, 0x07, 0x00, 0x07, 0x03, 0x00, 0x00, 0x69, 0x6e, 0x70, 0x75,
        0x74, 0x2e, 0x44, 0x65, 0x63, 0x61, 0x6c, 0x4f, 0x66, 0x66, 0x73, 0x65, 0x74, 0x00, 0x00, 0x00,
        0x05, 0x00, 0x04, 0x00, 0x0c, 0x03, 0x00, 0x00, 0x77, 0x6f, 0x72, 0x6c, 0x64, 0x00, 0x00, 0x00,
        0x05, 0x00, 0x05, 0x00, 0x10, 0x03, 0x00, 0x00, 0x70, 0x61, 0x72, 0x61, 0x6d, 0x65, 0x74, 0x65,
        0x72, 0x73, 0x00, 0x00, 0x05, 0x00, 0x05, 0x00, 0x13, 0x03, 0x00, 0x00, 0x70, 0x61, 0x72, 0x61,
        0x6d, 0x65, 0x74, 0x65, 0x72, 0x73, 0x32, 0x00, 0x05, 0x00, 0x09, 0x00, 0x20, 0x03, 0x00, 0x00,
        0x40, 0x65, 0x6e, 0x74, 0x72, 0x79, 0x50, 0x6f, 0x69, 0x6e, 0x74, 0x4f, 0x75, 0x74, 0x70, 0x75,
        0x74, 0x2e, 0x50, 0x6f, 0x73, 0x69, 0x74, 0x69, 0x6f, 0x6e, 0x00, 0x00, 0x05, 0x00, 0x08, 0x00,
        0x23, 0x03, 0x00, 0x00, 0x40, 0x65, 0x6e, 0x74, 0x72, 0x79, 0x50, 0x6f, 0x69, 0x6e, 0x74, 0x4f,
        0x75, 0x74, 0x70, 0x75, 0x74, 0x2e, 0x43, 0x6f, 0x6c, 0x6f, 0x72, 0x00, 0x05, 0x00, 0x09, 0x00,
        0x26, 0x03, 0x00, 0x00, 0x40, 0x65, 0x6e, 0x74, 0x72, 0x79, 0x50, 0x6f, 0x69, 0x6e, 0x74, 0x4f,
        0x75, 0x74, 0x70, 0x75, 0x74, 0x2e, 0x57, 0x6f, 0x72, 0x6c, 0x64, 0x50, 0x6f, 0x73, 0x00, 0x00,
        0x05, 0x00, 0x0a, 0x00, 0x2a, 0x03, 0x00, 0x00, 0x40, 0x65, 0x6e, 0x74, 0x72, 0x79, 0x50, 0x6f,
        0x69, 0x6e, 0x74, 0x4f, 0x75, 0x74, 0x70, 0x75, 0x74, 0x2e, 0x47, 0x65, 0x74, 0x73, 0x53, 0x68,
        0x61, 0x64, 0x6f, 0x77, 0x65, 0x64, 0x00, 0x00, 0x05, 0x00, 0x0a, 0x00, 0x2e, 0x03, 0x00, 0x00,
        0x40, 0x65, 0x6e, 0x74, 0x72, 0x79, 0x50, 0x6f, 0x69, 0x6e, 0x74, 0x4f, 0x75, 0x74, 0x70, 0x75,
        0x74, 0x2e, 0x4e, 0x6f, 0x72, 0x6d, 0x61, 0x6c, 0x57, 0x6f, 0x72, 0x6c, 0x64, 0x00, 0x00, 0x00,
        0x05, 0x00, 0x0a, 0x00, 0x31, 0x03, 0x00, 0x00, 0x40, 0x65, 0x6e, 0x74, 0x72, 0x79, 0x50, 0x6f,
        0x69, 0x6e, 0x74, 0x4f, 0x75, 0x74, 0x70, 0x75, 0x74, 0x2e, 0x56, 0x69, 0x65, 0x77, 0x4c, 0x65,
        0x6e, 0x67, 0x74, 0x68, 0x00, 0x00, 0x00, 0x00, 0x05, 0x00, 0x08, 0x00, 0x34, 0x03, 0x00, 0x00,
        0x40, 0x65, 0x6e, 0x74, 0x72, 0x79, 0x50, 0x6f, 0x69, 0x6e, 0x74, 0x4f, 0x75, 0x74, 0x70, 0x75,
        0x74, 0x2e, 0x4c, 0x69, 0x74, 0x00, 0x00, 0x00, 0x05, 0x00, 0x09, 0x00, 0x37, 0x03, 0x00, 0x00,
        0x40, 0x65, 0x6e, 0x74, 0x72, 0x79, 0x50, 0x6f, 0x69, 0x6e, 0x74, 0x4f, 0x75, 0x74, 0x70, 0x75,
        0x74, 0x2e, 0x44, 0x69, 0x66, 0x66, 0x75, 0x73, 0x65, 0x00, 0x00, 0x00, 0x05, 0x00, 0x05, 0x00,
        0x3c, 0x03, 0x00, 0x00, 0x53, 0x68, 0x61, 0x64, 0x6f, 0x77, 0x4d, 0x61, 0x70, 0x30, 0x00, 0x00,
        0x05, 0x00, 0x07, 0x00, 0x3f, 0x03, 0x00, 0x00, 0x53, 0x68, 0x61, 0x64, 0x6f, 0x77, 0x4d, 0x61,
        0x70, 0x53, 0x61, 0x6d, 0x70, 0x6c, 0x65, 0x72, 0x30, 0x00, 0x00, 0x00, 0x05, 0x00, 0x05, 0x00,
        0x40, 0x03, 0x00, 0x00, 0x53, 0x68, 0x61, 0x64, 0x6f, 0x77, 0x4d, 0x61, 0x70, 0x31, 0x00, 0x00,
        0x05, 0x00, 0x07, 0x00, 0x41, 0x03, 0x00, 0x00, 0x53, 0x68, 0x61, 0x64, 0x6f, 0x77, 0x4d, 0x61,
        0x70, 0x53, 0x61, 0x6d, 0x70, 0x6c, 0x65, 0x72, 0x31, 0x00, 0x00, 0x00, 0x05, 0x00, 0x05, 0x00,
        0x42, 0x03, 0x00, 0x00, 0x53, 0x68, 0x61, 0x64, 0x6f, 0x77, 0x4d, 0x61, 0x70, 0x32, 0x00, 0x00,
        0x05, 0x00, 0x07, 0x00, 0x43, 0x03, 0x00, 0x00, 0x53, 0x68, 0x61, 0x64, 0x6f, 0x77, 0x4d, 0x61,
        0x70, 0x53, 0x61, 0x6d, 0x70, 0x6c, 0x65, 0x72, 0x32, 0x00, 0x00, 0x00, 0x4a, 0x01, 0x06, 0x00,
        0x65, 0x6e, 0x74, 0x72, 0x79, 0x2d, 0x70, 0x6f, 0x69, 0x6e, 0x74, 0x20, 0x4d, 0x61, 0x69, 0x6e,
        0x56, 0x53, 0x00, 0x00, 0x4a, 0x01, 0x06, 0x00, 0x63, 0x6c, 0x69, 0x65, 0x6e, 0x74, 0x20, 0x76,
        0x75, 0x6c, 0x6b, 0x61, 0x6e, 0x31, 0x30, 0x30, 0x00, 0x00, 0x00, 0x00, 0x4a, 0x01, 0x06, 0x00,
        0x74, 0x61, 0x72, 0x67, 0x65, 0x74, 0x2d, 0x65, 0x6e, 0x76, 0x20, 0x73, 0x70, 0x69, 0x72, 0x76,
        0x31, 0x2e, 0x33, 0x00, 0x4a, 0x01, 0x07, 0x00, 0x74, 0x61, 0x72, 0x67, 0x65, 0x74, 0x2d, 0x65,
        0x6e, 0x76, 0x20, 0x76, 0x75, 0x6c, 0x6b, 0x61, 0x6e, 0x31, 0x2e, 0x31, 0x00, 0x00, 0x00, 0x00,
        0x4a, 0x01, 0x05, 0x00, 0x68, 0x6c, 0x73, 0x6c, 0x2d, 0x6f, 0x66, 0x66, 0x73, 0x65, 0x74, 0x73,
        0x00, 0x00, 0x00, 0x00, 0x47, 0x00, 0x03, 0x00, 0x43, 0x01, 0x00, 0x00, 0x02, 0x00, 0x00, 0x00,
        0x48, 0x00, 0x04, 0x00, 0x43, 0x01, 0x00, 0x00, 0x00, 0x00, 0x00, 0x00, 0x04, 0x00, 0x00, 0x00,
        0x48, 0x00, 0x05, 0x00, 0x43, 0x01, 0x00, 0x00, 0x00, 0x00, 0x00, 0x00, 0x07, 0x00, 0x00, 0x00,
        0x10, 0x00, 0x00, 0x00, 0x48, 0x00, 0x05, 0x00, 0x43, 0x01, 0x00, 0x00, 0x00, 0x00, 0x00, 0x00,
        0x23, 0x00, 0x00, 0x00, 0x00, 0x00, 0x00, 0x00, 0x48, 0x00, 0x04, 0x00, 0x43, 0x01, 0x00, 0x00,
        0x01, 0x00, 0x00, 0x00, 0x04, 0x00, 0x00, 0x00, 0x48, 0x00, 0x05, 0x00, 0x43, 0x01, 0x00, 0x00,
        0x01, 0x00, 0x00, 0x00, 0x07, 0x00, 0x00, 0x00, 0x10, 0x00, 0x00, 0x00, 0x48, 0x00, 0x05, 0x00,
        0x43, 0x01, 0x00, 0x00, 0x01, 0x00, 0x00, 0x00, 0x23, 0x00, 0x00, 0x00, 0x40, 0x00, 0x00, 0x00,
        0x48, 0x00, 0x04, 0x00, 0x43, 0x01, 0x00, 0x00, 0x02, 0x00, 0x00, 0x00, 0x04, 0x00, 0x00, 0x00,
        0x48, 0x00, 0x05, 0x00, 0x43, 0x01, 0x00, 0x00, 0x02, 0x00, 0x00, 0x00, 0x07, 0x00, 0x00, 0x00,
        0x10, 0x00, 0x00, 0x00, 0x48, 0x00, 0x05, 0x00, 0x43, 0x01, 0x00, 0x00, 0x02, 0x00, 0x00, 0x00,
        0x23, 0x00, 0x00, 0x00, 0x80, 0x00, 0x00, 0x00, 0x48, 0x00, 0x05, 0x00, 0x43, 0x01, 0x00, 0x00,
        0x03, 0x00, 0x00, 0x00, 0x23, 0x00, 0x00, 0x00, 0xc0, 0x00, 0x00, 0x00, 0x48, 0x00, 0x05, 0x00,
        0x43, 0x01, 0x00, 0x00, 0x04, 0x00, 0x00, 0x00, 0x23, 0x00, 0x00, 0x00, 0xc4, 0x00, 0x00, 0x00,
        0x48, 0x00, 0x05, 0x00, 0x43, 0x01, 0x00, 0x00, 0x05, 0x00, 0x00, 0x00, 0x23, 0x00, 0x00, 0x00,
        0xd0, 0x00, 0x00, 0x00, 0x48, 0x00, 0x04, 0x00, 0x43, 0x01, 0x00, 0x00, 0x06, 0x00, 0x00, 0x00,
        0x04, 0x00, 0x00, 0x00, 0x48, 0x00, 0x05, 0x00, 0x43, 0x01, 0x00, 0x00, 0x06, 0x00, 0x00, 0x00,
        0x07, 0x00, 0x00, 0x00, 0x10, 0x00, 0x00, 0x00, 0x48, 0x00, 0x05, 0x00, 0x43, 0x01, 0x00, 0x00,
        0x06, 0x00, 0x00, 0x00, 0x23, 0x00, 0x00, 0x00, 0xe0, 0x00, 0x00, 0x00, 0x48, 0x00, 0x04, 0x00,
        0x43, 0x01, 0x00, 0x00, 0x07, 0x00, 0x00, 0x00, 0x04, 0x00, 0x00, 0x00, 0x48, 0x00, 0x05, 0x00,
        0x43, 0x01, 0x00, 0x00, 0x07, 0x00, 0x00, 0x00, 0x07, 0x00, 0x00, 0x00, 0x10, 0x00, 0x00, 0x00,
        0x48, 0x00, 0x05, 0x00, 0x43, 0x01, 0x00, 0x00, 0x07, 0x00, 0x00, 0x00, 0x23, 0x00, 0x00, 0x00,
        0x20, 0x01, 0x00, 0x00, 0x48, 0x00, 0x04, 0x00, 0x43, 0x01, 0x00, 0x00, 0x08, 0x00, 0x00, 0x00,
        0x04, 0x00, 0x00, 0x00, 0x48, 0x00, 0x05, 0x00, 0x43, 0x01, 0x00, 0x00, 0x08, 0x00, 0x00, 0x00,
        0x07, 0x00, 0x00, 0x00, 0x10, 0x00, 0x00, 0x00, 0x48, 0x00, 0x05, 0x00, 0x43, 0x01, 0x00, 0x00,
        0x08, 0x00, 0x00, 0x00, 0x23, 0x00, 0x00, 0x00, 0x60, 0x01, 0x00, 0x00, 0x48, 0x00, 0x05, 0x00,
        0x43, 0x01, 0x00, 0x00, 0x09, 0x00, 0x00, 0x00, 0x23, 0x00, 0x00, 0x00, 0xa0, 0x01, 0x00, 0x00,
        0x48, 0x00, 0x05, 0x00, 0x43, 0x01, 0x00, 0x00, 0x0a, 0x00, 0x00, 0x00, 0x23, 0x00, 0x00, 0x00,
        0xac, 0x01, 0x00, 0x00, 0x48, 0x00, 0x05, 0x00, 0x43, 0x01, 0x00, 0x00, 0x0b, 0x00, 0x00, 0x00,
        0x23, 0x00, 0x00, 0x00, 0xb0, 0x01, 0x00, 0x00, 0x48, 0x00, 0x05, 0x00, 0x43, 0x01, 0x00, 0x00,
        0x0c, 0x00, 0x00, 0x00, 0x23, 0x00, 0x00, 0x00, 0xc0, 0x01, 0x00, 0x00, 0x48, 0x00, 0x05, 0x00,
        0x43, 0x01, 0x00, 0x00, 0x0d, 0x00, 0x00, 0x00, 0x23, 0x00, 0x00, 0x00, 0xd0, 0x01, 0x00, 0x00,
        0x48, 0x00, 0x05, 0x00, 0x43, 0x01, 0x00, 0x00, 0x0e, 0x00, 0x00, 0x00, 0x23, 0x00, 0x00, 0x00,
        0xdc, 0x01, 0x00, 0x00, 0x48, 0x00, 0x05, 0x00, 0x43, 0x01, 0x00, 0x00, 0x0f, 0x00, 0x00, 0x00,
        0x23, 0x00, 0x00, 0x00, 0xe0, 0x01, 0x00, 0x00, 0x48, 0x00, 0x05, 0x00, 0x43, 0x01, 0x00, 0x00,
        0x10, 0x00, 0x00, 0x00, 0x23, 0x00, 0x00, 0x00, 0xe8, 0x01, 0x00, 0x00, 0x48, 0x00, 0x05, 0x00,
        0x43, 0x01, 0x00, 0x00, 0x11, 0x00, 0x00, 0x00, 0x23, 0x00, 0x00, 0x00, 0xf0, 0x01, 0x00, 0x00,
        0x48, 0x00, 0x05, 0x00, 0x43, 0x01, 0x00, 0x00, 0x12, 0x00, 0x00, 0x00, 0x23, 0x00, 0x00, 0x00,
        0xfc, 0x01, 0x00, 0x00, 0x48, 0x00, 0x05, 0x00, 0x43, 0x01, 0x00, 0x00, 0x13, 0x00, 0x00, 0x00,
        0x23, 0x00, 0x00, 0x00, 0x00, 0x02, 0x00, 0x00, 0x48, 0x00, 0x05, 0x00, 0x43, 0x01, 0x00, 0x00,
        0x14, 0x00, 0x00, 0x00, 0x23, 0x00, 0x00, 0x00, 0x04, 0x02, 0x00, 0x00, 0x48, 0x00, 0x05, 0x00,
        0x43, 0x01, 0x00, 0x00, 0x15, 0x00, 0x00, 0x00, 0x23, 0x00, 0x00, 0x00, 0x08, 0x02, 0x00, 0x00,
        0x48, 0x00, 0x05, 0x00, 0x43, 0x01, 0x00, 0x00, 0x16, 0x00, 0x00, 0x00, 0x23, 0x00, 0x00, 0x00,
        0x0c, 0x02, 0x00, 0x00, 0x48, 0x00, 0x05, 0x00, 0x43, 0x01, 0x00, 0x00, 0x17, 0x00, 0x00, 0x00,
        0x23, 0x00, 0x00, 0x00, 0x10, 0x02, 0x00, 0x00, 0x48, 0x00, 0x05, 0x00, 0x43, 0x01, 0x00, 0x00,
        0x18, 0x00, 0x00, 0x00, 0x23, 0x00, 0x00, 0x00, 0x18, 0x02, 0x00, 0x00, 0x48, 0x00, 0x05, 0x00,
        0x43, 0x01, 0x00, 0x00, 0x19, 0x00, 0x00, 0x00, 0x23, 0x00, 0x00, 0x00, 0x20, 0x02, 0x00, 0x00,
        0x48, 0x00, 0x05, 0x00, 0x43, 0x01, 0x00, 0x00, 0x1a, 0x00, 0x00, 0x00, 0x23, 0x00, 0x00, 0x00,
        0x24, 0x02, 0x00, 0x00, 0x48, 0x00, 0x05, 0x00, 0x43, 0x01, 0x00, 0x00, 0x1b, 0x00, 0x00, 0x00,
        0x23, 0x00, 0x00, 0x00, 0x28, 0x02, 0x00, 0x00, 0x48, 0x00, 0x05, 0x00, 0x43, 0x01, 0x00, 0x00,
        0x1c, 0x00, 0x00, 0x00, 0x23, 0x00, 0x00, 0x00, 0x2c, 0x02, 0x00, 0x00, 0x48, 0x00, 0x05, 0x00,
        0x43, 0x01, 0x00, 0x00, 0x1d, 0x00, 0x00, 0x00, 0x23, 0x00, 0x00, 0x00, 0x30, 0x02, 0x00, 0x00,
        0x48, 0x00, 0x05, 0x00, 0x43, 0x01, 0x00, 0x00, 0x1e, 0x00, 0x00, 0x00, 0x23, 0x00, 0x00, 0x00,
        0x34, 0x02, 0x00, 0x00, 0x48, 0x00, 0x05, 0x00, 0x43, 0x01, 0x00, 0x00, 0x1f, 0x00, 0x00, 0x00,
        0x23, 0x00, 0x00, 0x00, 0x38, 0x02, 0x00, 0x00, 0x48, 0x00, 0x05, 0x00, 0x43, 0x01, 0x00, 0x00,
        0x20, 0x00, 0x00, 0x00, 0x23, 0x00, 0x00, 0x00, 0x3c, 0x02, 0x00, 0x00, 0x48, 0x00, 0x05, 0x00,
        0x43, 0x01, 0x00, 0x00, 0x21, 0x00, 0x00, 0x00, 0x23, 0x00, 0x00, 0x00, 0x40, 0x02, 0x00, 0x00,
        0x47, 0x00, 0x04, 0x00, 0x45, 0x01, 0x00, 0x00, 0x21, 0x00, 0x00, 0x00, 0x00, 0x00, 0x00, 0x00,
        0x47, 0x00, 0x04, 0x00, 0x45, 0x01, 0x00, 0x00, 0x22, 0x00, 0x00, 0x00, 0x00, 0x00, 0x00, 0x00,
        0x47, 0x00, 0x04, 0x00, 0xf4, 0x02, 0x00, 0x00, 0x1e, 0x00, 0x00, 0x00, 0x00, 0x00, 0x00, 0x00,
        0x47, 0x00, 0x04, 0x00, 0xf7, 0x02, 0x00, 0x00, 0x1e, 0x00, 0x00, 0x00, 0x01, 0x00, 0x00, 0x00,
        0x47, 0x00, 0x04, 0x00, 0xfb, 0x02, 0x00, 0x00, 0x1e, 0x00, 0x00, 0x00, 0x02, 0x00, 0x00, 0x00,
        0x47, 0x00, 0x04, 0x00, 0xfe, 0x02, 0x00, 0x00, 0x1e, 0x00, 0x00, 0x00, 0x03, 0x00, 0x00, 0x00,
        0x47, 0x00, 0x04, 0x00, 0x01, 0x03, 0x00, 0x00, 0x1e, 0x00, 0x00, 0x00, 0x04, 0x00, 0x00, 0x00,
        0x47, 0x00, 0x04, 0x00, 0x04, 0x03, 0x00, 0x00, 0x1e, 0x00, 0x00, 0x00, 0x05, 0x00, 0x00, 0x00,
        0x47, 0x00, 0x04, 0x00, 0x07, 0x03, 0x00, 0x00, 0x1e, 0x00, 0x00, 0x00, 0x06, 0x00, 0x00, 0x00,
        0x47, 0x00, 0x04, 0x00, 0x0c, 0x03, 0x00, 0x00, 0x1e, 0x00, 0x00, 0x00, 0x07, 0x00, 0x00, 0x00,
        0x47, 0x00, 0x04, 0x00, 0x10, 0x03, 0x00, 0x00, 0x1e, 0x00, 0x00, 0x00, 0x0b, 0x00, 0x00, 0x00,
        0x47, 0x00, 0x04, 0x00, 0x13, 0x03, 0x00, 0x00, 0x1e, 0x00, 0x00, 0x00, 0x0c, 0x00, 0x00, 0x00,
        0x47, 0x00, 0x04, 0x00, 0x20, 0x03, 0x00, 0x00, 0x0b, 0x00, 0x00, 0x00, 0x00, 0x00, 0x00, 0x00,
        0x47, 0x00, 0x04, 0x00, 0x23, 0x03, 0x00, 0x00, 0x1e, 0x00, 0x00, 0x00, 0x00, 0x00, 0x00, 0x00,
        0x47, 0x00, 0x04, 0x00, 0x26, 0x03, 0x00, 0x00, 0x1e, 0x00, 0x00, 0x00, 0x01, 0x00, 0x00, 0x00,
        0x47, 0x00, 0x04, 0x00, 0x2a, 0x03, 0x00, 0x00, 0x1e, 0x00, 0x00, 0x00, 0x02, 0x00, 0x00, 0x00,
        0x47, 0x00, 0x04, 0x00, 0x2e, 0x03, 0x00, 0x00, 0x1e, 0x00, 0x00, 0x00, 0x03, 0x00, 0x00, 0x00,
        0x47, 0x00, 0x04, 0x00, 0x31, 0x03, 0x00, 0x00, 0x1e, 0x00, 0x00, 0x00, 0x04, 0x00, 0x00, 0x00,
        0x47, 0x00, 0x04, 0x00, 0x34, 0x03, 0x00, 0x00, 0x1e, 0x00, 0x00, 0x00, 0x05, 0x00, 0x00, 0x00,
        0x47, 0x00, 0x04, 0x00, 0x37, 0x03, 0x00, 0x00, 0x1e, 0x00, 0x00, 0x00, 0x06, 0x00, 0x00, 0x00,
        0x47, 0x00, 0x04, 0x00, 0x3c, 0x03, 0x00, 0x00, 0x21, 0x00, 0x00, 0x00, 0x00, 0x00, 0x00, 0x00,
        0x47, 0x00, 0x04, 0x00, 0x3c, 0x03, 0x00, 0x00, 0x22, 0x00, 0x00, 0x00, 0x00, 0x00, 0x00, 0x00,
        0x47, 0x00, 0x04, 0x00, 0x3f, 0x03, 0x00, 0x00, 0x21, 0x00, 0x00, 0x00, 0x00, 0x00, 0x00, 0x00,
        0x47, 0x00, 0x04, 0x00, 0x3f, 0x03, 0x00, 0x00, 0x22, 0x00, 0x00, 0x00, 0x00, 0x00, 0x00, 0x00,
        0x47, 0x00, 0x04, 0x00, 0x40, 0x03, 0x00, 0x00, 0x21, 0x00, 0x00, 0x00, 0x01, 0x00, 0x00, 0x00,
        0x47, 0x00, 0x04, 0x00, 0x40, 0x03, 0x00, 0x00, 0x22, 0x00, 0x00, 0x00, 0x00, 0x00, 0x00, 0x00,
        0x47, 0x00, 0x04, 0x00, 0x41, 0x03, 0x00, 0x00, 0x21, 0x00, 0x00, 0x00, 0x01, 0x00, 0x00, 0x00,
        0x47, 0x00, 0x04, 0x00, 0x41, 0x03, 0x00, 0x00, 0x22, 0x00, 0x00, 0x00, 0x00, 0x00, 0x00, 0x00,
        0x47, 0x00, 0x04, 0x00, 0x42, 0x03, 0x00, 0x00, 0x21, 0x00, 0x00, 0x00, 0x02, 0x00, 0x00, 0x00,
        0x47, 0x00, 0x04, 0x00, 0x42, 0x03, 0x00, 0x00, 0x22, 0x00, 0x00, 0x00, 0x00, 0x00, 0x00, 0x00,
        0x47, 0x00, 0x04, 0x00, 0x43, 0x03, 0x00, 0x00, 0x21, 0x00, 0x00, 0x00, 0x02, 0x00, 0x00, 0x00,
        0x47, 0x00, 0x04, 0x00, 0x43, 0x03, 0x00, 0x00, 0x22, 0x00, 0x00, 0x00, 0x00, 0x00, 0x00, 0x00,
        0x13, 0x00, 0x02, 0x00, 0x04, 0x00, 0x00, 0x00, 0x21, 0x00, 0x03, 0x00, 0x05, 0x00, 0x00, 0x00,
        0x04, 0x00, 0x00, 0x00, 0x16, 0x00, 0x03, 0x00, 0x08, 0x00, 0x00, 0x00, 0x20, 0x00, 0x00, 0x00,
        0x17, 0x00, 0x04, 0x00, 0x09, 0x00, 0x00, 0x00, 0x08, 0x00, 0x00, 0x00, 0x04, 0x00, 0x00, 0x00,
        0x14, 0x00, 0x02, 0x00, 0x0b, 0x00, 0x00, 0x00, 0x17, 0x00, 0x04, 0x00, 0x1b, 0x00, 0x00, 0x00,
        0x08, 0x00, 0x00, 0x00, 0x03, 0x00, 0x00, 0x00, 0x18, 0x00, 0x04, 0x00, 0x47, 0x00, 0x00, 0x00,
        0x09, 0x00, 0x00, 0x00, 0x04, 0x00, 0x00, 0x00, 0x15, 0x00, 0x04, 0x00, 0x51, 0x00, 0x00, 0x00,
        0x20, 0x00, 0x00, 0x00, 0x00, 0x00, 0x00, 0x00, 0x2b, 0x00, 0x04, 0x00, 0x51, 0x00, 0x00, 0x00,
        0x52, 0x00, 0x00, 0x00, 0x00, 0x00, 0x00, 0x00, 0x2b, 0x00, 0x04, 0x00, 0x08, 0x00, 0x00, 0x00,
        0x55, 0x00, 0x00, 0x00, 0x00, 0x00, 0x00, 0x00, 0x2b, 0x00, 0x04, 0x00, 0x51, 0x00, 0x00, 0x00,
        0x57, 0x00, 0x00, 0x00, 0x01, 0x00, 0x00, 0x00, 0x2b, 0x00, 0x04, 0x00, 0x51, 0x00, 0x00, 0x00,
        0x5a, 0x00, 0x00, 0x00, 0x02, 0x00, 0x00, 0x00, 0x2b, 0x00, 0x04, 0x00, 0x51, 0x00, 0x00, 0x00,
        0x5e, 0x00, 0x00, 0x00, 0x03, 0x00, 0x00, 0x00, 0x2b, 0x00, 0x04, 0x00, 0x08, 0x00, 0x00, 0x00,
        0x65, 0x00, 0x00, 0x00, 0xab, 0xaa, 0xaa, 0xbe, 0x2b, 0x00, 0x04, 0x00, 0x08, 0x00, 0x00, 0x00,
        0x66, 0x00, 0x00, 0x00, 0xab, 0xaa, 0x2a, 0x3f, 0x2b, 0x00, 0x04, 0x00, 0x08, 0x00, 0x00, 0x00,
        0x67, 0x00, 0x00, 0x00, 0x00, 0x00, 0x80, 0xbf, 0x17, 0x00, 0x04, 0x00, 0x6a, 0x00, 0x00, 0x00,
        0x08, 0x00, 0x00, 0x00, 0x02, 0x00, 0x00, 0x00, 0x2b, 0x00, 0x04, 0x00, 0x08, 0x00, 0x00, 0x00,
        0xa6, 0x00, 0x00, 0x00, 0xff, 0xe6, 0xdb, 0x2e, 0x2b, 0x00, 0x04, 0x00, 0x08, 0x00, 0x00, 0x00,
        0xae, 0x00, 0x00, 0x00, 0x00, 0x00, 0xc0, 0x40, 0x2b, 0x00, 0x04, 0x00, 0x08, 0x00, 0x00, 0x00,
        0xc2, 0x00, 0x00, 0x00, 0x00, 0x00, 0x80, 0x3f, 0x2b, 0x00, 0x04, 0x00, 0x08, 0x00, 0x00, 0x00,
        0xc3, 0x00, 0x00, 0x00, 0xab, 0xaa, 0xaa, 0x3e, 0x2b, 0x00, 0x04, 0x00, 0x08, 0x00, 0x00, 0x00,
        0xc4, 0x00, 0x00, 0x00, 0x00, 0x00, 0x40, 0x40, 0x2c, 0x00, 0x06, 0x00, 0x1b, 0x00, 0x00, 0x00,
        0xda, 0x00, 0x00, 0x00, 0x55, 0x00, 0x00, 0x00, 0x55, 0x00, 0x00, 0x00, 0x55, 0x00, 0x00, 0x00,
        0x2c, 0x00, 0x06, 0x00, 0x1b, 0x00, 0x00, 0x00, 0xdb, 0x00, 0x00, 0x00, 0xc2, 0x00, 0x00, 0x00,
        0xc2, 0x00, 0x00, 0x00, 0xc2, 0x00, 0x00, 0x00, 0x2b, 0x00, 0x04, 0x00, 0x08, 0x00, 0x00, 0x00,
        0xe5, 0x00, 0x00, 0x00, 0x39, 0xd6, 0x4f, 0x41, 0x2b, 0x00, 0x04, 0x00, 0x08, 0x00, 0x00, 0x00,
        0xe8, 0x00, 0x00, 0x00, 0x8c, 0xee, 0x2a, 0x47, 0x2b, 0x00, 0x04, 0x00, 0x08, 0x00, 0x00, 0x00,
        0xf1, 0x00, 0x00, 0x00, 0xcd, 0xcc, 0xcc, 0x3d, 0x2b, 0x00, 0x04, 0x00, 0x08, 0x00, 0x00, 0x00,
        0xfa, 0x00, 0x00, 0x00, 0x00, 0x00, 0x70, 0x41, 0x2b, 0x00, 0x04, 0x00, 0x08, 0x00, 0x00, 0x00,
        0x01, 0x01, 0x00, 0x00, 0x00, 0x00, 0xf0, 0x41, 0x1e, 0x00, 0x24, 0x00, 0x43, 0x01, 0x00, 0x00,
        0x47, 0x00, 0x00, 0x00, 0x47, 0x00, 0x00, 0x00, 0x47, 0x00, 0x00, 0x00, 0x08, 0x00, 0x00, 0x00,
        0x08, 0x00, 0x00, 0x00, 0x1b, 0x00, 0x00, 0x00, 0x47, 0x00, 0x00, 0x00, 0x47, 0x00, 0x00, 0x00,
        0x47, 0x00, 0x00, 0x00, 0x1b, 0x00, 0x00, 0x00, 0x51, 0x00, 0x00, 0x00, 0x51, 0x00, 0x00, 0x00,
        0x1b, 0x00, 0x00, 0x00, 0x1b, 0x00, 0x00, 0x00, 0x08, 0x00, 0x00, 0x00, 0x08, 0x00, 0x00, 0x00,
        0x6a, 0x00, 0x00, 0x00, 0x1b, 0x00, 0x00, 0x00, 0x08, 0x00, 0x00, 0x00, 0x51, 0x00, 0x00, 0x00,
        0x08, 0x00, 0x00, 0x00, 0x08, 0x00, 0x00, 0x00, 0x08, 0x00, 0x00, 0x00, 0x08, 0x00, 0x00, 0x00,
        0x6a, 0x00, 0x00, 0x00, 0x08, 0x00, 0x00, 0x00, 0x08, 0x00, 0x00, 0x00, 0x08, 0x00, 0x00, 0x00,
        0x08, 0x00, 0x00, 0x00, 0x08, 0x00, 0x00, 0x00, 0x08, 0x00, 0x00, 0x00, 0x08, 0x00, 0x00, 0x00,
        0x08, 0x00, 0x00, 0x00, 0x08, 0x00, 0x00, 0x00, 0x20, 0x00, 0x04, 0x00, 0x44, 0x01, 0x00, 0x00,
        0x02, 0x00, 0x00, 0x00, 0x43, 0x01, 0x00, 0x00, 0x3b, 0x00, 0x04, 0x00, 0x44, 0x01, 0x00, 0x00,
        0x45, 0x01, 0x00, 0x00, 0x02, 0x00, 0x00, 0x00, 0x15, 0x00, 0x04, 0x00, 0x46, 0x01, 0x00, 0x00,
        0x20, 0x00, 0x00, 0x00, 0x01, 0x00, 0x00, 0x00, 0x2b, 0x00, 0x04, 0x00, 0x46, 0x01, 0x00, 0x00,
        0x47, 0x01, 0x00, 0x00, 0x1d, 0x00, 0x00, 0x00, 0x20, 0x00, 0x04, 0x00, 0x48, 0x01, 0x00, 0x00,
        0x02, 0x00, 0x00, 0x00, 0x08, 0x00, 0x00, 0x00, 0x2b, 0x00, 0x04, 0x00, 0x08, 0x00, 0x00, 0x00,
        0x4b, 0x01, 0x00, 0x00, 0x17, 0xb7, 0xd1, 0x38, 0x2b, 0x00, 0x04, 0x00, 0x46, 0x01, 0x00, 0x00,
        0x4e, 0x01, 0x00, 0x00, 0x17, 0x00, 0x00, 0x00, 0x2b, 0x00, 0x04, 0x00, 0x46, 0x01, 0x00, 0x00,
        0x58, 0x01, 0x00, 0x00, 0x1e, 0x00, 0x00, 0x00, 0x2b, 0x00, 0x04, 0x00, 0x46, 0x01, 0x00, 0x00,
        0x5d, 0x01, 0x00, 0x00, 0x21, 0x00, 0x00, 0x00, 0x2b, 0x00, 0x04, 0x00, 0x46, 0x01, 0x00, 0x00,
        0x63, 0x01, 0x00, 0x00, 0x20, 0x00, 0x00, 0x00, 0x2b, 0x00, 0x04, 0x00, 0x46, 0x01, 0x00, 0x00,
        0x6a, 0x01, 0x00, 0x00, 0x1f, 0x00, 0x00, 0x00, 0x2b, 0x00, 0x04, 0x00, 0x46, 0x01, 0x00, 0x00,
        0x78, 0x01, 0x00, 0x00, 0x19, 0x00, 0x00, 0x00, 0x2b, 0x00, 0x04, 0x00, 0x46, 0x01, 0x00, 0x00,
        0x7d, 0x01, 0x00, 0x00, 0x1b, 0x00, 0x00, 0x00, 0x2b, 0x00, 0x04, 0x00, 0x46, 0x01, 0x00, 0x00,
        0x8a, 0x01, 0x00, 0x00, 0x1c, 0x00, 0x00, 0x00, 0x2b, 0x00, 0x04, 0x00, 0x46, 0x01, 0x00, 0x00,
        0x9d, 0x01, 0x00, 0x00, 0x1a, 0x00, 0x00, 0x00, 0x2b, 0x00, 0x04, 0x00, 0x46, 0x01, 0x00, 0x00,
        0xc0, 0x01, 0x00, 0x00, 0x05, 0x00, 0x00, 0x00, 0x2b, 0x00, 0x04, 0x00, 0x46, 0x01, 0x00, 0x00,
        0xca, 0x01, 0x00, 0x00, 0x06, 0x00, 0x00, 0x00, 0x20, 0x00, 0x04, 0x00, 0xcb, 0x01, 0x00, 0x00,
        0x02, 0x00, 0x00, 0x00, 0x47, 0x00, 0x00, 0x00, 0x2b, 0x00, 0x04, 0x00, 0x08, 0x00, 0x00, 0x00,
        0xe4, 0x01, 0x00, 0x00, 0x00, 0x00, 0xc0, 0x3f, 0x17, 0x00, 0x04, 0x00, 0xec, 0x01, 0x00, 0x00,
        0x0b, 0x00, 0x00, 0x00, 0x03, 0x00, 0x00, 0x00, 0x2b, 0x00, 0x04, 0x00, 0x46, 0x01, 0x00, 0x00,
        0xfe, 0x01, 0x00, 0x00, 0x13, 0x00, 0x00, 0x00, 0x20, 0x00, 0x04, 0x00, 0xff, 0x01, 0x00, 0x00,
        0x02, 0x00, 0x00, 0x00, 0x51, 0x00, 0x00, 0x00, 0x2b, 0x00, 0x04, 0x00, 0x46, 0x01, 0x00, 0x00,
        0x07, 0x02, 0x00, 0x00, 0x14, 0x00, 0x00, 0x00, 0x2b, 0x00, 0x04, 0x00, 0x46, 0x01, 0x00, 0x00,
        0x27, 0x02, 0x00, 0x00, 0x08, 0x00, 0x00, 0x00, 0x2b, 0x00, 0x04, 0x00, 0x46, 0x01, 0x00, 0x00,
        0x41, 0x02, 0x00, 0x00, 0x18, 0x00, 0x00, 0x00, 0x20, 0x00, 0x04, 0x00, 0x42, 0x02, 0x00, 0x00,
        0x02, 0x00, 0x00, 0x00, 0x6a, 0x00, 0x00, 0x00, 0x2c, 0x00, 0x05, 0x00, 0x6a, 0x00, 0x00, 0x00,
        0x61, 0x02, 0x00, 0x00, 0xc2, 0x00, 0x00, 0x00, 0x55, 0x00, 0x00, 0x00, 0x17, 0x00, 0x04, 0x00,
        0x64, 0x02, 0x00, 0x00, 0x0b, 0x00, 0x00, 0x00, 0x02, 0x00, 0x00, 0x00, 0x2b, 0x00, 0x04, 0x00,
        0x46, 0x01, 0x00, 0x00, 0x6f, 0x02, 0x00, 0x00, 0x07, 0x00, 0x00, 0x00, 0x2b, 0x00, 0x04, 0x00,
        0x08, 0x00, 0x00, 0x00, 0x7d, 0x02, 0x00, 0x00, 0x00, 0x00, 0x00, 0x40, 0x2b, 0x00, 0x04, 0x00,
        0x46, 0x01, 0x00, 0x00, 0x84, 0x02, 0x00, 0x00, 0x0c, 0x00, 0x00, 0x00, 0x20, 0x00, 0x04, 0x00,
        0x85, 0x02, 0x00, 0x00, 0x02, 0x00, 0x00, 0x00, 0x1b, 0x00, 0x00, 0x00, 0x2b, 0x00, 0x04, 0x00,
        0x46, 0x01, 0x00, 0x00, 0x88, 0x02, 0x00, 0x00, 0x0b, 0x00, 0x00, 0x00, 0x2b, 0x00, 0x04, 0x00,
        0x08, 0x00, 0x00, 0x00, 0x99, 0x02, 0x00, 0x00, 0x0a, 0xd7, 0x23, 0x3c, 0x2c, 0x00, 0x07, 0x00,
        0x09, 0x00, 0x00, 0x00, 0xa2, 0x02, 0x00, 0x00, 0x7d, 0x02, 0x00, 0x00, 0x7d, 0x02, 0x00, 0x00,
        0x55, 0x00, 0x00, 0x00, 0xc2, 0x00, 0x00, 0x00, 0x2b, 0x00, 0x04, 0x00, 0x46, 0x01, 0x00, 0x00,
        0xa7, 0x02, 0x00, 0x00, 0x15, 0x00, 0x00, 0x00, 0x2b, 0x00, 0x04, 0x00, 0x08, 0x00, 0x00, 0x00,
        0xb9, 0x02, 0x00, 0x00, 0xcd, 0xcc, 0xcc, 0x3f, 0x2b, 0x00, 0x04, 0x00, 0x46, 0x01, 0x00, 0x00,
        0xc8, 0x02, 0x00, 0x00, 0x0a, 0x00, 0x00, 0x00, 0x2b, 0x00, 0x04, 0x00, 0x46, 0x01, 0x00, 0x00,
        0xd6, 0x02, 0x00, 0x00, 0x11, 0x00, 0x00, 0x00, 0x2b, 0x00, 0x04, 0x00, 0x46, 0x01, 0x00, 0x00,
        0xe6, 0x02, 0x00, 0x00, 0x12, 0x00, 0x00, 0x00, 0x20, 0x00, 0x04, 0x00, 0xf3, 0x02, 0x00, 0x00,
        0x01, 0x00, 0x00, 0x00, 0x1b, 0x00, 0x00, 0x00, 0x3b, 0x00, 0x04, 0x00, 0xf3, 0x02, 0x00, 0x00,
        0xf4, 0x02, 0x00, 0x00, 0x01, 0x00, 0x00, 0x00, 0x3b, 0x00, 0x04, 0x00, 0xf3, 0x02, 0x00, 0x00,
        0xf7, 0x02, 0x00, 0x00, 0x01, 0x00, 0x00, 0x00, 0x20, 0x00, 0x04, 0x00, 0xfa, 0x02, 0x00, 0x00,
        0x01, 0x00, 0x00, 0x00, 0x08, 0x00, 0x00, 0x00, 0x3b, 0x00, 0x04, 0x00, 0xfa, 0x02, 0x00, 0x00,
        0xfb, 0x02, 0x00, 0x00, 0x01, 0x00, 0x00, 0x00, 0x3b, 0x00, 0x04, 0x00, 0xf3, 0x02, 0x00, 0x00,
        0xfe, 0x02, 0x00, 0x00, 0x01, 0x00, 0x00, 0x00, 0x3b, 0x00, 0x04, 0x00, 0xf3, 0x02, 0x00, 0x00,
        0x01, 0x03, 0x00, 0x00, 0x01, 0x00, 0x00, 0x00, 0x3b, 0x00, 0x04, 0x00, 0xf3, 0x02, 0x00, 0x00,
        0x04, 0x03, 0x00, 0x00, 0x01, 0x00, 0x00, 0x00, 0x3b, 0x00, 0x04, 0x00, 0xfa, 0x02, 0x00, 0x00,
        0x07, 0x03, 0x00, 0x00, 0x01, 0x00, 0x00, 0x00, 0x20, 0x00, 0x04, 0x00, 0x0b, 0x03, 0x00, 0x00,
        0x01, 0x00, 0x00, 0x00, 0x47, 0x00, 0x00, 0x00, 0x3b, 0x00, 0x04, 0x00, 0x0b, 0x03, 0x00, 0x00,
        0x0c, 0x03, 0x00, 0x00, 0x01, 0x00, 0x00, 0x00, 0x20, 0x00, 0x04, 0x00, 0x0f, 0x03, 0x00, 0x00,
        0x01, 0x00, 0x00, 0x00, 0x09, 0x00, 0x00, 0x00, 0x3b, 0x00, 0x04, 0x00, 0x0f, 0x03, 0x00, 0x00,
        0x10, 0x03, 0x00, 0x00, 0x01, 0x00, 0x00, 0x00, 0x3b, 0x00, 0x04, 0x00, 0x0f, 0x03, 0x00, 0x00,
        0x13, 0x03, 0x00, 0x00, 0x01, 0x00, 0x00, 0x00, 0x20, 0x00, 0x04, 0x00, 0x1f, 0x03, 0x00, 0x00,
        0x03, 0x00, 0x00, 0x00, 0x09, 0x00, 0x00, 0x00, 0x3b, 0x00, 0x04, 0x00, 0x1f, 0x03, 0x00, 0x00,
        0x20, 0x03, 0x00, 0x00, 0x03, 0x00, 0x00, 0x00, 0x3b, 0x00, 0x04, 0x00, 0x1f, 0x03, 0x00, 0x00,
        0x23, 0x03, 0x00, 0x00, 0x03, 0x00, 0x00, 0x00, 0x3b, 0x00, 0x04, 0x00, 0x1f, 0x03, 0x00, 0x00,
        0x26, 0x03, 0x00, 0x00, 0x03, 0x00, 0x00, 0x00, 0x20, 0x00, 0x04, 0x00, 0x29, 0x03, 0x00, 0x00,
        0x03, 0x00, 0x00, 0x00, 0x08, 0x00, 0x00, 0x00, 0x3b, 0x00, 0x04, 0x00, 0x29, 0x03, 0x00, 0x00,
        0x2a, 0x03, 0x00, 0x00, 0x03, 0x00, 0x00, 0x00, 0x20, 0x00, 0x04, 0x00, 0x2d, 0x03, 0x00, 0x00,
        0x03, 0x00, 0x00, 0x00, 0x1b, 0x00, 0x00, 0x00, 0x3b, 0x00, 0x04, 0x00, 0x2d, 0x03, 0x00, 0x00,
        0x2e, 0x03, 0x00, 0x00, 0x03, 0x00, 0x00, 0x00, 0x3b, 0x00, 0x04, 0x00, 0x29, 0x03, 0x00, 0x00,
        0x31, 0x03, 0x00, 0x00, 0x03, 0x00, 0x00, 0x00, 0x3b, 0x00, 0x04, 0x00, 0x29, 0x03, 0x00, 0x00,
        0x34, 0x03, 0x00, 0x00, 0x03, 0x00, 0x00, 0x00, 0x3b, 0x00, 0x04, 0x00, 0x29, 0x03, 0x00, 0x00,
        0x37, 0x03, 0x00, 0x00, 0x03, 0x00, 0x00, 0x00, 0x19, 0x00, 0x09, 0x00, 0x3a, 0x03, 0x00, 0x00,
        0x08, 0x00, 0x00, 0x00, 0x01, 0x00, 0x00, 0x00, 0x00, 0x00, 0x00, 0x00, 0x00, 0x00, 0x00, 0x00,
        0x00, 0x00, 0x00, 0x00, 0x01, 0x00, 0x00, 0x00, 0x00, 0x00, 0x00, 0x00, 0x20, 0x00, 0x04, 0x00,
        0x3b, 0x03, 0x00, 0x00, 0x00, 0x00, 0x00, 0x00, 0x3a, 0x03, 0x00, 0x00, 0x3b, 0x00, 0x04, 0x00,
        0x3b, 0x03, 0x00, 0x00, 0x3c, 0x03, 0x00, 0x00, 0x00, 0x00, 0x00, 0x00, 0x1a, 0x00, 0x02, 0x00,
        0x3d, 0x03, 0x00, 0x00, 0x20, 0x00, 0x04, 0x00, 0x3e, 0x03, 0x00, 0x00, 0x00, 0x00, 0x00, 0x00,
        0x3d, 0x03, 0x00, 0x00, 0x3b, 0x00, 0x04, 0x00, 0x3e, 0x03, 0x00, 0x00, 0x3f, 0x03, 0x00, 0x00,
        0x00, 0x00, 0x00, 0x00, 0x3b, 0x00, 0x04, 0x00, 0x3b, 0x03, 0x00, 0x00, 0x40, 0x03, 0x00, 0x00,
        0x00, 0x00, 0x00, 0x00, 0x3b, 0x00, 0x04, 0x00, 0x3e, 0x03, 0x00, 0x00, 0x41, 0x03, 0x00, 0x00,
        0x00, 0x00, 0x00, 0x00, 0x3b, 0x00, 0x04, 0x00, 0x3b, 0x03, 0x00, 0x00, 0x42, 0x03, 0x00, 0x00,
        0x00, 0x00, 0x00, 0x00, 0x3b, 0x00, 0x04, 0x00, 0x3e, 0x03, 0x00, 0x00, 0x43, 0x03, 0x00, 0x00,
        0x00, 0x00, 0x00, 0x00, 0x2c, 0x00, 0x06, 0x00, 0x1b, 0x00, 0x00, 0x00, 0x0b, 0x06, 0x00, 0x00,
        0xc2, 0x00, 0x00, 0x00, 0x66, 0x00, 0x00, 0x00, 0xc3, 0x00, 0x00, 0x00, 0x2c, 0x00, 0x06, 0x00,
        0x1b, 0x00, 0x00, 0x00, 0x0c, 0x06, 0x00, 0x00, 0xc4, 0x00, 0x00, 0x00, 0xc4, 0x00, 0x00, 0x00,
        0xc4, 0x00, 0x00, 0x00, 0x08, 0x00, 0x04, 0x00, 0x01, 0x00, 0x00, 0x00, 0x75, 0x00, 0x00, 0x00,
        0x01, 0x00, 0x00, 0x00, 0x36, 0x00, 0x05, 0x00, 0x04, 0x00, 0x00, 0x00, 0x06, 0x00, 0x00, 0x00,
        0x00, 0x00, 0x00, 0x00, 0x05, 0x00, 0x00, 0x00, 0x3d, 0x01, 0x01, 0x00, 0xf8, 0x00, 0x02, 0x00,
        0x07, 0x00, 0x00, 0x00, 0x08, 0x00, 0x04, 0x00, 0x01, 0x00, 0x00, 0x00, 0x75, 0x00, 0x00, 0x00,
        0x00, 0x00, 0x00, 0x00, 0x3d, 0x00, 0x04, 0x00, 0x1b, 0x00, 0x00, 0x00, 0xf5, 0x02, 0x00, 0x00,
        0xf4, 0x02, 0x00, 0x00, 0x3d, 0x00, 0x04, 0x00, 0x1b, 0x00, 0x00, 0x00, 0xf8, 0x02, 0x00, 0x00,
        0xf7, 0x02, 0x00, 0x00, 0x3d, 0x00, 0x04, 0x00, 0x08, 0x00, 0x00, 0x00, 0xfc, 0x02, 0x00, 0x00,
        0xfb, 0x02, 0x00, 0x00, 0x3d, 0x00, 0x04, 0x00, 0x1b, 0x00, 0x00, 0x00, 0xff, 0x02, 0x00, 0x00,
        0xfe, 0x02, 0x00, 0x00, 0x3d, 0x00, 0x04, 0x00, 0x1b, 0x00, 0x00, 0x00, 0x02, 0x03, 0x00, 0x00,
        0x01, 0x03, 0x00, 0x00, 0x3d, 0x00, 0x04, 0x00, 0x1b, 0x00, 0x00, 0x00, 0x05, 0x03, 0x00, 0x00,
        0x04, 0x03, 0x00, 0x00, 0x3d, 0x00, 0x04, 0x00, 0x08, 0x00, 0x00, 0x00, 0x08, 0x03, 0x00, 0x00,
        0x07, 0x03, 0x00, 0x00, 0x3d, 0x00, 0x04, 0x00, 0x47, 0x00, 0x00, 0x00, 0x0d, 0x03, 0x00, 0x00,
        0x0c, 0x03, 0x00, 0x00, 0x08, 0x00, 0x04, 0x00, 0x02, 0x00, 0x00, 0x00, 0x03, 0x00, 0x00, 0x00,
        0x00, 0x00, 0x00, 0x00, 0x41, 0x00, 0x05, 0x00, 0xfa, 0x02, 0x00, 0x00, 0x6e, 0x04, 0x00, 0x00,
        0x10, 0x03, 0x00, 0x00, 0x52, 0x00, 0x00, 0x00, 0x3d, 0x00, 0x04, 0x00, 0x08, 0x00, 0x00, 0x00,
        0x6f, 0x04, 0x00, 0x00, 0x6e, 0x04, 0x00, 0x00, 0xba, 0x00, 0x05, 0x00, 0x0b, 0x00, 0x00, 0x00,
        0x70, 0x04, 0x00, 0x00, 0x6f, 0x04, 0x00, 0x00, 0x55, 0x00, 0x00, 0x00, 0x08, 0x00, 0x04, 0x00,
        0x02, 0x00, 0x00, 0x00, 0x04, 0x00, 0x00, 0x00, 0x00, 0x00, 0x00, 0x00, 0x41, 0x00, 0x05, 0x00,
        0xfa, 0x02, 0x00, 0x00, 0x71, 0x04, 0x00, 0x00, 0x10, 0x03, 0x00, 0x00, 0x57, 0x00, 0x00, 0x00,
        0x3d, 0x00, 0x04, 0x00, 0x08, 0x00, 0x00, 0x00, 0x72, 0x04, 0x00, 0x00, 0x71, 0x04, 0x00, 0x00,
        0x08, 0x00, 0x04, 0x00, 0x02, 0x00, 0x00, 0x00, 0x05, 0x00, 0x00, 0x00, 0x00, 0x00, 0x00, 0x00,
        0x41, 0x00, 0x05, 0x00, 0xfa, 0x02, 0x00, 0x00, 0x73, 0x04, 0x00, 0x00, 0x10, 0x03, 0x00, 0x00,
        0x5a, 0x00, 0x00, 0x00, 0x3d, 0x00, 0x04, 0x00, 0x08, 0x00, 0x00, 0x00, 0x74, 0x04, 0x00, 0x00,
        0x73, 0x04, 0x00, 0x00, 0x08, 0x00, 0x04, 0x00, 0x02, 0x00, 0x00, 0x00, 0x06, 0x00, 0x00, 0x00,
        0x00, 0x00, 0x00, 0x00, 0x41, 0x00, 0x05, 0x00, 0xfa, 0x02, 0x00, 0x00, 0x76, 0x04, 0x00, 0x00,
        0x10, 0x03, 0x00, 0x00, 0x5e, 0x00, 0x00, 0x00, 0x3d, 0x00, 0x04, 0x00, 0x08, 0x00, 0x00, 0x00,
        0x77, 0x04, 0x00, 0x00, 0x76, 0x04, 0x00, 0x00, 0xba, 0x00, 0x05, 0x00, 0x0b, 0x00, 0x00, 0x00,
        0x78, 0x04, 0x00, 0x00, 0x77, 0x04, 0x00, 0x00, 0x55, 0x00, 0x00, 0x00, 0x08, 0x00, 0x04, 0x00,
        0x02, 0x00, 0x00, 0x00, 0x0b, 0x00, 0x00, 0x00, 0x00, 0x00, 0x00, 0x00, 0x41, 0x00, 0x05, 0x00,
        0xfa, 0x02, 0x00, 0x00, 0x7a, 0x04, 0x00, 0x00, 0x13, 0x03, 0x00, 0x00, 0x52, 0x00, 0x00, 0x00,
        0x3d, 0x00, 0x04, 0x00, 0x08, 0x00, 0x00, 0x00, 0x7b, 0x04, 0x00, 0x00, 0x7a, 0x04, 0x00, 0x00,
        0x08, 0x00, 0x04, 0x00, 0x01, 0x00, 0x00, 0x00, 0x82, 0x00, 0x00, 0x00, 0x00, 0x00, 0x00, 0x00,
        0x51, 0x00, 0x05, 0x00, 0x08, 0x00, 0x00, 0x00, 0x80, 0x03, 0x00, 0x00, 0x05, 0x03, 0x00, 0x00,
        0x00, 0x00, 0x00, 0x00, 0x51, 0x00, 0x05, 0x00, 0x08, 0x00, 0x00, 0x00, 0x81, 0x03, 0x00, 0x00,
        0x05, 0x03, 0x00, 0x00, 0x01, 0x00, 0x00, 0x00, 0x51, 0x00, 0x05, 0x00, 0x08, 0x00, 0x00, 0x00,
        0x82, 0x03, 0x00, 0x00, 0x05, 0x03, 0x00, 0x00, 0x02, 0x00, 0x00, 0x00, 0x50, 0x00, 0x07, 0x00,
        0x09, 0x00, 0x00, 0x00, 0x83, 0x03, 0x00, 0x00, 0x80, 0x03, 0x00, 0x00, 0x81, 0x03, 0x00, 0x00,
        0x82, 0x03, 0x00, 0x00, 0xc2, 0x00, 0x00, 0x00, 0x91, 0x00, 0x05, 0x00, 0x09, 0x00, 0x00, 0x00,
        0x84, 0x03, 0x00, 0x00, 0x0d, 0x03, 0x00, 0x00, 0x83, 0x03, 0x00, 0x00, 0x4f, 0x00, 0x08, 0x00,
        0x1b, 0x00, 0x00, 0x00, 0x85, 0x03, 0x00, 0x00, 0x84, 0x03, 0x00, 0x00, 0x84, 0x03, 0x00, 0x00,
        0x00, 0x00, 0x00, 0x00, 0x01, 0x00, 0x00, 0x00, 0x02, 0x00, 0x00, 0x00, 0x08, 0x00, 0x04, 0x00,
        0x01, 0x00, 0x00, 0x00, 0x83, 0x00, 0x00, 0x00, 0x00, 0x00, 0x00, 0x00, 0x41, 0x00, 0x05, 0x00,
        0xcb, 0x01, 0x00, 0x00, 0x86, 0x03, 0x00, 0x00, 0x45, 0x01, 0x00, 0x00, 0xca, 0x01, 0x00, 0x00,
        0x3d, 0x00, 0x04, 0x00, 0x47, 0x00, 0x00, 0x00, 0x87, 0x03, 0x00, 0x00, 0x86, 0x03, 0x00, 0x00,
        0x51, 0x00, 0x05, 0x00, 0x08, 0x00, 0x00, 0x00, 0x89, 0x03, 0x00, 0x00, 0x84, 0x03, 0x00, 0x00,
        0x00, 0x00, 0x00, 0x00, 0x51, 0x00, 0x05, 0x00, 0x08, 0x00, 0x00, 0x00, 0x8a, 0x03, 0x00, 0x00,
        0x84, 0x03, 0x00, 0x00, 0x01, 0x00, 0x00, 0x00, 0x51, 0x00, 0x05, 0x00, 0x08, 0x00, 0x00, 0x00,
        0x8b, 0x03, 0x00, 0x00, 0x84, 0x03, 0x00, 0x00, 0x02, 0x00, 0x00, 0x00, 0x50, 0x00, 0x07, 0x00,
        0x09, 0x00, 0x00, 0x00, 0x8c, 0x03, 0x00, 0x00, 0x89, 0x03, 0x00, 0x00, 0x8a, 0x03, 0x00, 0x00,
        0x8b, 0x03, 0x00, 0x00, 0xc2, 0x00, 0x00, 0x00, 0x91, 0x00, 0x05, 0x00, 0x09, 0x00, 0x00, 0x00,
        0x8d, 0x03, 0x00, 0x00, 0x87, 0x03, 0x00, 0x00, 0x8c, 0x03, 0x00, 0x00, 0x51, 0x00, 0x05, 0x00,
        0x08, 0x00, 0x00, 0x00, 0x8e, 0x03, 0x00, 0x00, 0x8d, 0x03, 0x00, 0x00, 0x02, 0x00, 0x00, 0x00,
        0x7f, 0x00, 0x04, 0x00, 0x08, 0x00, 0x00, 0x00, 0x8f, 0x03, 0x00, 0x00, 0x8e, 0x03, 0x00, 0x00,
        0x08, 0x00, 0x04, 0x00, 0x01, 0x00, 0x00, 0x00, 0x53, 0x00, 0x00, 0x00, 0x00, 0x00, 0x00, 0x00,
        0x41, 0x00, 0x05, 0x00, 0x48, 0x01, 0x00, 0x00, 0x89, 0x04, 0x00, 0x00, 0x45, 0x01, 0x00, 0x00,
        0x47, 0x01, 0x00, 0x00, 0x3d, 0x00, 0x04, 0x00, 0x08, 0x00, 0x00, 0x00, 0x8a, 0x04, 0x00, 0x00,
        0x89, 0x04, 0x00, 0x00, 0x0c, 0x00, 0x07, 0x00, 0x08, 0x00, 0x00, 0x00, 0x8b, 0x04, 0x00, 0x00,
        0x03, 0x00, 0x00, 0x00, 0x28, 0x00, 0x00, 0x00, 0x8a, 0x04, 0x00, 0x00, 0x4b, 0x01, 0x00, 0x00,
        0x08, 0x00, 0x04, 0x00, 0x01, 0x00, 0x00, 0x00, 0x54, 0x00, 0x00, 0x00, 0x00, 0x00, 0x00, 0x00,
        0x41, 0x00, 0x05, 0x00, 0x48, 0x01, 0x00, 0x00, 0x8c, 0x04, 0x00, 0x00, 0x45, 0x01, 0x00, 0x00,
        0x4e, 0x01, 0x00, 0x00, 0x3d, 0x00, 0x04, 0x00, 0x08, 0x00, 0x00, 0x00, 0x8d, 0x04, 0x00, 0x00,
        0x8c, 0x04, 0x00, 0x00, 0x0c, 0x00, 0x07, 0x00, 0x08, 0x00, 0x00, 0x00, 0x90, 0x04, 0x00, 0x00,
        0x03, 0x00, 0x00, 0x00, 0x28, 0x00, 0x00, 0x00, 0x8f, 0x03, 0x00, 0x00, 0x4b, 0x01, 0x00, 0x00,
        0x88, 0x00, 0x05, 0x00, 0x08, 0x00, 0x00, 0x00, 0x91, 0x04, 0x00, 0x00, 0x8b, 0x04, 0x00, 0x00,
        0x90, 0x04, 0x00, 0x00, 0x0c, 0x00, 0x07, 0x00, 0x08, 0x00, 0x00, 0x00, 0x92, 0x04, 0x00, 0x00,
        0x03, 0x00, 0x00, 0x00, 0x25, 0x00, 0x00, 0x00, 0xc2, 0x00, 0x00, 0x00, 0x91, 0x04, 0x00, 0x00,
        0x85, 0x00, 0x05, 0x00, 0x08, 0x00, 0x00, 0x00, 0x93, 0x04, 0x00, 0x00, 0x8d, 0x04, 0x00, 0x00,
        0x92, 0x04, 0x00, 0x00, 0x08, 0x00, 0x04, 0x00, 0x01, 0x00, 0x00, 0x00, 0x59, 0x00, 0x00, 0x00,
        0x00, 0x00, 0x00, 0x00, 0x41, 0x00, 0x05, 0x00, 0x48, 0x01, 0x00, 0x00, 0x94, 0x04, 0x00, 0x00,
        0x45, 0x01, 0x00, 0x00, 0x58, 0x01, 0x00, 0x00, 0x3d, 0x00, 0x04, 0x00, 0x08, 0x00, 0x00, 0x00,
        0x95, 0x04, 0x00, 0x00, 0x94, 0x04, 0x00, 0x00, 0x81, 0x00, 0x05, 0x00, 0x08, 0x00, 0x00, 0x00,
        0x97, 0x04, 0x00, 0x00, 0x95, 0x04, 0x00, 0x00, 0x8e, 0x03, 0x00, 0x00, 0x41, 0x00, 0x05, 0x00,
        0x48, 0x01, 0x00, 0x00, 0x98, 0x04, 0x00, 0x00, 0x45, 0x01, 0x00, 0x00, 0x5d, 0x01, 0x00, 0x00,
        0x3d, 0x00, 0x04, 0x00, 0x08, 0x00, 0x00, 0x00, 0x99, 0x04, 0x00, 0x00, 0x98, 0x04, 0x00, 0x00,
        0x85, 0x00, 0x05, 0x00, 0x08, 0x00, 0x00, 0x00, 0x9a, 0x04, 0x00, 0x00, 0x97, 0x04, 0x00, 0x00,
        0x99, 0x04, 0x00, 0x00, 0x08, 0x00, 0x04, 0x00, 0x01, 0x00, 0x00, 0x00, 0x58, 0x00, 0x00, 0x00,
        0x00, 0x00, 0x00, 0x00, 0x0c, 0x00, 0x08, 0x00, 0x08, 0x00, 0x00, 0x00, 0x9b, 0x04, 0x00, 0x00,
        0x03, 0x00, 0x00, 0x00, 0x2b, 0x00, 0x00, 0x00, 0x9a, 0x04, 0x00, 0x00, 0x55, 0x00, 0x00, 0x00,
        0xc2, 0x00, 0x00, 0x00, 0x08, 0x00, 0x04, 0x00, 0x01, 0x00, 0x00, 0x00, 0x5a, 0x00, 0x00, 0x00,
        0x00, 0x00, 0x00, 0x00, 0x41, 0x00, 0x05, 0x00, 0x48, 0x01, 0x00, 0x00, 0x9c, 0x04, 0x00, 0x00,
        0x45, 0x01, 0x00, 0x00, 0x63, 0x01, 0x00, 0x00, 0x3d, 0x00, 0x04, 0x00, 0x08, 0x00, 0x00, 0x00,
        0x9d, 0x04, 0x00, 0x00, 0x9c, 0x04, 0x00, 0x00, 0x85, 0x00, 0x05, 0x00, 0x08, 0x00, 0x00, 0x00,
        0x9f, 0x04, 0x00, 0x00, 0x9d, 0x04, 0x00, 0x00, 0x9b, 0x04, 0x00, 0x00, 0x08, 0x00, 0x04, 0x00,
        0x01, 0x00, 0x00, 0x00, 0x5b, 0x00, 0x00, 0x00, 0x00, 0x00, 0x00, 0x00, 0x41, 0x00, 0x05, 0x00,
        0x48, 0x01, 0x00, 0x00, 0xa1, 0x04, 0x00, 0x00, 0x45, 0x01, 0x00, 0x00, 0x6a, 0x01, 0x00, 0x00,
        0x3d, 0x00, 0x04, 0x00, 0x08, 0x00, 0x00, 0x00, 0xa2, 0x04, 0x00, 0x00, 0xa1, 0x04, 0x00, 0x00,
        0x83, 0x00, 0x05, 0x00, 0x08, 0x00, 0x00, 0x00, 0xa3, 0x04, 0x00, 0x00, 0x8f, 0x03, 0x00, 0x00,
        0xa2, 0x04, 0x00, 0x00, 0x0c, 0x00, 0x06, 0x00, 0x08, 0x00, 0x00, 0x00, 0xa4, 0x04, 0x00, 0x00,
        0x03, 0x00, 0x00, 0x00, 0x06, 0x00, 0x00, 0x00, 0xa3, 0x04, 0x00, 0x00, 0x0c, 0x00, 0x08, 0x00,
        0x08, 0x00, 0x00, 0x00, 0xa5, 0x04, 0x00, 0x00, 0x03, 0x00, 0x00, 0x00, 0x2b, 0x00, 0x00, 0x00,
        0xa4, 0x04, 0x00, 0x00, 0x55, 0x00, 0x00, 0x00, 0xc2, 0x00, 0x00, 0x00, 0x08, 0x00, 0x04, 0x00,
        0x01, 0x00, 0x00, 0x00, 0x5c, 0x00, 0x00, 0x00, 0x00, 0x00, 0x00, 0x00, 0x0c, 0x00, 0x08, 0x00,
        0x08, 0x00, 0x00, 0x00, 0xa9, 0x04, 0x00, 0x00, 0x03, 0x00, 0x00, 0x00, 0x2e, 0x00, 0x00, 0x00,
        0x93, 0x04, 0x00, 0x00, 0x9f, 0x04, 0x00, 0x00, 0xa5, 0x04, 0x00, 0x00, 0x08, 0x00, 0x04, 0x00,
        0x01, 0x00, 0x00, 0x00, 0x5d, 0x00, 0x00, 0x00, 0x00, 0x00, 0x00, 0x00, 0x41, 0x00, 0x05, 0x00,
        0x48, 0x01, 0x00, 0x00, 0xac, 0x04, 0x00, 0x00, 0x45, 0x01, 0x00, 0x00, 0x78, 0x01, 0x00, 0x00,
        0x3d, 0x00, 0x04, 0x00, 0x08, 0x00, 0x00, 0x00, 0xad, 0x04, 0x00, 0x00, 0xac, 0x04, 0x00, 0x00,
        0x0c, 0x00, 0x08, 0x00, 0x08, 0x00, 0x00, 0x00, 0xae, 0x04, 0x00, 0x00, 0x03, 0x00, 0x00, 0x00,
        0x2e, 0x00, 0x00, 0x00, 0x93, 0x04, 0x00, 0x00, 0xa9, 0x04, 0x00, 0x00, 0xad, 0x04, 0x00, 0x00,
        0x08, 0x00, 0x04, 0x00, 0x01, 0x00, 0x00, 0x00, 0x61, 0x00, 0x00, 0x00, 0x00, 0x00, 0x00, 0x00,
        0x41, 0x00, 0x05, 0x00, 0x48, 0x01, 0x00, 0x00, 0xaf, 0x04, 0x00, 0x00, 0x45, 0x01, 0x00, 0x00,
        0x7d, 0x01, 0x00, 0x00, 0x3d, 0x00, 0x04, 0x00, 0x08, 0x00, 0x00, 0x00, 0xb0, 0x04, 0x00, 0x00,
        0xaf, 0x04, 0x00, 0x00, 0x08, 0x00, 0x04, 0x00, 0x01, 0x00, 0x00, 0x00, 0x62, 0x00, 0x00, 0x00,
        0x00, 0x00, 0x00, 0x00, 0x81, 0x00, 0x05, 0x00, 0x08, 0x00, 0x00, 0x00, 0xb3, 0x04, 0x00, 0x00,
        0xb0, 0x04, 0x00, 0x00, 0xad, 0x04, 0x00, 0x00, 0x08, 0x00, 0x04, 0x00, 0x01, 0x00, 0x00, 0x00,
        0x64, 0x00, 0x00, 0x00, 0x00, 0x00, 0x00, 0x00, 0x0c, 0x00, 0x08, 0x00, 0x08, 0x00, 0x00, 0x00,
        0xb8, 0x04, 0x00, 0x00, 0x03, 0x00, 0x00, 0x00, 0x2e, 0x00, 0x00, 0x00, 0x8d, 0x04, 0x00, 0x00,
        0xae, 0x04, 0x00, 0x00, 0xb3, 0x04, 0x00, 0x00, 0x08, 0x00, 0x04, 0x00, 0x01, 0x00, 0x00, 0x00,
        0x67, 0x00, 0x00, 0x00, 0x00, 0x00, 0x00, 0x00, 0x41, 0x00, 0x05, 0x00, 0x48, 0x01, 0x00, 0x00,
        0xba, 0x04, 0x00, 0x00, 0x45, 0x01, 0x00, 0x00, 0x8a, 0x01, 0x00, 0x00, 0x3d, 0x00, 0x04, 0x00,
        0x08, 0x00, 0x00, 0x00, 0xbb, 0x04, 0x00, 0x00, 0xba, 0x04, 0x00, 0x00, 0x83, 0x00, 0x05, 0x00,
        0x08, 0x00, 0x00, 0x00, 0xbc, 0x04, 0x00, 0x00, 0x8f, 0x03, 0x00, 0x00, 0xbb, 0x04, 0x00, 0x00,
        0x0c, 0x00, 0x06, 0x00, 0x08, 0x00, 0x00, 0x00, 0xbd, 0x04, 0x00, 0x00, 0x03, 0x00, 0x00, 0x00,
        0x06, 0x00, 0x00, 0x00, 0xbc, 0x04, 0x00, 0x00, 0x0c, 0x00, 0x08, 0x00, 0x08, 0x00, 0x00, 0x00,
        0xbe, 0x04, 0x00, 0x00, 0x03, 0x00, 0x00, 0x00, 0x2b, 0x00, 0x00, 0x00, 0xbd, 0x04, 0x00, 0x00,
        0x55, 0x00, 0x00, 0x00, 0xc2, 0x00, 0x00, 0x00, 0x08, 0x00, 0x04, 0x00, 0x01, 0x00, 0x00, 0x00,
        0x68, 0x00, 0x00, 0x00, 0x00, 0x00, 0x00, 0x00, 0x83, 0x00, 0x05, 0x00, 0x08, 0x00, 0x00, 0x00,
        0xc2, 0x04, 0x00, 0x00, 0x8f, 0x03, 0x00, 0x00, 0x95, 0x04, 0x00, 0x00, 0x0c, 0x00, 0x06, 0x00,
        0x08, 0x00, 0x00, 0x00, 0xc3, 0x04, 0x00, 0x00, 0x03, 0x00, 0x00, 0x00, 0x06, 0x00, 0x00, 0x00,
        0xc2, 0x04, 0x00, 0x00, 0x0c, 0x00, 0x08, 0x00, 0x08, 0x00, 0x00, 0x00, 0xc4, 0x04, 0x00, 0x00,
        0x03, 0x00, 0x00, 0x00, 0x2b, 0x00, 0x00, 0x00, 0xc3, 0x04, 0x00, 0x00, 0x55, 0x00, 0x00, 0x00,
        0xc2, 0x00, 0x00, 0x00, 0x08, 0x00, 0x04, 0x00, 0x01, 0x00, 0x00, 0x00, 0x69, 0x00, 0x00, 0x00,
        0x00, 0x00, 0x00, 0x00, 0x85, 0x00, 0x05, 0x00, 0x08, 0x00, 0x00, 0x00, 0xc8, 0x04, 0x00, 0x00,
        0xad, 0x04, 0x00, 0x00, 0xc4, 0x04, 0x00, 0x00, 0x08, 0x00, 0x04, 0x00, 0x01, 0x00, 0x00, 0x00,
        0x6a, 0x00, 0x00, 0x00, 0x00, 0x00, 0x00, 0x00, 0x41, 0x00, 0x05, 0x00, 0x48, 0x01, 0x00, 0x00,
        0xc9, 0x04, 0x00, 0x00, 0x45, 0x01, 0x00, 0x00, 0x9d, 0x01, 0x00, 0x00, 0x3d, 0x00, 0x04, 0x00,
        0x08, 0x00, 0x00, 0x00, 0xca, 0x04, 0x00, 0x00, 0xc9, 0x04, 0x00, 0x00, 0x85, 0x00, 0x05, 0x00,
        0x08, 0x00, 0x00, 0x00, 0xcc, 0x04, 0x00, 0x00, 0xca, 0x04, 0x00, 0x00, 0xbe, 0x04, 0x00, 0x00,
        0x08, 0x00, 0x04, 0x00, 0x01, 0x00, 0x00, 0x00, 0x6b, 0x00, 0x00, 0x00, 0x00, 0x00, 0x00, 0x00,
        0x0c, 0x00, 0x07, 0x00, 0x08, 0x00, 0x00, 0x00, 0xcf, 0x04, 0x00, 0x00, 0x03, 0x00, 0x00, 0x00,
        0x28, 0x00, 0x00, 0x00, 0xcc, 0x04, 0x00, 0x00, 0xc8, 0x04, 0x00, 0x00, 0x08, 0x00, 0x04, 0x00,
        0x01, 0x00, 0x00, 0x00, 0x8a, 0x00, 0x00, 0x00, 0x00, 0x00, 0x00, 0x00, 0x0c, 0x00, 0x06, 0x00,
        0x08, 0x00, 0x00, 0x00, 0x96, 0x03, 0x00, 0x00, 0x03, 0x00, 0x00, 0x00, 0x04, 0x00, 0x00, 0x00,
        0xfc, 0x02, 0x00, 0x00, 0xba, 0x00, 0x05, 0x00, 0x0b, 0x00, 0x00, 0x00, 0x97, 0x03, 0x00, 0x00,
        0x96, 0x03, 0x00, 0x00, 0xe4, 0x01, 0x00, 0x00, 0x50, 0x00, 0x06, 0x00, 0xec, 0x01, 0x00, 0x00,
        0x9c, 0x03, 0x00, 0x00, 0x97, 0x03, 0x00, 0x00, 0x97, 0x03, 0x00, 0x00, 0x97, 0x03, 0x00, 0x00,
        0xa9, 0x00, 0x06, 0x00, 0x1b, 0x00, 0x00, 0x00, 0x9d, 0x03, 0x00, 0x00, 0x9c, 0x03, 0x00, 0x00,
        0xf8, 0x02, 0x00, 0x00, 0xf5, 0x02, 0x00, 0x00, 0x08, 0x00, 0x04, 0x00, 0x01, 0x00, 0x00, 0x00,
        0x8b, 0x00, 0x00, 0x00, 0x00, 0x00, 0x00, 0x00, 0x0c, 0x00, 0x06, 0x00, 0x08, 0x00, 0x00, 0x00,
        0xa0, 0x03, 0x00, 0x00, 0x03, 0x00, 0x00, 0x00, 0x06, 0x00, 0x00, 0x00, 0xfc, 0x02, 0x00, 0x00,
        0x08, 0x00, 0x04, 0x00, 0x02, 0x00, 0x00, 0x00, 0x36, 0x00, 0x00, 0x00, 0x00, 0x00, 0x00, 0x00,
        0x8e, 0x00, 0x05, 0x00, 0x1b, 0x00, 0x00, 0x00, 0xd4, 0x04, 0x00, 0x00, 0xff, 0x02, 0x00, 0x00,
        0x08, 0x03, 0x00, 0x00, 0x8e, 0x00, 0x05, 0x00, 0x1b, 0x00, 0x00, 0x00, 0xd5, 0x04, 0x00, 0x00,
        0xd4, 0x04, 0x00, 0x00, 0xf1, 0x00, 0x00, 0x00, 0x83, 0x00, 0x05, 0x00, 0x1b, 0x00, 0x00, 0x00,
        0xd6, 0x04, 0x00, 0x00, 0x9d, 0x03, 0x00, 0x00, 0xd5, 0x04, 0x00, 0x00, 0x08, 0x00, 0x04, 0x00,
        0x01, 0x00, 0x00, 0x00, 0x8f, 0x00, 0x00, 0x00, 0x00, 0x00, 0x00, 0x00, 0x41, 0x00, 0x05, 0x00,
        0xff, 0x01, 0x00, 0x00, 0xa8, 0x03, 0x00, 0x00, 0x45, 0x01, 0x00, 0x00, 0xfe, 0x01, 0x00, 0x00,
        0x3d, 0x00, 0x04, 0x00, 0x51, 0x00, 0x00, 0x00, 0xa9, 0x03, 0x00, 0x00, 0xa8, 0x03, 0x00, 0x00,
        0xab, 0x00, 0x05, 0x00, 0x0b, 0x00, 0x00, 0x00, 0xaa, 0x03, 0x00, 0x00, 0xa9, 0x03, 0x00, 0x00,
        0x52, 0x00, 0x00, 0x00, 0xf7, 0x00, 0x03, 0x00, 0xb4, 0x03, 0x00, 0x00, 0x00, 0x00, 0x00, 0x00,
        0xfa, 0x00, 0x04, 0x00, 0xaa, 0x03, 0x00, 0x00, 0xac, 0x03, 0x00, 0x00, 0xb4, 0x03, 0x00, 0x00,
        0xf8, 0x00, 0x02, 0x00, 0xac, 0x03, 0x00, 0x00, 0x08, 0x00, 0x04, 0x00, 0x01, 0x00, 0x00, 0x00,
        0x91, 0x00, 0x00, 0x00, 0x00, 0x00, 0x00, 0x00, 0x41, 0x00, 0x05, 0x00, 0x48, 0x01, 0x00, 0x00,
        0xb0, 0x03, 0x00, 0x00, 0x45, 0x01, 0x00, 0x00, 0x07, 0x02, 0x00, 0x00, 0x3d, 0x00, 0x04, 0x00,
        0x08, 0x00, 0x00, 0x00, 0xb1, 0x03, 0x00, 0x00, 0xb0, 0x03, 0x00, 0x00, 0x08, 0x00, 0x04, 0x00,
        0x02, 0x00, 0x00, 0x00, 0x40, 0x00, 0x00, 0x00, 0x00, 0x00, 0x00, 0x00, 0x83, 0x00, 0x05, 0x00,
        0x1b, 0x00, 0x00, 0x00, 0xdf, 0x04, 0x00, 0x00, 0xd6, 0x04, 0x00, 0x00, 0x05, 0x03, 0x00, 0x00,
        0x0c, 0x00, 0x06, 0x00, 0x1b, 0x00, 0x00, 0x00, 0xe0, 0x04, 0x00, 0x00, 0x03, 0x00, 0x00, 0x00,
        0x45, 0x00, 0x00, 0x00, 0xdf, 0x04, 0x00, 0x00, 0x08, 0x00, 0x04, 0x00, 0x02, 0x00, 0x00, 0x00,
        0x42, 0x00, 0x00, 0x00, 0x00, 0x00, 0x00, 0x00, 0x41, 0x00, 0x05, 0x00, 0xfa, 0x02, 0x00, 0x00,
        0xe1, 0x04, 0x00, 0x00, 0x04, 0x03, 0x00, 0x00, 0x52, 0x00, 0x00, 0x00, 0x3d, 0x00, 0x04, 0x00,
        0x08, 0x00, 0x00, 0x00, 0xe2, 0x04, 0x00, 0x00, 0xe1, 0x04, 0x00, 0x00, 0x81, 0x00, 0x05, 0x00,
        0x08, 0x00, 0x00, 0x00, 0xe4, 0x04, 0x00, 0x00, 0xe2, 0x04, 0x00, 0x00, 0xb1, 0x03, 0x00, 0x00,
        0x08, 0x00, 0x04, 0x00, 0x02, 0x00, 0x00, 0x00, 0x2c, 0x00, 0x00, 0x00, 0x00, 0x00, 0x00, 0x00,
        0x85, 0x00, 0x05, 0x00, 0x08, 0x00, 0x00, 0x00, 0xff, 0x04, 0x00, 0x00, 0xe4, 0x04, 0x00, 0x00,
        0xe5, 0x00, 0x00, 0x00, 0x0c, 0x00, 0x06, 0x00, 0x08, 0x00, 0x00, 0x00, 0x00, 0x05, 0x00, 0x00,
        0x03, 0x00, 0x00, 0x00, 0x0d, 0x00, 0x00, 0x00, 0xff, 0x04, 0x00, 0x00, 0x85, 0x00, 0x05, 0x00,
        0x08, 0x00, 0x00, 0x00, 0x01, 0x05, 0x00, 0x00, 0x00, 0x05, 0x00, 0x00, 0xe8, 0x00, 0x00, 0x00,
        0x0c, 0x00, 0x06, 0x00, 0x08, 0x00, 0x00, 0x00, 0x02, 0x05, 0x00, 0x00, 0x03, 0x00, 0x00, 0x00,
        0x0a, 0x00, 0x00, 0x00, 0x01, 0x05, 0x00, 0x00, 0x08, 0x00, 0x04, 0x00, 0x02, 0x00, 0x00, 0x00,
        0x42, 0x00, 0x00, 0x00, 0x00, 0x00, 0x00, 0x00, 0x85, 0x00, 0x05, 0x00, 0x08, 0x00, 0x00, 0x00,
        0xe6, 0x04, 0x00, 0x00, 0x02, 0x05, 0x00, 0x00, 0x01, 0x01, 0x00, 0x00, 0x83, 0x00, 0x05, 0x00,
        0x08, 0x00, 0x00, 0x00, 0xe7, 0x04, 0x00, 0x00, 0xfa, 0x00, 0x00, 0x00, 0xe6, 0x04, 0x00, 0x00,
        0x08, 0x00, 0x04, 0x00, 0x02, 0x00, 0x00, 0x00, 0x43, 0x00, 0x00, 0x00, 0x00, 0x00, 0x00, 0x00,
        0x41, 0x00, 0x05, 0x00, 0xfa, 0x02, 0x00, 0x00, 0xe8, 0x04, 0x00, 0x00, 0x04, 0x03, 0x00, 0x00,
        0x57, 0x00, 0x00, 0x00, 0x3d, 0x00, 0x04, 0x00, 0x08, 0x00, 0x00, 0x00, 0xe9, 0x04, 0x00, 0x00,
        0xe8, 0x04, 0x00, 0x00, 0x81, 0x00, 0x05, 0x00, 0x08, 0x00, 0x00, 0x00, 0xeb, 0x04, 0x00, 0x00,
        0xe9, 0x04, 0x00, 0x00, 0xb1, 0x03, 0x00, 0x00, 0x08, 0x00, 0x04, 0x00, 0x02, 0x00, 0x00, 0x00,
        0x2c, 0x00, 0x00, 0x00, 0x00, 0x00, 0x00, 0x00, 0x85, 0x00, 0x05, 0x00, 0x08, 0x00, 0x00, 0x00,
        0x06, 0x05, 0x00, 0x00, 0xeb, 0x04, 0x00, 0x00, 0xe5, 0x00, 0x00, 0x00, 0x0c, 0x00, 0x06, 0x00,
        0x08, 0x00, 0x00, 0x00, 0x07, 0x05, 0x00, 0x00, 0x03, 0x00, 0x00, 0x00, 0x0d, 0x00, 0x00, 0x00,
        0x06, 0x05, 0x00, 0x00, 0x85, 0x00, 0x05, 0x00, 0x08, 0x00, 0x00, 0x00, 0x08, 0x05, 0x00, 0x00,
        0x07, 0x05, 0x00, 0x00, 0xe8, 0x00, 0x00, 0x00, 0x0c, 0x00, 0x06, 0x00, 0x08, 0x00, 0x00, 0x00,
        0x09, 0x05, 0x00, 0x00, 0x03, 0x00, 0x00, 0x00, 0x0a, 0x00, 0x00, 0x00, 0x08, 0x05, 0x00, 0x00,
        0x08, 0x00, 0x04, 0x00, 0x02, 0x00, 0x00, 0x00, 0x43, 0x00, 0x00, 0x00, 0x00, 0x00, 0x00, 0x00,
        0x85, 0x00, 0x05, 0x00, 0x08, 0x00, 0x00, 0x00, 0xed, 0x04, 0x00, 0x00, 0x09, 0x05, 0x00, 0x00,
        0x01, 0x01, 0x00, 0x00, 0x83, 0x00, 0x05, 0x00, 0x08, 0x00, 0x00, 0x00, 0xee, 0x04, 0x00, 0x00,
        0xfa, 0x00, 0x00, 0x00, 0xed, 0x04, 0x00, 0x00, 0x08, 0x00, 0x04, 0x00, 0x02, 0x00, 0x00, 0x00,
        0x44, 0x00, 0x00, 0x00, 0x00, 0x00, 0x00, 0x00, 0x41, 0x00, 0x05, 0x00, 0xfa, 0x02, 0x00, 0x00,
        0xef, 0x04, 0x00, 0x00, 0x04, 0x03, 0x00, 0x00, 0x5a, 0x00, 0x00, 0x00, 0x3d, 0x00, 0x04, 0x00,
        0x08, 0x00, 0x00, 0x00, 0xf0, 0x04, 0x00, 0x00, 0xef, 0x04, 0x00, 0x00, 0x81, 0x00, 0x05, 0x00,
        0x08, 0x00, 0x00, 0x00, 0xf2, 0x04, 0x00, 0x00, 0xf0, 0x04, 0x00, 0x00, 0xb1, 0x03, 0x00, 0x00,
        0x08, 0x00, 0x04, 0x00, 0x02, 0x00, 0x00, 0x00, 0x2c, 0x00, 0x00, 0x00, 0x00, 0x00, 0x00, 0x00,
        0x85, 0x00, 0x05, 0x00, 0x08, 0x00, 0x00, 0x00, 0x0d, 0x05, 0x00, 0x00, 0xf2, 0x04, 0x00, 0x00,
        0xe5, 0x00, 0x00, 0x00, 0x0c, 0x00, 0x06, 0x00, 0x08, 0x00, 0x00, 0x00, 0x0e, 0x05, 0x00, 0x00,
        0x03, 0x00, 0x00, 0x00, 0x0d, 0x00, 0x00, 0x00, 0x0d, 0x05, 0x00, 0x00, 0x85, 0x00, 0x05, 0x00,
        0x08, 0x00, 0x00, 0x00, 0x0f, 0x05, 0x00, 0x00, 0x0e, 0x05, 0x00, 0x00, 0xe8, 0x00, 0x00, 0x00,
        0x0c, 0x00, 0x06, 0x00, 0x08, 0x00, 0x00, 0x00, 0x10, 0x05, 0x00, 0x00, 0x03, 0x00, 0x00, 0x00,
        0x0a, 0x00, 0x00, 0x00, 0x0f, 0x05, 0x00, 0x00, 0x08, 0x00, 0x04, 0x00, 0x02, 0x00, 0x00, 0x00,
        0x44, 0x00, 0x00, 0x00, 0x00, 0x00, 0x00, 0x00, 0x85, 0x00, 0x05, 0x00, 0x08, 0x00, 0x00, 0x00,
        0xf4, 0x04, 0x00, 0x00, 0x10, 0x05, 0x00, 0x00, 0x01, 0x01, 0x00, 0x00, 0x83, 0x00, 0x05, 0x00,
        0x08, 0x00, 0x00, 0x00, 0xf5, 0x04, 0x00, 0x00, 0xfa, 0x00, 0x00, 0x00, 0xf4, 0x04, 0x00, 0x00,
        0x08, 0x00, 0x04, 0x00, 0x02, 0x00, 0x00, 0x00, 0x45, 0x00, 0x00, 0x00, 0x00, 0x00, 0x00, 0x00,
        0x50, 0x00, 0x06, 0x00, 0x1b, 0x00, 0x00, 0x00, 0xf6, 0x04, 0x00, 0x00, 0xe7, 0x04, 0x00, 0x00,
        0xee, 0x04, 0x00, 0x00, 0xf5, 0x04, 0x00, 0x00, 0x08, 0x00, 0x04, 0x00, 0x02, 0x00, 0x00, 0x00,
        0x46, 0x00, 0x00, 0x00, 0x00, 0x00, 0x00, 0x00, 0x85, 0x00, 0x05, 0x00, 0x1b, 0x00, 0x00, 0x00,
        0xfa, 0x04, 0x00, 0x00, 0xe0, 0x04, 0x00, 0x00, 0xf6, 0x04, 0x00, 0x00, 0x81, 0x00, 0x05, 0x00,
        0x1b, 0x00, 0x00, 0x00, 0xfb, 0x04, 0x00, 0x00, 0xd6, 0x04, 0x00, 0x00, 0xfa, 0x04, 0x00, 0x00,
        0x08, 0x00, 0x04, 0x00, 0x01, 0x00, 0x00, 0x00, 0x91, 0x00, 0x00, 0x00, 0x00, 0x00, 0x00, 0x00,
        0xf9, 0x00, 0x02, 0x00, 0xb4, 0x03, 0x00, 0x00, 0xf8, 0x00, 0x02, 0x00, 0xb4, 0x03, 0x00, 0x00,
        0xf5, 0x00, 0x07, 0x00, 0x1b, 0x00, 0x00, 0x00, 0xf5, 0x05, 0x00, 0x00, 0xd6, 0x04, 0x00, 0x00,
        0x07, 0x00, 0x00, 0x00, 0xfb, 0x04, 0x00, 0x00, 0xac, 0x03, 0x00, 0x00, 0x08, 0x00, 0x04, 0x00,
        0x01, 0x00, 0x00, 0x00, 0x95, 0x00, 0x00, 0x00, 0x00, 0x00, 0x00, 0x00, 0x51, 0x00, 0x05, 0x00,
        0x08, 0x00, 0x00, 0x00, 0xb7, 0x03, 0x00, 0x00, 0xf5, 0x05, 0x00, 0x00, 0x00, 0x00, 0x00, 0x00,
        0x51, 0x00, 0x05, 0x00, 0x08, 0x00, 0x00, 0x00, 0xb8, 0x03, 0x00, 0x00, 0xf5, 0x05, 0x00, 0x00,
        0x01, 0x00, 0x00, 0x00, 0x51, 0x00, 0x05, 0x00, 0x08, 0x00, 0x00, 0x00, 0xb9, 0x03, 0x00, 0x00,
        0xf5, 0x05, 0x00, 0x00, 0x02, 0x00, 0x00, 0x00, 0x50, 0x00, 0x07, 0x00, 0x09, 0x00, 0x00, 0x00,
        0xba, 0x03, 0x00, 0x00, 0xb7, 0x03, 0x00, 0x00, 0xb8, 0x03, 0x00, 0x00, 0xb9, 0x03, 0x00, 0x00,
        0xc2, 0x00, 0x00, 0x00, 0x91, 0x00, 0x05, 0x00, 0x09, 0x00, 0x00, 0x00, 0xbb, 0x03, 0x00, 0x00,
        0x0d, 0x03, 0x00, 0x00, 0xba, 0x03, 0x00, 0x00, 0x08, 0x00, 0x04, 0x00, 0x01, 0x00, 0x00, 0x00,
        0x96, 0x00, 0x00, 0x00, 0x00, 0x00, 0x00, 0x00, 0xa9, 0x00, 0x06, 0x00, 0x08, 0x00, 0x00, 0x00,
        0xbe, 0x03, 0x00, 0x00, 0x70, 0x04, 0x00, 0x00, 0xc2, 0x00, 0x00, 0x00, 0x55, 0x00, 0x00, 0x00,
        0x08, 0x00, 0x04, 0x00, 0x01, 0x00, 0x00, 0x00, 0x98, 0x00, 0x00, 0x00, 0x00, 0x00, 0x00, 0x00,
        0x91, 0x00, 0x05, 0x00, 0x09, 0x00, 0x00, 0x00, 0xc4, 0x03, 0x00, 0x00, 0x87, 0x03, 0x00, 0x00,
        0xbb, 0x03, 0x00, 0x00, 0x08, 0x00, 0x04, 0x00, 0x01, 0x00, 0x00, 0x00, 0x9c, 0x00, 0x00, 0x00,
        0x00, 0x00, 0x00, 0x00, 0x0c, 0x00, 0x06, 0x00, 0x08, 0x00, 0x00, 0x00, 0xc6, 0x03, 0x00, 0x00,
        0x03, 0x00, 0x00, 0x00, 0x42, 0x00, 0x00, 0x00, 0xc4, 0x03, 0x00, 0x00, 0x08, 0x00, 0x04, 0x00,
        0x01, 0x00, 0x00, 0x00, 0x9f, 0x00, 0x00, 0x00, 0x00, 0x00, 0x00, 0x00, 0x41, 0x00, 0x05, 0x00,
        0xcb, 0x01, 0x00, 0x00, 0xc8, 0x03, 0x00, 0x00, 0x45, 0x01, 0x00, 0x00, 0x27, 0x02, 0x00, 0x00,
        0x3d, 0x00, 0x04, 0x00, 0x47, 0x00, 0x00, 0x00, 0xc9, 0x03, 0x00, 0x00, 0xc8, 0x03, 0x00, 0x00,
        0x51, 0x00, 0x05, 0x00, 0x08, 0x00, 0x00, 0x00, 0xcd, 0x03, 0x00, 0x00, 0xf5, 0x02, 0x00, 0x00,
        0x00, 0x00, 0x00, 0x00, 0x51, 0x00, 0x05, 0x00, 0x08, 0x00, 0x00, 0x00, 0xce, 0x03, 0x00, 0x00,
        0xf5, 0x02, 0x00, 0x00, 0x01, 0x00, 0x00, 0x00, 0x51, 0x00, 0x05, 0x00, 0x08, 0x00, 0x00, 0x00,
        0xcf, 0x03, 0x00, 0x00, 0xf5, 0x02, 0x00, 0x00, 0x02, 0x00, 0x00, 0x00, 0x50, 0x00, 0x07, 0x00,
        0x09, 0x00, 0x00, 0x00, 0xd0, 0x03, 0x00, 0x00, 0xcd, 0x03, 0x00, 0x00, 0xce, 0x03, 0x00, 0x00,
        0xcf, 0x03, 0x00, 0x00, 0xc2, 0x00, 0x00, 0x00, 0x91, 0x00, 0x05, 0x00, 0x09, 0x00, 0x00, 0x00,
        0xd1, 0x03, 0x00, 0x00, 0x0d, 0x03, 0x00, 0x00, 0xd0, 0x03, 0x00, 0x00, 0x91, 0x00, 0x05, 0x00,
        0x09, 0x00, 0x00, 0x00, 0xd2, 0x03, 0x00, 0x00, 0xc9, 0x03, 0x00, 0x00, 0xd1, 0x03, 0x00, 0x00,
        0x08, 0x00, 0x04, 0x00, 0x01, 0x00, 0x00, 0x00, 0xa0, 0x00, 0x00, 0x00, 0x00, 0x00, 0x00, 0x00,
        0x51, 0x00, 0x05, 0x00, 0x08, 0x00, 0x00, 0x00, 0xd8, 0x03, 0x00, 0x00, 0xf8, 0x02, 0x00, 0x00,
        0x00, 0x00, 0x00, 0x00, 0x51, 0x00, 0x05, 0x00, 0x08, 0x00, 0x00, 0x00, 0xd9, 0x03, 0x00, 0x00,
        0xf8, 0x02, 0x00, 0x00, 0x01, 0x00, 0x00, 0x00, 0x51, 0x00, 0x05, 0x00, 0x08, 0x00, 0x00, 0x00,
        0xda, 0x03, 0x00, 0x00, 0xf8, 0x02, 0x00, 0x00, 0x02, 0x00, 0x00, 0x00, 0x50, 0x00, 0x07, 0x00,
        0x09, 0x00, 0x00, 0x00, 0xdb, 0x03, 0x00, 0x00, 0xd8, 0x03, 0x00, 0x00, 0xd9, 0x03, 0x00, 0x00,
        0xda, 0x03, 0x00, 0x00, 0xc2, 0x00, 0x00, 0x00, 0x91, 0x00, 0x05, 0x00, 0x09, 0x00, 0x00, 0x00,
        0xdc, 0x03, 0x00, 0x00, 0x0d, 0x03, 0x00, 0x00, 0xdb, 0x03, 0x00, 0x00, 0x91, 0x00, 0x05, 0x00,
        0x09, 0x00, 0x00, 0x00, 0xdd, 0x03, 0x00, 0x00, 0xc9, 0x03, 0x00, 0x00, 0xdc, 0x03, 0x00, 0x00,
        0x08, 0x00, 0x04, 0x00, 0x01, 0x00, 0x00, 0x00, 0xa2, 0x00, 0x00, 0x00, 0x00, 0x00, 0x00, 0x00,
        0x41, 0x00, 0x05, 0x00, 0x42, 0x02, 0x00, 0x00, 0xde, 0x03, 0x00, 0x00, 0x45, 0x01, 0x00, 0x00,
        0x41, 0x02, 0x00, 0x00, 0x3d, 0x00, 0x04, 0x00, 0x6a, 0x00, 0x00, 0x00, 0xdf, 0x03, 0x00, 0x00,
        0xde, 0x03, 0x00, 0x00, 0x4f, 0x00, 0x07, 0x00, 0x6a, 0x00, 0x00, 0x00, 0xe1, 0x03, 0x00, 0x00,
        0xd2, 0x03, 0x00, 0x00, 0xd2, 0x03, 0x00, 0x00, 0x00, 0x00, 0x00, 0x00, 0x01, 0x00, 0x00, 0x00,
        0x85, 0x00, 0x05, 0x00, 0x6a, 0x00, 0x00, 0x00, 0xe2, 0x03, 0x00, 0x00, 0xdf, 0x03, 0x00, 0x00,
        0xe1, 0x03, 0x00, 0x00, 0x51, 0x00, 0x05, 0x00, 0x08, 0x00, 0x00, 0x00, 0xe4, 0x03, 0x00, 0x00,
        0xd2, 0x03, 0x00, 0x00, 0x03, 0x00, 0x00, 0x00, 0x50, 0x00, 0x05, 0x00, 0x6a, 0x00, 0x00, 0x00,
        0xe5, 0x03, 0x00, 0x00, 0xe4, 0x03, 0x00, 0x00, 0xe4, 0x03, 0x00, 0x00, 0x88, 0x00, 0x05, 0x00,
        0x6a, 0x00, 0x00, 0x00, 0xe6, 0x03, 0x00, 0x00, 0xe2, 0x03, 0x00, 0x00, 0xe5, 0x03, 0x00, 0x00,
        0x08, 0x00, 0x04, 0x00, 0x01, 0x00, 0x00, 0x00, 0xa3, 0x00, 0x00, 0x00, 0x00, 0x00, 0x00, 0x00,
        0x4f, 0x00, 0x07, 0x00, 0x6a, 0x00, 0x00, 0x00, 0xea, 0x03, 0x00, 0x00, 0xdd, 0x03, 0x00, 0x00,
        0xdd, 0x03, 0x00, 0x00, 0x00, 0x00, 0x00, 0x00, 0x01, 0x00, 0x00, 0x00, 0x85, 0x00, 0x05, 0x00,
        0x6a, 0x00, 0x00, 0x00, 0xeb, 0x03, 0x00, 0x00, 0xdf, 0x03, 0x00, 0x00, 0xea, 0x03, 0x00, 0x00,
        0x51, 0x00, 0x05, 0x00, 0x08, 0x00, 0x00, 0x00, 0xed, 0x03, 0x00, 0x00, 0xdd, 0x03, 0x00, 0x00,
        0x03, 0x00, 0x00, 0x00, 0x50, 0x00, 0x05, 0x00, 0x6a, 0x00, 0x00, 0x00, 0xee, 0x03, 0x00, 0x00,
        0xed, 0x03, 0x00, 0x00, 0xed, 0x03, 0x00, 0x00, 0x88, 0x00, 0x05, 0x00, 0x6a, 0x00, 0x00, 0x00,
        0xef, 0x03, 0x00, 0x00, 0xeb, 0x03, 0x00, 0x00, 0xee, 0x03, 0x00, 0x00, 0x08, 0x00, 0x04, 0x00,
        0x01, 0x00, 0x00, 0x00, 0xa7, 0x00, 0x00, 0x00, 0x00, 0x00, 0x00, 0x00, 0x83, 0x00, 0x05, 0x00,
        0x6a, 0x00, 0x00, 0x00, 0xf2, 0x03, 0x00, 0x00, 0xef, 0x03, 0x00, 0x00, 0xe6, 0x03, 0x00, 0x00,
        0x08, 0x00, 0x04, 0x00, 0x01, 0x00, 0x00, 0x00, 0xa8, 0x00, 0x00, 0x00, 0x00, 0x00, 0x00, 0x00,
        0x94, 0x00, 0x05, 0x00, 0x08, 0x00, 0x00, 0x00, 0xf5, 0x03, 0x00, 0x00, 0xf2, 0x03, 0x00, 0x00,
        0xf2, 0x03, 0x00, 0x00, 0x08, 0x00, 0x04, 0x00, 0x01, 0x00, 0x00, 0x00, 0xa9, 0x00, 0x00, 0x00,
        0x00, 0x00, 0x00, 0x00, 0xb8, 0x00, 0x05, 0x00, 0x0b, 0x00, 0x00, 0x00, 0xf7, 0x03, 0x00, 0x00,
        0xf5, 0x03, 0x00, 0x00, 0x4b, 0x01, 0x00, 0x00, 0x0c, 0x00, 0x06, 0x00, 0x6a, 0x00, 0x00, 0x00,
        0xf9, 0x03, 0x00, 0x00, 0x03, 0x00, 0x00, 0x00, 0x45, 0x00, 0x00, 0x00, 0xf2, 0x03, 0x00, 0x00,
        0x50, 0x00, 0x05, 0x00, 0x64, 0x02, 0x00, 0x00, 0xfa, 0x03, 0x00, 0x00, 0xf7, 0x03, 0x00, 0x00,
        0xf7, 0x03, 0x00, 0x00, 0xa9, 0x00, 0x06, 0x00, 0x6a, 0x00, 0x00, 0x00, 0xfb, 0x03, 0x00, 0x00,
        0xfa, 0x03, 0x00, 0x00, 0x61, 0x02, 0x00, 0x00, 0xf9, 0x03, 0x00, 0x00, 0x08, 0x00, 0x04, 0x00,
        0x01, 0x00, 0x00, 0x00, 0xaa, 0x00, 0x00, 0x00, 0x00, 0x00, 0x00, 0x00, 0x51, 0x00, 0x05, 0x00,
        0x08, 0x00, 0x00, 0x00, 0xfd, 0x03, 0x00, 0x00, 0xfb, 0x03, 0x00, 0x00, 0x01, 0x00, 0x00, 0x00,
        0x7f, 0x00, 0x04, 0x00, 0x08, 0x00, 0x00, 0x00, 0xfe, 0x03, 0x00, 0x00, 0xfd, 0x03, 0x00, 0x00,
        0x51, 0x00, 0x05, 0x00, 0x08, 0x00, 0x00, 0x00, 0x00, 0x04, 0x00, 0x00, 0xfb, 0x03, 0x00, 0x00,
        0x00, 0x00, 0x00, 0x00, 0x50, 0x00, 0x05, 0x00, 0x6a, 0x00, 0x00, 0x00, 0x01, 0x04, 0x00, 0x00,
        0xfe, 0x03, 0x00, 0x00, 0x00, 0x04, 0x00, 0x00, 0x08, 0x00, 0x04, 0x00, 0x01, 0x00, 0x00, 0x00,
        0xad, 0x00, 0x00, 0x00, 0x00, 0x00, 0x00, 0x00, 0x41, 0x00, 0x05, 0x00, 0xcb, 0x01, 0x00, 0x00,
        0x02, 0x04, 0x00, 0x00, 0x45, 0x01, 0x00, 0x00, 0x6f, 0x02, 0x00, 0x00, 0x3d, 0x00, 0x04, 0x00,
        0x47, 0x00, 0x00, 0x00, 0x03, 0x04, 0x00, 0x00, 0x02, 0x04, 0x00, 0x00, 0x91, 0x00, 0x05, 0x00,
        0x09, 0x00, 0x00, 0x00, 0x05, 0x04, 0x00, 0x00, 0x03, 0x04, 0x00, 0x00, 0xc4, 0x03, 0x00, 0x00,
        0x08, 0x00, 0x04, 0x00, 0x01, 0x00, 0x00, 0x00, 0xae, 0x00, 0x00, 0x00, 0x00, 0x00, 0x00, 0x00,
        0x8e, 0x00, 0x05, 0x00, 0x6a, 0x00, 0x00, 0x00, 0x08, 0x04, 0x00, 0x00, 0x01, 0x04, 0x00, 0x00,
        0xb8, 0x04, 0x00, 0x00, 0x8e, 0x00, 0x05, 0x00, 0x6a, 0x00, 0x00, 0x00, 0x0a, 0x04, 0x00, 0x00,
        0x08, 0x04, 0x00, 0x00, 0xa0, 0x03, 0x00, 0x00, 0x88, 0x00, 0x05, 0x00, 0x6a, 0x00, 0x00, 0x00,
        0x0d, 0x04, 0x00, 0x00, 0x0a, 0x04, 0x00, 0x00, 0xdf, 0x03, 0x00, 0x00, 0x8e, 0x00, 0x05, 0x00,
        0x6a, 0x00, 0x00, 0x00, 0x0e, 0x04, 0x00, 0x00, 0x0d, 0x04, 0x00, 0x00, 0x7d, 0x02, 0x00, 0x00,
        0x08, 0x00, 0x04, 0x00, 0x01, 0x00, 0x00, 0x00, 0xb3, 0x00, 0x00, 0x00, 0x00, 0x00, 0x00, 0x00,
        0x41, 0x00, 0x05, 0x00, 0x85, 0x02, 0x00, 0x00, 0x12, 0x04, 0x00, 0x00, 0x45, 0x01, 0x00, 0x00,
        0x84, 0x02, 0x00, 0x00, 0x3d, 0x00, 0x04, 0x00, 0x1b, 0x00, 0x00, 0x00, 0x13, 0x04, 0x00, 0x00,
        0x12, 0x04, 0x00, 0x00, 0x41, 0x00, 0x05, 0x00, 0xff, 0x01, 0x00, 0x00, 0x14, 0x04, 0x00, 0x00,
        0x45, 0x01, 0x00, 0x00, 0x88, 0x02, 0x00, 0x00, 0x3d, 0x00, 0x04, 0x00, 0x51, 0x00, 0x00, 0x00,
        0x15, 0x04, 0x00, 0x00, 0x14, 0x04, 0x00, 0x00, 0xab, 0x00, 0x05, 0x00, 0x0b, 0x00, 0x00, 0x00,
        0x16, 0x04, 0x00, 0x00, 0x15, 0x04, 0x00, 0x00, 0x52, 0x00, 0x00, 0x00, 0xa9, 0x00, 0x06, 0x00,
        0x08, 0x00, 0x00, 0x00, 0x17, 0x04, 0x00, 0x00, 0x16, 0x04, 0x00, 0x00, 0xc2, 0x00, 0x00, 0x00,
        0x55, 0x00, 0x00, 0x00, 0x50, 0x00, 0x06, 0x00, 0x1b, 0x00, 0x00, 0x00, 0x18, 0x04, 0x00, 0x00,
        0x17, 0x04, 0x00, 0x00, 0x17, 0x04, 0x00, 0x00, 0x17, 0x04, 0x00, 0x00, 0x0c, 0x00, 0x08, 0x00,
        0x1b, 0x00, 0x00, 0x00, 0x19, 0x04, 0x00, 0x00, 0x03, 0x00, 0x00, 0x00, 0x2e, 0x00, 0x00, 0x00,
        0x02, 0x03, 0x00, 0x00, 0x13, 0x04, 0x00, 0x00, 0x18, 0x04, 0x00, 0x00, 0x08, 0x00, 0x04, 0x00,
        0x01, 0x00, 0x00, 0x00, 0xb5, 0x00, 0x00, 0x00, 0x00, 0x00, 0x00, 0x00, 0x51, 0x00, 0x05, 0x00,
        0x08, 0x00, 0x00, 0x00, 0x1d, 0x04, 0x00, 0x00, 0x05, 0x04, 0x00, 0x00, 0x03, 0x00, 0x00, 0x00,
        0x8e, 0x00, 0x05, 0x00, 0x6a, 0x00, 0x00, 0x00, 0x1e, 0x04, 0x00, 0x00, 0x0e, 0x04, 0x00, 0x00,
        0x1d, 0x04, 0x00, 0x00, 0x51, 0x00, 0x05, 0x00, 0x08, 0x00, 0x00, 0x00, 0x1f, 0x04, 0x00, 0x00,
        0x1e, 0x04, 0x00, 0x00, 0x00, 0x00, 0x00, 0x00, 0x51, 0x00, 0x05, 0x00, 0x08, 0x00, 0x00, 0x00,
        0x20, 0x04, 0x00, 0x00, 0x1e, 0x04, 0x00, 0x00, 0x01, 0x00, 0x00, 0x00, 0x50, 0x00, 0x07, 0x00,
        0x09, 0x00, 0x00, 0x00, 0x21, 0x04, 0x00, 0x00, 0x1f, 0x04, 0x00, 0x00, 0x20, 0x04, 0x00, 0x00,
        0x55, 0x00, 0x00, 0x00, 0x55, 0x00, 0x00, 0x00, 0x81, 0x00, 0x05, 0x00, 0x09, 0x00, 0x00, 0x00,
        0x22, 0x04, 0x00, 0x00, 0x05, 0x04, 0x00, 0x00, 0x21, 0x04, 0x00, 0x00, 0x08, 0x00, 0x04, 0x00,
        0x01, 0x00, 0x00, 0x00, 0xb9, 0x00, 0x00, 0x00, 0x00, 0x00, 0x00, 0x00, 0x85, 0x00, 0x05, 0x00,
        0x08, 0x00, 0x00, 0x00, 0x25, 0x04, 0x00, 0x00, 0x99, 0x02, 0x00, 0x00, 0x7b, 0x04, 0x00, 0x00,
        0x51, 0x00, 0x05, 0x00, 0x08, 0x00, 0x00, 0x00, 0x27, 0x04, 0x00, 0x00, 0x22, 0x04, 0x00, 0x00,
        0x02, 0x00, 0x00, 0x00, 0x81, 0x00, 0x05, 0x00, 0x08, 0x00, 0x00, 0x00, 0x28, 0x04, 0x00, 0x00,
        0x27, 0x04, 0x00, 0x00, 0x25, 0x04, 0x00, 0x00, 0x52, 0x00, 0x06, 0x00, 0x09, 0x00, 0x00, 0x00,
        0x14, 0x06, 0x00, 0x00, 0x28, 0x04, 0x00, 0x00, 0x22, 0x04, 0x00, 0x00, 0x02, 0x00, 0x00, 0x00,
        0x08, 0x00, 0x04, 0x00, 0x01, 0x00, 0x00, 0x00, 0xbc, 0x00, 0x00, 0x00, 0x00, 0x00, 0x00, 0x00,
        0x50, 0x00, 0x07, 0x00, 0x09, 0x00, 0x00, 0x00, 0x2d, 0x04, 0x00, 0x00, 0xcf, 0x04, 0x00, 0x00,
        0xcf, 0x04, 0x00, 0x00, 0xcf, 0x04, 0x00, 0x00, 0xcf, 0x04, 0x00, 0x00, 0x0c, 0x00, 0x08, 0x00,
        0x09, 0x00, 0x00, 0x00, 0x2e, 0x04, 0x00, 0x00, 0x03, 0x00, 0x00, 0x00, 0x2e, 0x00, 0x00, 0x00,
        0x14, 0x06, 0x00, 0x00, 0xa2, 0x02, 0x00, 0x00, 0x2d, 0x04, 0x00, 0x00, 0x08, 0x00, 0x04, 0x00,
        0x01, 0x00, 0x00, 0x00, 0xbe, 0x00, 0x00, 0x00, 0x00, 0x00, 0x00, 0x00, 0x41, 0x00, 0x05, 0x00,
        0x48, 0x01, 0x00, 0x00, 0x30, 0x04, 0x00, 0x00, 0x45, 0x01, 0x00, 0x00, 0xa7, 0x02, 0x00, 0x00,
        0x3d, 0x00, 0x04, 0x00, 0x08, 0x00, 0x00, 0x00, 0x31, 0x04, 0x00, 0x00, 0x30, 0x04, 0x00, 0x00,
        0xb8, 0x00, 0x05, 0x00, 0x0b, 0x00, 0x00, 0x00, 0x32, 0x04, 0x00, 0x00, 0x31, 0x04, 0x00, 0x00,
        0xc2, 0x00, 0x00, 0x00, 0xf7, 0x00, 0x03, 0x00, 0x39, 0x04, 0x00, 0x00, 0x00, 0x00, 0x00, 0x00,
        0xfa, 0x00, 0x04, 0x00, 0x32, 0x04, 0x00, 0x00, 0x33, 0x04, 0x00, 0x00, 0x39, 0x04, 0x00, 0x00,
        0xf8, 0x00, 0x02, 0x00, 0x33, 0x04, 0x00, 0x00, 0x08, 0x00, 0x04, 0x00, 0x02, 0x00, 0x00, 0x00,
        0x12, 0x00, 0x00, 0x00, 0x00, 0x00, 0x00, 0x00, 0x51, 0x00, 0x05, 0x00, 0x08, 0x00, 0x00, 0x00,
        0x2c, 0x05, 0x00, 0x00, 0x19, 0x04, 0x00, 0x00, 0x02, 0x00, 0x00, 0x00, 0x51, 0x00, 0x05, 0x00,
        0x08, 0x00, 0x00, 0x00, 0x2d, 0x05, 0x00, 0x00, 0x19, 0x04, 0x00, 0x00, 0x01, 0x00, 0x00, 0x00,
        0x50, 0x00, 0x07, 0x00, 0x09, 0x00, 0x00, 0x00, 0x30, 0x05, 0x00, 0x00, 0x2c, 0x05, 0x00, 0x00,
        0x2d, 0x05, 0x00, 0x00, 0x67, 0x00, 0x00, 0x00, 0x66, 0x00, 0x00, 0x00, 0x50, 0x00, 0x07, 0x00,
        0x09, 0x00, 0x00, 0x00, 0x39, 0x05, 0x00, 0x00, 0x2d, 0x05, 0x00, 0x00, 0x2c, 0x05, 0x00, 0x00,
        0x55, 0x00, 0x00, 0x00, 0x65, 0x00, 0x00, 0x00, 0x0c, 0x00, 0x07, 0x00, 0x08, 0x00, 0x00, 0x00,
        0x3e, 0x05, 0x00, 0x00, 0x03, 0x00, 0x00, 0x00, 0x30, 0x00, 0x00, 0x00, 0x2c, 0x05, 0x00, 0x00,
        0x2d, 0x05, 0x00, 0x00, 0x50, 0x00, 0x07, 0x00, 0x09, 0x00, 0x00, 0x00, 0x3f, 0x05, 0x00, 0x00,
        0x3e, 0x05, 0x00, 0x00, 0x3e, 0x05, 0x00, 0x00, 0x3e, 0x05, 0x00, 0x00, 0x3e, 0x05, 0x00, 0x00,
        0x0c, 0x00, 0x08, 0x00, 0x09, 0x00, 0x00, 0x00, 0x40, 0x05, 0x00, 0x00, 0x03, 0x00, 0x00, 0x00,
        0x2e, 0x00, 0x00, 0x00, 0x30, 0x05, 0x00, 0x00, 0x39, 0x05, 0x00, 0x00, 0x3f, 0x05, 0x00, 0x00,
        0x08, 0x00, 0x04, 0x00, 0x02, 0x00, 0x00, 0x00, 0x13, 0x00, 0x00, 0x00, 0x00, 0x00, 0x00, 0x00,
        0x51, 0x00, 0x05, 0x00, 0x08, 0x00, 0x00, 0x00, 0x44, 0x05, 0x00, 0x00, 0x19, 0x04, 0x00, 0x00,
        0x00, 0x00, 0x00, 0x00, 0x51, 0x00, 0x05, 0x00, 0x08, 0x00, 0x00, 0x00, 0x45, 0x05, 0x00, 0x00,
        0x40, 0x05, 0x00, 0x00, 0x00, 0x00, 0x00, 0x00, 0x51, 0x00, 0x05, 0x00, 0x08, 0x00, 0x00, 0x00,
        0x46, 0x05, 0x00, 0x00, 0x40, 0x05, 0x00, 0x00, 0x01, 0x00, 0x00, 0x00, 0x51, 0x00, 0x05, 0x00,
        0x08, 0x00, 0x00, 0x00, 0x47, 0x05, 0x00, 0x00, 0x40, 0x05, 0x00, 0x00, 0x03, 0x00, 0x00, 0x00,
        0x50, 0x00, 0x07, 0x00, 0x09, 0x00, 0x00, 0x00, 0x48, 0x05, 0x00, 0x00, 0x45, 0x05, 0x00, 0x00,
        0x46, 0x05, 0x00, 0x00, 0x47, 0x05, 0x00, 0x00, 0x44, 0x05, 0x00, 0x00, 0x51, 0x00, 0x05, 0x00,
        0x08, 0x00, 0x00, 0x00, 0x4e, 0x05, 0x00, 0x00, 0x40, 0x05, 0x00, 0x00, 0x02, 0x00, 0x00, 0x00,
        0x50, 0x00, 0x07, 0x00, 0x09, 0x00, 0x00, 0x00, 0x50, 0x05, 0x00, 0x00, 0x44, 0x05, 0x00, 0x00,
        0x46, 0x05, 0x00, 0x00, 0x4e, 0x05, 0x00, 0x00, 0x45, 0x05, 0x00, 0x00, 0x0c, 0x00, 0x07, 0x00,
        0x08, 0x00, 0x00, 0x00, 0x55, 0x05, 0x00, 0x00, 0x03, 0x00, 0x00, 0x00, 0x30, 0x00, 0x00, 0x00,
        0x45, 0x05, 0x00, 0x00, 0x44, 0x05, 0x00, 0x00, 0x50, 0x00, 0x07, 0x00, 0x09, 0x00, 0x00, 0x00,
        0x56, 0x05, 0x00, 0x00, 0x55, 0x05, 0x00, 0x00, 0x55, 0x05, 0x00, 0x00, 0x55, 0x05, 0x00, 0x00,
        0x55, 0x05, 0x00, 0x00, 0x0c, 0x00, 0x08, 0x00, 0x09, 0x00, 0x00, 0x00, 0x57, 0x05, 0x00, 0x00,
        0x03, 0x00, 0x00, 0x00, 0x2e, 0x00, 0x00, 0x00, 0x48, 0x05, 0x00, 0x00, 0x50, 0x05, 0x00, 0x00,
        0x56, 0x05, 0x00, 0x00, 0x08, 0x00, 0x04, 0x00, 0x02, 0x00, 0x00, 0x00, 0x15, 0x00, 0x00, 0x00,
        0x00, 0x00, 0x00, 0x00, 0x51, 0x00, 0x05, 0x00, 0x08, 0x00, 0x00, 0x00, 0x59, 0x05, 0x00, 0x00,
        0x57, 0x05, 0x00, 0x00, 0x00, 0x00, 0x00, 0x00, 0x51, 0x00, 0x05, 0x00, 0x08, 0x00, 0x00, 0x00,
        0x5b, 0x05, 0x00, 0x00, 0x57, 0x05, 0x00, 0x00, 0x03, 0x00, 0x00, 0x00, 0x51, 0x00, 0x05, 0x00,
        0x08, 0x00, 0x00, 0x00, 0x5d, 0x05, 0x00, 0x00, 0x57, 0x05, 0x00, 0x00, 0x01, 0x00, 0x00, 0x00,
        0x0c, 0x00, 0x07, 0x00, 0x08, 0x00, 0x00, 0x00, 0x5e, 0x05, 0x00, 0x00, 0x03, 0x00, 0x00, 0x00,
        0x25, 0x00, 0x00, 0x00, 0x5b, 0x05, 0x00, 0x00, 0x5d, 0x05, 0x00, 0x00, 0x83, 0x00, 0x05, 0x00,
        0x08, 0x00, 0x00, 0x00, 0x5f, 0x05, 0x00, 0x00, 0x59, 0x05, 0x00, 0x00, 0x5e, 0x05, 0x00, 0x00,
        0x08, 0x00, 0x04, 0x00, 0x02, 0x00, 0x00, 0x00, 0x17, 0x00, 0x00, 0x00, 0x00, 0x00, 0x00, 0x00,
        0x51, 0x00, 0x05, 0x00, 0x08, 0x00, 0x00, 0x00, 0x61, 0x05, 0x00, 0x00, 0x57, 0x05, 0x00, 0x00,
        0x02, 0x00, 0x00, 0x00, 0x83, 0x00, 0x05, 0x00, 0x08, 0x00, 0x00, 0x00, 0x66, 0x05, 0x00, 0x00,
        0x5b, 0x05, 0x00, 0x00, 0x5d, 0x05, 0x00, 0x00, 0x85, 0x00, 0x05, 0x00, 0x08, 0x00, 0x00, 0x00,
        0x68, 0x05, 0x00, 0x00, 0xae, 0x00, 0x00, 0x00, 0x5f, 0x05, 0x00, 0x00, 0x81, 0x00, 0x05, 0x00,
        0x08, 0x00, 0x00, 0x00, 0x6a, 0x05, 0x00, 0x00, 0x68, 0x05, 0x00, 0x00, 0xa6, 0x00, 0x00, 0x00,
        0x88, 0x00, 0x05, 0x00, 0x08, 0x00, 0x00, 0x00, 0x6b, 0x05, 0x00, 0x00, 0x66, 0x05, 0x00, 0x00,
        0x6a, 0x05, 0x00, 0x00, 0x81, 0x00, 0x05, 0x00, 0x08, 0x00, 0x00, 0x00, 0x6c, 0x05, 0x00, 0x00,
        0x61, 0x05, 0x00, 0x00, 0x6b, 0x05, 0x00, 0x00, 0x0c, 0x00, 0x06, 0x00, 0x08, 0x00, 0x00, 0x00,
        0x6d, 0x05, 0x00, 0x00, 0x03, 0x00, 0x00, 0x00, 0x04, 0x00, 0x00, 0x00, 0x6c, 0x05, 0x00, 0x00,
        0x81, 0x00, 0x05, 0x00, 0x08, 0x00, 0x00, 0x00, 0x72, 0x05, 0x00, 0x00, 0x59, 0x05, 0x00, 0x00,
        0xa6, 0x00, 0x00, 0x00, 0x88, 0x00, 0x05, 0x00, 0x08, 0x00, 0x00, 0x00, 0x73, 0x05, 0x00, 0x00,
        0x5f, 0x05, 0x00, 0x00, 0x72, 0x05, 0x00, 0x00, 0x50, 0x00, 0x06, 0x00, 0x1b, 0x00, 0x00, 0x00,
        0x76, 0x05, 0x00, 0x00, 0x6d, 0x05, 0x00, 0x00, 0x73, 0x05, 0x00, 0x00, 0x59, 0x05, 0x00, 0x00,
        0x08, 0x00, 0x04, 0x00, 0x02, 0x00, 0x00, 0x00, 0x4e, 0x00, 0x00, 0x00, 0x00, 0x00, 0x00, 0x00,
        0xba, 0x00, 0x05, 0x00, 0x0b, 0x00, 0x00, 0x00, 0x1a, 0x05, 0x00, 0x00, 0x59, 0x05, 0x00, 0x00,
        0x31, 0x04, 0x00, 0x00, 0xf7, 0x00, 0x03, 0x00, 0x20, 0x05, 0x00, 0x00, 0x00, 0x00, 0x00, 0x00,
        0xfa, 0x00, 0x04, 0x00, 0x1a, 0x05, 0x00, 0x00, 0x1b, 0x05, 0x00, 0x00, 0x20, 0x05, 0x00, 0x00,
        0xf8, 0x00, 0x02, 0x00, 0x1b, 0x05, 0x00, 0x00, 0x08, 0x00, 0x04, 0x00, 0x02, 0x00, 0x00, 0x00,
        0x1e, 0x00, 0x00, 0x00, 0x00, 0x00, 0x00, 0x00, 0x4f, 0x00, 0x08, 0x00, 0x1b, 0x00, 0x00, 0x00,
        0x7c, 0x05, 0x00, 0x00, 0x76, 0x05, 0x00, 0x00, 0x76, 0x05, 0x00, 0x00, 0x00, 0x00, 0x00, 0x00,
        0x00, 0x00, 0x00, 0x00, 0x00, 0x00, 0x00, 0x00, 0x81, 0x00, 0x05, 0x00, 0x1b, 0x00, 0x00, 0x00,
        0x7f, 0x05, 0x00, 0x00, 0x7c, 0x05, 0x00, 0x00, 0x0b, 0x06, 0x00, 0x00, 0x0c, 0x00, 0x06, 0x00,
        0x1b, 0x00, 0x00, 0x00, 0x80, 0x05, 0x00, 0x00, 0x03, 0x00, 0x00, 0x00, 0x0a, 0x00, 0x00, 0x00,
        0x7f, 0x05, 0x00, 0x00, 0x8e, 0x00, 0x05, 0x00, 0x1b, 0x00, 0x00, 0x00, 0x81, 0x05, 0x00, 0x00,
        0x80, 0x05, 0x00, 0x00, 0xae, 0x00, 0x00, 0x00, 0x83, 0x00, 0x05, 0x00, 0x1b, 0x00, 0x00, 0x00,
        0x84, 0x05, 0x00, 0x00, 0x81, 0x05, 0x00, 0x00, 0x0c, 0x06, 0x00, 0x00, 0x0c, 0x00, 0x06, 0x00,
        0x1b, 0x00, 0x00, 0x00, 0x85, 0x05, 0x00, 0x00, 0x03, 0x00, 0x00, 0x00, 0x04, 0x00, 0x00, 0x00,
        0x84, 0x05, 0x00, 0x00, 0x08, 0x00, 0x04, 0x00, 0x02, 0x00, 0x00, 0x00, 0x1f, 0x00, 0x00, 0x00,
        0x00, 0x00, 0x00, 0x00, 0x83, 0x00, 0x05, 0x00, 0x1b, 0x00, 0x00, 0x00, 0x8d, 0x05, 0x00, 0x00,
        0x85, 0x05, 0x00, 0x00, 0xdb, 0x00, 0x00, 0x00, 0x0c, 0x00, 0x08, 0x00, 0x1b, 0x00, 0x00, 0x00,
        0x8e, 0x05, 0x00, 0x00, 0x03, 0x00, 0x00, 0x00, 0x2b, 0x00, 0x00, 0x00, 0x8d, 0x05, 0x00, 0x00,
        0xda, 0x00, 0x00, 0x00, 0xdb, 0x00, 0x00, 0x00, 0x50, 0x00, 0x06, 0x00, 0x1b, 0x00, 0x00, 0x00,
        0x91, 0x05, 0x00, 0x00, 0x73, 0x05, 0x00, 0x00, 0x73, 0x05, 0x00, 0x00, 0x73, 0x05, 0x00, 0x00,
        0x0c, 0x00, 0x08, 0x00, 0x1b, 0x00, 0x00, 0x00, 0x92, 0x05, 0x00, 0x00, 0x03, 0x00, 0x00, 0x00,
        0x2e, 0x00, 0x00, 0x00, 0xdb, 0x00, 0x00, 0x00, 0x8e, 0x05, 0x00, 0x00, 0x91, 0x05, 0x00, 0x00,
        0x8e, 0x00, 0x05, 0x00, 0x1b, 0x00, 0x00, 0x00, 0x93, 0x05, 0x00, 0x00, 0x92, 0x05, 0x00, 0x00,
        0x31, 0x04, 0x00, 0x00, 0x08, 0x00, 0x04, 0x00, 0x02, 0x00, 0x00, 0x00, 0x51, 0x00, 0x00, 0x00,
        0x00, 0x00, 0x00, 0x00, 0xf9, 0x00, 0x02, 0x00, 0x20, 0x05, 0x00, 0x00, 0xf8, 0x00, 0x02, 0x00,
        0x20, 0x05, 0x00, 0x00, 0xf5, 0x00, 0x07, 0x00, 0x1b, 0x00, 0x00, 0x00, 0xf6, 0x05, 0x00, 0x00,
        0x19, 0x04, 0x00, 0x00, 0x33, 0x04, 0x00, 0x00, 0x93, 0x05, 0x00, 0x00, 0x1b, 0x05, 0x00, 0x00,
        0x08, 0x00, 0x04, 0x00, 0x01, 0x00, 0x00, 0x00, 0xc0, 0x00, 0x00, 0x00, 0x00, 0x00, 0x00, 0x00,
        0xf9, 0x00, 0x02, 0x00, 0x39, 0x04, 0x00, 0x00, 0xf8, 0x00, 0x02, 0x00, 0x39, 0x04, 0x00, 0x00,
        0xf5, 0x00, 0x07, 0x00, 0x1b, 0x00, 0x00, 0x00, 0xf7, 0x05, 0x00, 0x00, 0x19, 0x04, 0x00, 0x00,
        0xb4, 0x03, 0x00, 0x00, 0xf6, 0x05, 0x00, 0x00, 0x20, 0x05, 0x00, 0x00, 0x08, 0x00, 0x04, 0x00,
        0x01, 0x00, 0x00, 0x00, 0xc3, 0x00, 0x00, 0x00, 0x00, 0x00, 0x00, 0x00, 0xf7, 0x00, 0x03, 0x00,
        0x41, 0x04, 0x00, 0x00, 0x00, 0x00, 0x00, 0x00, 0xfa, 0x00, 0x04, 0x00, 0x78, 0x04, 0x00, 0x00,
        0x3c, 0x04, 0x00, 0x00, 0x41, 0x04, 0x00, 0x00, 0xf8, 0x00, 0x02, 0x00, 0x3c, 0x04, 0x00, 0x00,
        0x08, 0x00, 0x04, 0x00, 0x01, 0x00, 0x00, 0x00, 0xc5, 0x00, 0x00, 0x00, 0x00, 0x00, 0x00, 0x00,
        0x8e, 0x00, 0x05, 0x00, 0x1b, 0x00, 0x00, 0x00, 0x3e, 0x04, 0x00, 0x00, 0xf7, 0x05, 0x00, 0x00,
        0xb9, 0x02, 0x00, 0x00, 0x08, 0x00, 0x04, 0x00, 0x01, 0x00, 0x00, 0x00, 0xc7, 0x00, 0x00, 0x00,
        0x00, 0x00, 0x00, 0x00, 0x0c, 0x00, 0x07, 0x00, 0x1b, 0x00, 0x00, 0x00, 0x40, 0x04, 0x00, 0x00,
        0x03, 0x00, 0x00, 0x00, 0x25, 0x00, 0x00, 0x00, 0x3e, 0x04, 0x00, 0x00, 0xdb, 0x00, 0x00, 0x00,
        0xf9, 0x00, 0x02, 0x00, 0x41, 0x04, 0x00, 0x00, 0xf8, 0x00, 0x02, 0x00, 0x41, 0x04, 0x00, 0x00,
        0xf5, 0x00, 0x07, 0x00, 0x1b, 0x00, 0x00, 0x00, 0xfa, 0x05, 0x00, 0x00, 0xf7, 0x05, 0x00, 0x00,
        0x39, 0x04, 0x00, 0x00, 0x40, 0x04, 0x00, 0x00, 0x3c, 0x04, 0x00, 0x00, 0x08, 0x00, 0x04, 0x00,
        0x01, 0x00, 0x00, 0x00, 0xcd, 0x00, 0x00, 0x00, 0x00, 0x00, 0x00, 0x00, 0x51, 0x00, 0x05, 0x00,
        0x08, 0x00, 0x00, 0x00, 0x45, 0x04, 0x00, 0x00, 0xff, 0x02, 0x00, 0x00, 0x00, 0x00, 0x00, 0x00,
        0x51, 0x00, 0x05, 0x00, 0x08, 0x00, 0x00, 0x00, 0x46, 0x04, 0x00, 0x00, 0xff, 0x02, 0x00, 0x00,
        0x01, 0x00, 0x00, 0x00, 0x51, 0x00, 0x05, 0x00, 0x08, 0x00, 0x00, 0x00, 0x47, 0x04, 0x00, 0x00,
        0xff, 0x02, 0x00, 0x00, 0x02, 0x00, 0x00, 0x00, 0x50, 0x00, 0x07, 0x00, 0x09, 0x00, 0x00, 0x00,
        0x48, 0x04, 0x00, 0x00, 0x45, 0x04, 0x00, 0x00, 0x46, 0x04, 0x00, 0x00, 0x47, 0x04, 0x00, 0x00,
        0x55, 0x00, 0x00, 0x00, 0x91, 0x00, 0x05, 0x00, 0x09, 0x00, 0x00, 0x00, 0x49, 0x04, 0x00, 0x00,
        0x0d, 0x03, 0x00, 0x00, 0x48, 0x04, 0x00, 0x00, 0x4f, 0x00, 0x08, 0x00, 0x1b, 0x00, 0x00, 0x00,
        0x4a, 0x04, 0x00, 0x00, 0x49, 0x04, 0x00, 0x00, 0x49, 0x04, 0x00, 0x00, 0x00, 0x00, 0x00, 0x00,
        0x01, 0x00, 0x00, 0x00, 0x02, 0x00, 0x00, 0x00, 0x0c, 0x00, 0x06, 0x00, 0x1b, 0x00, 0x00, 0x00,
        0x4b, 0x04, 0x00, 0x00, 0x03, 0x00, 0x00, 0x00, 0x45, 0x00, 0x00, 0x00, 0x4a, 0x04, 0x00, 0x00,
        0x08, 0x00, 0x04, 0x00, 0x01, 0x00, 0x00, 0x00, 0xce, 0x00, 0x00, 0x00, 0x00, 0x00, 0x00, 0x00,
        0x41, 0x00, 0x05, 0x00, 0xff, 0x01, 0x00, 0x00, 0x4d, 0x04, 0x00, 0x00, 0x45, 0x01, 0x00, 0x00,
        0xc8, 0x02, 0x00, 0x00, 0x3d, 0x00, 0x04, 0x00, 0x51, 0x00, 0x00, 0x00, 0x4e, 0x04, 0x00, 0x00,
        0x4d, 0x04, 0x00, 0x00, 0xaa, 0x00, 0x05, 0x00, 0x0b, 0x00, 0x00, 0x00, 0x50, 0x04, 0x00, 0x00,
        0x4e, 0x04, 0x00, 0x00, 0x52, 0x00, 0x00, 0x00, 0xbd, 0x00, 0x05, 0x00, 0x0b, 0x00, 0x00, 0x00,
        0x52, 0x04, 0x00, 0x00, 0x74, 0x04, 0x00, 0x00, 0x55, 0x00, 0x00, 0x00, 0xa7, 0x00, 0x05, 0x00,
        0x0b, 0x00, 0x00, 0x00, 0x53, 0x04, 0x00, 0x00, 0x50, 0x04, 0x00, 0x00, 0x52, 0x04, 0x00, 0x00,
        0xa8, 0x00, 0x04, 0x00, 0x0b, 0x00, 0x00, 0x00, 0x55, 0x04, 0x00, 0x00, 0x78, 0x04, 0x00, 0x00,
        0xa7, 0x00, 0x05, 0x00, 0x0b, 0x00, 0x00, 0x00, 0x56, 0x04, 0x00, 0x00, 0x53, 0x04, 0x00, 0x00,
        0x55, 0x04, 0x00, 0x00, 0xa9, 0x00, 0x06, 0x00, 0x08, 0x00, 0x00, 0x00, 0x57, 0x04, 0x00, 0x00,
        0x56, 0x04, 0x00, 0x00, 0xc2, 0x00, 0x00, 0x00, 0x55, 0x00, 0x00, 0x00, 0x08, 0x00, 0x04, 0x00,
        0x01, 0x00, 0x00, 0x00, 0xcf, 0x00, 0x00, 0x00, 0x00, 0x00, 0x00, 0x00, 0x41, 0x00, 0x05, 0x00,
        0x85, 0x02, 0x00, 0x00, 0x5c, 0x04, 0x00, 0x00, 0x45, 0x01, 0x00, 0x00, 0xc0, 0x01, 0x00, 0x00,
        0x3d, 0x00, 0x04, 0x00, 0x1b, 0x00, 0x00, 0x00, 0x5d, 0x04, 0x00, 0x00, 0x5c, 0x04, 0x00, 0x00,
        0x41, 0x00, 0x05, 0x00, 0x85, 0x02, 0x00, 0x00, 0x5e, 0x04, 0x00, 0x00, 0x45, 0x01, 0x00, 0x00,
        0xd6, 0x02, 0x00, 0x00, 0x3d, 0x00, 0x04, 0x00, 0x1b, 0x00, 0x00, 0x00, 0x5f, 0x04, 0x00, 0x00,
        0x5e, 0x04, 0x00, 0x00, 0x08, 0x00, 0x04, 0x00, 0x02, 0x00, 0x00, 0x00, 0x6d, 0x00, 0x00, 0x00,
        0x00, 0x00, 0x00, 0x00, 0x94, 0x00, 0x05, 0x00, 0x08, 0x00, 0x00, 0x00, 0x9d, 0x05, 0x00, 0x00,
        0x4b, 0x04, 0x00, 0x00, 0x5d, 0x04, 0x00, 0x00, 0x0c, 0x00, 0x06, 0x00, 0x08, 0x00, 0x00, 0x00,
        0x9e, 0x05, 0x00, 0x00, 0x03, 0x00, 0x00, 0x00, 0x06, 0x00, 0x00, 0x00, 0x9d, 0x05, 0x00, 0x00,
        0x83, 0x00, 0x05, 0x00, 0x1b, 0x00, 0x00, 0x00, 0xa2, 0x05, 0x00, 0x00, 0x85, 0x03, 0x00, 0x00,
        0x5f, 0x04, 0x00, 0x00, 0x94, 0x00, 0x05, 0x00, 0x08, 0x00, 0x00, 0x00, 0xa3, 0x05, 0x00, 0x00,
        0x4b, 0x04, 0x00, 0x00, 0xa2, 0x05, 0x00, 0x00, 0x0c, 0x00, 0x06, 0x00, 0x08, 0x00, 0x00, 0x00,
        0xa4, 0x05, 0x00, 0x00, 0x03, 0x00, 0x00, 0x00, 0x06, 0x00, 0x00, 0x00, 0xa3, 0x05, 0x00, 0x00,
        0xb4, 0x00, 0x05, 0x00, 0x0b, 0x00, 0x00, 0x00, 0xa5, 0x05, 0x00, 0x00, 0x9e, 0x05, 0x00, 0x00,
        0xa4, 0x05, 0x00, 0x00, 0xf7, 0x00, 0x03, 0x00, 0xab, 0x05, 0x00, 0x00, 0x00, 0x00, 0x00, 0x00,
        0xfa, 0x00, 0x04, 0x00, 0xa5, 0x05, 0x00, 0x00, 0xa6, 0x05, 0x00, 0x00, 0xab, 0x05, 0x00, 0x00,
        0xf8, 0x00, 0x02, 0x00, 0xa6, 0x05, 0x00, 0x00, 0x08, 0x00, 0x04, 0x00, 0x02, 0x00, 0x00, 0x00,
        0x6f, 0x00, 0x00, 0x00, 0x00, 0x00, 0x00, 0x00, 0x0c, 0x00, 0x06, 0x00, 0x08, 0x00, 0x00, 0x00,
        0xaa, 0x05, 0x00, 0x00, 0x03, 0x00, 0x00, 0x00, 0x04, 0x00, 0x00, 0x00, 0x9d, 0x05, 0x00, 0x00,
        0xf9, 0x00, 0x02, 0x00, 0xab, 0x05, 0x00, 0x00, 0xf8, 0x00, 0x02, 0x00, 0xab, 0x05, 0x00, 0x00,
        0xf5, 0x00, 0x07, 0x00, 0x08, 0x00, 0x00, 0x00, 0xf8, 0x05, 0x00, 0x00, 0x55, 0x00, 0x00, 0x00,
        0x41, 0x04, 0x00, 0x00, 0xaa, 0x05, 0x00, 0x00, 0xa6, 0x05, 0x00, 0x00, 0x08, 0x00, 0x04, 0x00,
        0x01, 0x00, 0x00, 0x00, 0xd2, 0x00, 0x00, 0x00, 0x00, 0x00, 0x00, 0x00, 0x41, 0x00, 0x05, 0x00,
        0x48, 0x01, 0x00, 0x00, 0x64, 0x04, 0x00, 0x00, 0x45, 0x01, 0x00, 0x00, 0xe6, 0x02, 0x00, 0x00,
        0x3d, 0x00, 0x04, 0x00, 0x08, 0x00, 0x00, 0x00, 0x65, 0x04, 0x00, 0x00, 0x64, 0x04, 0x00, 0x00,
        0x0c, 0x00, 0x07, 0x00, 0x08, 0x00, 0x00, 0x00, 0x66, 0x04, 0x00, 0x00, 0x03, 0x00, 0x00, 0x00,
        0x25, 0x00, 0x00, 0x00, 0x72, 0x04, 0x00, 0x00, 0x65, 0x04, 0x00, 0x00, 0x51, 0x00, 0x05, 0x00,
        0x08, 0x00, 0x00, 0x00, 0x67, 0x04, 0x00, 0x00, 0xfa, 0x05, 0x00, 0x00, 0x00, 0x00, 0x00, 0x00,
        0x51, 0x00, 0x05, 0x00, 0x08, 0x00, 0x00, 0x00, 0x68, 0x04, 0x00, 0x00, 0xfa, 0x05, 0x00, 0x00,
        0x01, 0x00, 0x00, 0x00, 0x51, 0x00, 0x05, 0x00, 0x08, 0x00, 0x00, 0x00, 0x69, 0x04, 0x00, 0x00,
        0xfa, 0x05, 0x00, 0x00, 0x02, 0x00, 0x00, 0x00, 0x50, 0x00, 0x07, 0x00, 0x09, 0x00, 0x00, 0x00,
        0x6a, 0x04, 0x00, 0x00, 0x67, 0x04, 0x00, 0x00, 0x68, 0x04, 0x00, 0x00, 0x69, 0x04, 0x00, 0x00,
        0x66, 0x04, 0x00, 0x00, 0x08, 0x00, 0x04, 0x00, 0x01, 0x00, 0x00, 0x00, 0x75, 0x00, 0x00, 0x00,
        0x00, 0x00, 0x00, 0x00, 0x3e, 0x00, 0x03, 0x00, 0x20, 0x03, 0x00, 0x00, 0x2e, 0x04, 0x00, 0x00,
        0x3e, 0x00, 0x03, 0x00, 0x23, 0x03, 0x00, 0x00, 0x6a, 0x04, 0x00, 0x00, 0x3e, 0x00, 0x03, 0x00,
        0x26, 0x03, 0x00, 0x00, 0xbb, 0x03, 0x00, 0x00, 0x3e, 0x00, 0x03, 0x00, 0x2a, 0x03, 0x00, 0x00,
        0xbe, 0x03, 0x00, 0x00, 0x3e, 0x00, 0x03, 0x00, 0x2e, 0x03, 0x00, 0x00, 0x4b, 0x04, 0x00, 0x00,
        0x3e, 0x00, 0x03, 0x00, 0x31, 0x03, 0x00, 0x00, 0xc6, 0x03, 0x00, 0x00, 0x3e, 0x00, 0x03, 0x00,
        0x34, 0x03, 0x00, 0x00, 0x57, 0x04, 0x00, 0x00, 0x3e, 0x00, 0x03, 0x00, 0x37, 0x03, 0x00, 0x00,
        0xf8, 0x05, 0x00, 0x00, 0xfd, 0x00, 0x01, 0x00, 0x38, 0x00, 0x01, 0x00,
    };

    /// <summary>HLSL, compiled by sokol's D3D11 backend.</summary>
    private const string VertexHlsl =
"""
cbuffer _Global : register(b0)
{
    column_major float4x4 _325_LightViewProj0 : packoffset(c0);
    column_major float4x4 _325_LightViewProj1 : packoffset(c4);
    column_major float4x4 _325_LightViewProj2 : packoffset(c8);
    float _325_DepthBias : packoffset(c12);
    float _325_NumCascades : packoffset(c12.y);
    float3 _325_LightDirection : packoffset(c13);
    column_major float4x4 _325_View : packoffset(c14);
    column_major float4x4 _325_Projection : packoffset(c18);
    column_major float4x4 _325_ViewProj : packoffset(c22);
    float3 _325_SnapColor : packoffset(c26);
    uint _325_IsFullbright : packoffset(c26.w);
    uint _325_UseBaseColor : packoffset(c27);
    float3 _325_BaseColor : packoffset(c28);
    float3 _325_FogColor : packoffset(c29);
    float _325_FogDistance : packoffset(c29.w);
    float _325_FogLogDensity : packoffset(c30);
    float2 _325_EnvironmentLight : packoffset(c30.z);
    float3 _325_CameraPosition : packoffset(c31);
    float _325_Alpha : packoffset(c31.w);
    uint _325_Expand : packoffset(c32);
    float _325_RandomFloat : packoffset(c32.y);
    float _325_Darken : packoffset(c32.z);
    float _325_ChargedBlinkAmount : packoffset(c32.w);
    float _325_HalfThickness : packoffset(c33);
    float2 _325_Resolution : packoffset(c33.z);
    float _325_DistantOutlineDistanceFalloffWithCutoffMask : packoffset(c34);
    float _325_DistantOutlineClassicCutoffMask : packoffset(c34.y);
    float _325_DistantOutlineDistanceFalloffMask : packoffset(c34.z);
    float _325_OutlineClassicCutoffDistance : packoffset(c34.w);
    float _325_OutlineFalloffStartDistance : packoffset(c35);
    float _325_OutlineFalloffCutoffDistance : packoffset(c35.y);
    float _325_OutlineFalloffLinearFadeStartDistance : packoffset(c35.z);
    float _325_OutlineFalloffLinearFadeStartThickness : packoffset(c35.w);
    float _325_OutlineFalloffInverseLinearFadeLength : packoffset(c36);
};

Texture2D<float4> ShadowMap0 : register(t0);
SamplerState ShadowMapSampler0 : register(s0);
Texture2D<float4> ShadowMap1 : register(t1);
SamplerState ShadowMapSampler1 : register(s1);
Texture2D<float4> ShadowMap2 : register(t2);
SamplerState ShadowMapSampler2 : register(s2);

static float4 gl_Position;
static float3 input_PositionA;
static float3 input_PositionB;
static float input_Side;
static float3 input_Normal;
static float3 input_Color;
static float3 input_Centroid;
static float input_DecalOffset;
static float4x4 world;
static float4 parameters;
static float4 parameters2;
static float4 _entryPointOutput_Color;
static float4 _entryPointOutput_WorldPos;
static float _entryPointOutput_GetsShadowed;
static float3 _entryPointOutput_NormalWorld;
static float _entryPointOutput_ViewLength;
static float _entryPointOutput_Lit;
static float _entryPointOutput_Diffuse;

struct SPIRV_Cross_Input
{
    float3 input_PositionA : POSITION0;
    float3 input_PositionB : POSITION1;
    float input_Side : TEXCOORD0;
    float3 input_Normal : NORMAL0;
    float3 input_Color : COLOR0;
    float3 input_Centroid : POSITION2;
    float input_DecalOffset : TEXCOORD1;
    float4 world_0 : TEXCOORD3;
    float4 world_1 : TEXCOORD4;
    float4 world_2 : TEXCOORD5;
    float4 world_3 : TEXCOORD6;
    float4 parameters : TEXCOORD7;
    float4 parameters2 : TEXCOORD8;
};

struct SPIRV_Cross_Output
{
    float4 _entryPointOutput_Color : TEXCOORD0;
    float4 _entryPointOutput_WorldPos : TEXCOORD1;
    float _entryPointOutput_GetsShadowed : TEXCOORD2;
    float3 _entryPointOutput_NormalWorld : TEXCOORD3;
    float _entryPointOutput_ViewLength : TEXCOORD4;
    float _entryPointOutput_Lit : TEXCOORD5;
    float _entryPointOutput_Diffuse : TEXCOORD6;
    float4 gl_Position : SV_Position;
};

void vert_main()
{
    bool _1144 = parameters.w > 0.0f;
    float4 _900 = mul(float4(input_Centroid, 1.0f), world);
    float4 _909 = mul(float4(_900.xyz, 1.0f), _325_View);
    float _910 = _909.z;
    float _911 = -_910;
    float _1171 = _325_HalfThickness * min(1.0f, max(_325_OutlineFalloffStartDistance, 9.9999997473787516355514526367188e-05f) / max(_911, 9.9999997473787516355514526367188e-05f));
    bool3 _924 = (abs(input_Side) > 1.5f).xxx;
    float3 _1238 = float3(_924.x ? input_PositionB.x : input_PositionA.x, _924.y ? input_PositionB.y : input_PositionA.y, _924.z ? input_PositionB.z : input_PositionA.z) - ((input_Normal * input_DecalOffset) * 0.100000001490116119384765625f);
    float3 _1525;
    if (_325_Expand != 0u)
    {
        _1525 = _1238 + (normalize(_1238 - input_Centroid) * float3(15.0f - (frac(sin((input_Centroid.x + _325_RandomFloat) * 12.98980045318603515625f) * 43758.546875f) * 30.0f), 15.0f - (frac(sin((input_Centroid.y + _325_RandomFloat) * 12.98980045318603515625f) * 43758.546875f) * 30.0f), 15.0f - (frac(sin((input_Centroid.z + _325_RandomFloat) * 12.98980045318603515625f) * 43758.546875f) * 30.0f)));
    }
    else
    {
        _1525 = _1238;
    }
    float4 _955 = mul(float4(_1525, 1.0f), world);
    float4 _964 = mul(_955, _325_View);
    float4 _978 = mul(mul(float4(input_PositionA, 1.0f), world), _325_ViewProj);
    float4 _989 = mul(mul(float4(input_PositionB, 1.0f), world), _325_ViewProj);
    float2 _1010 = ((_325_Resolution * _989.xy) / _989.w.xx) - ((_325_Resolution * _978.xy) / _978.w.xx);
    float2 _1017 = normalize(_1010);
    bool2 _1018 = (dot(_1010, _1010) < 9.9999997473787516355514526367188e-05f).xx;
    float2 _1019 = float2(_1018.x ? float2(1.0f, 0.0f).x : _1017.x, _1018.y ? float2(1.0f, 0.0f).y : _1017.y);
    float4 _1029 = mul(_964, _325_Projection);
    float3 _1049 = lerp(input_Color, _325_BaseColor, float(_325_UseBaseColor != 0u).xxx);
    float4 _1058 = _1029 + float4(((((float2(-_1019.y, _1019.x) * lerp(_325_HalfThickness, lerp(_1171, lerp(_1171, _325_OutlineFalloffLinearFadeStartThickness * clamp((_325_OutlineFalloffCutoffDistance + _910) * _325_OutlineFalloffInverseLinearFadeLength, 0.0f, 1.0f), clamp(sign(_911 - _325_OutlineFalloffLinearFadeStartDistance), 0.0f, 1.0f)), _325_DistantOutlineDistanceFalloffWithCutoffMask), _325_DistantOutlineDistanceFalloffMask + _325_DistantOutlineDistanceFalloffWithCutoffMask)) * sign(input_Side)) / _325_Resolution) * 2.0f) * _1029.w, 0.0f, 0.0f);
    _1058.z = _1058.z + (0.00999999977648258209228515625f * parameters2.x);
    float3 _1527;
    if (_325_Darken < 1.0f)
    {
        float _1324 = _1049.z;
        float _1325 = _1049.y;
        float4 _1344 = lerp(float4(_1324, _1325, -1.0f, 0.666666686534881591796875f), float4(_1325, _1324, 0.0f, -0.3333333432674407958984375f), step(_1324, _1325).xxxx);
        float _1348 = _1049.x;
        float _1349 = _1344.x;
        float4 _1367 = lerp(float4(_1349, _1344.yw, _1348), float4(_1348, _1344.yz, _1349), step(_1349, _1348).xxxx);
        float _1369 = _1367.x;
        float _1371 = _1367.w;
        float _1373 = _1367.y;
        float _1375 = _1369 - min(_1371, _1373);
        float _1395 = _1375 / (_1369 + 1.0000000133514319600180897396058e-10f);
        float3 _1526;
        if (_1369 > _325_Darken)
        {
            _1526 = lerp(1.0f.xxx, clamp(abs((frac(float3(abs(_1367.z + ((_1371 - _1373) / ((6.0f * _1375) + 1.0000000133514319600180897396058e-10f))), _1395, _1369).xxx + float3(1.0f, 0.666666686534881591796875f, 0.3333333432674407958984375f)) * 6.0f) - 3.0f.xxx) - 1.0f.xxx, 0.0f.xxx, 1.0f.xxx), _1395.xxx) * _325_Darken;
        }
        else
        {
            _1526 = _1049;
        }
        _1527 = _1526;
    }
    else
    {
        _1527 = _1049;
    }
    float3 _1530;
    if (_1144)
    {
        _1530 = min(_1527 * 1.60000002384185791015625f, 1.0f.xxx);
    }
    else
    {
        _1530 = _1527;
    }
    float3 _1099 = normalize(mul(float4(input_Normal, 0.0f), world).xyz);
    float _1437 = dot(_1099, _325_LightDirection);
    float _1528;
    if (sign(_1437) == sign(dot(_1099, _900.xyz - _325_CameraPosition)))
    {
        _1528 = abs(_1437);
    }
    else
    {
        _1528 = 0.0f;
    }
    gl_Position = lerp(_1058, float4(2.0f, 2.0f, 0.0f, 1.0f), max(_325_DistantOutlineClassicCutoffMask * clamp(sign(_911 - _325_OutlineClassicCutoffDistance), 0.0f, 1.0f), _325_DistantOutlineDistanceFalloffWithCutoffMask * clamp(sign(_911 - _325_OutlineFalloffCutoffDistance), 0.0f, 1.0f)).xxxx);
    _entryPointOutput_Color = float4(_1530, min(parameters.y, _325_Alpha));
    _entryPointOutput_WorldPos = _955;
    _entryPointOutput_GetsShadowed = float(parameters.x > 0.0f);
    _entryPointOutput_NormalWorld = _1099;
    _entryPointOutput_ViewLength = length(_964);
    _entryPointOutput_Lit = float(((_325_IsFullbright == 0u) && (!(parameters.z > 0.0f))) && (!_1144));
    _entryPointOutput_Diffuse = _1528;
}

SPIRV_Cross_Output main(SPIRV_Cross_Input stage_input)
{
    input_PositionA = stage_input.input_PositionA;
    input_PositionB = stage_input.input_PositionB;
    input_Side = stage_input.input_Side;
    input_Normal = stage_input.input_Normal;
    input_Color = stage_input.input_Color;
    input_Centroid = stage_input.input_Centroid;
    input_DecalOffset = stage_input.input_DecalOffset;
    world[0] = stage_input.world_0;
    world[1] = stage_input.world_1;
    world[2] = stage_input.world_2;
    world[3] = stage_input.world_3;
    parameters = stage_input.parameters;
    parameters2 = stage_input.parameters2;
    vert_main();
    SPIRV_Cross_Output stage_output;
    stage_output.gl_Position = gl_Position;
    stage_output._entryPointOutput_Color = _entryPointOutput_Color;
    stage_output._entryPointOutput_WorldPos = _entryPointOutput_WorldPos;
    stage_output._entryPointOutput_GetsShadowed = _entryPointOutput_GetsShadowed;
    stage_output._entryPointOutput_NormalWorld = _entryPointOutput_NormalWorld;
    stage_output._entryPointOutput_ViewLength = _entryPointOutput_ViewLength;
    stage_output._entryPointOutput_Lit = _entryPointOutput_Lit;
    stage_output._entryPointOutput_Diffuse = _entryPointOutput_Diffuse;
    return stage_output;
}
""";

    /// <summary>Metal Shading Language, compiled by sokol's Metal backend.</summary>
    private const string VertexMsl =
"""
#include <metal_stdlib>
#include <simd/simd.h>

using namespace metal;

struct _Global
{
    float4x4 LightViewProj0;
    float4x4 LightViewProj1;
    float4x4 LightViewProj2;
    float DepthBias;
    float NumCascades;
    float3 LightDirection;
    float4x4 View;
    float4x4 Projection;
    float4x4 ViewProj;
    packed_float3 SnapColor;
    uint IsFullbright;
    uint UseBaseColor;
    float3 BaseColor;
    packed_float3 FogColor;
    float FogDistance;
    float FogLogDensity;
    float2 EnvironmentLight;
    packed_float3 CameraPosition;
    float Alpha;
    uint Expand;
    float RandomFloat;
    float Darken;
    float ChargedBlinkAmount;
    float HalfThickness;
    float2 Resolution;
    float DistantOutlineDistanceFalloffWithCutoffMask;
    float DistantOutlineClassicCutoffMask;
    float DistantOutlineDistanceFalloffMask;
    float OutlineClassicCutoffDistance;
    float OutlineFalloffStartDistance;
    float OutlineFalloffCutoffDistance;
    float OutlineFalloffLinearFadeStartDistance;
    float OutlineFalloffLinearFadeStartThickness;
    float OutlineFalloffInverseLinearFadeLength;
};

struct main0_out
{
    float4 _entryPointOutput_Color [[user(locn0)]];
    float4 _entryPointOutput_WorldPos [[user(locn1)]];
    float _entryPointOutput_GetsShadowed [[user(locn2)]];
    float3 _entryPointOutput_NormalWorld [[user(locn3)]];
    float _entryPointOutput_ViewLength [[user(locn4)]];
    float _entryPointOutput_Lit [[user(locn5)]];
    float _entryPointOutput_Diffuse [[user(locn6)]];
    float4 gl_Position [[position]];
};

struct main0_in
{
    float3 input_PositionA [[attribute(0)]];
    float3 input_PositionB [[attribute(1)]];
    float input_Side [[attribute(2)]];
    float3 input_Normal [[attribute(3)]];
    float3 input_Color [[attribute(4)]];
    float3 input_Centroid [[attribute(5)]];
    float input_DecalOffset [[attribute(6)]];
    float4 world_0 [[attribute(7)]];
    float4 world_1 [[attribute(8)]];
    float4 world_2 [[attribute(9)]];
    float4 world_3 [[attribute(10)]];
    float4 parameters [[attribute(11)]];
    float4 parameters2 [[attribute(12)]];
};

vertex main0_out main0(main0_in in [[stage_in]], constant _Global& _325 [[buffer(0)]])
{
    main0_out out = {};
    float4x4 world = {};
    world[0] = in.world_0;
    world[1] = in.world_1;
    world[2] = in.world_2;
    world[3] = in.world_3;
    bool _1144 = in.parameters.w > 0.0;
    float4 _900 = world * float4(in.input_Centroid, 1.0);
    float4 _909 = float4(_900.xyz, 1.0) * _325.View;
    float _910 = _909.z;
    float _911 = -_910;
    float _1171 = _325.HalfThickness * fast::min(1.0, fast::max(_325.OutlineFalloffStartDistance, 9.9999997473787516355514526367188e-05) / fast::max(_911, 9.9999997473787516355514526367188e-05));
    float3 _1238 = select(in.input_PositionA, in.input_PositionB, bool3(abs(in.input_Side) > 1.5)) - ((in.input_Normal * in.input_DecalOffset) * 0.100000001490116119384765625);
    float3 _1525;
    if (_325.Expand != 0u)
    {
        _1525 = _1238 + (fast::normalize(_1238 - in.input_Centroid) * float3(15.0 - (fract(sin((in.input_Centroid.x + _325.RandomFloat) * 12.98980045318603515625) * 43758.546875) * 30.0), 15.0 - (fract(sin((in.input_Centroid.y + _325.RandomFloat) * 12.98980045318603515625) * 43758.546875) * 30.0), 15.0 - (fract(sin((in.input_Centroid.z + _325.RandomFloat) * 12.98980045318603515625) * 43758.546875) * 30.0)));
    }
    else
    {
        _1525 = _1238;
    }
    float4 _955 = world * float4(_1525, 1.0);
    float4 _964 = _955 * _325.View;
    float4 _978 = (world * float4(in.input_PositionA, 1.0)) * _325.ViewProj;
    float4 _989 = (world * float4(in.input_PositionB, 1.0)) * _325.ViewProj;
    float2 _1010 = ((_325.Resolution * _989.xy) / float2(_989.w)) - ((_325.Resolution * _978.xy) / float2(_978.w));
    float2 _1019 = select(fast::normalize(_1010), float2(1.0, 0.0), bool2(dot(_1010, _1010) < 9.9999997473787516355514526367188e-05));
    float4 _1029 = _964 * _325.Projection;
    float3 _1049 = mix(in.input_Color, _325.BaseColor, float3(float(_325.UseBaseColor != 0u)));
    float4 _1058 = _1029 + float4(((((float2(-_1019.y, _1019.x) * mix(_325.HalfThickness, mix(_1171, mix(_1171, _325.OutlineFalloffLinearFadeStartThickness * fast::clamp((_325.OutlineFalloffCutoffDistance + _910) * _325.OutlineFalloffInverseLinearFadeLength, 0.0, 1.0), fast::clamp(sign(_911 - _325.OutlineFalloffLinearFadeStartDistance), 0.0, 1.0)), _325.DistantOutlineDistanceFalloffWithCutoffMask), _325.DistantOutlineDistanceFalloffMask + _325.DistantOutlineDistanceFalloffWithCutoffMask)) * sign(in.input_Side)) / _325.Resolution) * 2.0) * _1029.w, 0.0, 0.0);
    _1058.z = _1058.z + (0.00999999977648258209228515625 * in.parameters2.x);
    float3 _1527;
    if (_325.Darken < 1.0)
    {
        float _1324 = _1049.z;
        float _1325 = _1049.y;
        float4 _1344 = mix(float4(_1324, _1325, -1.0, 0.666666686534881591796875), float4(_1325, _1324, 0.0, -0.3333333432674407958984375), float4(step(_1324, _1325)));
        float _1348 = _1049.x;
        float _1349 = _1344.x;
        float4 _1367 = mix(float4(_1349, _1344.yw, _1348), float4(_1348, _1344.yz, _1349), float4(step(_1349, _1348)));
        float _1369 = _1367.x;
        float _1371 = _1367.w;
        float _1373 = _1367.y;
        float _1375 = _1369 - fast::min(_1371, _1373);
        float _1395 = _1375 / (_1369 + 1.0000000133514319600180897396058e-10);
        float3 _1526;
        if (_1369 > _325.Darken)
        {
            _1526 = mix(float3(1.0), fast::clamp(abs((fract(float3(abs(_1367.z + ((_1371 - _1373) / ((6.0 * _1375) + 1.0000000133514319600180897396058e-10))), _1395, _1369).xxx + float3(1.0, 0.666666686534881591796875, 0.3333333432674407958984375)) * 6.0) - float3(3.0)) - float3(1.0), float3(0.0), float3(1.0)), float3(_1395)) * _325.Darken;
        }
        else
        {
            _1526 = _1049;
        }
        _1527 = _1526;
    }
    else
    {
        _1527 = _1049;
    }
    float3 _1530;
    if (_1144)
    {
        _1530 = fast::min(_1527 * 1.60000002384185791015625, float3(1.0));
    }
    else
    {
        _1530 = _1527;
    }
    float3 _1099 = fast::normalize((world * float4(in.input_Normal, 0.0)).xyz);
    float _1437 = dot(_1099, _325.LightDirection);
    float _1528;
    if (sign(_1437) == sign(dot(_1099, _900.xyz - float3(_325.CameraPosition))))
    {
        _1528 = abs(_1437);
    }
    else
    {
        _1528 = 0.0;
    }
    out.gl_Position = mix(_1058, float4(2.0, 2.0, 0.0, 1.0), float4(fast::max(_325.DistantOutlineClassicCutoffMask * fast::clamp(sign(_911 - _325.OutlineClassicCutoffDistance), 0.0, 1.0), _325.DistantOutlineDistanceFalloffWithCutoffMask * fast::clamp(sign(_911 - _325.OutlineFalloffCutoffDistance), 0.0, 1.0))));
    out._entryPointOutput_Color = float4(_1530, fast::min(in.parameters.y, _325.Alpha));
    out._entryPointOutput_WorldPos = _955;
    out._entryPointOutput_GetsShadowed = float(in.parameters.x > 0.0);
    out._entryPointOutput_NormalWorld = _1099;
    out._entryPointOutput_ViewLength = length(_964);
    out._entryPointOutput_Lit = float(((_325.IsFullbright == 0u) && (isunordered(in.parameters.z, 0.0) || in.parameters.z <= 0.0)) && (!_1144));
    out._entryPointOutput_Diffuse = _1528;
    return out;
}
""";

    /// <summary>GLSL, compiled by sokol's GL backend.</summary>
    private const string VertexGlsl =
"""
#version 410
#ifdef GL_ARB_shading_language_420pack
#extension GL_ARB_shading_language_420pack : require
#endif

struct _Global
{
    mat4 LightViewProj0;
    mat4 LightViewProj1;
    mat4 LightViewProj2;
    float DepthBias;
    float NumCascades;
    vec3 LightDirection;
    mat4 View;
    mat4 Projection;
    mat4 ViewProj;
    vec3 SnapColor;
    uint IsFullbright;
    uint UseBaseColor;
    vec3 BaseColor;
    vec3 FogColor;
    float FogDistance;
    float FogLogDensity;
    vec2 EnvironmentLight;
    vec3 CameraPosition;
    float Alpha;
    uint Expand;
    float RandomFloat;
    float Darken;
    float ChargedBlinkAmount;
    float HalfThickness;
    vec2 Resolution;
    float DistantOutlineDistanceFalloffWithCutoffMask;
    float DistantOutlineClassicCutoffMask;
    float DistantOutlineDistanceFalloffMask;
    float OutlineClassicCutoffDistance;
    float OutlineFalloffStartDistance;
    float OutlineFalloffCutoffDistance;
    float OutlineFalloffLinearFadeStartDistance;
    float OutlineFalloffLinearFadeStartThickness;
    float OutlineFalloffInverseLinearFadeLength;
};

uniform _Global _325;

layout(location = 0) in vec3 input_PositionA;
layout(location = 1) in vec3 input_PositionB;
layout(location = 2) in float input_Side;
layout(location = 3) in vec3 input_Normal;
layout(location = 4) in vec3 input_Color;
layout(location = 5) in vec3 input_Centroid;
layout(location = 6) in float input_DecalOffset;
layout(location = 7) in mat4 world;
layout(location = 11) in vec4 parameters;
layout(location = 12) in vec4 parameters2;
layout(location = 0) out vec4 _entryPointOutput_Color;
layout(location = 1) out vec4 _entryPointOutput_WorldPos;
layout(location = 2) out float _entryPointOutput_GetsShadowed;
layout(location = 3) out vec3 _entryPointOutput_NormalWorld;
layout(location = 4) out float _entryPointOutput_ViewLength;
layout(location = 5) out float _entryPointOutput_Lit;
layout(location = 6) out float _entryPointOutput_Diffuse;

mat4 spvWorkaroundRowMajor(mat4 wrap) { return wrap; }

void main()
{
    bool _1144 = parameters.w > 0.0;
    vec4 _900 = world * vec4(input_Centroid, 1.0);
    vec4 _909 = spvWorkaroundRowMajor(_325.View) * vec4(_900.xyz, 1.0);
    float _910 = _909.z;
    float _911 = -_910;
    float _1171 = _325.HalfThickness * min(1.0, max(_325.OutlineFalloffStartDistance, 9.9999997473787516355514526367188e-05) / max(_911, 9.9999997473787516355514526367188e-05));
    bvec3 _924 = bvec3(abs(input_Side) > 1.5);
    vec3 _1238 = vec3(_924.x ? input_PositionB.x : input_PositionA.x, _924.y ? input_PositionB.y : input_PositionA.y, _924.z ? input_PositionB.z : input_PositionA.z) - ((input_Normal * input_DecalOffset) * 0.100000001490116119384765625);
    vec3 _1525;
    if (_325.Expand != 0u)
    {
        _1525 = _1238 + (normalize(_1238 - input_Centroid) * vec3(15.0 - (fract(sin((input_Centroid.x + _325.RandomFloat) * 12.98980045318603515625) * 43758.546875) * 30.0), 15.0 - (fract(sin((input_Centroid.y + _325.RandomFloat) * 12.98980045318603515625) * 43758.546875) * 30.0), 15.0 - (fract(sin((input_Centroid.z + _325.RandomFloat) * 12.98980045318603515625) * 43758.546875) * 30.0)));
    }
    else
    {
        _1525 = _1238;
    }
    vec4 _955 = world * vec4(_1525, 1.0);
    vec4 _964 = spvWorkaroundRowMajor(_325.View) * _955;
    vec4 _978 = spvWorkaroundRowMajor(_325.ViewProj) * (world * vec4(input_PositionA, 1.0));
    vec4 _989 = spvWorkaroundRowMajor(_325.ViewProj) * (world * vec4(input_PositionB, 1.0));
    vec2 _1010 = ((_325.Resolution * _989.xy) / vec2(_989.w)) - ((_325.Resolution * _978.xy) / vec2(_978.w));
    vec2 _1017 = normalize(_1010);
    bvec2 _1018 = bvec2(dot(_1010, _1010) < 9.9999997473787516355514526367188e-05);
    vec2 _1019 = vec2(_1018.x ? vec2(1.0, 0.0).x : _1017.x, _1018.y ? vec2(1.0, 0.0).y : _1017.y);
    vec4 _1029 = spvWorkaroundRowMajor(_325.Projection) * _964;
    vec3 _1049 = mix(input_Color, _325.BaseColor, vec3(float(_325.UseBaseColor != 0u)));
    vec4 _1058 = _1029 + vec4(((((vec2(-_1019.y, _1019.x) * mix(_325.HalfThickness, mix(_1171, mix(_1171, _325.OutlineFalloffLinearFadeStartThickness * clamp((_325.OutlineFalloffCutoffDistance + _910) * _325.OutlineFalloffInverseLinearFadeLength, 0.0, 1.0), clamp(sign(_911 - _325.OutlineFalloffLinearFadeStartDistance), 0.0, 1.0)), _325.DistantOutlineDistanceFalloffWithCutoffMask), _325.DistantOutlineDistanceFalloffMask + _325.DistantOutlineDistanceFalloffWithCutoffMask)) * sign(input_Side)) / _325.Resolution) * 2.0) * _1029.w, 0.0, 0.0);
    _1058.z = _1058.z + (0.00999999977648258209228515625 * parameters2.x);
    vec3 _1527;
    if (_325.Darken < 1.0)
    {
        float _1324 = _1049.z;
        float _1325 = _1049.y;
        vec4 _1344 = mix(vec4(_1324, _1325, -1.0, 0.666666686534881591796875), vec4(_1325, _1324, 0.0, -0.3333333432674407958984375), vec4(step(_1324, _1325)));
        float _1348 = _1049.x;
        float _1349 = _1344.x;
        vec4 _1367 = mix(vec4(_1349, _1344.yw, _1348), vec4(_1348, _1344.yz, _1349), vec4(step(_1349, _1348)));
        float _1369 = _1367.x;
        float _1371 = _1367.w;
        float _1373 = _1367.y;
        float _1375 = _1369 - min(_1371, _1373);
        float _1395 = _1375 / (_1369 + 1.0000000133514319600180897396058e-10);
        vec3 _1526;
        if (_1369 > _325.Darken)
        {
            _1526 = mix(vec3(1.0), clamp(abs((fract(vec3(abs(_1367.z + ((_1371 - _1373) / ((6.0 * _1375) + 1.0000000133514319600180897396058e-10))), _1395, _1369).xxx + vec3(1.0, 0.666666686534881591796875, 0.3333333432674407958984375)) * 6.0) - vec3(3.0)) - vec3(1.0), vec3(0.0), vec3(1.0)), vec3(_1395)) * _325.Darken;
        }
        else
        {
            _1526 = _1049;
        }
        _1527 = _1526;
    }
    else
    {
        _1527 = _1049;
    }
    vec3 _1530;
    if (_1144)
    {
        _1530 = min(_1527 * 1.60000002384185791015625, vec3(1.0));
    }
    else
    {
        _1530 = _1527;
    }
    vec3 _1099 = normalize((world * vec4(input_Normal, 0.0)).xyz);
    float _1437 = dot(_1099, _325.LightDirection);
    float _1528;
    if (sign(_1437) == sign(dot(_1099, _900.xyz - _325.CameraPosition)))
    {
        _1528 = abs(_1437);
    }
    else
    {
        _1528 = 0.0;
    }
    gl_Position = mix(_1058, vec4(2.0, 2.0, 0.0, 1.0), vec4(max(_325.DistantOutlineClassicCutoffMask * clamp(sign(_911 - _325.OutlineClassicCutoffDistance), 0.0, 1.0), _325.DistantOutlineDistanceFalloffWithCutoffMask * clamp(sign(_911 - _325.OutlineFalloffCutoffDistance), 0.0, 1.0))));
    _entryPointOutput_Color = vec4(_1530, min(parameters.y, _325.Alpha));
    _entryPointOutput_WorldPos = _955;
    _entryPointOutput_GetsShadowed = float(parameters.x > 0.0);
    _entryPointOutput_NormalWorld = _1099;
    _entryPointOutput_ViewLength = length(_964);
    _entryPointOutput_Lit = float(((_325.IsFullbright == 0u) && (parameters.z <= 0.0)) && (!_1144));
    _entryPointOutput_Diffuse = _1528;
}
""";

    /// <summary>OpenGL ES 3.0 GLSL, compiled by a GLES3 context or ANGLE.</summary>
    private const string VertexGlslEs =
"""
#version 300 es

layout(std140) uniform _Global
{
    layout(row_major) mat4 LightViewProj0;
    layout(row_major) mat4 LightViewProj1;
    layout(row_major) mat4 LightViewProj2;
    float DepthBias;
    float NumCascades;
    vec3 LightDirection;
    layout(row_major) mat4 View;
    layout(row_major) mat4 Projection;
    layout(row_major) mat4 ViewProj;
    vec3 SnapColor;
    uint IsFullbright;
    uint UseBaseColor;
    vec3 BaseColor;
    vec3 FogColor;
    float FogDistance;
    float FogLogDensity;
    vec2 EnvironmentLight;
    vec3 CameraPosition;
    float Alpha;
    uint Expand;
    float RandomFloat;
    float Darken;
    float ChargedBlinkAmount;
    float HalfThickness;
    vec2 Resolution;
    float DistantOutlineDistanceFalloffWithCutoffMask;
    float DistantOutlineClassicCutoffMask;
    float DistantOutlineDistanceFalloffMask;
    float OutlineClassicCutoffDistance;
    float OutlineFalloffStartDistance;
    float OutlineFalloffCutoffDistance;
    float OutlineFalloffLinearFadeStartDistance;
    float OutlineFalloffLinearFadeStartThickness;
    float OutlineFalloffInverseLinearFadeLength;
} _325;

layout(location = 0) in vec3 input_PositionA;
layout(location = 1) in vec3 input_PositionB;
layout(location = 2) in float input_Side;
layout(location = 3) in vec3 input_Normal;
layout(location = 4) in vec3 input_Color;
layout(location = 5) in vec3 input_Centroid;
layout(location = 6) in float input_DecalOffset;
layout(location = 7) in mat4 world;
layout(location = 11) in vec4 parameters;
layout(location = 12) in vec4 parameters2;
out vec4 varying_0;
out vec4 varying_1;
out float varying_2;
out vec3 varying_3;
out float varying_4;
out float varying_5;
out float varying_6;

highp mat4 spvWorkaroundRowMajor(highp mat4 wrap) { return wrap; }
mediump mat4 spvWorkaroundRowMajorMP(mediump mat4 wrap) { return wrap; }

void main()
{
    bool _1144 = parameters.w > 0.0;
    vec4 _900 = world * vec4(input_Centroid, 1.0);
    vec4 _909 = spvWorkaroundRowMajor(_325.View) * vec4(_900.xyz, 1.0);
    float _910 = _909.z;
    float _911 = -_910;
    float _1171 = _325.HalfThickness * min(1.0, max(_325.OutlineFalloffStartDistance, 9.9999997473787516355514526367188e-05) / max(_911, 9.9999997473787516355514526367188e-05));
    bvec3 _924 = bvec3(abs(input_Side) > 1.5);
    vec3 _1238 = vec3(_924.x ? input_PositionB.x : input_PositionA.x, _924.y ? input_PositionB.y : input_PositionA.y, _924.z ? input_PositionB.z : input_PositionA.z) - ((input_Normal * input_DecalOffset) * 0.100000001490116119384765625);
    vec3 _1525;
    if (_325.Expand != 0u)
    {
        _1525 = _1238 + (normalize(_1238 - input_Centroid) * vec3(15.0 - (fract(sin((input_Centroid.x + _325.RandomFloat) * 12.98980045318603515625) * 43758.546875) * 30.0), 15.0 - (fract(sin((input_Centroid.y + _325.RandomFloat) * 12.98980045318603515625) * 43758.546875) * 30.0), 15.0 - (fract(sin((input_Centroid.z + _325.RandomFloat) * 12.98980045318603515625) * 43758.546875) * 30.0)));
    }
    else
    {
        _1525 = _1238;
    }
    vec4 _955 = world * vec4(_1525, 1.0);
    vec4 _964 = spvWorkaroundRowMajor(_325.View) * _955;
    vec4 _978 = spvWorkaroundRowMajor(_325.ViewProj) * (world * vec4(input_PositionA, 1.0));
    vec4 _989 = spvWorkaroundRowMajor(_325.ViewProj) * (world * vec4(input_PositionB, 1.0));
    vec2 _1010 = ((_325.Resolution * _989.xy) / vec2(_989.w)) - ((_325.Resolution * _978.xy) / vec2(_978.w));
    vec2 _1017 = normalize(_1010);
    bvec2 _1018 = bvec2(dot(_1010, _1010) < 9.9999997473787516355514526367188e-05);
    vec2 _1019 = vec2(_1018.x ? vec2(1.0, 0.0).x : _1017.x, _1018.y ? vec2(1.0, 0.0).y : _1017.y);
    vec4 _1029 = spvWorkaroundRowMajor(_325.Projection) * _964;
    vec3 _1049 = mix(input_Color, _325.BaseColor, vec3(float(_325.UseBaseColor != 0u)));
    vec4 _1058 = _1029 + vec4(((((vec2(-_1019.y, _1019.x) * mix(_325.HalfThickness, mix(_1171, mix(_1171, _325.OutlineFalloffLinearFadeStartThickness * clamp((_325.OutlineFalloffCutoffDistance + _910) * _325.OutlineFalloffInverseLinearFadeLength, 0.0, 1.0), clamp(sign(_911 - _325.OutlineFalloffLinearFadeStartDistance), 0.0, 1.0)), _325.DistantOutlineDistanceFalloffWithCutoffMask), _325.DistantOutlineDistanceFalloffMask + _325.DistantOutlineDistanceFalloffWithCutoffMask)) * sign(input_Side)) / _325.Resolution) * 2.0) * _1029.w, 0.0, 0.0);
    _1058.z = _1058.z + (0.00999999977648258209228515625 * parameters2.x);
    vec3 _1527;
    if (_325.Darken < 1.0)
    {
        float _1324 = _1049.z;
        float _1325 = _1049.y;
        vec4 _1344 = mix(vec4(_1324, _1325, -1.0, 0.666666686534881591796875), vec4(_1325, _1324, 0.0, -0.3333333432674407958984375), vec4(step(_1324, _1325)));
        float _1348 = _1049.x;
        float _1349 = _1344.x;
        vec4 _1367 = mix(vec4(_1349, _1344.yw, _1348), vec4(_1348, _1344.yz, _1349), vec4(step(_1349, _1348)));
        float _1369 = _1367.x;
        float _1371 = _1367.w;
        float _1373 = _1367.y;
        float _1375 = _1369 - min(_1371, _1373);
        float _1395 = _1375 / (_1369 + 1.0000000133514319600180897396058e-10);
        vec3 _1526;
        if (_1369 > _325.Darken)
        {
            _1526 = mix(vec3(1.0), clamp(abs((fract(vec3(abs(_1367.z + ((_1371 - _1373) / ((6.0 * _1375) + 1.0000000133514319600180897396058e-10))), _1395, _1369).xxx + vec3(1.0, 0.666666686534881591796875, 0.3333333432674407958984375)) * 6.0) - vec3(3.0)) - vec3(1.0), vec3(0.0), vec3(1.0)), vec3(_1395)) * _325.Darken;
        }
        else
        {
            _1526 = _1049;
        }
        _1527 = _1526;
    }
    else
    {
        _1527 = _1049;
    }
    vec3 _1530;
    if (_1144)
    {
        _1530 = min(_1527 * 1.60000002384185791015625, vec3(1.0));
    }
    else
    {
        _1530 = _1527;
    }
    vec3 _1099 = normalize((world * vec4(input_Normal, 0.0)).xyz);
    float _1437 = dot(_1099, _325.LightDirection);
    float _1528;
    if (sign(_1437) == sign(dot(_1099, _900.xyz - _325.CameraPosition)))
    {
        _1528 = abs(_1437);
    }
    else
    {
        _1528 = 0.0;
    }
    gl_Position = mix(_1058, vec4(2.0, 2.0, 0.0, 1.0), vec4(max(_325.DistantOutlineClassicCutoffMask * clamp(sign(_911 - _325.OutlineClassicCutoffDistance), 0.0, 1.0), _325.DistantOutlineDistanceFalloffWithCutoffMask * clamp(sign(_911 - _325.OutlineFalloffCutoffDistance), 0.0, 1.0))));
    varying_0 = vec4(_1530, min(parameters.y, _325.Alpha));
    varying_1 = _955;
    varying_2 = float(parameters.x > 0.0);
    varying_3 = _1099;
    varying_4 = length(_964);
    varying_5 = float(((_325.IsFullbright == 0u) && (parameters.z <= 0.0)) && (!_1144));
    varying_6 = _1528;
}
""";

    /// <summary>SPIR-V for the Fragment stage (entry point <c>MainPS</c>).</summary>
    private static ReadOnlyMemory<byte> PixelSpirv => new byte[]
    {
        0x03, 0x02, 0x23, 0x07, 0x00, 0x03, 0x01, 0x00, 0x0b, 0x00, 0x0d, 0x00, 0x25, 0x04, 0x00, 0x00,
        0x00, 0x00, 0x00, 0x00, 0x11, 0x00, 0x02, 0x00, 0x01, 0x00, 0x00, 0x00, 0x0b, 0x00, 0x06, 0x00,
        0x03, 0x00, 0x00, 0x00, 0x47, 0x4c, 0x53, 0x4c, 0x2e, 0x73, 0x74, 0x64, 0x2e, 0x34, 0x35, 0x30,
        0x00, 0x00, 0x00, 0x00, 0x0e, 0x00, 0x03, 0x00, 0x00, 0x00, 0x00, 0x00, 0x01, 0x00, 0x00, 0x00,
        0x0f, 0x00, 0x0d, 0x00, 0x04, 0x00, 0x00, 0x00, 0x06, 0x00, 0x00, 0x00, 0x4d, 0x61, 0x69, 0x6e,
        0x50, 0x53, 0x00, 0x00, 0xac, 0x01, 0x00, 0x00, 0xaf, 0x01, 0x00, 0x00, 0xb3, 0x01, 0x00, 0x00,
        0xb7, 0x01, 0x00, 0x00, 0xba, 0x01, 0x00, 0x00, 0xbd, 0x01, 0x00, 0x00, 0xc0, 0x01, 0x00, 0x00,
        0xc4, 0x01, 0x00, 0x00, 0x10, 0x00, 0x03, 0x00, 0x06, 0x00, 0x00, 0x00, 0x07, 0x00, 0x00, 0x00,
        0x07, 0x00, 0x0f, 0x00, 0x01, 0x00, 0x00, 0x00, 0x43, 0x3a, 0x2f, 0x55, 0x73, 0x65, 0x72, 0x73,
        0x2f, 0x4d, 0x61, 0x78, 0x69, 0x6e, 0x65, 0x2f, 0x41, 0x70, 0x70, 0x44, 0x61, 0x74, 0x61, 0x2f,
        0x4c, 0x6f, 0x63, 0x61, 0x6c, 0x2f, 0x54, 0x65, 0x6d, 0x70, 0x2f, 0x66, 0x78, 0x6d, 0x69, 0x67,
        0x2f, 0x4c, 0x69, 0x6e, 0x65, 0x2e, 0x66, 0x78, 0x00, 0x00, 0x00, 0x00, 0x07, 0x00, 0x05, 0x00,
        0x02, 0x00, 0x00, 0x00, 0x2e, 0x2f, 0x4d, 0x61, 0x64, 0x2e, 0x66, 0x78, 0x68, 0x00, 0x00, 0x00,
        0x03, 0x00, 0x06, 0x09, 0x05, 0x00, 0x00, 0x00, 0xf4, 0x01, 0x00, 0x00, 0x01, 0x00, 0x00, 0x00,
        0x23, 0x69, 0x66, 0x20, 0x4f, 0x50, 0x45, 0x4e, 0x47, 0x4c, 0x0a, 0x09, 0x23, 0x64, 0x65, 0x66,
        0x69, 0x6e, 0x65, 0x20, 0x53, 0x56, 0x5f, 0x50, 0x4f, 0x53, 0x49, 0x54, 0x49, 0x4f, 0x4e, 0x20,
        0x50, 0x4f, 0x53, 0x49, 0x54, 0x49, 0x4f, 0x4e, 0x0a, 0x09, 0x23, 0x64, 0x65, 0x66, 0x69, 0x6e,
        0x65, 0x20, 0x56, 0x53, 0x5f, 0x53, 0x48, 0x41, 0x44, 0x45, 0x52, 0x4d, 0x4f, 0x44, 0x45, 0x4c,
        0x20, 0x76, 0x73, 0x5f, 0x33, 0x5f, 0x30, 0x0a, 0x09, 0x23, 0x64, 0x65, 0x66, 0x69, 0x6e, 0x65,
        0x20, 0x50, 0x53, 0x5f, 0x53, 0x48, 0x41, 0x44, 0x45, 0x52, 0x4d, 0x4f, 0x44, 0x45, 0x4c, 0x20,
        0x70, 0x73, 0x5f, 0x33, 0x5f, 0x30, 0x0a, 0x23, 0x65, 0x6c, 0x73, 0x65, 0x0a, 0x09, 0x23, 0x64,
        0x65, 0x66, 0x69, 0x6e, 0x65, 0x20, 0x56, 0x53, 0x5f, 0x53, 0x48, 0x41, 0x44, 0x45, 0x52, 0x4d,
        0x4f, 0x44, 0x45, 0x4c, 0x20, 0x76, 0x73, 0x5f, 0x33, 0x5f, 0x30, 0x0a, 0x09, 0x23, 0x64, 0x65,
        0x66, 0x69, 0x6e, 0x65, 0x20, 0x50, 0x53, 0x5f, 0x53, 0x48, 0x41, 0x44, 0x45, 0x52, 0x4d, 0x4f,
        0x44, 0x45, 0x4c, 0x20, 0x70, 0x73, 0x5f, 0x33, 0x5f, 0x30, 0x0a, 0x23, 0x65, 0x6e, 0x64, 0x69,
        0x66, 0x0a, 0x0a, 0x23, 0x69, 0x6e, 0x63, 0x6c, 0x75, 0x64, 0x65, 0x20, 0x22, 0x2e, 0x2f, 0x4d,
        0x61, 0x64, 0x2e, 0x66, 0x78, 0x68, 0x22, 0x0a, 0x0a, 0x66, 0x6c, 0x6f, 0x61, 0x74, 0x34, 0x78,
        0x34, 0x20, 0x56, 0x69, 0x65, 0x77, 0x3b, 0x0a, 0x66, 0x6c, 0x6f, 0x61, 0x74, 0x34, 0x78, 0x34,
        0x20, 0x50, 0x72, 0x6f, 0x6a, 0x65, 0x63, 0x74, 0x69, 0x6f, 0x6e, 0x3b, 0x0a, 0x66, 0x6c, 0x6f,
        0x61, 0x74, 0x34, 0x78, 0x34, 0x20, 0x56, 0x69, 0x65, 0x77, 0x50, 0x72, 0x6f, 0x6a, 0x3b, 0x0a,
        0x66, 0x6c, 0x6f, 0x61, 0x74, 0x33, 0x20, 0x53, 0x6e, 0x61, 0x70, 0x43, 0x6f, 0x6c, 0x6f, 0x72,
        0x3b, 0x0a, 0x62, 0x6f, 0x6f, 0x6c, 0x20, 0x49, 0x73, 0x46, 0x75, 0x6c, 0x6c, 0x62, 0x72, 0x69,
        0x67, 0x68, 0x74, 0x3b, 0x0a, 0x62, 0x6f, 0x6f, 0x6c, 0x20, 0x55, 0x73, 0x65, 0x42, 0x61, 0x73,
        0x65, 0x43, 0x6f, 0x6c, 0x6f, 0x72, 0x3b, 0x0a, 0x66, 0x6c, 0x6f, 0x61, 0x74, 0x33, 0x20, 0x42,
        0x61, 0x73, 0x65, 0x43, 0x6f, 0x6c, 0x6f, 0x72, 0x3b, 0x0a, 0x66, 0x6c, 0x6f, 0x61, 0x74, 0x33,
        0x20, 0x46, 0x6f, 0x67, 0x43, 0x6f, 0x6c, 0x6f, 0x72, 0x3b, 0x0a, 0x66, 0x6c, 0x6f, 0x61, 0x74,
        0x20, 0x46, 0x6f, 0x67, 0x44, 0x69, 0x73, 0x74, 0x61, 0x6e, 0x63, 0x65, 0x3b, 0x0a, 0x2f, 0x2f,
        0x20, 0x6c, 0x6f, 0x67, 0x32, 0x20, 0x6f, 0x66, 0x20, 0x74, 0x68, 0x65, 0x20, 0x6e, 0x6f, 0x72,
        0x6d, 0x61, 0x6c, 0x69, 0x7a, 0x65, 0x64, 0x20, 0x66, 0x6f, 0x67, 0x20, 0x64, 0x65, 0x6e, 0x73,
        0x69, 0x74, 0x79, 0x20, 0x28, 0x73, 0x65, 0x65, 0x20, 0x56, 0x53, 0x5f, 0x41, 0x70, 0x70, 0x6c,
        0x79, 0x46, 0x6f, 0x67, 0x29, 0x2e, 0x20, 0x54, 0x68, 0x65, 0x20, 0x6c, 0x6f, 0x67, 0x32, 0x20,
        0x69, 0x73, 0x20, 0x66, 0x6f, 0x6c, 0x64, 0x65, 0x64, 0x20, 0x6f, 0x6e, 0x20, 0x74, 0x68, 0x65,
        0x20, 0x43, 0x50, 0x55, 0x20, 0x73, 0x6f, 0x20, 0x74, 0x68, 0x65, 0x0a, 0x2f, 0x2f, 0x20, 0x70,
        0x69, 0x78, 0x65, 0x6c, 0x20, 0x73, 0x68, 0x61, 0x64, 0x65, 0x72, 0x20, 0x70, 0x61, 0x79, 0x73,
        0x20, 0x6f, 0x6e, 0x65, 0x20, 0x65, 0x78, 0x70, 0x32, 0x20, 0x70, 0x65, 0x72, 0x20, 0x70, 0x69,
        0x78, 0x65, 0x6c, 0x20, 0x69, 0x6e, 0x73, 0x74, 0x65, 0x61, 0x64, 0x20, 0x6f, 0x66, 0x20, 0x61,
        0x20, 0x6c, 0x6f, 0x67, 0x32, 0x20, 0x2b, 0x20, 0x65, 0x78, 0x70, 0x32, 0x20, 0x70, 0x61, 0x69,
        0x72, 0x2e, 0x0a, 0x66, 0x6c, 0x6f, 0x61, 0x74, 0x20, 0x46, 0x6f, 0x67, 0x4c, 0x6f, 0x67, 0x44,
        0x65, 0x6e, 0x73, 0x69, 0x74, 0x79, 0x3b, 0x0a, 0x66, 0x6c, 0x6f, 0x61, 0x74, 0x32, 0x20, 0x45,
        0x6e, 0x76, 0x69, 0x72, 0x6f, 0x6e, 0x6d, 0x65, 0x6e, 0x74, 0x4c, 0x69, 0x67, 0x68, 0x74, 0x3b,
        0x0a, 0x66, 0x6c, 0x6f, 0x61, 0x74, 0x33, 0x20, 0x43, 0x61, 0x6d, 0x65, 0x72, 0x61, 0x50, 0x6f,
        0x73, 0x69, 0x74, 0x69, 0x6f, 0x6e, 0x3b, 0x0a, 0x66, 0x6c, 0x6f, 0x61, 0x74, 0x20, 0x41, 0x6c,
        0x70, 0x68, 0x61, 0x3b, 0x0a, 0x0a, 0x0a, 0x2f, 0x2f, 0x20, 0x44, 0x61, 0x6d, 0x61, 0x67, 0x65,
        0x0a, 0x62, 0x6f, 0x6f, 0x6c, 0x20, 0x45, 0x78, 0x70, 0x61, 0x6e, 0x64, 0x3b, 0x0a, 0x66, 0x6c,
        0x6f, 0x61, 0x74, 0x20, 0x52, 0x61, 0x6e, 0x64, 0x6f, 0x6d, 0x46, 0x6c, 0x6f, 0x61, 0x74, 0x3b,
        0x0a, 0x66, 0x6c, 0x6f, 0x61, 0x74, 0x20, 0x44, 0x61, 0x72, 0x6b, 0x65, 0x6e, 0x3b, 0x20, 0x2f,
        0x2f, 0x20, 0x73, 0x65, 0x74, 0x20, 0x62, 0x65, 0x6c, 0x6f, 0x77, 0x20, 0x31, 0x2e, 0x30, 0x66,
        0x20, 0x74, 0x6f, 0x20, 0x61, 0x64, 0x6a, 0x75, 0x73, 0x74, 0x20, 0x62, 0x72, 0x69, 0x67, 0x68,
        0x74, 0x6e, 0x65, 0x73, 0x73, 0x0a, 0x0a, 0x2f, 0x2f, 0x20, 0x43, 0x68, 0x61, 0x72, 0x67, 0x65,
        0x64, 0x20, 0x6c, 0x69, 0x6e, 0x65, 0x20, 0x62, 0x6c, 0x69, 0x6e, 0x6b, 0x0a, 0x66, 0x6c, 0x6f,
        0x61, 0x74, 0x20, 0x43, 0x68, 0x61, 0x72, 0x67, 0x65, 0x64, 0x42, 0x6c, 0x69, 0x6e, 0x6b, 0x41,
        0x6d, 0x6f, 0x75, 0x6e, 0x74, 0x3b, 0x0a, 0x0a, 0x66, 0x6c, 0x6f, 0x61, 0x74, 0x20, 0x48, 0x61,
        0x6c, 0x66, 0x54, 0x68, 0x69, 0x63, 0x6b, 0x6e, 0x65, 0x73, 0x73, 0x3b, 0x0a, 0x66, 0x6c, 0x6f,
        0x61, 0x74, 0x32, 0x20, 0x52, 0x65, 0x73, 0x6f, 0x6c, 0x75, 0x74, 0x69, 0x6f, 0x6e, 0x3b, 0x0a,
        0x0a, 0x2f, 0x2f, 0x20, 0x44, 0x69, 0x73, 0x74, 0x61, 0x6e, 0x74, 0x20, 0x6f, 0x75, 0x74, 0x6c,
        0x69, 0x6e, 0x65, 0x20, 0x6d, 0x6f, 0x64, 0x65, 0x73, 0x20, 0x61, 0x72, 0x65, 0x20, 0x73, 0x65,
        0x6e, 0x74, 0x20, 0x61, 0x73, 0x20, 0x69, 0x6e, 0x64, 0x65, 0x70, 0x65, 0x6e, 0x64, 0x65, 0x6e,
        0x74, 0x20, 0x6e, 0x75, 0x6d, 0x65, 0x72, 0x69, 0x63, 0x20, 0x6d, 0x61, 0x73, 0x6b, 0x73, 0x2e,
        0x20, 0x4b, 0x65, 0x65, 0x70, 0x69, 0x6e, 0x67, 0x20, 0x74, 0x68, 0x69, 0x73, 0x20, 0x70, 0x61,
        0x74, 0x68, 0x0a, 0x2f, 0x2f, 0x20, 0x62, 0x72, 0x61, 0x6e, 0x63, 0x68, 0x6c, 0x65, 0x73, 0x73,
        0x20, 0x61, 0x76, 0x6f, 0x69, 0x64, 0x73, 0x20, 0x69, 0x6e, 0x63, 0x6f, 0x6e, 0x73, 0x69, 0x73,
        0x74, 0x65, 0x6e, 0x74, 0x20, 0x64, 0x79, 0x6e, 0x61, 0x6d, 0x69, 0x63, 0x2d, 0x62, 0x72, 0x61,
        0x6e, 0x63, 0x68, 0x20, 0x62, 0x65, 0x68, 0x61, 0x76, 0x69, 0x6f, 0x72, 0x20, 0x6f, 0x6e, 0x20,
        0x74, 0x68, 0x65, 0x20, 0x46, 0x4e, 0x41, 0x2f, 0x4d, 0x65, 0x74, 0x61, 0x6c, 0x20, 0x73, 0x68,
        0x61, 0x64, 0x65, 0x72, 0x20, 0x70, 0x61, 0x74, 0x68, 0x2e, 0x0a, 0x66, 0x6c, 0x6f, 0x61, 0x74,
        0x20, 0x44, 0x69, 0x73, 0x74, 0x61, 0x6e, 0x74, 0x4f, 0x75, 0x74, 0x6c, 0x69, 0x6e, 0x65, 0x44,
        0x69, 0x73, 0x74, 0x61, 0x6e, 0x63, 0x65, 0x46, 0x61, 0x6c, 0x6c, 0x6f, 0x66, 0x66, 0x57, 0x69,
        0x74, 0x68, 0x43, 0x75, 0x74, 0x6f, 0x66, 0x66, 0x4d, 0x61, 0x73, 0x6b, 0x3b, 0x0a, 0x66, 0x6c,
        0x6f, 0x61, 0x74, 0x20, 0x44, 0x69, 0x73, 0x74, 0x61, 0x6e, 0x74, 0x4f, 0x75, 0x74, 0x6c, 0x69,
        0x6e, 0x65, 0x43, 0x6c, 0x61, 0x73, 0x73, 0x69, 0x63, 0x43, 0x75, 0x74, 0x6f, 0x66, 0x66, 0x4d,
        0x61, 0x73, 0x6b, 0x3b, 0x0a, 0x66, 0x6c, 0x6f, 0x61, 0x74, 0x20, 0x44, 0x69, 0x73, 0x74, 0x61,
        0x6e, 0x74, 0x4f, 0x75, 0x74, 0x6c, 0x69, 0x6e, 0x65, 0x44, 0x69, 0x73, 0x74, 0x61, 0x6e, 0x63,
        0x65, 0x46, 0x61, 0x6c, 0x6c, 0x6f, 0x66, 0x66, 0x4d, 0x61, 0x73, 0x6b, 0x3b, 0x0a, 0x0a, 0x66,
        0x6c, 0x6f, 0x61, 0x74, 0x20, 0x4f, 0x75, 0x74, 0x6c, 0x69, 0x6e, 0x65, 0x43, 0x6c, 0x61, 0x73,
        0x73, 0x69, 0x63, 0x43, 0x75, 0x74, 0x6f, 0x66, 0x66, 0x44, 0x69, 0x73, 0x74, 0x61, 0x6e, 0x63,
        0x65, 0x3b, 0x0a, 0x66, 0x6c, 0x6f, 0x61, 0x74, 0x20, 0x4f, 0x75, 0x74, 0x6c, 0x69, 0x6e, 0x65,
        0x46, 0x61, 0x6c, 0x6c, 0x6f, 0x66, 0x66, 0x53, 0x74, 0x61, 0x72, 0x74, 0x44, 0x69, 0x73, 0x74,
        0x61, 0x6e, 0x63, 0x65, 0x3b, 0x0a, 0x66, 0x6c, 0x6f, 0x61, 0x74, 0x20, 0x4f, 0x75, 0x74, 0x6c,
        0x69, 0x6e, 0x65, 0x46, 0x61, 0x6c, 0x6c, 0x6f, 0x66, 0x66, 0x43, 0x75, 0x74, 0x6f, 0x66, 0x66,
        0x44, 0x69, 0x73, 0x74, 0x61, 0x6e, 0x63, 0x65, 0x3b, 0x0a, 0x66, 0x6c, 0x6f, 0x61, 0x74, 0x20,
        0x4f, 0x75, 0x74, 0x6c, 0x69, 0x6e, 0x65, 0x46, 0x61, 0x6c, 0x6c, 0x6f, 0x66, 0x66, 0x4c, 0x69,
        0x6e, 0x65, 0x61, 0x72, 0x46, 0x61, 0x64, 0x65, 0x53, 0x74, 0x61, 0x72, 0x74, 0x44, 0x69, 0x73,
        0x74, 0x61, 0x6e, 0x63, 0x65, 0x3b, 0x0a, 0x66, 0x6c, 0x6f, 0x61, 0x74, 0x20, 0x4f, 0x75, 0x74,
        0x6c, 0x69, 0x6e, 0x65, 0x46, 0x61, 0x6c, 0x6c, 0x6f, 0x66, 0x66, 0x4c, 0x69, 0x6e, 0x65, 0x61,
        0x72, 0x46, 0x61, 0x64, 0x65, 0x53, 0x74, 0x61, 0x72, 0x74, 0x54, 0x68, 0x69, 0x63, 0x6b, 0x6e,
        0x65, 0x73, 0x73, 0x3b, 0x0a, 0x66, 0x6c, 0x6f, 0x61, 0x74, 0x20, 0x4f, 0x75, 0x74, 0x6c, 0x69,
        0x6e, 0x65, 0x46, 0x61, 0x6c, 0x6c, 0x6f, 0x66, 0x66, 0x49, 0x6e, 0x76, 0x65, 0x72, 0x73, 0x65,
        0x4c, 0x69, 0x6e, 0x65, 0x61, 0x72, 0x46, 0x61, 0x64, 0x65, 0x4c, 0x65, 0x6e, 0x67, 0x74, 0x68,
        0x3b, 0x0a, 0x0a, 0x73, 0x74, 0x72, 0x75, 0x63, 0x74, 0x20, 0x56, 0x65, 0x72, 0x74, 0x65, 0x78,
        0x53, 0x68, 0x61, 0x64, 0x65, 0x72, 0x49, 0x6e, 0x70, 0x75, 0x74, 0x0a, 0x7b, 0x0a, 0x09, 0x66,
        0x6c, 0x6f, 0x61, 0x74, 0x33, 0x20, 0x50, 0x6f, 0x73, 0x69, 0x74, 0x69, 0x6f, 0x6e, 0x41, 0x20,
        0x3a, 0x20, 0x50, 0x4f, 0x53, 0x49, 0x54, 0x49, 0x4f, 0x4e, 0x30, 0x3b, 0x0a, 0x09, 0x66, 0x6c,
        0x6f, 0x61, 0x74, 0x33, 0x20, 0x50, 0x6f, 0x73, 0x69, 0x74, 0x69, 0x6f, 0x6e, 0x42, 0x20, 0x3a,
        0x20, 0x50, 0x4f, 0x53, 0x49, 0x54, 0x49, 0x4f, 0x4e, 0x31, 0x3b, 0x0a, 0x09, 0x66, 0x6c, 0x6f,
        0x61, 0x74, 0x20, 0x53, 0x69, 0x64, 0x65, 0x20, 0x3a, 0x20, 0x54, 0x45, 0x58, 0x43, 0x4f, 0x4f,
        0x52, 0x44, 0x30, 0x3b, 0x20, 0x2f, 0x2f, 0x20, 0x2b, 0x2f, 0x2d, 0x31, 0x20, 0x66, 0x6f, 0x72,
        0x20, 0x65, 0x6e, 0x64, 0x70, 0x6f, 0x69, 0x6e, 0x74, 0x20, 0x41, 0x2c, 0x20, 0x2b, 0x2f, 0x2d,
        0x32, 0x20, 0x66, 0x6f, 0x72, 0x20, 0x65, 0x6e, 0x64, 0x70, 0x6f, 0x69, 0x6e, 0x74, 0x20, 0x42,
        0x0a, 0x09, 0x66, 0x6c, 0x6f, 0x61, 0x74, 0x33, 0x20, 0x4e, 0x6f, 0x72, 0x6d, 0x61, 0x6c, 0x20,
        0x3a, 0x20, 0x4e, 0x4f, 0x52, 0x4d, 0x41, 0x4c, 0x30, 0x3b, 0x0a, 0x09, 0x66, 0x6c, 0x6f, 0x61,
        0x74, 0x33, 0x20, 0x43, 0x6f, 0x6c, 0x6f, 0x72, 0x20, 0x3a, 0x20, 0x43, 0x4f, 0x4c, 0x4f, 0x52,
        0x30, 0x3b, 0x0a, 0x09, 0x66, 0x6c, 0x6f, 0x61, 0x74, 0x33, 0x20, 0x43, 0x65, 0x6e, 0x74, 0x72,
        0x6f, 0x69, 0x64, 0x20, 0x3a, 0x20, 0x50, 0x4f, 0x53, 0x49, 0x54, 0x49, 0x4f, 0x4e, 0x32, 0x3b,
        0x0a, 0x09, 0x66, 0x6c, 0x6f, 0x61, 0x74, 0x20, 0x44, 0x65, 0x63, 0x61, 0x6c, 0x4f, 0x66, 0x66,
        0x73, 0x65, 0x74, 0x20, 0x3a, 0x20, 0x54, 0x45, 0x58, 0x43, 0x4f, 0x4f, 0x52, 0x44, 0x31, 0x3b,
        0x0a, 0x7d, 0x3b, 0x0a, 0x0a, 0x73, 0x74, 0x72, 0x75, 0x63, 0x74, 0x20, 0x56, 0x65, 0x72, 0x74,
        0x65, 0x78, 0x53, 0x68, 0x61, 0x64, 0x65, 0x72, 0x4f, 0x75, 0x74, 0x70, 0x75, 0x74, 0x0a, 0x7b,
        0x0a, 0x09, 0x66, 0x6c, 0x6f, 0x61, 0x74, 0x34, 0x20, 0x50, 0x6f, 0x73, 0x69, 0x74, 0x69, 0x6f,
        0x6e, 0x20, 0x3a, 0x20, 0x53, 0x56, 0x5f, 0x50, 0x4f, 0x53, 0x49, 0x54, 0x49, 0x4f, 0x4e, 0x3b,
        0x0a, 0x09, 0x66, 0x6c, 0x6f, 0x61, 0x74, 0x34, 0x20, 0x43, 0x6f, 0x6c, 0x6f, 0x72, 0x20, 0x3a,
        0x20, 0x43, 0x4f, 0x4c, 0x4f, 0x52, 0x30, 0x3b, 0x0a, 0x20, 0x20, 0x20, 0x20, 0x66, 0x6c, 0x6f,
        0x61, 0x74, 0x34, 0x20, 0x57, 0x6f, 0x72, 0x6c, 0x64, 0x50, 0x6f, 0x73, 0x20, 0x3a, 0x20, 0x54,
        0x45, 0x58, 0x43, 0x4f, 0x4f, 0x52, 0x44, 0x32, 0x3b, 0x0a, 0x20, 0x20, 0x20, 0x20, 0x66, 0x6c,
        0x6f, 0x61, 0x74, 0x20, 0x47, 0x65, 0x74, 0x73, 0x53, 0x68, 0x61, 0x64, 0x6f, 0x77, 0x65, 0x64,
        0x20, 0x3a, 0x20, 0x54, 0x45, 0x58, 0x43, 0x4f, 0x4f, 0x52, 0x44, 0x33, 0x3b, 0x0a, 0x20, 0x20,
        0x20, 0x20, 0x66, 0x6c, 0x6f, 0x61, 0x74, 0x33, 0x20, 0x4e, 0x6f, 0x72, 0x6d, 0x61, 0x6c, 0x57,
        0x6f, 0x72, 0x6c, 0x64, 0x20, 0x3a, 0x20, 0x54, 0x45, 0x58, 0x43, 0x4f, 0x4f, 0x52, 0x44, 0x34,
        0x3b, 0x20, 0x20, 0x20, 0x2f, 0x2f, 0x20, 0x77, 0x6f, 0x72, 0x6c, 0x64, 0x2d, 0x73, 0x70, 0x61,
        0x63, 0x65, 0x20, 0x66, 0x61, 0x63, 0x65, 0x20, 0x6e, 0x6f, 0x72, 0x6d, 0x61, 0x6c, 0x0a, 0x20,
        0x20, 0x20, 0x20, 0x66, 0x6c, 0x6f, 0x61, 0x74, 0x20, 0x56, 0x69, 0x65, 0x77, 0x4c, 0x65, 0x6e,
        0x67, 0x74, 0x68, 0x20, 0x3a, 0x20, 0x54, 0x45, 0x58, 0x43, 0x4f, 0x4f, 0x52, 0x44, 0x35, 0x3b,
        0x20, 0x20, 0x20, 0x20, 0x20, 0x2f, 0x2f, 0x20, 0x6c, 0x65, 0x6e, 0x67, 0x74, 0x68, 0x20, 0x6f,
        0x66, 0x20, 0x74, 0x68, 0x65, 0x20, 0x76, 0x69, 0x65, 0x77, 0x2d, 0x73, 0x70, 0x61, 0x63, 0x65,
        0x20, 0x70, 0x6f, 0x73, 0x69, 0x74, 0x69, 0x6f, 0x6e, 0x20, 0x66, 0x6f, 0x72, 0x20, 0x66, 0x6f,
        0x67, 0x20, 0x63, 0x61, 0x6c, 0x63, 0x75, 0x6c, 0x61, 0x74, 0x69, 0x6f, 0x6e, 0x73, 0x0a, 0x20,
        0x20, 0x20, 0x20, 0x66, 0x6c, 0x6f, 0x61, 0x74, 0x20, 0x4c, 0x69, 0x74, 0x20, 0x3a, 0x20, 0x54,
        0x45, 0x58, 0x43, 0x4f, 0x4f, 0x52, 0x44, 0x36, 0x3b, 0x20, 0x20, 0x20, 0x20, 0x20, 0x20, 0x20,
        0x20, 0x20, 0x20, 0x20, 0x20, 0x2f, 0x2f, 0x20, 0x31, 0x20, 0x3d, 0x20, 0x61, 0x70, 0x70, 0x6c,
        0x79, 0x20, 0x64, 0x69, 0x66, 0x66, 0x75, 0x73, 0x65, 0x2f, 0x73, 0x6e, 0x61, 0x70, 0x2c, 0x20,
        0x30, 0x20, 0x3d, 0x20, 0x66, 0x75, 0x6c, 0x6c, 0x62, 0x72, 0x69, 0x67, 0x68, 0x74, 0x2f, 0x67,
        0x6c, 0x6f, 0x77, 0x0a, 0x20, 0x20, 0x20, 0x20, 0x66, 0x6c, 0x6f, 0x61, 0x74, 0x20, 0x44, 0x69,
        0x66, 0x66, 0x75, 0x73, 0x65, 0x20, 0x3a, 0x20, 0x54, 0x45, 0x58, 0x43, 0x4f, 0x4f, 0x52, 0x44,
        0x37, 0x3b, 0x20, 0x20, 0x20, 0x20, 0x20, 0x20, 0x20, 0x20, 0x2f, 0x2f, 0x20, 0x70, 0x72, 0x65,
        0x2d, 0x63, 0x6f, 0x6d, 0x70, 0x75, 0x74, 0x65, 0x64, 0x20, 0x69, 0x6e, 0x20, 0x56, 0x53, 0x2c,
        0x20, 0x63, 0x6f, 0x6e, 0x73, 0x75, 0x6d, 0x65, 0x64, 0x20, 0x69, 0x6e, 0x20, 0x50, 0x53, 0x0a,
        0x7d, 0x3b, 0x0a, 0x0a, 0x76, 0x6f, 0x69, 0x64, 0x20, 0x43, 0x61, 0x6c, 0x63, 0x75, 0x6c, 0x61,
        0x74, 0x65, 0x44, 0x69, 0x73, 0x74, 0x61, 0x6e, 0x74, 0x4f, 0x75, 0x74, 0x6c, 0x69, 0x6e, 0x65,
        0x28, 0x0a, 0x20, 0x20, 0x20, 0x20, 0x66, 0x6c, 0x6f, 0x61, 0x74, 0x20, 0x76, 0x69, 0x65, 0x77,
        0x44, 0x65, 0x70, 0x74, 0x68, 0x2c, 0x0a, 0x20, 0x20, 0x20, 0x20, 0x6f, 0x75, 0x74, 0x20, 0x66,
        0x6c, 0x6f, 0x61, 0x74, 0x20, 0x72, 0x65, 0x6e, 0x64, 0x65, 0x72, 0x65, 0x64, 0x48, 0x61, 0x6c,
        0x66, 0x54, 0x68, 0x69, 0x63, 0x6b, 0x6e, 0x65, 0x73, 0x73, 0x2c, 0x0a, 0x20, 0x20, 0x20, 0x20,
        0x6f, 0x75, 0x74, 0x20, 0x66, 0x6c, 0x6f, 0x61, 0x74, 0x20, 0x68, 0x69, 0x64, 0x65, 0x4c, 0x69,
        0x6e, 0x65, 0x0a, 0x29, 0x0a, 0x7b, 0x0a, 0x20, 0x20, 0x20, 0x20, 0x2f, 0x2f, 0x20, 0x46, 0x61,
        0x6c, 0x6c, 0x6f, 0x66, 0x66, 0x20, 0x6b, 0x65, 0x65, 0x70, 0x73, 0x20, 0x74, 0x68, 0x65, 0x20,
        0x72, 0x65, 0x71, 0x75, 0x65, 0x73, 0x74, 0x65, 0x64, 0x20, 0x77, 0x69, 0x64, 0x74, 0x68, 0x20,
        0x74, 0x68, 0x72, 0x6f, 0x75, 0x67, 0x68, 0x20, 0x74, 0x68, 0x65, 0x20, 0x73, 0x74, 0x61, 0x72,
        0x74, 0x20, 0x64, 0x69, 0x73, 0x74, 0x61, 0x6e, 0x63, 0x65, 0x2c, 0x20, 0x74, 0x68, 0x65, 0x6e,
        0x20, 0x66, 0x6f, 0x6c, 0x6c, 0x6f, 0x77, 0x73, 0x20, 0x69, 0x6e, 0x76, 0x65, 0x72, 0x73, 0x65,
        0x2d, 0x64, 0x65, 0x70, 0x74, 0x68, 0x20, 0x73, 0x69, 0x7a, 0x69, 0x6e, 0x67, 0x2e, 0x0a, 0x20,
        0x20, 0x20, 0x20, 0x66, 0x6c, 0x6f, 0x61, 0x74, 0x20, 0x72, 0x65, 0x66, 0x65, 0x72, 0x65, 0x6e,
        0x63, 0x65, 0x44, 0x65, 0x70, 0x74, 0x68, 0x20, 0x3d, 0x20, 0x6d, 0x61, 0x78, 0x28, 0x4f, 0x75,
        0x74, 0x6c, 0x69, 0x6e, 0x65, 0x46, 0x61, 0x6c, 0x6c, 0x6f, 0x66, 0x66, 0x53, 0x74, 0x61, 0x72,
        0x74, 0x44, 0x69, 0x73, 0x74, 0x61, 0x6e, 0x63, 0x65, 0x2c, 0x20, 0x30, 0x2e, 0x30, 0x30, 0x30,
        0x31, 0x29, 0x3b, 0x0a, 0x20, 0x20, 0x20, 0x20, 0x66, 0x6c, 0x6f, 0x61, 0x74, 0x20, 0x69, 0x6e,
        0x76, 0x65, 0x72, 0x73, 0x65, 0x44, 0x65, 0x70, 0x74, 0x68, 0x54, 0x68, 0x69, 0x63, 0x6b, 0x6e,
        0x65, 0x73, 0x73, 0x20, 0x3d, 0x20, 0x48, 0x61, 0x6c, 0x66, 0x54, 0x68, 0x69, 0x63, 0x6b, 0x6e,
        0x65, 0x73, 0x73, 0x20, 0x2a, 0x20, 0x6d, 0x69, 0x6e, 0x28, 0x31, 0x2e, 0x30, 0x2c, 0x20, 0x72,
        0x65, 0x66, 0x65, 0x72, 0x65, 0x6e, 0x63, 0x65, 0x44, 0x65, 0x70, 0x74, 0x68, 0x20, 0x2f, 0x20,
        0x6d, 0x61, 0x78, 0x28, 0x76, 0x69, 0x65, 0x77, 0x44, 0x65, 0x70, 0x74, 0x68, 0x2c, 0x20, 0x30,
        0x2e, 0x30, 0x30, 0x30, 0x31, 0x29, 0x29, 0x3b, 0x0a, 0x0a, 0x20, 0x20, 0x20, 0x20, 0x2f, 0x2f,
        0x20, 0x54, 0x68, 0x65, 0x20, 0x63, 0x75, 0x74, 0x6f, 0x66, 0x66, 0x20, 0x6d, 0x6f, 0x64, 0x65,
        0x20, 0x74, 0x72, 0x61, 0x6e, 0x73, 0x69, 0x74, 0x69, 0x6f, 0x6e, 0x73, 0x20, 0x66, 0x72, 0x6f,
        0x6d, 0x20, 0x69, 0x6e, 0x76, 0x65, 0x72, 0x73, 0x65, 0x2d, 0x64, 0x65, 0x70, 0x74, 0x68, 0x20,
        0x73, 0x69, 0x7a, 0x69, 0x6e, 0x67, 0x20, 0x74, 0x6f, 0x20, 0x61, 0x20, 0x73, 0x68, 0x6f, 0x72,
        0x74, 0x20, 0x6c, 0x69, 0x6e, 0x65, 0x61, 0x72, 0x20, 0x66, 0x61, 0x64, 0x65, 0x20, 0x74, 0x6f,
        0x20, 0x7a, 0x65, 0x72, 0x6f, 0x2e, 0x0a, 0x20, 0x20, 0x20, 0x20, 0x2f, 0x2f, 0x20, 0x56, 0x61,
        0x6c, 0x75, 0x65, 0x73, 0x20, 0x69, 0x6e, 0x76, 0x6f, 0x6c, 0x76, 0x69, 0x6e, 0x67, 0x20, 0x64,
        0x69, 0x76, 0x69, 0x73, 0x69, 0x6f, 0x6e, 0x73, 0x20, 0x61, 0x72, 0x65, 0x20, 0x70, 0x72, 0x65,
        0x63, 0x6f, 0x6d, 0x70, 0x75, 0x74, 0x65, 0x64, 0x20, 0x6f, 0x6e, 0x20, 0x74, 0x68, 0x65, 0x20,
        0x43, 0x50, 0x55, 0x2e, 0x0a, 0x20, 0x20, 0x20, 0x20, 0x66, 0x6c, 0x6f, 0x61, 0x74, 0x20, 0x6c,
        0x69, 0x6e, 0x65, 0x61, 0x72, 0x46, 0x61, 0x64, 0x65, 0x41, 0x6d, 0x6f, 0x75, 0x6e, 0x74, 0x20,
        0x3d, 0x20, 0x73, 0x61, 0x74, 0x75, 0x72, 0x61, 0x74, 0x65, 0x28, 0x0a, 0x20, 0x20, 0x20, 0x20,
        0x20, 0x20, 0x20, 0x20, 0x28, 0x4f, 0x75, 0x74, 0x6c, 0x69, 0x6e, 0x65, 0x46, 0x61, 0x6c, 0x6c,
        0x6f, 0x66, 0x66, 0x43, 0x75, 0x74, 0x6f, 0x66, 0x66, 0x44, 0x69, 0x73, 0x74, 0x61, 0x6e, 0x63,
        0x65, 0x20, 0x2d, 0x20, 0x76, 0x69, 0x65, 0x77, 0x44, 0x65, 0x70, 0x74, 0x68, 0x29, 0x20, 0x2a,
        0x20, 0x4f, 0x75, 0x74, 0x6c, 0x69, 0x6e, 0x65, 0x46, 0x61, 0x6c, 0x6c, 0x6f, 0x66, 0x66, 0x49,
        0x6e, 0x76, 0x65, 0x72, 0x73, 0x65, 0x4c, 0x69, 0x6e, 0x65, 0x61, 0x72, 0x46, 0x61, 0x64, 0x65,
        0x4c, 0x65, 0x6e, 0x67, 0x74, 0x68, 0x29, 0x3b, 0x0a, 0x20, 0x20, 0x20, 0x20, 0x66, 0x6c, 0x6f,
        0x61, 0x74, 0x20, 0x6c, 0x69, 0x6e, 0x65, 0x61, 0x72, 0x46, 0x61, 0x64, 0x65, 0x54, 0x68, 0x69,
        0x63, 0x6b, 0x6e, 0x65, 0x73, 0x73, 0x20, 0x3d, 0x20, 0x4f, 0x75, 0x74, 0x6c, 0x69, 0x6e, 0x65,
        0x46, 0x61, 0x6c, 0x6c, 0x6f, 0x66, 0x66, 0x4c, 0x69, 0x6e, 0x65, 0x61, 0x72, 0x46, 0x61, 0x64,
        0x65, 0x53, 0x74, 0x61, 0x72, 0x74, 0x54, 0x68, 0x69, 0x63, 0x6b, 0x6e, 0x65, 0x73, 0x73, 0x20,
        0x2a, 0x20, 0x6c, 0x69, 0x6e, 0x65, 0x61, 0x72, 0x46, 0x61, 0x64, 0x65, 0x41, 0x6d, 0x6f, 0x75,
        0x6e, 0x74, 0x3b, 0x0a, 0x20, 0x20, 0x20, 0x20, 0x66, 0x6c, 0x6f, 0x61, 0x74, 0x20, 0x6c, 0x69,
        0x6e, 0x65, 0x61, 0x72, 0x46, 0x61, 0x64, 0x65, 0x52, 0x65, 0x67, 0x69, 0x6f, 0x6e, 0x4d, 0x61,
        0x73, 0x6b, 0x20, 0x3d, 0x20, 0x73, 0x61, 0x74, 0x75, 0x72, 0x61, 0x74, 0x65, 0x28, 0x73, 0x69,
        0x67, 0x6e, 0x28, 0x76, 0x69, 0x65, 0x77, 0x44, 0x65, 0x70, 0x74, 0x68, 0x20, 0x2d, 0x20, 0x4f,
        0x75, 0x74, 0x6c, 0x69, 0x6e, 0x65, 0x46, 0x61, 0x6c, 0x6c, 0x6f, 0x66, 0x66, 0x4c, 0x69, 0x6e,
        0x65, 0x61, 0x72, 0x46, 0x61, 0x64, 0x65, 0x53, 0x74, 0x61, 0x72, 0x74, 0x44, 0x69, 0x73, 0x74,
        0x61, 0x6e, 0x63, 0x65, 0x29, 0x29, 0x3b, 0x0a, 0x20, 0x20, 0x20, 0x20, 0x66, 0x6c, 0x6f, 0x61,
        0x74, 0x20, 0x63, 0x75, 0x74, 0x6f, 0x66, 0x66, 0x54, 0x68, 0x69, 0x63, 0x6b, 0x6e, 0x65, 0x73,
        0x73, 0x20, 0x3d, 0x20, 0x6c, 0x65, 0x72, 0x70, 0x28, 0x69, 0x6e, 0x76, 0x65, 0x72, 0x73, 0x65,
        0x44, 0x65, 0x70, 0x74, 0x68, 0x54, 0x68, 0x69, 0x63, 0x6b, 0x6e, 0x65, 0x73, 0x73, 0x2c, 0x20,
        0x6c, 0x69, 0x6e, 0x65, 0x61, 0x72, 0x46, 0x61, 0x64, 0x65, 0x54, 0x68, 0x69, 0x63, 0x6b, 0x6e,
        0x65, 0x73, 0x73, 0x2c, 0x20, 0x6c, 0x69, 0x6e, 0x65, 0x61, 0x72, 0x46, 0x61, 0x64, 0x65, 0x52,
        0x65, 0x67, 0x69, 0x6f, 0x6e, 0x4d, 0x61, 0x73, 0x6b, 0x29, 0x3b, 0x0a, 0x20, 0x20, 0x20, 0x20,
        0x66, 0x6c, 0x6f, 0x61, 0x74, 0x20, 0x66, 0x61, 0x6c, 0x6c, 0x6f, 0x66, 0x66, 0x54, 0x68, 0x69,
        0x63, 0x6b, 0x6e, 0x65, 0x73, 0x73, 0x20, 0x3d, 0x20, 0x6c, 0x65, 0x72, 0x70, 0x28, 0x0a, 0x20,
        0x20, 0x20, 0x20, 0x20, 0x20, 0x20, 0x20, 0x69, 0x6e, 0x76, 0x65, 0x72, 0x73, 0x65, 0x44, 0x65,
        0x70, 0x74, 0x68, 0x54, 0x68, 0x69, 0x63, 0x6b, 0x6e, 0x65, 0x73, 0x73, 0x2c, 0x0a, 0x20, 0x20,
        0x20, 0x20, 0x20, 0x20, 0x20, 0x20, 0x63, 0x75, 0x74, 0x6f, 0x66, 0x66, 0x54, 0x68, 0x69, 0x63,
        0x6b, 0x6e, 0x65, 0x73, 0x73, 0x2c, 0x0a, 0x20, 0x20, 0x20, 0x20, 0x20, 0x20, 0x20, 0x20, 0x44,
        0x69, 0x73, 0x74, 0x61, 0x6e, 0x74, 0x4f, 0x75, 0x74, 0x6c, 0x69, 0x6e, 0x65, 0x44, 0x69, 0x73,
        0x74, 0x61, 0x6e, 0x63, 0x65, 0x46, 0x61, 0x6c, 0x6c, 0x6f, 0x66, 0x66, 0x57, 0x69, 0x74, 0x68,
        0x43, 0x75, 0x74, 0x6f, 0x66, 0x66, 0x4d, 0x61, 0x73, 0x6b, 0x29, 0x3b, 0x0a, 0x20, 0x20, 0x20,
        0x20, 0x66, 0x6c, 0x6f, 0x61, 0x74, 0x20, 0x66, 0x61, 0x6c, 0x6c, 0x6f, 0x66, 0x66, 0x4d, 0x6f,
        0x64, 0x65, 0x20, 0x3d, 0x20, 0x44, 0x69, 0x73, 0x74, 0x61, 0x6e, 0x74, 0x4f, 0x75, 0x74, 0x6c,
        0x69, 0x6e, 0x65, 0x44, 0x69, 0x73, 0x74, 0x61, 0x6e, 0x63, 0x65, 0x46, 0x61, 0x6c, 0x6c, 0x6f,
        0x66, 0x66, 0x4d, 0x61, 0x73, 0x6b, 0x20, 0x2b, 0x0a, 0x20, 0x20, 0x20, 0x20, 0x20, 0x20, 0x20,
        0x20, 0x20, 0x20, 0x20, 0x20, 0x20, 0x20, 0x20, 0x20, 0x20, 0x20, 0x20, 0x20, 0x20, 0x20, 0x20,
        0x20, 0x44, 0x69, 0x73, 0x74, 0x61, 0x6e, 0x74, 0x4f, 0x75, 0x74, 0x6c, 0x69, 0x6e, 0x65, 0x44,
        0x69, 0x73, 0x74, 0x61, 0x6e, 0x63, 0x65, 0x46, 0x61, 0x6c, 0x6c, 0x6f, 0x66, 0x66, 0x57, 0x69,
        0x74, 0x68, 0x43, 0x75, 0x74, 0x6f, 0x66, 0x66, 0x4d, 0x61, 0x73, 0x6b, 0x3b, 0x0a, 0x0a, 0x20,
        0x20, 0x20, 0x20, 0x72, 0x65, 0x6e, 0x64, 0x65, 0x72, 0x65, 0x64, 0x48, 0x61, 0x6c, 0x66, 0x54,
        0x68, 0x69, 0x63, 0x6b, 0x6e, 0x65, 0x73, 0x73, 0x20, 0x3d, 0x20, 0x6c, 0x65, 0x72, 0x70, 0x28,
        0x48, 0x61, 0x6c, 0x66, 0x54, 0x68, 0x69, 0x63, 0x6b, 0x6e, 0x65, 0x73, 0x73, 0x2c, 0x20, 0x66,
        0x61, 0x6c, 0x6c, 0x6f, 0x66, 0x66, 0x54, 0x68, 0x69, 0x63, 0x6b, 0x6e, 0x65, 0x73, 0x73, 0x2c,
        0x20, 0x66, 0x61, 0x6c, 0x6c, 0x6f, 0x66, 0x66, 0x4d, 0x6f, 0x64, 0x65, 0x29, 0x3b, 0x0a, 0x0a,
        0x20, 0x20, 0x20, 0x20, 0x2f, 0x2f, 0x20, 0x48, 0x69, 0x64, 0x65, 0x20, 0x71, 0x75, 0x61, 0x64,
        0x73, 0x20, 0x69, 0x6e, 0x20, 0x74, 0x68, 0x65, 0x20, 0x76, 0x65, 0x72, 0x74, 0x65, 0x78, 0x20,
        0x73, 0x68, 0x61, 0x64, 0x65, 0x72, 0x20, 0x72, 0x61, 0x74, 0x68, 0x65, 0x72, 0x20, 0x74, 0x68,
        0x61, 0x6e, 0x20, 0x70, 0x61, 0x79, 0x69, 0x6e, 0x67, 0x20, 0x66, 0x6f, 0x72, 0x20, 0x70, 0x69,
        0x78, 0x65, 0x6c, 0x2d, 0x73, 0x68, 0x61, 0x64, 0x65, 0x72, 0x20, 0x64, 0x69, 0x73, 0x63, 0x61,
        0x72, 0x64, 0x2e, 0x0a, 0x20, 0x20, 0x20, 0x20, 0x66, 0x6c, 0x6f, 0x61, 0x74, 0x20, 0x70, 0x61,
        0x73, 0x74, 0x43, 0x6c, 0x61, 0x73, 0x73, 0x69, 0x63, 0x43, 0x75, 0x74, 0x6f, 0x66, 0x66, 0x20,
        0x3d, 0x20, 0x73, 0x61, 0x74, 0x75, 0x72, 0x61, 0x74, 0x65, 0x28, 0x73, 0x69, 0x67, 0x6e, 0x28,
        0x76, 0x69, 0x65, 0x77, 0x44, 0x65, 0x70, 0x74, 0x68, 0x20, 0x2d, 0x20, 0x4f, 0x75, 0x74, 0x6c,
        0x69, 0x6e, 0x65, 0x43, 0x6c, 0x61, 0x73, 0x73, 0x69, 0x63, 0x43, 0x75, 0x74, 0x6f, 0x66, 0x66,
        0x44, 0x69, 0x73, 0x74, 0x61, 0x6e, 0x63, 0x65, 0x29, 0x29, 0x3b, 0x0a, 0x20, 0x20, 0x20, 0x20,
        0x66, 0x6c, 0x6f, 0x61, 0x74, 0x20, 0x70, 0x61, 0x73, 0x74, 0x46, 0x61, 0x6c, 0x6c, 0x6f, 0x66,
        0x66, 0x43, 0x75, 0x74, 0x6f, 0x66, 0x66, 0x20, 0x3d, 0x20, 0x73, 0x61, 0x74, 0x75, 0x72, 0x61,
        0x74, 0x65, 0x28, 0x73, 0x69, 0x67, 0x6e, 0x28, 0x76, 0x69, 0x65, 0x77, 0x44, 0x65, 0x70, 0x74,
        0x68, 0x20, 0x2d, 0x20, 0x4f, 0x75, 0x74, 0x6c, 0x69, 0x6e, 0x65, 0x46, 0x61, 0x6c, 0x6c, 0x6f,
        0x66, 0x66, 0x43, 0x75, 0x74, 0x6f, 0x66, 0x66, 0x44, 0x69, 0x73, 0x74, 0x61, 0x6e, 0x63, 0x65,
        0x29, 0x29, 0x3b, 0x0a, 0x20, 0x20, 0x20, 0x20, 0x66, 0x6c, 0x6f, 0x61, 0x74, 0x20, 0x64, 0x69,
        0x73, 0x74, 0x61, 0x6e, 0x63, 0x65, 0x43, 0x75, 0x74, 0x6f, 0x66, 0x66, 0x48, 0x69, 0x64, 0x64,
        0x65, 0x6e, 0x20, 0x3d, 0x20, 0x44, 0x69, 0x73, 0x74, 0x61, 0x6e, 0x74, 0x4f, 0x75, 0x74, 0x6c,
        0x69, 0x6e, 0x65, 0x44, 0x69, 0x73, 0x74, 0x61, 0x6e, 0x63, 0x65, 0x46, 0x61, 0x6c, 0x6c, 0x6f,
        0x66, 0x66, 0x57, 0x69, 0x74, 0x68, 0x43, 0x75, 0x74, 0x6f, 0x66, 0x66, 0x4d, 0x61, 0x73, 0x6b,
        0x20, 0x2a, 0x20, 0x70, 0x61, 0x73, 0x74, 0x46, 0x61, 0x6c, 0x6c, 0x6f, 0x66, 0x66, 0x43, 0x75,
        0x74, 0x6f, 0x66, 0x66, 0x3b, 0x0a, 0x20, 0x20, 0x20, 0x20, 0x66, 0x6c, 0x6f, 0x61, 0x74, 0x20,
        0x63, 0x6c, 0x61, 0x73, 0x73, 0x69, 0x63, 0x48, 0x69, 0x64, 0x64, 0x65, 0x6e, 0x20, 0x3d, 0x20,
        0x44, 0x69, 0x73, 0x74, 0x61, 0x6e, 0x74, 0x4f, 0x75, 0x74, 0x6c, 0x69, 0x6e, 0x65, 0x43, 0x6c,
        0x61, 0x73, 0x73, 0x69, 0x63, 0x43, 0x75, 0x74, 0x6f, 0x66, 0x66, 0x4d, 0x61, 0x73, 0x6b, 0x20,
        0x2a, 0x20, 0x70, 0x61, 0x73, 0x74, 0x43, 0x6c, 0x61, 0x73, 0x73, 0x69, 0x63, 0x43, 0x75, 0x74,
        0x6f, 0x66, 0x66, 0x3b, 0x0a, 0x20, 0x20, 0x20, 0x20, 0x68, 0x69, 0x64, 0x65, 0x4c, 0x69, 0x6e,
        0x65, 0x20, 0x3d, 0x20, 0x6d, 0x61, 0x78, 0x28, 0x63, 0x6c, 0x61, 0x73, 0x73, 0x69, 0x63, 0x48,
        0x69, 0x64, 0x64, 0x65, 0x6e, 0x2c, 0x20, 0x64, 0x69, 0x73, 0x74, 0x61, 0x6e, 0x63, 0x65, 0x43,
        0x75, 0x74, 0x6f, 0x66, 0x66, 0x48, 0x69, 0x64, 0x64, 0x65, 0x6e, 0x29, 0x3b, 0x0a, 0x7d, 0x0a,
        0x0a, 0x56, 0x65, 0x72, 0x74, 0x65, 0x78, 0x53, 0x68, 0x61, 0x64, 0x65, 0x72, 0x4f, 0x75, 0x74,
        0x70, 0x75, 0x74, 0x20, 0x4d, 0x61, 0x69, 0x6e, 0x56, 0x53, 0x28, 0x0a, 0x20, 0x20, 0x20, 0x20,
        0x69, 0x6e, 0x20, 0x56, 0x65, 0x72, 0x74, 0x65, 0x78, 0x53, 0x68, 0x61, 0x64, 0x65, 0x72, 0x49,
        0x6e, 0x70, 0x75, 0x74, 0x20, 0x69, 0x6e, 0x70, 0x75, 0x74, 0x2c, 0x0a, 0x20, 0x20, 0x20, 0x20,
        0x2f, 0x2f, 0x20, 0x69, 0x6e, 0x73, 0x74, 0x61, 0x6e, 0x63, 0x65, 0x20, 0x70, 0x61, 0x72, 0x61,
        0x6d, 0x65, 0x74, 0x65, 0x72, 0x73, 0x0a, 0x20, 0x20, 0x20, 0x20, 0x69, 0x6e, 0x20, 0x66, 0x6c,
        0x6f, 0x61, 0x74, 0x34, 0x78, 0x34, 0x20, 0x77, 0x6f, 0x72, 0x6c, 0x64, 0x20, 0x3a, 0x20, 0x54,
        0x45, 0x58, 0x43, 0x4f, 0x4f, 0x52, 0x44, 0x33, 0x2c, 0x0a, 0x20, 0x20, 0x20, 0x20, 0x69, 0x6e,
        0x20, 0x66, 0x6c, 0x6f, 0x61, 0x74, 0x34, 0x20, 0x70, 0x61, 0x72, 0x61, 0x6d, 0x65, 0x74, 0x65,
        0x72, 0x73, 0x20, 0x3a, 0x20, 0x54, 0x45, 0x58, 0x43, 0x4f, 0x4f, 0x52, 0x44, 0x37, 0x2c, 0x0a,
        0x20, 0x20, 0x20, 0x20, 0x69, 0x6e, 0x20, 0x66, 0x6c, 0x6f, 0x61, 0x74, 0x34, 0x20, 0x70, 0x61,
        0x72, 0x61, 0x6d, 0x65, 0x74, 0x65, 0x72, 0x73, 0x32, 0x20, 0x3a, 0x20, 0x54, 0x45, 0x58, 0x43,
        0x4f, 0x4f, 0x52, 0x44, 0x38, 0x0a, 0x29, 0x0a, 0x7b, 0x0a, 0x20, 0x20, 0x20, 0x20, 0x62, 0x6f,
        0x6f, 0x6c, 0x20, 0x67, 0x65, 0x74, 0x73, 0x53, 0x68, 0x61, 0x64, 0x6f, 0x77, 0x65, 0x64, 0x3b,
        0x0a, 0x20, 0x20, 0x20, 0x20, 0x66, 0x6c, 0x6f, 0x61, 0x74, 0x20, 0x61, 0x6c, 0x70, 0x68, 0x61,
        0x4f, 0x76, 0x65, 0x72, 0x72, 0x69, 0x64, 0x65, 0x3b, 0x0a, 0x20, 0x20, 0x20, 0x20, 0x62, 0x6f,
        0x6f, 0x6c, 0x20, 0x69, 0x73, 0x46, 0x75, 0x6c, 0x6c, 0x62, 0x72, 0x69, 0x67, 0x68, 0x74, 0x3b,
        0x0a, 0x20, 0x20, 0x20, 0x20, 0x62, 0x6f, 0x6f, 0x6c, 0x20, 0x67, 0x6c, 0x6f, 0x77, 0x3b, 0x0a,
        0x20, 0x20, 0x20, 0x20, 0x56, 0x53, 0x5f, 0x55, 0x6e, 0x70, 0x61, 0x63, 0x6b, 0x50, 0x61, 0x72,
        0x61, 0x6d, 0x65, 0x74, 0x65, 0x72, 0x73, 0x28, 0x70, 0x61, 0x72, 0x61, 0x6d, 0x65, 0x74, 0x65,
        0x72, 0x73, 0x2c, 0x20, 0x67, 0x65, 0x74, 0x73, 0x53, 0x68, 0x61, 0x64, 0x6f, 0x77, 0x65, 0x64,
        0x2c, 0x20, 0x61, 0x6c, 0x70, 0x68, 0x61, 0x4f, 0x76, 0x65, 0x72, 0x72, 0x69, 0x64, 0x65, 0x2c,
        0x20, 0x69, 0x73, 0x46, 0x75, 0x6c, 0x6c, 0x62, 0x72, 0x69, 0x67, 0x68, 0x74, 0x2c, 0x20, 0x67,
        0x6c, 0x6f, 0x77, 0x29, 0x3b, 0x0a, 0x20, 0x20, 0x20, 0x20, 0x0a, 0x20, 0x20, 0x20, 0x20, 0x66,
        0x6c, 0x6f, 0x61, 0x74, 0x20, 0x6c, 0x61, 0x79, 0x65, 0x72, 0x3b, 0x0a, 0x20, 0x20, 0x20, 0x20,
        0x56, 0x53, 0x5f, 0x55, 0x6e, 0x70, 0x61, 0x63, 0x6b, 0x50, 0x61, 0x72, 0x61, 0x6d, 0x65, 0x74,
        0x65, 0x72, 0x73, 0x32, 0x28, 0x70, 0x61, 0x72, 0x61, 0x6d, 0x65, 0x74, 0x65, 0x72, 0x73, 0x32,
        0x2c, 0x20, 0x6c, 0x61, 0x79, 0x65, 0x72, 0x29, 0x3b, 0x0a, 0x0a, 0x09, 0x56, 0x65, 0x72, 0x74,
        0x65, 0x78, 0x53, 0x68, 0x61, 0x64, 0x65, 0x72, 0x4f, 0x75, 0x74, 0x70, 0x75, 0x74, 0x20, 0x6f,
        0x75, 0x74, 0x70, 0x75, 0x74, 0x20, 0x3d, 0x20, 0x28, 0x56, 0x65, 0x72, 0x74, 0x65, 0x78, 0x53,
        0x68, 0x61, 0x64, 0x65, 0x72, 0x4f, 0x75, 0x74, 0x70, 0x75, 0x74, 0x29, 0x30, 0x3b, 0x0a, 0x0a,
        0x20, 0x20, 0x20, 0x20, 0x2f, 0x2f, 0x20, 0x44, 0x69, 0x73, 0x74, 0x61, 0x6e, 0x63, 0x65, 0x20,
        0x62, 0x65, 0x68, 0x61, 0x76, 0x69, 0x6f, 0x72, 0x20, 0x75, 0x73, 0x65, 0x73, 0x20, 0x74, 0x68,
        0x65, 0x20, 0x6c, 0x69, 0x6e, 0x65, 0x20, 0x63, 0x65, 0x6e, 0x74, 0x72, 0x6f, 0x69, 0x64, 0x20,
        0x61, 0x6e, 0x64, 0x20, 0x63, 0x61, 0x6d, 0x65, 0x72, 0x61, 0x2d, 0x73, 0x70, 0x61, 0x63, 0x65,
        0x20, 0x64, 0x65, 0x70, 0x74, 0x68, 0x20, 0x72, 0x61, 0x74, 0x68, 0x65, 0x72, 0x20, 0x74, 0x68,
        0x61, 0x6e, 0x20, 0x61, 0x6e, 0x20, 0x65, 0x6e, 0x64, 0x70, 0x6f, 0x69, 0x6e, 0x74, 0x20, 0x6f,
        0x72, 0x20, 0x72, 0x61, 0x64, 0x69, 0x61, 0x6c, 0x20, 0x64, 0x69, 0x73, 0x74, 0x61, 0x6e, 0x63,
        0x65, 0x2e, 0x0a, 0x20, 0x20, 0x20, 0x20, 0x66, 0x6c, 0x6f, 0x61, 0x74, 0x33, 0x20, 0x77, 0x6f,
        0x72, 0x6c, 0x64, 0x43, 0x65, 0x6e, 0x74, 0x72, 0x6f, 0x69, 0x64, 0x20, 0x3d, 0x20, 0x6d, 0x75,
        0x6c, 0x28, 0x66, 0x6c, 0x6f, 0x61, 0x74, 0x34, 0x28, 0x69, 0x6e, 0x70, 0x75, 0x74, 0x2e, 0x43,
        0x65, 0x6e, 0x74, 0x72, 0x6f, 0x69, 0x64, 0x2c, 0x20, 0x31, 0x29, 0x2c, 0x20, 0x77, 0x6f, 0x72,
        0x6c, 0x64, 0x29, 0x2e, 0x78, 0x79, 0x7a, 0x3b, 0x0a, 0x20, 0x20, 0x20, 0x20, 0x66, 0x6c, 0x6f,
        0x61, 0x74, 0x20, 0x76, 0x69, 0x65, 0x77, 0x44, 0x65, 0x70, 0x74, 0x68, 0x20, 0x3d, 0x20, 0x2d,
        0x6d, 0x75, 0x6c, 0x28, 0x66, 0x6c, 0x6f, 0x61, 0x74, 0x34, 0x28, 0x77, 0x6f, 0x72, 0x6c, 0x64,
        0x43, 0x65, 0x6e, 0x74, 0x72, 0x6f, 0x69, 0x64, 0x2c, 0x20, 0x31, 0x29, 0x2c, 0x20, 0x56, 0x69,
        0x65, 0x77, 0x29, 0x2e, 0x7a, 0x3b, 0x0a, 0x0a, 0x20, 0x20, 0x20, 0x20, 0x66, 0x6c, 0x6f, 0x61,
        0x74, 0x20, 0x72, 0x65, 0x6e, 0x64, 0x65, 0x72, 0x65, 0x64, 0x48, 0x61, 0x6c, 0x66, 0x54, 0x68,
        0x69, 0x63, 0x6b, 0x6e, 0x65, 0x73, 0x73, 0x3b, 0x0a, 0x20, 0x20, 0x20, 0x20, 0x66, 0x6c, 0x6f,
        0x61, 0x74, 0x20, 0x68, 0x69, 0x64, 0x65, 0x4c, 0x69, 0x6e, 0x65, 0x3b, 0x0a, 0x20, 0x20, 0x20,
        0x20, 0x43, 0x61, 0x6c, 0x63, 0x75, 0x6c, 0x61, 0x74, 0x65, 0x44, 0x69, 0x73, 0x74, 0x61, 0x6e,
        0x74, 0x4f, 0x75, 0x74, 0x6c, 0x69, 0x6e, 0x65, 0x28, 0x76, 0x69, 0x65, 0x77, 0x44, 0x65, 0x70,
        0x74, 0x68, 0x2c, 0x20, 0x72, 0x65, 0x6e, 0x64, 0x65, 0x72, 0x65, 0x64, 0x48, 0x61, 0x6c, 0x66,
        0x54, 0x68, 0x69, 0x63, 0x6b, 0x6e, 0x65, 0x73, 0x73, 0x2c, 0x20, 0x68, 0x69, 0x64, 0x65, 0x4c,
        0x69, 0x6e, 0x65, 0x29, 0x3b, 0x0a, 0x0a, 0x20, 0x20, 0x20, 0x20, 0x2f, 0x2f, 0x20, 0x44, 0x65,
        0x63, 0x6f, 0x64, 0x65, 0x20, 0x53, 0x69, 0x64, 0x65, 0x3a, 0x20, 0x61, 0x62, 0x73, 0x20, 0x3e,
        0x20, 0x31, 0x2e, 0x35, 0x20, 0x6d, 0x65, 0x61, 0x6e, 0x73, 0x20, 0x65, 0x6e, 0x64, 0x70, 0x6f,
        0x69, 0x6e, 0x74, 0x20, 0x42, 0x2c, 0x20, 0x73, 0x69, 0x67, 0x6e, 0x20, 0x67, 0x69, 0x76, 0x65,
        0x73, 0x20, 0x6f, 0x66, 0x66, 0x73, 0x65, 0x74, 0x20, 0x64, 0x69, 0x72, 0x65, 0x63, 0x74, 0x69,
        0x6f, 0x6e, 0x0a, 0x20, 0x20, 0x20, 0x20, 0x66, 0x6c, 0x6f, 0x61, 0x74, 0x33, 0x20, 0x70, 0x6f,
        0x73, 0x69, 0x74, 0x69, 0x6f, 0x6e, 0x20, 0x3d, 0x20, 0x28, 0x61, 0x62, 0x73, 0x28, 0x69, 0x6e,
        0x70, 0x75, 0x74, 0x2e, 0x53, 0x69, 0x64, 0x65, 0x29, 0x20, 0x3e, 0x20, 0x31, 0x2e, 0x35, 0x29,
        0x20, 0x3f, 0x20, 0x69, 0x6e, 0x70, 0x75, 0x74, 0x2e, 0x50, 0x6f, 0x73, 0x69, 0x74, 0x69, 0x6f,
        0x6e, 0x42, 0x20, 0x3a, 0x20, 0x69, 0x6e, 0x70, 0x75, 0x74, 0x2e, 0x50, 0x6f, 0x73, 0x69, 0x74,
        0x69, 0x6f, 0x6e, 0x41, 0x3b, 0x0a, 0x20, 0x20, 0x20, 0x20, 0x66, 0x6c, 0x6f, 0x61, 0x74, 0x20,
        0x73, 0x69, 0x64, 0x65, 0x53, 0x69, 0x67, 0x6e, 0x20, 0x3d, 0x20, 0x73, 0x69, 0x67, 0x6e, 0x28,
        0x69, 0x6e, 0x70, 0x75, 0x74, 0x2e, 0x53, 0x69, 0x64, 0x65, 0x29, 0x3b, 0x0a, 0x0a, 0x20, 0x20,
        0x20, 0x20, 0x56, 0x53, 0x5f, 0x44, 0x65, 0x63, 0x61, 0x6c, 0x4f, 0x66, 0x66, 0x73, 0x65, 0x74,
        0x28, 0x70, 0x6f, 0x73, 0x69, 0x74, 0x69, 0x6f, 0x6e, 0x2c, 0x20, 0x69, 0x6e, 0x70, 0x75, 0x74,
        0x2e, 0x4e, 0x6f, 0x72, 0x6d, 0x61, 0x6c, 0x2c, 0x20, 0x69, 0x6e, 0x70, 0x75, 0x74, 0x2e, 0x44,
        0x65, 0x63, 0x61, 0x6c, 0x4f, 0x66, 0x66, 0x73, 0x65, 0x74, 0x29, 0x3b, 0x0a, 0x0a, 0x20, 0x20,
        0x20, 0x20, 0x69, 0x66, 0x20, 0x28, 0x45, 0x78, 0x70, 0x61, 0x6e, 0x64, 0x20, 0x3d, 0x3d, 0x20,
        0x74, 0x72, 0x75, 0x65, 0x29, 0x0a, 0x20, 0x20, 0x20, 0x20, 0x7b, 0x0a, 0x20, 0x20, 0x20, 0x20,
        0x20, 0x20, 0x20, 0x20, 0x56, 0x53, 0x5f, 0x45, 0x78, 0x70, 0x61, 0x6e, 0x64, 0x28, 0x70, 0x6f,
        0x73, 0x69, 0x74, 0x69, 0x6f, 0x6e, 0x2c, 0x20, 0x69, 0x6e, 0x70, 0x75, 0x74, 0x2e, 0x43, 0x65,
        0x6e, 0x74, 0x72, 0x6f, 0x69, 0x64, 0x2c, 0x20, 0x52, 0x61, 0x6e, 0x64, 0x6f, 0x6d, 0x46, 0x6c,
        0x6f, 0x61, 0x74, 0x29, 0x3b, 0x0a, 0x20, 0x20, 0x20, 0x20, 0x7d, 0x0a, 0x0a, 0x20, 0x20, 0x20,
        0x20, 0x2f, 0x2f, 0x20, 0x53, 0x61, 0x76, 0x65, 0x20, 0x74, 0x68, 0x65, 0x20, 0x76, 0x65, 0x72,
        0x74, 0x69, 0x63, 0x65, 0x73, 0x20, 0x70, 0x6f, 0x73, 0x69, 0x74, 0x69, 0x6f, 0x6e, 0x20, 0x69,
        0x6e, 0x20, 0x77, 0x6f, 0x72, 0x6c, 0x64, 0x20, 0x73, 0x70, 0x61, 0x63, 0x65, 0x20, 0x28, 0x66,
        0x6f, 0x72, 0x20, 0x73, 0x68, 0x61, 0x64, 0x6f, 0x77, 0x20, 0x6d, 0x61, 0x70, 0x70, 0x69, 0x6e,
        0x67, 0x29, 0x0a, 0x20, 0x20, 0x20, 0x20, 0x6f, 0x75, 0x74, 0x70, 0x75, 0x74, 0x2e, 0x57, 0x6f,
        0x72, 0x6c, 0x64, 0x50, 0x6f, 0x73, 0x20, 0x3d, 0x20, 0x6d, 0x75, 0x6c, 0x28, 0x66, 0x6c, 0x6f,
        0x61, 0x74, 0x34, 0x28, 0x70, 0x6f, 0x73, 0x69, 0x74, 0x69, 0x6f, 0x6e, 0x2c, 0x20, 0x31, 0x29,
        0x2c, 0x20, 0x77, 0x6f, 0x72, 0x6c, 0x64, 0x29, 0x3b, 0x0a, 0x20, 0x20, 0x20, 0x20, 0x6f, 0x75,
        0x74, 0x70, 0x75, 0x74, 0x2e, 0x47, 0x65, 0x74, 0x73, 0x53, 0x68, 0x61, 0x64, 0x6f, 0x77, 0x65,
        0x64, 0x20, 0x3d, 0x20, 0x67, 0x65, 0x74, 0x73, 0x53, 0x68, 0x61, 0x64, 0x6f, 0x77, 0x65, 0x64,
        0x3b, 0x0a, 0x0a, 0x20, 0x20, 0x20, 0x20, 0x66, 0x6c, 0x6f, 0x61, 0x74, 0x34, 0x20, 0x76, 0x69,
        0x65, 0x77, 0x50, 0x6f, 0x73, 0x20, 0x3d, 0x20, 0x6d, 0x75, 0x6c, 0x28, 0x6f, 0x75, 0x74, 0x70,
        0x75, 0x74, 0x2e, 0x57, 0x6f, 0x72, 0x6c, 0x64, 0x50, 0x6f, 0x73, 0x2c, 0x20, 0x56, 0x69, 0x65,
        0x77, 0x29, 0x3b, 0x0a, 0x20, 0x20, 0x20, 0x20, 0x2f, 0x2f, 0x20, 0x46, 0x6f, 0x67, 0x20, 0x69,
        0x73, 0x20, 0x6d, 0x65, 0x61, 0x73, 0x75, 0x72, 0x65, 0x64, 0x20, 0x66, 0x72, 0x6f, 0x6d, 0x20,
        0x74, 0x68, 0x65, 0x20, 0x76, 0x69, 0x65, 0x77, 0x2d, 0x73, 0x70, 0x61, 0x63, 0x65, 0x20, 0x70,
        0x6f, 0x73, 0x69, 0x74, 0x69, 0x6f, 0x6e, 0x2e, 0x20, 0x49, 0x6e, 0x74, 0x65, 0x72, 0x70, 0x6f,
        0x6c, 0x61, 0x74, 0x69, 0x6e, 0x67, 0x20, 0x69, 0x74, 0x20, 0x66, 0x72, 0x6f, 0x6d, 0x20, 0x74,
        0x68, 0x65, 0x20, 0x76, 0x65, 0x72, 0x74, 0x65, 0x78, 0x20, 0x73, 0x68, 0x61, 0x64, 0x65, 0x72,
        0x20, 0x69, 0x73, 0x0a, 0x20, 0x20, 0x20, 0x20, 0x2f, 0x2f, 0x20, 0x65, 0x71, 0x75, 0x69, 0x76,
        0x61, 0x6c, 0x65, 0x6e, 0x74, 0x20, 0x74, 0x6f, 0x20, 0x72, 0x65, 0x2d, 0x64, 0x65, 0x72, 0x69,
        0x76, 0x69, 0x6e, 0x67, 0x20, 0x69, 0x74, 0x20, 0x66, 0x72, 0x6f, 0x6d, 0x20, 0x74, 0x68, 0x65,
        0x20, 0x69, 0x6e, 0x74, 0x65, 0x72, 0x70, 0x6f, 0x6c, 0x61, 0x74, 0x65, 0x64, 0x20, 0x57, 0x6f,
        0x72, 0x6c, 0x64, 0x50, 0x6f, 0x73, 0x20, 0x69, 0x6e, 0x20, 0x74, 0x68, 0x65, 0x20, 0x70, 0x69,
        0x78, 0x65, 0x6c, 0x20, 0x73, 0x68, 0x61, 0x64, 0x65, 0x72, 0x20, 0x28, 0x56, 0x69, 0x65, 0x77,
        0x20, 0x69, 0x73, 0x0a, 0x20, 0x20, 0x20, 0x20, 0x2f, 0x2f, 0x20, 0x61, 0x66, 0x66, 0x69, 0x6e,
        0x65, 0x29, 0x2c, 0x20, 0x62, 0x75, 0x74, 0x20, 0x63, 0x6f, 0x73, 0x74, 0x73, 0x20, 0x6f, 0x6e,
        0x65, 0x20, 0x76, 0x61, 0x72, 0x79, 0x69, 0x6e, 0x67, 0x20, 0x69, 0x6e, 0x73, 0x74, 0x65, 0x61,
        0x64, 0x20, 0x6f, 0x66, 0x20, 0x61, 0x20, 0x34, 0x78, 0x34, 0x20, 0x6d, 0x75, 0x6c, 0x74, 0x69,
        0x70, 0x6c, 0x79, 0x20, 0x70, 0x65, 0x72, 0x20, 0x70, 0x69, 0x78, 0x65, 0x6c, 0x2e, 0x0a, 0x20,
        0x20, 0x20, 0x20, 0x6f, 0x75, 0x74, 0x70, 0x75, 0x74, 0x2e, 0x56, 0x69, 0x65, 0x77, 0x4c, 0x65,
        0x6e, 0x67, 0x74, 0x68, 0x20, 0x3d, 0x20, 0x6c, 0x65, 0x6e, 0x67, 0x74, 0x68, 0x28, 0x76, 0x69,
        0x65, 0x77, 0x50, 0x6f, 0x73, 0x29, 0x3b, 0x0a, 0x0a, 0x20, 0x20, 0x20, 0x20, 0x2f, 0x2f, 0x20,
        0x54, 0x72, 0x61, 0x6e, 0x73, 0x66, 0x6f, 0x72, 0x6d, 0x20, 0x62, 0x6f, 0x74, 0x68, 0x20, 0x65,
        0x6e, 0x64, 0x70, 0x6f, 0x69, 0x6e, 0x74, 0x73, 0x20, 0x74, 0x6f, 0x20, 0x63, 0x6c, 0x69, 0x70,
        0x20, 0x73, 0x70, 0x61, 0x63, 0x65, 0x20, 0x66, 0x6f, 0x72, 0x20, 0x73, 0x63, 0x72, 0x65, 0x65,
        0x6e, 0x2d, 0x73, 0x70, 0x61, 0x63, 0x65, 0x20, 0x6c, 0x69, 0x6e, 0x65, 0x20, 0x64, 0x69, 0x72,
        0x65, 0x63, 0x74, 0x69, 0x6f, 0x6e, 0x0a, 0x20, 0x20, 0x20, 0x20, 0x66, 0x6c, 0x6f, 0x61, 0x74,
        0x34, 0x20, 0x63, 0x6c, 0x69, 0x70, 0x41, 0x20, 0x3d, 0x20, 0x6d, 0x75, 0x6c, 0x28, 0x6d, 0x75,
        0x6c, 0x28, 0x66, 0x6c, 0x6f, 0x61, 0x74, 0x34, 0x28, 0x69, 0x6e, 0x70, 0x75, 0x74, 0x2e, 0x50,
        0x6f, 0x73, 0x69, 0x74, 0x69, 0x6f, 0x6e, 0x41, 0x2c, 0x20, 0x31, 0x29, 0x2c, 0x20, 0x77, 0x6f,
        0x72, 0x6c, 0x64, 0x29, 0x2c, 0x20, 0x56, 0x69, 0x65, 0x77, 0x50, 0x72, 0x6f, 0x6a, 0x29, 0x3b,
        0x0a, 0x20, 0x20, 0x20, 0x20, 0x66, 0x6c, 0x6f, 0x61, 0x74, 0x34, 0x20, 0x63, 0x6c, 0x69, 0x70,
        0x42, 0x20, 0x3d, 0x20, 0x6d, 0x75, 0x6c, 0x28, 0x6d, 0x75, 0x6c, 0x28, 0x66, 0x6c, 0x6f, 0x61,
        0x74, 0x34, 0x28, 0x69, 0x6e, 0x70, 0x75, 0x74, 0x2e, 0x50, 0x6f, 0x73, 0x69, 0x74, 0x69, 0x6f,
        0x6e, 0x42, 0x2c, 0x20, 0x31, 0x29, 0x2c, 0x20, 0x77, 0x6f, 0x72, 0x6c, 0x64, 0x29, 0x2c, 0x20,
        0x56, 0x69, 0x65, 0x77, 0x50, 0x72, 0x6f, 0x6a, 0x29, 0x3b, 0x0a, 0x0a, 0x20, 0x20, 0x20, 0x20,
        0x66, 0x6c, 0x6f, 0x61, 0x74, 0x32, 0x20, 0x73, 0x63, 0x72, 0x65, 0x65, 0x6e, 0x41, 0x20, 0x3d,
        0x20, 0x52, 0x65, 0x73, 0x6f, 0x6c, 0x75, 0x74, 0x69, 0x6f, 0x6e, 0x20, 0x2a, 0x20, 0x63, 0x6c,
        0x69, 0x70, 0x41, 0x2e, 0x78, 0x79, 0x20, 0x2f, 0x20, 0x63, 0x6c, 0x69, 0x70, 0x41, 0x2e, 0x77,
        0x3b, 0x0a, 0x20, 0x20, 0x20, 0x20, 0x66, 0x6c, 0x6f, 0x61, 0x74, 0x32, 0x20, 0x73, 0x63, 0x72,
        0x65, 0x65, 0x6e, 0x42, 0x20, 0x3d, 0x20, 0x52, 0x65, 0x73, 0x6f, 0x6c, 0x75, 0x74, 0x69, 0x6f,
        0x6e, 0x20, 0x2a, 0x20, 0x63, 0x6c, 0x69, 0x70, 0x42, 0x2e, 0x78, 0x79, 0x20, 0x2f, 0x20, 0x63,
        0x6c, 0x69, 0x70, 0x42, 0x2e, 0x77, 0x3b, 0x0a, 0x0a, 0x20, 0x20, 0x20, 0x20, 0x2f, 0x2f, 0x20,
        0x47, 0x75, 0x61, 0x72, 0x64, 0x20, 0x61, 0x67, 0x61, 0x69, 0x6e, 0x73, 0x74, 0x20, 0x4e, 0x61,
        0x4e, 0x20, 0x66, 0x72, 0x6f, 0x6d, 0x20, 0x6e, 0x6f, 0x72, 0x6d, 0x61, 0x6c, 0x69, 0x7a, 0x65,
        0x28, 0x28, 0x30, 0x2c, 0x30, 0x29, 0x29, 0x20, 0x77, 0x68, 0x65, 0x6e, 0x20, 0x65, 0x6e, 0x64,
        0x70, 0x6f, 0x69, 0x6e, 0x74, 0x73, 0x20, 0x70, 0x72, 0x6f, 0x6a, 0x65, 0x63, 0x74, 0x20, 0x74,
        0x6f, 0x20, 0x74, 0x68, 0x65, 0x0a, 0x20, 0x20, 0x20, 0x20, 0x2f, 0x2f, 0x20, 0x73, 0x61, 0x6d,
        0x65, 0x20, 0x73, 0x63, 0x72, 0x65, 0x65, 0x6e, 0x20, 0x70, 0x69, 0x78, 0x65, 0x6c, 0x20, 0x28,
        0x6e, 0x65, 0x61, 0x72, 0x2d, 0x64, 0x65, 0x67, 0x65, 0x6e, 0x65, 0x72, 0x61, 0x74, 0x65, 0x20,
        0x6c, 0x69, 0x6e, 0x65, 0x73, 0x29, 0x2e, 0x20, 0x46, 0x61, 0x6c, 0x6c, 0x62, 0x61, 0x63, 0x6b,
        0x20, 0x74, 0x6f, 0x20, 0x68, 0x6f, 0x72, 0x69, 0x7a, 0x6f, 0x6e, 0x74, 0x61, 0x6c, 0x2e, 0x0a,
        0x20, 0x20, 0x20, 0x20, 0x66, 0x6c, 0x6f, 0x61, 0x74, 0x32, 0x20, 0x64, 0x65, 0x6c, 0x74, 0x61,
        0x20, 0x3d, 0x20, 0x73, 0x63, 0x72, 0x65, 0x65, 0x6e, 0x42, 0x20, 0x2d, 0x20, 0x73, 0x63, 0x72,
        0x65, 0x65, 0x6e, 0x41, 0x3b, 0x0a, 0x20, 0x20, 0x20, 0x20, 0x66, 0x6c, 0x6f, 0x61, 0x74, 0x20,
        0x64, 0x65, 0x6c, 0x74, 0x61, 0x4c, 0x65, 0x6e, 0x53, 0x71, 0x20, 0x3d, 0x20, 0x64, 0x6f, 0x74,
        0x28, 0x64, 0x65, 0x6c, 0x74, 0x61, 0x2c, 0x20, 0x64, 0x65, 0x6c, 0x74, 0x61, 0x29, 0x3b, 0x0a,
        0x20, 0x20, 0x20, 0x20, 0x66, 0x6c, 0x6f, 0x61, 0x74, 0x32, 0x20, 0x64, 0x69, 0x72, 0x20, 0x3d,
        0x20, 0x64, 0x65, 0x6c, 0x74, 0x61, 0x4c, 0x65, 0x6e, 0x53, 0x71, 0x20, 0x3c, 0x20, 0x30, 0x2e,
        0x30, 0x30, 0x30, 0x31, 0x20, 0x3f, 0x20, 0x66, 0x6c, 0x6f, 0x61, 0x74, 0x32, 0x28, 0x31, 0x2c,
        0x20, 0x30, 0x29, 0x20, 0x3a, 0x20, 0x6e, 0x6f, 0x72, 0x6d, 0x61, 0x6c, 0x69, 0x7a, 0x65, 0x28,
        0x64, 0x65, 0x6c, 0x74, 0x61, 0x29, 0x3b, 0x0a, 0x20, 0x20, 0x20, 0x20, 0x66, 0x6c, 0x6f, 0x61,
        0x74, 0x32, 0x20, 0x6e, 0x6f, 0x72, 0x6d, 0x61, 0x6c, 0x20, 0x3d, 0x20, 0x66, 0x6c, 0x6f, 0x61,
        0x74, 0x32, 0x28, 0x2d, 0x64, 0x69, 0x72, 0x2e, 0x79, 0x2c, 0x20, 0x64, 0x69, 0x72, 0x2e, 0x78,
        0x29, 0x3b, 0x0a, 0x0a, 0x20, 0x20, 0x20, 0x20, 0x2f, 0x2f, 0x20, 0x53, 0x63, 0x72, 0x65, 0x65,
        0x6e, 0x2d, 0x73, 0x70, 0x61, 0x63, 0x65, 0x20, 0x6f, 0x66, 0x66, 0x73, 0x65, 0x74, 0x20, 0x66,
        0x6f, 0x72, 0x20, 0x6c, 0x69, 0x6e, 0x65, 0x20, 0x74, 0x68, 0x69, 0x63, 0x6b, 0x6e, 0x65, 0x73,
        0x73, 0x0a, 0x20, 0x20, 0x20, 0x20, 0x66, 0x6c, 0x6f, 0x61, 0x74, 0x34, 0x20, 0x63, 0x6c, 0x69,
        0x70, 0x50, 0x6f, 0x73, 0x20, 0x3d, 0x20, 0x6d, 0x75, 0x6c, 0x28, 0x76, 0x69, 0x65, 0x77, 0x50,
        0x6f, 0x73, 0x2c, 0x20, 0x50, 0x72, 0x6f, 0x6a, 0x65, 0x63, 0x74, 0x69, 0x6f, 0x6e, 0x29, 0x3b,
        0x0a, 0x20, 0x20, 0x20, 0x20, 0x66, 0x6c, 0x6f, 0x61, 0x74, 0x32, 0x20, 0x6f, 0x66, 0x66, 0x73,
        0x65, 0x74, 0x20, 0x3d, 0x20, 0x6e, 0x6f, 0x72, 0x6d, 0x61, 0x6c, 0x20, 0x2a, 0x20, 0x72, 0x65,
        0x6e, 0x64, 0x65, 0x72, 0x65, 0x64, 0x48, 0x61, 0x6c, 0x66, 0x54, 0x68, 0x69, 0x63, 0x6b, 0x6e,
        0x65, 0x73, 0x73, 0x20, 0x2a, 0x20, 0x73, 0x69, 0x64, 0x65, 0x53, 0x69, 0x67, 0x6e, 0x20, 0x2f,
        0x20, 0x52, 0x65, 0x73, 0x6f, 0x6c, 0x75, 0x74, 0x69, 0x6f, 0x6e, 0x20, 0x2a, 0x20, 0x32, 0x2e,
        0x30, 0x3b, 0x0a, 0x0a, 0x09, 0x66, 0x6c, 0x6f, 0x61, 0x74, 0x33, 0x20, 0x63, 0x6f, 0x6c, 0x6f,
        0x72, 0x20, 0x3d, 0x20, 0x69, 0x6e, 0x70, 0x75, 0x74, 0x2e, 0x43, 0x6f, 0x6c, 0x6f, 0x72, 0x3b,
        0x0a, 0x0a, 0x20, 0x20, 0x20, 0x20, 0x2f, 0x2f, 0x20, 0x41, 0x70, 0x70, 0x6c, 0x79, 0x20, 0x62,
        0x61, 0x73, 0x65, 0x20, 0x63, 0x6f, 0x6c, 0x6f, 0x72, 0x0a, 0x20, 0x20, 0x20, 0x20, 0x63, 0x6f,
        0x6c, 0x6f, 0x72, 0x20, 0x3d, 0x20, 0x6c, 0x65, 0x72, 0x70, 0x28, 0x63, 0x6f, 0x6c, 0x6f, 0x72,
        0x2c, 0x20, 0x42, 0x61, 0x73, 0x65, 0x43, 0x6f, 0x6c, 0x6f, 0x72, 0x2c, 0x20, 0x55, 0x73, 0x65,
        0x42, 0x61, 0x73, 0x65, 0x43, 0x6f, 0x6c, 0x6f, 0x72, 0x20, 0x3f, 0x20, 0x31, 0x2e, 0x30, 0x20,
        0x3a, 0x20, 0x30, 0x2e, 0x30, 0x29, 0x3b, 0x0a, 0x0a, 0x20, 0x20, 0x20, 0x20, 0x6f, 0x75, 0x74,
        0x70, 0x75, 0x74, 0x2e, 0x50, 0x6f, 0x73, 0x69, 0x74, 0x69, 0x6f, 0x6e, 0x20, 0x3d, 0x20, 0x63,
        0x6c, 0x69, 0x70, 0x50, 0x6f, 0x73, 0x20, 0x2b, 0x20, 0x66, 0x6c, 0x6f, 0x61, 0x74, 0x34, 0x28,
        0x6f, 0x66, 0x66, 0x73, 0x65, 0x74, 0x20, 0x2a, 0x20, 0x63, 0x6c, 0x69, 0x70, 0x50, 0x6f, 0x73,
        0x2e, 0x77, 0x2c, 0x20, 0x30, 0x2c, 0x20, 0x30, 0x29, 0x3b, 0x0a, 0x0a, 0x20, 0x20, 0x20, 0x20,
        0x2f, 0x2f, 0x20, 0x41, 0x70, 0x70, 0x6c, 0x79, 0x20, 0x6c, 0x61, 0x79, 0x65, 0x72, 0x20, 0x6e,
        0x75, 0x64, 0x67, 0x65, 0x20, 0x74, 0x6f, 0x20, 0x70, 0x72, 0x65, 0x76, 0x65, 0x6e, 0x74, 0x20,
        0x5a, 0x2d, 0x66, 0x69, 0x67, 0x68, 0x74, 0x69, 0x6e, 0x67, 0x0a, 0x20, 0x20, 0x20, 0x20, 0x2f,
        0x2f, 0x20, 0x41, 0x57, 0x41, 0x59, 0x20, 0x66, 0x72, 0x6f, 0x6d, 0x20, 0x74, 0x68, 0x65, 0x20,
        0x63, 0x61, 0x6d, 0x65, 0x72, 0x61, 0x20, 0x62, 0x65, 0x63, 0x61, 0x75, 0x73, 0x65, 0x20, 0x69,
        0x74, 0x27, 0x73, 0x20, 0x6c, 0x65, 0x73, 0x73, 0x20, 0x6e, 0x6f, 0x74, 0x69, 0x63, 0x65, 0x61,
        0x62, 0x6c, 0x65, 0x20, 0x28, 0x77, 0x6f, 0x6e, 0x27, 0x74, 0x20, 0x63, 0x6c, 0x69, 0x70, 0x20,
        0x61, 0x67, 0x61, 0x69, 0x6e, 0x73, 0x74, 0x20, 0x74, 0x68, 0x65, 0x20, 0x63, 0x61, 0x72, 0x20,
        0x65, 0x74, 0x63, 0x29, 0x0a, 0x20, 0x20, 0x20, 0x20, 0x6f, 0x75, 0x74, 0x70, 0x75, 0x74, 0x2e,
        0x50, 0x6f, 0x73, 0x69, 0x74, 0x69, 0x6f, 0x6e, 0x2e, 0x7a, 0x20, 0x2b, 0x3d, 0x20, 0x30, 0x2e,
        0x30, 0x31, 0x20, 0x2a, 0x20, 0x6c, 0x61, 0x79, 0x65, 0x72, 0x3b, 0x0a, 0x0a, 0x20, 0x20, 0x20,
        0x20, 0x2f, 0x2f, 0x20, 0x43, 0x6f, 0x6c, 0x6c, 0x61, 0x70, 0x73, 0x65, 0x20, 0x68, 0x69, 0x64,
        0x64, 0x65, 0x6e, 0x20, 0x6c, 0x69, 0x6e, 0x65, 0x20, 0x71, 0x75, 0x61, 0x64, 0x73, 0x20, 0x6f,
        0x75, 0x74, 0x73, 0x69, 0x64, 0x65, 0x20, 0x63, 0x6c, 0x69, 0x70, 0x20, 0x73, 0x70, 0x61, 0x63,
        0x65, 0x20, 0x77, 0x69, 0x74, 0x68, 0x6f, 0x75, 0x74, 0x20, 0x61, 0x20, 0x70, 0x69, 0x78, 0x65,
        0x6c, 0x2d, 0x73, 0x68, 0x61, 0x64, 0x65, 0x72, 0x20, 0x64, 0x69, 0x73, 0x63, 0x61, 0x72, 0x64,
        0x2e, 0x0a, 0x20, 0x20, 0x20, 0x20, 0x6f, 0x75, 0x74, 0x70, 0x75, 0x74, 0x2e, 0x50, 0x6f, 0x73,
        0x69, 0x74, 0x69, 0x6f, 0x6e, 0x20, 0x3d, 0x20, 0x6c, 0x65, 0x72, 0x70, 0x28, 0x6f, 0x75, 0x74,
        0x70, 0x75, 0x74, 0x2e, 0x50, 0x6f, 0x73, 0x69, 0x74, 0x69, 0x6f, 0x6e, 0x2c, 0x20, 0x66, 0x6c,
        0x6f, 0x61, 0x74, 0x34, 0x28, 0x32, 0x2e, 0x30, 0x2c, 0x20, 0x32, 0x2e, 0x30, 0x2c, 0x20, 0x30,
        0x2e, 0x30, 0x2c, 0x20, 0x31, 0x2e, 0x30, 0x29, 0x2c, 0x20, 0x68, 0x69, 0x64, 0x65, 0x4c, 0x69,
        0x6e, 0x65, 0x29, 0x3b, 0x0a, 0x0a, 0x20, 0x20, 0x20, 0x20, 0x69, 0x66, 0x20, 0x28, 0x44, 0x61,
        0x72, 0x6b, 0x65, 0x6e, 0x20, 0x3c, 0x20, 0x31, 0x2e, 0x30, 0x66, 0x29, 0x0a, 0x20, 0x20, 0x20,
        0x20, 0x7b, 0x0a, 0x20, 0x20, 0x20, 0x20, 0x20, 0x20, 0x20, 0x20, 0x56, 0x53, 0x5f, 0x44, 0x61,
        0x72, 0x6b, 0x65, 0x6e, 0x28, 0x63, 0x6f, 0x6c, 0x6f, 0x72, 0x2c, 0x20, 0x44, 0x61, 0x72, 0x6b,
        0x65, 0x6e, 0x29, 0x3b, 0x0a, 0x20, 0x20, 0x20, 0x20, 0x7d, 0x0a, 0x0a, 0x20, 0x20, 0x20, 0x20,
        0x69, 0x66, 0x20, 0x28, 0x67, 0x6c, 0x6f, 0x77, 0x20, 0x3d, 0x3d, 0x20, 0x74, 0x72, 0x75, 0x65,
        0x29, 0x0a, 0x20, 0x20, 0x20, 0x20, 0x7b, 0x0a, 0x20, 0x20, 0x20, 0x20, 0x20, 0x20, 0x20, 0x20,
        0x63, 0x6f, 0x6c, 0x6f, 0x72, 0x20, 0x3d, 0x20, 0x63, 0x6f, 0x6c, 0x6f, 0x72, 0x20, 0x2a, 0x20,
        0x31, 0x2e, 0x36, 0x3b, 0x0a, 0x20, 0x20, 0x20, 0x20, 0x20, 0x20, 0x20, 0x20, 0x2f, 0x2f, 0x20,
        0x63, 0x6c, 0x61, 0x6d, 0x70, 0x20, 0x74, 0x6f, 0x20, 0x31, 0x2e, 0x30, 0x0a, 0x20, 0x20, 0x20,
        0x20, 0x20, 0x20, 0x20, 0x20, 0x63, 0x6f, 0x6c, 0x6f, 0x72, 0x20, 0x3d, 0x20, 0x6d, 0x69, 0x6e,
        0x28, 0x63, 0x6f, 0x6c, 0x6f, 0x72, 0x2c, 0x20, 0x66, 0x6c, 0x6f, 0x61, 0x74, 0x33, 0x28, 0x31,
        0x2e, 0x30, 0x2c, 0x20, 0x31, 0x2e, 0x30, 0x2c, 0x20, 0x31, 0x2e, 0x30, 0x29, 0x29, 0x3b, 0x0a,
        0x20, 0x20, 0x20, 0x20, 0x7d, 0x0a, 0x0a, 0x20, 0x20, 0x20, 0x20, 0x2f, 0x2f, 0x20, 0x47, 0x65,
        0x6f, 0x6d, 0x65, 0x74, 0x72, 0x69, 0x63, 0x20, 0x64, 0x69, 0x66, 0x66, 0x75, 0x73, 0x65, 0x20,
        0x69, 0x73, 0x20, 0x63, 0x6f, 0x6d, 0x70, 0x75, 0x74, 0x65, 0x64, 0x20, 0x68, 0x65, 0x72, 0x65,
        0x20, 0x28, 0x56, 0x53, 0x2c, 0x20, 0x70, 0x65, 0x72, 0x2d, 0x66, 0x61, 0x63, 0x65, 0x29, 0x2e,
        0x20, 0x53, 0x6e, 0x61, 0x70, 0x2c, 0x20, 0x63, 0x68, 0x61, 0x72, 0x67, 0x65, 0x64, 0x2d, 0x62,
        0x6c, 0x69, 0x6e, 0x6b, 0x0a, 0x20, 0x20, 0x20, 0x20, 0x2f, 0x2f, 0x20, 0x61, 0x6e, 0x64, 0x20,
        0x66, 0x6f, 0x67, 0x20, 0x61, 0x72, 0x65, 0x20, 0x61, 0x70, 0x70, 0x6c, 0x69, 0x65, 0x64, 0x20,
        0x70, 0x65, 0x72, 0x2d, 0x70, 0x69, 0x78, 0x65, 0x6c, 0x20, 0x28, 0x73, 0x65, 0x65, 0x20, 0x4d,
        0x61, 0x69, 0x6e, 0x50, 0x53, 0x29, 0x20, 0x73, 0x6f, 0x20, 0x74, 0x68, 0x65, 0x20, 0x67, 0x65,
        0x6f, 0x6d, 0x65, 0x74, 0x72, 0x69, 0x63, 0x20, 0x64, 0x69, 0x66, 0x66, 0x75, 0x73, 0x65, 0x20,
        0x61, 0x6e, 0x64, 0x0a, 0x20, 0x20, 0x20, 0x20, 0x2f, 0x2f, 0x20, 0x74, 0x68, 0x65, 0x20, 0x73,
        0x68, 0x61, 0x64, 0x6f, 0x77, 0x20, 0x6d, 0x61, 0x70, 0x20, 0x66, 0x6f, 0x6c, 0x64, 0x20, 0x69,
        0x6e, 0x74, 0x6f, 0x20, 0x6f, 0x6e, 0x65, 0x20, 0x64, 0x61, 0x72, 0x6b, 0x65, 0x6e, 0x69, 0x6e,
        0x67, 0x20, 0x70, 0x61, 0x73, 0x73, 0x2e, 0x0a, 0x20, 0x20, 0x20, 0x20, 0x6f, 0x75, 0x74, 0x70,
        0x75, 0x74, 0x2e, 0x4e, 0x6f, 0x72, 0x6d, 0x61, 0x6c, 0x57, 0x6f, 0x72, 0x6c, 0x64, 0x20, 0x3d,
        0x20, 0x6e, 0x6f, 0x72, 0x6d, 0x61, 0x6c, 0x69, 0x7a, 0x65, 0x28, 0x6d, 0x75, 0x6c, 0x28, 0x66,
        0x6c, 0x6f, 0x61, 0x74, 0x34, 0x28, 0x69, 0x6e, 0x70, 0x75, 0x74, 0x2e, 0x4e, 0x6f, 0x72, 0x6d,
        0x61, 0x6c, 0x2c, 0x20, 0x30, 0x29, 0x2c, 0x20, 0x77, 0x6f, 0x72, 0x6c, 0x64, 0x29, 0x2e, 0x78,
        0x79, 0x7a, 0x29, 0x3b, 0x0a, 0x20, 0x20, 0x20, 0x20, 0x6f, 0x75, 0x74, 0x70, 0x75, 0x74, 0x2e,
        0x4c, 0x69, 0x74, 0x20, 0x3d, 0x20, 0x28, 0x49, 0x73, 0x46, 0x75, 0x6c, 0x6c, 0x62, 0x72, 0x69,
        0x67, 0x68, 0x74, 0x20, 0x3d, 0x3d, 0x20, 0x66, 0x61, 0x6c, 0x73, 0x65, 0x20, 0x26, 0x26, 0x20,
        0x69, 0x73, 0x46, 0x75, 0x6c, 0x6c, 0x62, 0x72, 0x69, 0x67, 0x68, 0x74, 0x20, 0x3d, 0x3d, 0x20,
        0x66, 0x61, 0x6c, 0x73, 0x65, 0x20, 0x26, 0x26, 0x20, 0x67, 0x6c, 0x6f, 0x77, 0x20, 0x3d, 0x3d,
        0x20, 0x66, 0x61, 0x6c, 0x73, 0x65, 0x29, 0x20, 0x3f, 0x20, 0x31, 0x2e, 0x30, 0x66, 0x20, 0x3a,
        0x20, 0x30, 0x2e, 0x30, 0x66, 0x3b, 0x0a, 0x20, 0x20, 0x20, 0x20, 0x6f, 0x75, 0x74, 0x70, 0x75,
        0x74, 0x2e, 0x44, 0x69, 0x66, 0x66, 0x75, 0x73, 0x65, 0x20, 0x3d, 0x20, 0x43, 0x6f, 0x6d, 0x70,
        0x75, 0x74, 0x65, 0x50, 0x6f, 0x6c, 0x79, 0x67, 0x6f, 0x6e, 0x44, 0x69, 0x66, 0x66, 0x75, 0x73,
        0x65, 0x28, 0x77, 0x6f, 0x72, 0x6c, 0x64, 0x43, 0x65, 0x6e, 0x74, 0x72, 0x6f, 0x69, 0x64, 0x2c,
        0x20, 0x6f, 0x75, 0x74, 0x70, 0x75, 0x74, 0x2e, 0x4e, 0x6f, 0x72, 0x6d, 0x61, 0x6c, 0x57, 0x6f,
        0x72, 0x6c, 0x64, 0x2c, 0x20, 0x4c, 0x69, 0x67, 0x68, 0x74, 0x44, 0x69, 0x72, 0x65, 0x63, 0x74,
        0x69, 0x6f, 0x6e, 0x2c, 0x20, 0x43, 0x61, 0x6d, 0x65, 0x72, 0x61, 0x50, 0x6f, 0x73, 0x69, 0x74,
        0x69, 0x6f, 0x6e, 0x29, 0x3b, 0x0a, 0x0a, 0x20, 0x20, 0x20, 0x20, 0x2f, 0x2f, 0x20, 0x53, 0x68,
        0x69, 0x70, 0x20, 0x74, 0x68, 0x65, 0x20, 0x55, 0x4e, 0x4c, 0x49, 0x54, 0x20, 0x63, 0x6f, 0x6c,
        0x6f, 0x72, 0x3b, 0x20, 0x64, 0x69, 0x66, 0x66, 0x75, 0x73, 0x65, 0x20, 0x61, 0x70, 0x70, 0x6c,
        0x69, 0x63, 0x61, 0x74, 0x69, 0x6f, 0x6e, 0x20, 0x2b, 0x20, 0x73, 0x6e, 0x61, 0x70, 0x20, 0x2b,
        0x20, 0x66, 0x6f, 0x67, 0x20, 0x68, 0x61, 0x70, 0x70, 0x65, 0x6e, 0x20, 0x69, 0x6e, 0x20, 0x50,
        0x53, 0x2e, 0x0a, 0x20, 0x20, 0x20, 0x20, 0x6f, 0x75, 0x74, 0x70, 0x75, 0x74, 0x2e, 0x43, 0x6f,
        0x6c, 0x6f, 0x72, 0x20, 0x3d, 0x20, 0x66, 0x6c, 0x6f, 0x61, 0x74, 0x34, 0x28, 0x63, 0x6f, 0x6c,
        0x6f, 0x72, 0x2c, 0x20, 0x6d, 0x69, 0x6e, 0x28, 0x61, 0x6c, 0x70, 0x68, 0x61, 0x4f, 0x76, 0x65,
        0x72, 0x72, 0x69, 0x64, 0x65, 0x2c, 0x20, 0x41, 0x6c, 0x70, 0x68, 0x61, 0x29, 0x29, 0x3b, 0x0a,
        0x0a, 0x09, 0x72, 0x65, 0x74, 0x75, 0x72, 0x6e, 0x20, 0x6f, 0x75, 0x74, 0x70, 0x75, 0x74, 0x3b,
        0x0a, 0x7d, 0x0a, 0x0a, 0x66, 0x6c, 0x6f, 0x61, 0x74, 0x34, 0x20, 0x4d, 0x61, 0x69, 0x6e, 0x50,
        0x53, 0x28, 0x56, 0x65, 0x72, 0x74, 0x65, 0x78, 0x53, 0x68, 0x61, 0x64, 0x65, 0x72, 0x4f, 0x75,
        0x74, 0x70, 0x75, 0x74, 0x20, 0x69, 0x6e, 0x70, 0x75, 0x74, 0x29, 0x20, 0x3a, 0x20, 0x53, 0x56,
        0x5f, 0x54, 0x41, 0x52, 0x47, 0x45, 0x54, 0x0a, 0x7b, 0x0a, 0x20, 0x20, 0x20, 0x20, 0x66, 0x6c,
        0x6f, 0x61, 0x74, 0x33, 0x20, 0x63, 0x6f, 0x6c, 0x6f, 0x72, 0x20, 0x3d, 0x20, 0x69, 0x6e, 0x70,
        0x75, 0x74, 0x2e, 0x43, 0x6f, 0x6c, 0x6f, 0x72, 0x2e, 0x72, 0x67, 0x62, 0x3b, 0x0a, 0x20, 0x20,
        0x20, 0x20, 0x66, 0x6c, 0x6f, 0x61, 0x74, 0x20, 0x20, 0x61, 0x6c, 0x70, 0x68, 0x61, 0x20, 0x3d,
        0x20, 0x69, 0x6e, 0x70, 0x75, 0x74, 0x2e, 0x43, 0x6f, 0x6c, 0x6f, 0x72, 0x2e, 0x61, 0x3b, 0x0a,
        0x0a, 0x20, 0x20, 0x20, 0x20, 0x69, 0x66, 0x20, 0x28, 0x69, 0x6e, 0x70, 0x75, 0x74, 0x2e, 0x4c,
        0x69, 0x74, 0x20, 0x3e, 0x20, 0x30, 0x2e, 0x30, 0x29, 0x0a, 0x20, 0x20, 0x20, 0x20, 0x7b, 0x0a,
        0x20, 0x20, 0x20, 0x20, 0x20, 0x20, 0x20, 0x20, 0x2f, 0x2f, 0x20, 0x50, 0x72, 0x65, 0x2d, 0x63,
        0x6f, 0x6d, 0x70, 0x75, 0x74, 0x65, 0x64, 0x20, 0x69, 0x6e, 0x20, 0x76, 0x65, 0x72, 0x74, 0x65,
        0x78, 0x20, 0x73, 0x68, 0x61, 0x64, 0x65, 0x72, 0x20, 0x28, 0x70, 0x65, 0x72, 0x2d, 0x66, 0x61,
        0x63, 0x65, 0x20, 0x76, 0x61, 0x6c, 0x75, 0x65, 0x2c, 0x20, 0x73, 0x61, 0x6d, 0x65, 0x20, 0x66,
        0x6f, 0x72, 0x20, 0x61, 0x6c, 0x6c, 0x20, 0x70, 0x69, 0x78, 0x65, 0x6c, 0x73, 0x29, 0x2e, 0x0a,
        0x20, 0x20, 0x20, 0x20, 0x20, 0x20, 0x20, 0x20, 0x66, 0x6c, 0x6f, 0x61, 0x74, 0x20, 0x64, 0x69,
        0x66, 0x66, 0x20, 0x3d, 0x20, 0x69, 0x6e, 0x70, 0x75, 0x74, 0x2e, 0x44, 0x69, 0x66, 0x66, 0x75,
        0x73, 0x65, 0x3b, 0x0a, 0x0a, 0x20, 0x20, 0x20, 0x20, 0x20, 0x20, 0x20, 0x20, 0x2f, 0x2f, 0x20,
        0x53, 0x68, 0x61, 0x64, 0x6f, 0x77, 0x20, 0x6d, 0x61, 0x70, 0x3a, 0x20, 0x69, 0x66, 0x20, 0x6f,
        0x63, 0x63, 0x6c, 0x75, 0x64, 0x65, 0x64, 0x2c, 0x20, 0x66, 0x6f, 0x72, 0x63, 0x65, 0x20, 0x74,
        0x68, 0x65, 0x20, 0x53, 0x41, 0x4d, 0x45, 0x20, 0x66, 0x61, 0x63, 0x74, 0x6f, 0x72, 0x20, 0x74,
        0x6f, 0x20, 0x69, 0x74, 0x73, 0x20, 0x6d, 0x69, 0x6e, 0x69, 0x6d, 0x75, 0x6d, 0x2e, 0x0a, 0x20,
        0x20, 0x20, 0x20, 0x20, 0x20, 0x20, 0x20, 0x2f, 0x2f, 0x20, 0x54, 0x68, 0x69, 0x73, 0x20, 0x69,
        0x73, 0x20, 0x77, 0x68, 0x61, 0x74, 0x20, 0x73, 0x74, 0x6f, 0x70, 0x73, 0x20, 0x70, 0x69, 0x78,
        0x65, 0x6c, 0x73, 0x20, 0x62, 0x65, 0x69, 0x6e, 0x67, 0x20, 0x73, 0x68, 0x61, 0x64, 0x6f, 0x77,
        0x65, 0x64, 0x20, 0x74, 0x77, 0x69, 0x63, 0x65, 0x2e, 0x0a, 0x20, 0x20, 0x20, 0x20, 0x20, 0x20,
        0x20, 0x20, 0x69, 0x66, 0x20, 0x28, 0x69, 0x6e, 0x70, 0x75, 0x74, 0x2e, 0x47, 0x65, 0x74, 0x73,
        0x53, 0x68, 0x61, 0x64, 0x6f, 0x77, 0x65, 0x64, 0x20, 0x3e, 0x20, 0x30, 0x2e, 0x30, 0x20, 0x26,
        0x26, 0x20, 0x50, 0x53, 0x5f, 0x49, 0x73, 0x53, 0x68, 0x61, 0x64, 0x6f, 0x77, 0x65, 0x64, 0x28,
        0x69, 0x6e, 0x70, 0x75, 0x74, 0x2e, 0x57, 0x6f, 0x72, 0x6c, 0x64, 0x50, 0x6f, 0x73, 0x2c, 0x20,
        0x69, 0x6e, 0x70, 0x75, 0x74, 0x2e, 0x4e, 0x6f, 0x72, 0x6d, 0x61, 0x6c, 0x57, 0x6f, 0x72, 0x6c,
        0x64, 0x29, 0x29, 0x0a, 0x20, 0x20, 0x20, 0x20, 0x20, 0x20, 0x20, 0x20, 0x7b, 0x0a, 0x20, 0x20,
        0x20, 0x20, 0x20, 0x20, 0x20, 0x20, 0x20, 0x20, 0x20, 0x20, 0x64, 0x69, 0x66, 0x66, 0x20, 0x3d,
        0x20, 0x30, 0x2e, 0x30, 0x3b, 0x0a, 0x20, 0x20, 0x20, 0x20, 0x20, 0x20, 0x20, 0x20, 0x7d, 0x0a,
        0x0a, 0x20, 0x20, 0x20, 0x20, 0x20, 0x20, 0x20, 0x20, 0x2f, 0x2f, 0x20, 0x41, 0x70, 0x70, 0x6c,
        0x79, 0x20, 0x74, 0x68, 0x65, 0x20, 0x63, 0x6f, 0x6d, 0x62, 0x69, 0x6e, 0x65, 0x64, 0x20, 0x64,
        0x69, 0x66, 0x66, 0x75, 0x73, 0x65, 0x20, 0x65, 0x78, 0x61, 0x63, 0x74, 0x6c, 0x79, 0x20, 0x6f,
        0x6e, 0x63, 0x65, 0x2c, 0x20, 0x74, 0x68, 0x65, 0x6e, 0x20, 0x73, 0x6e, 0x61, 0x70, 0x2e, 0x0a,
        0x20, 0x20, 0x20, 0x20, 0x20, 0x20, 0x20, 0x20, 0x41, 0x70, 0x70, 0x6c, 0x79, 0x44, 0x69, 0x66,
        0x66, 0x75, 0x73, 0x65, 0x46, 0x61, 0x63, 0x74, 0x6f, 0x72, 0x28, 0x63, 0x6f, 0x6c, 0x6f, 0x72,
        0x2c, 0x20, 0x64, 0x69, 0x66, 0x66, 0x2c, 0x20, 0x45, 0x6e, 0x76, 0x69, 0x72, 0x6f, 0x6e, 0x6d,
        0x65, 0x6e, 0x74, 0x4c, 0x69, 0x67, 0x68, 0x74, 0x29, 0x3b, 0x0a, 0x20, 0x20, 0x20, 0x20, 0x20,
        0x20, 0x20, 0x20, 0x56, 0x53, 0x5f, 0x53, 0x6e, 0x61, 0x70, 0x28, 0x63, 0x6f, 0x6c, 0x6f, 0x72,
        0x2c, 0x20, 0x53, 0x6e, 0x61, 0x70, 0x43, 0x6f, 0x6c, 0x6f, 0x72, 0x29, 0x3b, 0x0a, 0x20, 0x20,
        0x20, 0x20, 0x7d, 0x0a, 0x0a, 0x20, 0x20, 0x20, 0x20, 0x2f, 0x2f, 0x20, 0x43, 0x68, 0x61, 0x72,
        0x67, 0x65, 0x64, 0x20, 0x6c, 0x69, 0x6e, 0x65, 0x20, 0x62, 0x6c, 0x69, 0x6e, 0x6b, 0x20, 0x6f,
        0x76, 0x65, 0x72, 0x72, 0x69, 0x64, 0x65, 0x73, 0x20, 0x74, 0x68, 0x65, 0x20, 0x63, 0x6f, 0x6c,
        0x6f, 0x72, 0x20, 0x28, 0x6d, 0x61, 0x74, 0x63, 0x68, 0x65, 0x73, 0x20, 0x6f, 0x72, 0x69, 0x67,
        0x69, 0x6e, 0x61, 0x6c, 0x20, 0x6f, 0x72, 0x64, 0x65, 0x72, 0x69, 0x6e, 0x67, 0x29, 0x2e, 0x0a,
        0x20, 0x20, 0x20, 0x20, 0x69, 0x66, 0x20, 0x28, 0x43, 0x68, 0x61, 0x72, 0x67, 0x65, 0x64, 0x42,
        0x6c, 0x69, 0x6e, 0x6b, 0x41, 0x6d, 0x6f, 0x75, 0x6e, 0x74, 0x20, 0x3e, 0x20, 0x30, 0x2e, 0x30,
        0x66, 0x29, 0x0a, 0x20, 0x20, 0x20, 0x20, 0x7b, 0x0a, 0x20, 0x20, 0x20, 0x20, 0x20, 0x20, 0x20,
        0x20, 0x63, 0x6f, 0x6c, 0x6f, 0x72, 0x2e, 0x72, 0x20, 0x3d, 0x20, 0x28, 0x32, 0x35, 0x2e, 0x35,
        0x20, 0x2a, 0x20, 0x43, 0x68, 0x61, 0x72, 0x67, 0x65, 0x64, 0x42, 0x6c, 0x69, 0x6e, 0x6b, 0x41,
        0x6d, 0x6f, 0x75, 0x6e, 0x74, 0x29, 0x20, 0x2f, 0x20, 0x32, 0x35, 0x35, 0x2e, 0x30, 0x3b, 0x0a,
        0x20, 0x20, 0x20, 0x20, 0x20, 0x20, 0x20, 0x20, 0x63, 0x6f, 0x6c, 0x6f, 0x72, 0x2e, 0x67, 0x20,
        0x3d, 0x20, 0x28, 0x31, 0x32, 0x38, 0x2e, 0x30, 0x20, 0x2b, 0x20, 0x31, 0x32, 0x2e, 0x38, 0x20,
        0x2a, 0x20, 0x43, 0x68, 0x61, 0x72, 0x67, 0x65, 0x64, 0x42, 0x6c, 0x69, 0x6e, 0x6b, 0x41, 0x6d,
        0x6f, 0x75, 0x6e, 0x74, 0x29, 0x20, 0x2f, 0x20, 0x32, 0x35, 0x35, 0x2e, 0x30, 0x3b, 0x0a, 0x20,
        0x20, 0x20, 0x20, 0x20, 0x20, 0x20, 0x20, 0x63, 0x6f, 0x6c, 0x6f, 0x72, 0x2e, 0x62, 0x20, 0x3d,
        0x20, 0x31, 0x2e, 0x30, 0x3b, 0x0a, 0x20, 0x20, 0x20, 0x20, 0x7d, 0x0a, 0x0a, 0x20, 0x20, 0x20,
        0x20, 0x2f, 0x2f, 0x20, 0x46, 0x6f, 0x67, 0x20, 0x77, 0x61, 0x73, 0x20, 0x61, 0x70, 0x70, 0x6c,
        0x69, 0x65, 0x64, 0x20, 0x6c, 0x61, 0x73, 0x74, 0x20, 0x69, 0x6e, 0x20, 0x74, 0x68, 0x65, 0x20,
        0x6f, 0x72, 0x69, 0x67, 0x69, 0x6e, 0x61, 0x6c, 0x20, 0x76, 0x65, 0x72, 0x74, 0x65, 0x78, 0x20,
        0x73, 0x68, 0x61, 0x64, 0x65, 0x72, 0x20, 0x28, 0x61, 0x6c, 0x77, 0x61, 0x79, 0x73, 0x29, 0x2e,
        0x20, 0x54, 0x68, 0x65, 0x20, 0x76, 0x69, 0x65, 0x77, 0x2d, 0x73, 0x70, 0x61, 0x63, 0x65, 0x20,
        0x70, 0x6f, 0x73, 0x69, 0x74, 0x69, 0x6f, 0x6e, 0x20, 0x69, 0x73, 0x0a, 0x20, 0x20, 0x20, 0x20,
        0x2f, 0x2f, 0x20, 0x69, 0x6e, 0x74, 0x65, 0x72, 0x70, 0x6f, 0x6c, 0x61, 0x74, 0x65, 0x64, 0x20,
        0x66, 0x72, 0x6f, 0x6d, 0x20, 0x74, 0x68, 0x65, 0x20, 0x76, 0x65, 0x72, 0x74, 0x65, 0x78, 0x20,
        0x73, 0x68, 0x61, 0x64, 0x65, 0x72, 0x2c, 0x20, 0x73, 0x6f, 0x20, 0x74, 0x68, 0x65, 0x72, 0x65,
        0x20, 0x69, 0x73, 0x20, 0x6e, 0x6f, 0x20, 0x56, 0x69, 0x65, 0x77, 0x20, 0x6d, 0x75, 0x6c, 0x74,
        0x69, 0x70, 0x6c, 0x79, 0x20, 0x74, 0x6f, 0x20, 0x64, 0x6f, 0x20, 0x70, 0x65, 0x72, 0x20, 0x70,
        0x69, 0x78, 0x65, 0x6c, 0x2e, 0x0a, 0x20, 0x20, 0x20, 0x20, 0x56, 0x53, 0x5f, 0x41, 0x70, 0x70,
        0x6c, 0x79, 0x46, 0x6f, 0x67, 0x28, 0x63, 0x6f, 0x6c, 0x6f, 0x72, 0x2c, 0x20, 0x69, 0x6e, 0x70,
        0x75, 0x74, 0x2e, 0x56, 0x69, 0x65, 0x77, 0x4c, 0x65, 0x6e, 0x67, 0x74, 0x68, 0x2c, 0x20, 0x46,
        0x6f, 0x67, 0x43, 0x6f, 0x6c, 0x6f, 0x72, 0x2c, 0x20, 0x46, 0x6f, 0x67, 0x44, 0x69, 0x73, 0x74,
        0x61, 0x6e, 0x63, 0x65, 0x2c, 0x20, 0x46, 0x6f, 0x67, 0x4c, 0x6f, 0x67, 0x44, 0x65, 0x6e, 0x73,
        0x69, 0x74, 0x79, 0x29, 0x3b, 0x0a, 0x20, 0x20, 0x20, 0x20, 0x56, 0x53, 0x5f, 0x43, 0x6f, 0x6c,
        0x6f, 0x72, 0x43, 0x6f, 0x72, 0x72, 0x65, 0x63, 0x74, 0x28, 0x63, 0x6f, 0x6c, 0x6f, 0x72, 0x29,
        0x3b, 0x0a, 0x0a, 0x09, 0x72, 0x65, 0x74, 0x75, 0x72, 0x6e, 0x20, 0x66, 0x6c, 0x6f, 0x61, 0x74,
        0x34, 0x28, 0x63, 0x6f, 0x6c, 0x6f, 0x72, 0x2c, 0x20, 0x61, 0x6c, 0x70, 0x68, 0x61, 0x29, 0x3b,
        0x0a, 0x7d, 0x0a, 0x0a, 0x00, 0x00, 0x00, 0x00, 0x03, 0x00, 0xfa, 0x08, 0x05, 0x00, 0x00, 0x00,
        0xf4, 0x01, 0x00, 0x00, 0x02, 0x00, 0x00, 0x00, 0x76, 0x6f, 0x69, 0x64, 0x20, 0x56, 0x53, 0x5f,
        0x55, 0x6e, 0x70, 0x61, 0x63, 0x6b, 0x50, 0x61, 0x72, 0x61, 0x6d, 0x65, 0x74, 0x65, 0x72, 0x73,
        0x28, 0x69, 0x6e, 0x20, 0x66, 0x6c, 0x6f, 0x61, 0x74, 0x34, 0x20, 0x70, 0x61, 0x72, 0x61, 0x6d,
        0x65, 0x74, 0x65, 0x72, 0x73, 0x2c, 0x20, 0x6f, 0x75, 0x74, 0x20, 0x62, 0x6f, 0x6f, 0x6c, 0x20,
        0x67, 0x65, 0x74, 0x73, 0x53, 0x68, 0x61, 0x64, 0x6f, 0x77, 0x65, 0x64, 0x2c, 0x20, 0x6f, 0x75,
        0x74, 0x20, 0x66, 0x6c, 0x6f, 0x61, 0x74, 0x20, 0x61, 0x6c, 0x70, 0x68, 0x61, 0x4f, 0x76, 0x65,
        0x72, 0x72, 0x69, 0x64, 0x65, 0x2c, 0x20, 0x6f, 0x75, 0x74, 0x20, 0x62, 0x6f, 0x6f, 0x6c, 0x20,
        0x69, 0x73, 0x46, 0x75, 0x6c, 0x6c, 0x62, 0x72, 0x69, 0x67, 0x68, 0x74, 0x2c, 0x20, 0x6f, 0x75,
        0x74, 0x20, 0x62, 0x6f, 0x6f, 0x6c, 0x20, 0x67, 0x6c, 0x6f, 0x77, 0x29, 0x0a, 0x7b, 0x0a, 0x20,
        0x20, 0x20, 0x20, 0x67, 0x65, 0x74, 0x73, 0x53, 0x68, 0x61, 0x64, 0x6f, 0x77, 0x65, 0x64, 0x20,
        0x3d, 0x20, 0x70, 0x61, 0x72, 0x61, 0x6d, 0x65, 0x74, 0x65, 0x72, 0x73, 0x2e, 0x78, 0x20, 0x3e,
        0x20, 0x30, 0x2e, 0x30, 0x66, 0x3b, 0x0a, 0x20, 0x20, 0x20, 0x20, 0x61, 0x6c, 0x70, 0x68, 0x61,
        0x4f, 0x76, 0x65, 0x72, 0x72, 0x69, 0x64, 0x65, 0x20, 0x3d, 0x20, 0x70, 0x61, 0x72, 0x61, 0x6d,
        0x65, 0x74, 0x65, 0x72, 0x73, 0x2e, 0x79, 0x3b, 0x0a, 0x20, 0x20, 0x20, 0x20, 0x69, 0x73, 0x46,
        0x75, 0x6c, 0x6c, 0x62, 0x72, 0x69, 0x67, 0x68, 0x74, 0x20, 0x3d, 0x20, 0x70, 0x61, 0x72, 0x61,
        0x6d, 0x65, 0x74, 0x65, 0x72, 0x73, 0x2e, 0x7a, 0x20, 0x3e, 0x20, 0x30, 0x2e, 0x30, 0x66, 0x3b,
        0x0a, 0x20, 0x20, 0x20, 0x20, 0x67, 0x6c, 0x6f, 0x77, 0x20, 0x3d, 0x20, 0x70, 0x61, 0x72, 0x61,
        0x6d, 0x65, 0x74, 0x65, 0x72, 0x73, 0x2e, 0x77, 0x20, 0x3e, 0x20, 0x30, 0x2e, 0x30, 0x66, 0x3b,
        0x0a, 0x7d, 0x0a, 0x0a, 0x76, 0x6f, 0x69, 0x64, 0x20, 0x56, 0x53, 0x5f, 0x55, 0x6e, 0x70, 0x61,
        0x63, 0x6b, 0x50, 0x61, 0x72, 0x61, 0x6d, 0x65, 0x74, 0x65, 0x72, 0x73, 0x32, 0x28, 0x69, 0x6e,
        0x20, 0x66, 0x6c, 0x6f, 0x61, 0x74, 0x34, 0x20, 0x70, 0x61, 0x72, 0x61, 0x6d, 0x65, 0x74, 0x65,
        0x72, 0x73, 0x2c, 0x20, 0x6f, 0x75, 0x74, 0x20, 0x66, 0x6c, 0x6f, 0x61, 0x74, 0x20, 0x6c, 0x61,
        0x79, 0x65, 0x72, 0x29, 0x0a, 0x7b, 0x0a, 0x20, 0x20, 0x20, 0x20, 0x6c, 0x61, 0x79, 0x65, 0x72,
        0x20, 0x3d, 0x20, 0x70, 0x61, 0x72, 0x61, 0x6d, 0x65, 0x74, 0x65, 0x72, 0x73, 0x2e, 0x78, 0x3b,
        0x0a, 0x7d, 0x0a, 0x0a, 0x2f, 0x2f, 0x20, 0x41, 0x6c, 0x6c, 0x20, 0x63, 0x6f, 0x6d, 0x70, 0x6f,
        0x6e, 0x65, 0x6e, 0x74, 0x73, 0x20, 0x61, 0x72, 0x65, 0x20, 0x69, 0x6e, 0x20, 0x74, 0x68, 0x65,
        0x20, 0x72, 0x61, 0x6e, 0x67, 0x65, 0x20, 0x5b, 0x30, 0xe2, 0x80, 0xa6, 0x31, 0x5d, 0x2c, 0x20,
        0x69, 0x6e, 0x63, 0x6c, 0x75, 0x64, 0x69, 0x6e, 0x67, 0x20, 0x68, 0x75, 0x65, 0x2e, 0x0a, 0x66,
        0x6c, 0x6f, 0x61, 0x74, 0x33, 0x20, 0x72, 0x67, 0x62, 0x32, 0x68, 0x73, 0x76, 0x28, 0x66, 0x6c,
        0x6f, 0x61, 0x74, 0x33, 0x20, 0x63, 0x29, 0x0a, 0x7b, 0x0a, 0x20, 0x20, 0x20, 0x20, 0x66, 0x6c,
        0x6f, 0x61, 0x74, 0x34, 0x20, 0x4b, 0x20, 0x3d, 0x20, 0x66, 0x6c, 0x6f, 0x61, 0x74, 0x34, 0x28,
        0x30, 0x2e, 0x30, 0x2c, 0x20, 0x2d, 0x31, 0x2e, 0x30, 0x20, 0x2f, 0x20, 0x33, 0x2e, 0x30, 0x2c,
        0x20, 0x32, 0x2e, 0x30, 0x20, 0x2f, 0x20, 0x33, 0x2e, 0x30, 0x2c, 0x20, 0x2d, 0x31, 0x2e, 0x30,
        0x29, 0x3b, 0x0a, 0x20, 0x20, 0x20, 0x20, 0x66, 0x6c, 0x6f, 0x61, 0x74, 0x34, 0x20, 0x70, 0x20,
        0x3d, 0x20, 0x6c, 0x65, 0x72, 0x70, 0x28, 0x66, 0x6c, 0x6f, 0x61, 0x74, 0x34, 0x28, 0x63, 0x2e,
        0x62, 0x67, 0x2c, 0x20, 0x4b, 0x2e, 0x77, 0x7a, 0x29, 0x2c, 0x20, 0x66, 0x6c, 0x6f, 0x61, 0x74,
        0x34, 0x28, 0x63, 0x2e, 0x67, 0x62, 0x2c, 0x20, 0x4b, 0x2e, 0x78, 0x79, 0x29, 0x2c, 0x20, 0x73,
        0x74, 0x65, 0x70, 0x28, 0x63, 0x2e, 0x62, 0x2c, 0x20, 0x63, 0x2e, 0x67, 0x29, 0x29, 0x3b, 0x0a,
        0x20, 0x20, 0x20, 0x20, 0x66, 0x6c, 0x6f, 0x61, 0x74, 0x34, 0x20, 0x71, 0x20, 0x3d, 0x20, 0x6c,
        0x65, 0x72, 0x70, 0x28, 0x66, 0x6c, 0x6f, 0x61, 0x74, 0x34, 0x28, 0x70, 0x2e, 0x78, 0x79, 0x77,
        0x2c, 0x20, 0x63, 0x2e, 0x72, 0x29, 0x2c, 0x20, 0x66, 0x6c, 0x6f, 0x61, 0x74, 0x34, 0x28, 0x63,
        0x2e, 0x72, 0x2c, 0x20, 0x70, 0x2e, 0x79, 0x7a, 0x78, 0x29, 0x2c, 0x20, 0x73, 0x74, 0x65, 0x70,
        0x28, 0x70, 0x2e, 0x78, 0x2c, 0x20, 0x63, 0x2e, 0x72, 0x29, 0x29, 0x3b, 0x0a, 0x0a, 0x20, 0x20,
        0x20, 0x20, 0x66, 0x6c, 0x6f, 0x61, 0x74, 0x20, 0x64, 0x20, 0x3d, 0x20, 0x71, 0x2e, 0x78, 0x20,
        0x2d, 0x20, 0x6d, 0x69, 0x6e, 0x28, 0x71, 0x2e, 0x77, 0x2c, 0x20, 0x71, 0x2e, 0x79, 0x29, 0x3b,
        0x0a, 0x20, 0x20, 0x20, 0x20, 0x66, 0x6c, 0x6f, 0x61, 0x74, 0x20, 0x65, 0x20, 0x3d, 0x20, 0x31,
        0x2e, 0x30, 0x65, 0x2d, 0x31, 0x30, 0x3b, 0x0a, 0x20, 0x20, 0x20, 0x20, 0x72, 0x65, 0x74, 0x75,
        0x72, 0x6e, 0x20, 0x66, 0x6c, 0x6f, 0x61, 0x74, 0x33, 0x28, 0x61, 0x62, 0x73, 0x28, 0x71, 0x2e,
        0x7a, 0x20, 0x2b, 0x20, 0x28, 0x71, 0x2e, 0x77, 0x20, 0x2d, 0x20, 0x71, 0x2e, 0x79, 0x29, 0x20,
        0x2f, 0x20, 0x28, 0x36, 0x2e, 0x30, 0x20, 0x2a, 0x20, 0x64, 0x20, 0x2b, 0x20, 0x65, 0x29, 0x29,
        0x2c, 0x20, 0x64, 0x20, 0x2f, 0x20, 0x28, 0x71, 0x2e, 0x78, 0x20, 0x2b, 0x20, 0x65, 0x29, 0x2c,
        0x20, 0x71, 0x2e, 0x78, 0x29, 0x3b, 0x0a, 0x7d, 0x0a, 0x0a, 0x2f, 0x2f, 0x20, 0x41, 0x6c, 0x6c,
        0x20, 0x63, 0x6f, 0x6d, 0x70, 0x6f, 0x6e, 0x65, 0x6e, 0x74, 0x73, 0x20, 0x61, 0x72, 0x65, 0x20,
        0x69, 0x6e, 0x20, 0x74, 0x68, 0x65, 0x20, 0x72, 0x61, 0x6e, 0x67, 0x65, 0x20, 0x5b, 0x30, 0xe2,
        0x80, 0xa6, 0x31, 0x5d, 0x2c, 0x20, 0x69, 0x6e, 0x63, 0x6c, 0x75, 0x64, 0x69, 0x6e, 0x67, 0x20,
        0x68, 0x75, 0x65, 0x2e, 0x0a, 0x66, 0x6c, 0x6f, 0x61, 0x74, 0x33, 0x20, 0x68, 0x73, 0x76, 0x32,
        0x72, 0x67, 0x62, 0x28, 0x66, 0x6c, 0x6f, 0x61, 0x74, 0x33, 0x20, 0x63, 0x29, 0x0a, 0x7b, 0x0a,
        0x20, 0x20, 0x20, 0x20, 0x66, 0x6c, 0x6f, 0x61, 0x74, 0x34, 0x20, 0x4b, 0x20, 0x3d, 0x20, 0x66,
        0x6c, 0x6f, 0x61, 0x74, 0x34, 0x28, 0x31, 0x2e, 0x30, 0x2c, 0x20, 0x32, 0x2e, 0x30, 0x20, 0x2f,
        0x20, 0x33, 0x2e, 0x30, 0x2c, 0x20, 0x31, 0x2e, 0x30, 0x20, 0x2f, 0x20, 0x33, 0x2e, 0x30, 0x2c,
        0x20, 0x33, 0x2e, 0x30, 0x29, 0x3b, 0x0a, 0x20, 0x20, 0x20, 0x20, 0x66, 0x6c, 0x6f, 0x61, 0x74,
        0x33, 0x20, 0x70, 0x20, 0x3d, 0x20, 0x61, 0x62, 0x73, 0x28, 0x66, 0x72, 0x61, 0x63, 0x28, 0x63,
        0x2e, 0x78, 0x78, 0x78, 0x20, 0x2b, 0x20, 0x4b, 0x2e, 0x78, 0x79, 0x7a, 0x29, 0x20, 0x2a, 0x20,
        0x36, 0x2e, 0x30, 0x20, 0x2d, 0x20, 0x4b, 0x2e, 0x77, 0x77, 0x77, 0x29, 0x3b, 0x0a, 0x20, 0x20,
        0x20, 0x20, 0x72, 0x65, 0x74, 0x75, 0x72, 0x6e, 0x20, 0x63, 0x2e, 0x7a, 0x20, 0x2a, 0x20, 0x6c,
        0x65, 0x72, 0x70, 0x28, 0x4b, 0x2e, 0x78, 0x78, 0x78, 0x2c, 0x20, 0x63, 0x6c, 0x61, 0x6d, 0x70,
        0x28, 0x70, 0x20, 0x2d, 0x20, 0x4b, 0x2e, 0x78, 0x78, 0x78, 0x2c, 0x20, 0x30, 0x2e, 0x30, 0x2c,
        0x20, 0x31, 0x2e, 0x30, 0x29, 0x2c, 0x20, 0x63, 0x2e, 0x79, 0x29, 0x3b, 0x0a, 0x7d, 0x0a, 0x0a,
        0x76, 0x6f, 0x69, 0x64, 0x20, 0x56, 0x53, 0x5f, 0x43, 0x6f, 0x6c, 0x6f, 0x72, 0x43, 0x6f, 0x72,
        0x72, 0x65, 0x63, 0x74, 0x28, 0x69, 0x6e, 0x6f, 0x75, 0x74, 0x20, 0x66, 0x6c, 0x6f, 0x61, 0x74,
        0x33, 0x20, 0x63, 0x6f, 0x6c, 0x6f, 0x72, 0x29, 0x0a, 0x7b, 0x0a, 0x20, 0x20, 0x20, 0x20, 0x2f,
        0x2f, 0x20, 0x66, 0x6c, 0x6f, 0x61, 0x74, 0x33, 0x20, 0x68, 0x73, 0x76, 0x20, 0x3d, 0x20, 0x72,
        0x67, 0x62, 0x32, 0x68, 0x73, 0x76, 0x28, 0x63, 0x6f, 0x6c, 0x6f, 0x72, 0x29, 0x3b, 0x0a, 0x20,
        0x20, 0x20, 0x20, 0x2f, 0x2f, 0x20, 0x68, 0x73, 0x76, 0x2e, 0x7a, 0x20, 0x2a, 0x3d, 0x20, 0x30,
        0x2e, 0x39, 0x3b, 0x0a, 0x20, 0x20, 0x20, 0x20, 0x2f, 0x2f, 0x20, 0x63, 0x6f, 0x6c, 0x6f, 0x72,
        0x20, 0x3d, 0x20, 0x68, 0x73, 0x76, 0x32, 0x72, 0x67, 0x62, 0x28, 0x68, 0x73, 0x76, 0x29, 0x3b,
        0x0a, 0x7d, 0x0a, 0x0a, 0x2f, 0x2f, 0x20, 0x47, 0x65, 0x74, 0x20, 0x75, 0x6e, 0x69, 0x71, 0x75,
        0x65, 0x6c, 0x79, 0x20, 0x6c, 0x6f, 0x6f, 0x6b, 0x69, 0x6e, 0x67, 0x20, 0x72, 0x61, 0x6e, 0x64,
        0x6f, 0x6d, 0x20, 0x66, 0x6c, 0x6f, 0x61, 0x74, 0x20, 0x62, 0x65, 0x74, 0x77, 0x65, 0x65, 0x6e,
        0x20, 0x30, 0x20, 0x61, 0x6e, 0x64, 0x20, 0x31, 0x20, 0x66, 0x72, 0x6f, 0x6d, 0x20, 0x66, 0x6c,
        0x6f, 0x61, 0x74, 0x20, 0x69, 0x6e, 0x70, 0x75, 0x74, 0x20, 0x77, 0x69, 0x74, 0x68, 0x6f, 0x75,
        0x74, 0x20, 0x75, 0x73, 0x69, 0x6e, 0x67, 0x20, 0x62, 0x69, 0x74, 0x77, 0x69, 0x73, 0x65, 0x20,
        0x6f, 0x70, 0x65, 0x72, 0x61, 0x74, 0x69, 0x6f, 0x6e, 0x73, 0x20, 0x28, 0x6e, 0x6f, 0x74, 0x20,
        0x73, 0x75, 0x70, 0x70, 0x6f, 0x72, 0x74, 0x65, 0x64, 0x20, 0x69, 0x6e, 0x20, 0x76, 0x73, 0x5f,
        0x33, 0x5f, 0x30, 0x29, 0x0a, 0x66, 0x6c, 0x6f, 0x61, 0x74, 0x20, 0x52, 0x61, 0x6e, 0x64, 0x6f,
        0x6d, 0x28, 0x66, 0x6c, 0x6f, 0x61, 0x74, 0x20, 0x69, 0x6e, 0x70, 0x75, 0x74, 0x29, 0x0a, 0x7b,
        0x0a, 0x20, 0x20, 0x20, 0x20, 0x72, 0x65, 0x74, 0x75, 0x72, 0x6e, 0x20, 0x66, 0x72, 0x61, 0x63,
        0x28, 0x73, 0x69, 0x6e, 0x28, 0x69, 0x6e, 0x70, 0x75, 0x74, 0x20, 0x2a, 0x20, 0x31, 0x32, 0x2e,
        0x39, 0x38, 0x39, 0x38, 0x29, 0x20, 0x2a, 0x20, 0x34, 0x33, 0x37, 0x35, 0x38, 0x2e, 0x35, 0x34,
        0x35, 0x33, 0x29, 0x3b, 0x0a, 0x7d, 0x0a, 0x0a, 0x76, 0x6f, 0x69, 0x64, 0x20, 0x56, 0x53, 0x5f,
        0x44, 0x65, 0x63, 0x61, 0x6c, 0x4f, 0x66, 0x66, 0x73, 0x65, 0x74, 0x28, 0x0a, 0x20, 0x20, 0x20,
        0x20, 0x69, 0x6e, 0x6f, 0x75, 0x74, 0x20, 0x66, 0x6c, 0x6f, 0x61, 0x74, 0x33, 0x20, 0x70, 0x6f,
        0x73, 0x69, 0x74, 0x69, 0x6f, 0x6e, 0x2c, 0x0a, 0x20, 0x20, 0x20, 0x20, 0x69, 0x6e, 0x20, 0x66,
        0x6c, 0x6f, 0x61, 0x74, 0x33, 0x20, 0x6e, 0x6f, 0x72, 0x6d, 0x61, 0x6c, 0x2c, 0x0a, 0x20, 0x20,
        0x20, 0x20, 0x69, 0x6e, 0x20, 0x66, 0x6c, 0x6f, 0x61, 0x74, 0x20, 0x64, 0x65, 0x63, 0x61, 0x6c,
        0x4f, 0x66, 0x66, 0x73, 0x65, 0x74, 0x0a, 0x29, 0x20, 0x7b, 0x0a, 0x20, 0x20, 0x20, 0x20, 0x2f,
        0x2f, 0x20, 0x44, 0x65, 0x63, 0x61, 0x6c, 0x4f, 0x66, 0x66, 0x73, 0x65, 0x74, 0x20, 0x69, 0x73,
        0x20, 0x6e, 0x65, 0x67, 0x61, 0x74, 0x69, 0x76, 0x65, 0x20, 0x74, 0x6f, 0x20, 0x70, 0x75, 0x6c,
        0x6c, 0x20, 0x61, 0x77, 0x61, 0x79, 0x20, 0x66, 0x72, 0x6f, 0x6d, 0x20, 0x73, 0x75, 0x72, 0x66,
        0x61, 0x63, 0x65, 0x2c, 0x20, 0x70, 0x6f, 0x73, 0x69, 0x74, 0x69, 0x76, 0x65, 0x20, 0x74, 0x6f,
        0x20, 0x70, 0x75, 0x73, 0x68, 0x20, 0x69, 0x6e, 0x74, 0x6f, 0x20, 0x69, 0x74, 0x0a, 0x20, 0x20,
        0x20, 0x20, 0x2f, 0x2f, 0x20, 0x4d, 0x75, 0x6c, 0x74, 0x69, 0x70, 0x6c, 0x79, 0x20, 0x62, 0x79,
        0x20, 0x74, 0x68, 0x65, 0x20, 0x73, 0x69, 0x67, 0x6e, 0x20, 0x74, 0x6f, 0x20, 0x63, 0x6f, 0x6e,
        0x74, 0x72, 0x6f, 0x6c, 0x20, 0x64, 0x69, 0x72, 0x65, 0x63, 0x74, 0x69, 0x6f, 0x6e, 0x0a, 0x20,
        0x20, 0x20, 0x20, 0x70, 0x6f, 0x73, 0x69, 0x74, 0x69, 0x6f, 0x6e, 0x20, 0x3d, 0x20, 0x70, 0x6f,
        0x73, 0x69, 0x74, 0x69, 0x6f, 0x6e, 0x20, 0x2d, 0x20, 0x6e, 0x6f, 0x72, 0x6d, 0x61, 0x6c, 0x20,
        0x2a, 0x20, 0x64, 0x65, 0x63, 0x61, 0x6c, 0x4f, 0x66, 0x66, 0x73, 0x65, 0x74, 0x20, 0x2a, 0x20,
        0x30, 0x2e, 0x31, 0x3b, 0x0a, 0x7d, 0x0a, 0x0a, 0x76, 0x6f, 0x69, 0x64, 0x20, 0x56, 0x53, 0x5f,
        0x45, 0x78, 0x70, 0x61, 0x6e, 0x64, 0x28, 0x0a, 0x20, 0x20, 0x20, 0x20, 0x69, 0x6e, 0x6f, 0x75,
        0x74, 0x20, 0x66, 0x6c, 0x6f, 0x61, 0x74, 0x33, 0x20, 0x70, 0x6f, 0x73, 0x69, 0x74, 0x69, 0x6f,
        0x6e, 0x2c, 0x0a, 0x20, 0x20, 0x20, 0x20, 0x69, 0x6e, 0x20, 0x66, 0x6c, 0x6f, 0x61, 0x74, 0x33,
        0x20, 0x61, 0x63, 0x65, 0x6e, 0x74, 0x72, 0x6f, 0x69, 0x64, 0x2c, 0x0a, 0x20, 0x20, 0x20, 0x20,
        0x69, 0x6e, 0x20, 0x66, 0x6c, 0x6f, 0x61, 0x74, 0x20, 0x72, 0x61, 0x6e, 0x64, 0x6f, 0x6d, 0x46,
        0x6c, 0x6f, 0x61, 0x74, 0x0a, 0x29, 0x20, 0x7b, 0x0a, 0x20, 0x20, 0x20, 0x20, 0x2f, 0x2f, 0x20,
        0x54, 0x72, 0x61, 0x6e, 0x73, 0x6c, 0x61, 0x74, 0x65, 0x20, 0x76, 0x65, 0x72, 0x74, 0x65, 0x78,
        0x20, 0x61, 0x72, 0x6f, 0x75, 0x6e, 0x64, 0x20, 0x63, 0x65, 0x6e, 0x74, 0x72, 0x6f, 0x69, 0x64,
        0x20, 0x62, 0x79, 0x20, 0x61, 0x20, 0x72, 0x61, 0x6e, 0x64, 0x6f, 0x6d, 0x20, 0x66, 0x61, 0x63,
        0x74, 0x6f, 0x72, 0x20, 0x62, 0x65, 0x74, 0x77, 0x65, 0x65, 0x6e, 0x20, 0x2d, 0x31, 0x35, 0x20,
        0x61, 0x6e, 0x64, 0x20, 0x31, 0x35, 0x20, 0x75, 0x6e, 0x69, 0x74, 0x73, 0x0a, 0x0a, 0x20, 0x20,
        0x20, 0x20, 0x66, 0x6c, 0x6f, 0x61, 0x74, 0x33, 0x20, 0x64, 0x69, 0x72, 0x65, 0x63, 0x74, 0x69,
        0x6f, 0x6e, 0x20, 0x3d, 0x20, 0x6e, 0x6f, 0x72, 0x6d, 0x61, 0x6c, 0x69, 0x7a, 0x65, 0x28, 0x70,
        0x6f, 0x73, 0x69, 0x74, 0x69, 0x6f, 0x6e, 0x20, 0x2d, 0x20, 0x61, 0x63, 0x65, 0x6e, 0x74, 0x72,
        0x6f, 0x69, 0x64, 0x29, 0x3b, 0x0a, 0x20, 0x20, 0x20, 0x20, 0x66, 0x6c, 0x6f, 0x61, 0x74, 0x33,
        0x20, 0x72, 0x61, 0x6e, 0x64, 0x6f, 0x6d, 0x53, 0x63, 0x61, 0x6c, 0x65, 0x20, 0x3d, 0x20, 0x66,
        0x6c, 0x6f, 0x61, 0x74, 0x33, 0x28, 0x0a, 0x20, 0x20, 0x20, 0x20, 0x20, 0x20, 0x20, 0x20, 0x31,
        0x35, 0x2e, 0x30, 0x20, 0x2d, 0x20, 0x52, 0x61, 0x6e, 0x64, 0x6f, 0x6d, 0x28, 0x61, 0x63, 0x65,
        0x6e, 0x74, 0x72, 0x6f, 0x69, 0x64, 0x2e, 0x78, 0x20, 0x2b, 0x20, 0x72, 0x61, 0x6e, 0x64, 0x6f,
        0x6d, 0x46, 0x6c, 0x6f, 0x61, 0x74, 0x29, 0x20, 0x2a, 0x20, 0x33, 0x30, 0x2e, 0x30, 0x2c, 0x0a,
        0x20, 0x20, 0x20, 0x20, 0x20, 0x20, 0x20, 0x20, 0x31, 0x35, 0x2e, 0x30, 0x20, 0x2d, 0x20, 0x52,
        0x61, 0x6e, 0x64, 0x6f, 0x6d, 0x28, 0x61, 0x63, 0x65, 0x6e, 0x74, 0x72, 0x6f, 0x69, 0x64, 0x2e,
        0x79, 0x20, 0x2b, 0x20, 0x72, 0x61, 0x6e, 0x64, 0x6f, 0x6d, 0x46, 0x6c, 0x6f, 0x61, 0x74, 0x29,
        0x20, 0x2a, 0x20, 0x33, 0x30, 0x2e, 0x30, 0x2c, 0x0a, 0x20, 0x20, 0x20, 0x20, 0x20, 0x20, 0x20,
        0x20, 0x31, 0x35, 0x2e, 0x30, 0x20, 0x2d, 0x20, 0x52, 0x61, 0x6e, 0x64, 0x6f, 0x6d, 0x28, 0x61,
        0x63, 0x65, 0x6e, 0x74, 0x72, 0x6f, 0x69, 0x64, 0x2e, 0x7a, 0x20, 0x2b, 0x20, 0x72, 0x61, 0x6e,
        0x64, 0x6f, 0x6d, 0x46, 0x6c, 0x6f, 0x61, 0x74, 0x29, 0x20, 0x2a, 0x20, 0x33, 0x30, 0x2e, 0x30,
        0x0a, 0x20, 0x20, 0x20, 0x20, 0x29, 0x3b, 0x0a, 0x20, 0x20, 0x20, 0x20, 0x70, 0x6f, 0x73, 0x69,
        0x74, 0x69, 0x6f, 0x6e, 0x20, 0x3d, 0x20, 0x70, 0x6f, 0x73, 0x69, 0x74, 0x69, 0x6f, 0x6e, 0x20,
        0x2b, 0x20, 0x64, 0x69, 0x72, 0x65, 0x63, 0x74, 0x69, 0x6f, 0x6e, 0x20, 0x2a, 0x20, 0x72, 0x61,
        0x6e, 0x64, 0x6f, 0x6d, 0x53, 0x63, 0x61, 0x6c, 0x65, 0x3b, 0x0a, 0x7d, 0x0a, 0x0a, 0x76, 0x6f,
        0x69, 0x64, 0x20, 0x56, 0x53, 0x5f, 0x44, 0x61, 0x72, 0x6b, 0x65, 0x6e, 0x28, 0x0a, 0x20, 0x20,
        0x20, 0x20, 0x69, 0x6e, 0x6f, 0x75, 0x74, 0x20, 0x66, 0x6c, 0x6f, 0x61, 0x74, 0x33, 0x20, 0x63,
        0x6f, 0x6c, 0x6f, 0x72, 0x2c, 0x0a, 0x20, 0x20, 0x20, 0x20, 0x69, 0x6e, 0x20, 0x66, 0x6c, 0x6f,
        0x61, 0x74, 0x20, 0x64, 0x61, 0x72, 0x6b, 0x65, 0x6e, 0x0a, 0x29, 0x20, 0x7b, 0x0a, 0x20, 0x20,
        0x20, 0x20, 0x66, 0x6c, 0x6f, 0x61, 0x74, 0x33, 0x20, 0x68, 0x73, 0x76, 0x20, 0x3d, 0x20, 0x72,
        0x67, 0x62, 0x32, 0x68, 0x73, 0x76, 0x28, 0x63, 0x6f, 0x6c, 0x6f, 0x72, 0x29, 0x3b, 0x0a, 0x20,
        0x20, 0x20, 0x20, 0x69, 0x66, 0x20, 0x28, 0x68, 0x73, 0x76, 0x2e, 0x7a, 0x20, 0x3e, 0x20, 0x64,
        0x61, 0x72, 0x6b, 0x65, 0x6e, 0x29, 0x0a, 0x20, 0x20, 0x20, 0x20, 0x7b, 0x0a, 0x20, 0x20, 0x20,
        0x20, 0x20, 0x20, 0x20, 0x20, 0x68, 0x73, 0x76, 0x2e, 0x7a, 0x20, 0x3d, 0x20, 0x64, 0x61, 0x72,
        0x6b, 0x65, 0x6e, 0x3b, 0x0a, 0x20, 0x20, 0x20, 0x20, 0x20, 0x20, 0x20, 0x20, 0x63, 0x6f, 0x6c,
        0x6f, 0x72, 0x20, 0x3d, 0x20, 0x68, 0x73, 0x76, 0x32, 0x72, 0x67, 0x62, 0x28, 0x68, 0x73, 0x76,
        0x29, 0x3b, 0x0a, 0x20, 0x20, 0x20, 0x20, 0x7d, 0x0a, 0x7d, 0x0a, 0x0a, 0x76, 0x6f, 0x69, 0x64,
        0x20, 0x56, 0x53, 0x5f, 0x53, 0x6e, 0x61, 0x70, 0x28, 0x0a, 0x20, 0x20, 0x20, 0x20, 0x69, 0x6e,
        0x6f, 0x75, 0x74, 0x20, 0x66, 0x6c, 0x6f, 0x61, 0x74, 0x33, 0x20, 0x63, 0x6f, 0x6c, 0x6f, 0x72,
        0x2c, 0x0a, 0x20, 0x20, 0x20, 0x20, 0x69, 0x6e, 0x20, 0x66, 0x6c, 0x6f, 0x61, 0x74, 0x33, 0x20,
        0x73, 0x6e, 0x61, 0x70, 0x43, 0x6f, 0x6c, 0x6f, 0x72, 0x0a, 0x29, 0x0a, 0x7b, 0x0a, 0x20, 0x20,
        0x20, 0x20, 0x63, 0x6f, 0x6c, 0x6f, 0x72, 0x20, 0x2b, 0x3d, 0x20, 0x28, 0x63, 0x6f, 0x6c, 0x6f,
        0x72, 0x20, 0x2a, 0x20, 0x28, 0x73, 0x6e, 0x61, 0x70, 0x43, 0x6f, 0x6c, 0x6f, 0x72, 0x20, 0x2a,
        0x20, 0x32, 0x35, 0x35, 0x2e, 0x30, 0x20, 0x2f, 0x20, 0x31, 0x30, 0x30, 0x2e, 0x30, 0x29, 0x29,
        0x3b, 0x0a, 0x20, 0x20, 0x20, 0x20, 0x2f, 0x2f, 0x20, 0x63, 0x6c, 0x61, 0x6d, 0x70, 0x20, 0x74,
        0x6f, 0x20, 0x31, 0x2e, 0x30, 0x0a, 0x20, 0x20, 0x20, 0x20, 0x63, 0x6f, 0x6c, 0x6f, 0x72, 0x20,
        0x3d, 0x20, 0x6d, 0x69, 0x6e, 0x28, 0x63, 0x6f, 0x6c, 0x6f, 0x72, 0x2c, 0x20, 0x66, 0x6c, 0x6f,
        0x61, 0x74, 0x33, 0x28, 0x31, 0x2e, 0x30, 0x2c, 0x20, 0x31, 0x2e, 0x30, 0x2c, 0x20, 0x31, 0x2e,
        0x30, 0x29, 0x29, 0x3b, 0x0a, 0x7d, 0x0a, 0x0a, 0x2f, 0x2f, 0x20, 0x52, 0x65, 0x74, 0x75, 0x72,
        0x6e, 0x73, 0x20, 0x74, 0x68, 0x65, 0x20, 0x67, 0x65, 0x6f, 0x6d, 0x65, 0x74, 0x72, 0x69, 0x63,
        0x20, 0x64, 0x69, 0x66, 0x66, 0x75, 0x73, 0x65, 0x20, 0x66, 0x61, 0x63, 0x74, 0x6f, 0x72, 0x20,
        0x69, 0x6e, 0x20, 0x5b, 0x30, 0x2e, 0x2e, 0x31, 0x5d, 0x2e, 0x20, 0x52, 0x65, 0x74, 0x75, 0x72,
        0x6e, 0x73, 0x20, 0x30, 0x20, 0x77, 0x68, 0x65, 0x6e, 0x20, 0x74, 0x68, 0x65, 0x20, 0x63, 0x61,
        0x6d, 0x65, 0x72, 0x61, 0x20, 0x69, 0x73, 0x0a, 0x2f, 0x2f, 0x20, 0x6f, 0x6e, 0x20, 0x74, 0x68,
        0x65, 0x20, 0x6f, 0x70, 0x70, 0x6f, 0x73, 0x69, 0x74, 0x65, 0x20, 0x73, 0x69, 0x64, 0x65, 0x20,
        0x6f, 0x66, 0x20, 0x74, 0x68, 0x65, 0x20, 0x66, 0x61, 0x63, 0x65, 0x20, 0x66, 0x72, 0x6f, 0x6d,
        0x20, 0x74, 0x68, 0x65, 0x20, 0x6c, 0x69, 0x67, 0x68, 0x74, 0x20, 0x28, 0x61, 0x20, 0x22, 0x6d,
        0x61, 0x78, 0x20, 0x73, 0x68, 0x61, 0x64, 0x6f, 0x77, 0x22, 0x20, 0x73, 0x69, 0x74, 0x75, 0x61,
        0x74, 0x69, 0x6f, 0x6e, 0x29, 0x2c, 0x0a, 0x2f, 0x2f, 0x20, 0x6f, 0x74, 0x68, 0x65, 0x72, 0x77,
        0x69, 0x73, 0x65, 0x20, 0x74, 0x68, 0x65, 0x20, 0x61, 0x6e, 0x67, 0x6c, 0x65, 0x2d, 0x62, 0x61,
        0x73, 0x65, 0x64, 0x20, 0x74, 0x65, 0x72, 0x6d, 0x20, 0x61, 0x62, 0x73, 0x28, 0x64, 0x6f, 0x74,
        0x28, 0x6e, 0x2c, 0x20, 0x4c, 0x29, 0x29, 0x2e, 0x0a, 0x66, 0x6c, 0x6f, 0x61, 0x74, 0x20, 0x43,
        0x6f, 0x6d, 0x70, 0x75, 0x74, 0x65, 0x50, 0x6f, 0x6c, 0x79, 0x67, 0x6f, 0x6e, 0x44, 0x69, 0x66,
        0x66, 0x75, 0x73, 0x65, 0x28, 0x0a, 0x20, 0x20, 0x20, 0x20, 0x69, 0x6e, 0x20, 0x66, 0x6c, 0x6f,
        0x61, 0x74, 0x33, 0x20, 0x43, 0x65, 0x6e, 0x74, 0x72, 0x6f, 0x69, 0x64, 0x57, 0x6f, 0x72, 0x6c,
        0x64, 0x2c, 0x0a, 0x20, 0x20, 0x20, 0x20, 0x69, 0x6e, 0x20, 0x66, 0x6c, 0x6f, 0x61, 0x74, 0x33,
        0x20, 0x4e, 0x6f, 0x72, 0x6d, 0x61, 0x6c, 0x57, 0x6f, 0x72, 0x6c, 0x64, 0x2c, 0x0a, 0x20, 0x20,
        0x20, 0x20, 0x69, 0x6e, 0x20, 0x66, 0x6c, 0x6f, 0x61, 0x74, 0x33, 0x20, 0x4c, 0x69, 0x67, 0x68,
        0x74, 0x44, 0x69, 0x72, 0x65, 0x63, 0x74, 0x69, 0x6f, 0x6e, 0x2c, 0x0a, 0x20, 0x20, 0x20, 0x20,
        0x69, 0x6e, 0x20, 0x66, 0x6c, 0x6f, 0x61, 0x74, 0x33, 0x20, 0x43, 0x61, 0x6d, 0x65, 0x72, 0x61,
        0x50, 0x6f, 0x73, 0x69, 0x74, 0x69, 0x6f, 0x6e, 0x0a, 0x29, 0x0a, 0x7b, 0x0a, 0x20, 0x20, 0x20,
        0x20, 0x66, 0x6c, 0x6f, 0x61, 0x74, 0x33, 0x20, 0x63, 0x20, 0x3d, 0x20, 0x43, 0x65, 0x6e, 0x74,
        0x72, 0x6f, 0x69, 0x64, 0x57, 0x6f, 0x72, 0x6c, 0x64, 0x3b, 0x0a, 0x20, 0x20, 0x20, 0x20, 0x66,
        0x6c, 0x6f, 0x61, 0x74, 0x33, 0x20, 0x6e, 0x20, 0x3d, 0x20, 0x4e, 0x6f, 0x72, 0x6d, 0x61, 0x6c,
        0x57, 0x6f, 0x72, 0x6c, 0x64, 0x3b, 0x0a, 0x20, 0x20, 0x20, 0x20, 0x66, 0x6c, 0x6f, 0x61, 0x74,
        0x20, 0x64, 0x69, 0x66, 0x66, 0x20, 0x3d, 0x20, 0x30, 0x2e, 0x30, 0x3b, 0x0a, 0x20, 0x20, 0x20,
        0x20, 0x2f, 0x2f, 0x20, 0x70, 0x68, 0x79, 0x20, 0x6f, 0x72, 0x69, 0x67, 0x69, 0x6e, 0x61, 0x6c,
        0x0a, 0x20, 0x20, 0x20, 0x20, 0x69, 0x66, 0x20, 0x28, 0x73, 0x69, 0x67, 0x6e, 0x28, 0x64, 0x6f,
        0x74, 0x28, 0x6e, 0x2c, 0x20, 0x4c, 0x69, 0x67, 0x68, 0x74, 0x44, 0x69, 0x72, 0x65, 0x63, 0x74,
        0x69, 0x6f, 0x6e, 0x29, 0x29, 0x20, 0x3d, 0x3d, 0x20, 0x73, 0x69, 0x67, 0x6e, 0x28, 0x64, 0x6f,
        0x74, 0x28, 0x6e, 0x2c, 0x20, 0x63, 0x20, 0x2d, 0x20, 0x43, 0x61, 0x6d, 0x65, 0x72, 0x61, 0x50,
        0x6f, 0x73, 0x69, 0x74, 0x69, 0x6f, 0x6e, 0x29, 0x29, 0x29, 0x0a, 0x20, 0x20, 0x20, 0x20, 0x7b,
        0x0a, 0x20, 0x20, 0x20, 0x20, 0x20, 0x20, 0x20, 0x20, 0x64, 0x69, 0x66, 0x66, 0x20, 0x3d, 0x20,
        0x61, 0x62, 0x73, 0x28, 0x64, 0x6f, 0x74, 0x28, 0x6e, 0x2c, 0x20, 0x4c, 0x69, 0x67, 0x68, 0x74,
        0x44, 0x69, 0x72, 0x65, 0x63, 0x74, 0x69, 0x6f, 0x6e, 0x29, 0x29, 0x3b, 0x0a, 0x20, 0x20, 0x20,
        0x20, 0x7d, 0x0a, 0x20, 0x20, 0x20, 0x20, 0x72, 0x65, 0x74, 0x75, 0x72, 0x6e, 0x20, 0x64, 0x69,
        0x66, 0x66, 0x3b, 0x0a, 0x7d, 0x0a, 0x0a, 0x2f, 0x2f, 0x20, 0x41, 0x70, 0x70, 0x6c, 0x69, 0x65,
        0x73, 0x20, 0x61, 0x20, 0x64, 0x69, 0x66, 0x66, 0x75, 0x73, 0x65, 0x20, 0x66, 0x61, 0x63, 0x74,
        0x6f, 0x72, 0x20, 0x74, 0x6f, 0x20, 0x63, 0x6f, 0x6c, 0x6f, 0x72, 0x20, 0x65, 0x78, 0x61, 0x63,
        0x74, 0x6c, 0x79, 0x20, 0x6f, 0x6e, 0x63, 0x65, 0x20, 0x28, 0x61, 0x6d, 0x62, 0x69, 0x65, 0x6e,
        0x74, 0x20, 0x2b, 0x20, 0x64, 0x69, 0x72, 0x65, 0x63, 0x74, 0x69, 0x6f, 0x6e, 0x61, 0x6c, 0x20,
        0x74, 0x65, 0x72, 0x6d, 0x29, 0x2e, 0x0a, 0x76, 0x6f, 0x69, 0x64, 0x20, 0x41, 0x70, 0x70, 0x6c,
        0x79, 0x44, 0x69, 0x66, 0x66, 0x75, 0x73, 0x65, 0x46, 0x61, 0x63, 0x74, 0x6f, 0x72, 0x28, 0x0a,
        0x20, 0x20, 0x20, 0x20, 0x69, 0x6e, 0x6f, 0x75, 0x74, 0x20, 0x66, 0x6c, 0x6f, 0x61, 0x74, 0x33,
        0x20, 0x63, 0x6f, 0x6c, 0x6f, 0x72, 0x2c, 0x0a, 0x20, 0x20, 0x20, 0x20, 0x69, 0x6e, 0x20, 0x66,
        0x6c, 0x6f, 0x61, 0x74, 0x20, 0x64, 0x69, 0x66, 0x66, 0x2c, 0x0a, 0x20, 0x20, 0x20, 0x20, 0x69,
        0x6e, 0x20, 0x66, 0x6c, 0x6f, 0x61, 0x74, 0x32, 0x20, 0x45, 0x6e, 0x76, 0x69, 0x72, 0x6f, 0x6e,
        0x6d, 0x65, 0x6e, 0x74, 0x4c, 0x69, 0x67, 0x68, 0x74, 0x0a, 0x29, 0x0a, 0x7b, 0x0a, 0x20, 0x20,
        0x20, 0x20, 0x63, 0x6f, 0x6c, 0x6f, 0x72, 0x20, 0x3d, 0x20, 0x28, 0x45, 0x6e, 0x76, 0x69, 0x72,
        0x6f, 0x6e, 0x6d, 0x65, 0x6e, 0x74, 0x4c, 0x69, 0x67, 0x68, 0x74, 0x2e, 0x78, 0x20, 0x2b, 0x20,
        0x45, 0x6e, 0x76, 0x69, 0x72, 0x6f, 0x6e, 0x6d, 0x65, 0x6e, 0x74, 0x4c, 0x69, 0x67, 0x68, 0x74,
        0x2e, 0x79, 0x20, 0x2a, 0x20, 0x64, 0x69, 0x66, 0x66, 0x29, 0x20, 0x2a, 0x20, 0x63, 0x6f, 0x6c,
        0x6f, 0x72, 0x3b, 0x0a, 0x7d, 0x0a, 0x0a, 0x76, 0x6f, 0x69, 0x64, 0x20, 0x56, 0x53, 0x5f, 0x41,
        0x70, 0x70, 0x6c, 0x79, 0x50, 0x6f, 0x6c, 0x79, 0x67, 0x6f, 0x6e, 0x44, 0x69, 0x66, 0x66, 0x75,
        0x73, 0x65, 0x28, 0x0a, 0x20, 0x20, 0x20, 0x20, 0x69, 0x6e, 0x6f, 0x75, 0x74, 0x20, 0x66, 0x6c,
        0x6f, 0x61, 0x74, 0x33, 0x20, 0x63, 0x6f, 0x6c, 0x6f, 0x72, 0x2c, 0x0a, 0x20, 0x20, 0x20, 0x20,
        0x69, 0x6e, 0x20, 0x66, 0x6c, 0x6f, 0x61, 0x74, 0x33, 0x20, 0x43, 0x65, 0x6e, 0x74, 0x72, 0x6f,
        0x69, 0x64, 0x57, 0x6f, 0x72, 0x6c, 0x64, 0x2c, 0x0a, 0x20, 0x20, 0x20, 0x20, 0x69, 0x6e, 0x20,
        0x66, 0x6c, 0x6f, 0x61, 0x74, 0x33, 0x20, 0x4e, 0x6f, 0x72, 0x6d, 0x61, 0x6c, 0x57, 0x6f, 0x72,
        0x6c, 0x64, 0x2c, 0x0a, 0x20, 0x20, 0x20, 0x20, 0x69, 0x6e, 0x20, 0x66, 0x6c, 0x6f, 0x61, 0x74,
        0x33, 0x20, 0x4c, 0x69, 0x67, 0x68, 0x74, 0x44, 0x69, 0x72, 0x65, 0x63, 0x74, 0x69, 0x6f, 0x6e,
        0x2c, 0x0a, 0x20, 0x20, 0x20, 0x20, 0x69, 0x6e, 0x20, 0x66, 0x6c, 0x6f, 0x61, 0x74, 0x33, 0x20,
        0x43, 0x61, 0x6d, 0x65, 0x72, 0x61, 0x50, 0x6f, 0x73, 0x69, 0x74, 0x69, 0x6f, 0x6e, 0x2c, 0x0a,
        0x20, 0x20, 0x20, 0x20, 0x69, 0x6e, 0x20, 0x66, 0x6c, 0x6f, 0x61, 0x74, 0x32, 0x20, 0x45, 0x6e,
        0x76, 0x69, 0x72, 0x6f, 0x6e, 0x6d, 0x65, 0x6e, 0x74, 0x4c, 0x69, 0x67, 0x68, 0x74, 0x0a, 0x29,
        0x0a, 0x7b, 0x0a, 0x20, 0x20, 0x20, 0x20, 0x66, 0x6c, 0x6f, 0x61, 0x74, 0x20, 0x64, 0x69, 0x66,
        0x66, 0x20, 0x3d, 0x20, 0x43, 0x6f, 0x6d, 0x70, 0x75, 0x74, 0x65, 0x50, 0x6f, 0x6c, 0x79, 0x67,
        0x6f, 0x6e, 0x44, 0x69, 0x66, 0x66, 0x75, 0x73, 0x65, 0x28, 0x43, 0x65, 0x6e, 0x74, 0x72, 0x6f,
        0x69, 0x64, 0x57, 0x6f, 0x72, 0x6c, 0x64, 0x2c, 0x20, 0x4e, 0x6f, 0x72, 0x6d, 0x61, 0x6c, 0x57,
        0x6f, 0x72, 0x6c, 0x64, 0x2c, 0x20, 0x4c, 0x69, 0x67, 0x68, 0x74, 0x44, 0x69, 0x72, 0x65, 0x63,
        0x74, 0x69, 0x6f, 0x6e, 0x2c, 0x20, 0x43, 0x61, 0x6d, 0x65, 0x72, 0x61, 0x50, 0x6f, 0x73, 0x69,
        0x74, 0x69, 0x6f, 0x6e, 0x29, 0x3b, 0x0a, 0x20, 0x20, 0x20, 0x20, 0x41, 0x70, 0x70, 0x6c, 0x79,
        0x44, 0x69, 0x66, 0x66, 0x75, 0x73, 0x65, 0x46, 0x61, 0x63, 0x74, 0x6f, 0x72, 0x28, 0x63, 0x6f,
        0x6c, 0x6f, 0x72, 0x2c, 0x20, 0x64, 0x69, 0x66, 0x66, 0x2c, 0x20, 0x45, 0x6e, 0x76, 0x69, 0x72,
        0x6f, 0x6e, 0x6d, 0x65, 0x6e, 0x74, 0x4c, 0x69, 0x67, 0x68, 0x74, 0x29, 0x3b, 0x0a, 0x7d, 0x0a,
        0x0a, 0x2f, 0x2f, 0x20, 0x46, 0x6f, 0x67, 0x4c, 0x6f, 0x67, 0x44, 0x65, 0x6e, 0x73, 0x69, 0x74,
        0x79, 0x20, 0x69, 0x73, 0x20, 0x6c, 0x6f, 0x67, 0x32, 0x20, 0x6f, 0x66, 0x20, 0x74, 0x68, 0x65,
        0x20, 0x66, 0x6f, 0x67, 0x20, 0x64, 0x65, 0x6e, 0x73, 0x69, 0x74, 0x79, 0x2c, 0x20, 0x6e, 0x6f,
        0x72, 0x6d, 0x61, 0x6c, 0x69, 0x7a, 0x65, 0x64, 0x20, 0x6f, 0x6e, 0x20, 0x74, 0x68, 0x65, 0x20,
        0x43, 0x50, 0x55, 0x20, 0x28, 0x73, 0x65, 0x65, 0x20, 0x57, 0x6f, 0x72, 0x6c, 0x64, 0x2e, 0x46,
        0x6f, 0x67, 0x4c, 0x6f, 0x67, 0x44, 0x65, 0x6e, 0x73, 0x69, 0x74, 0x79, 0x29, 0x2e, 0x0a, 0x2f,
        0x2f, 0x20, 0x70, 0x6f, 0x77, 0x28, 0x64, 0x65, 0x6e, 0x73, 0x69, 0x74, 0x79, 0x2c, 0x20, 0x74,
        0x29, 0x20, 0x69, 0x73, 0x20, 0x65, 0x78, 0x61, 0x63, 0x74, 0x6c, 0x79, 0x20, 0x65, 0x78, 0x70,
        0x32, 0x28, 0x74, 0x20, 0x2a, 0x20, 0x6c, 0x6f, 0x67, 0x32, 0x28, 0x64, 0x65, 0x6e, 0x73, 0x69,
        0x74, 0x79, 0x29, 0x29, 0x2c, 0x20, 0x73, 0x6f, 0x20, 0x66, 0x6f, 0x6c, 0x64, 0x69, 0x6e, 0x67,
        0x20, 0x74, 0x68, 0x65, 0x20, 0x28, 0x75, 0x6e, 0x69, 0x66, 0x6f, 0x72, 0x6d, 0x29, 0x20, 0x6c,
        0x6f, 0x67, 0x32, 0x20, 0x69, 0x6e, 0x74, 0x6f, 0x20, 0x74, 0x68, 0x65, 0x0a, 0x2f, 0x2f, 0x20,
        0x63, 0x6f, 0x6e, 0x73, 0x74, 0x61, 0x6e, 0x74, 0x20, 0x6c, 0x65, 0x61, 0x76, 0x65, 0x73, 0x20,
        0x74, 0x68, 0x65, 0x20, 0x72, 0x65, 0x73, 0x75, 0x6c, 0x74, 0x20, 0x75, 0x6e, 0x63, 0x68, 0x61,
        0x6e, 0x67, 0x65, 0x64, 0x20, 0x77, 0x68, 0x69, 0x6c, 0x65, 0x20, 0x72, 0x65, 0x70, 0x6c, 0x61,
        0x63, 0x69, 0x6e, 0x67, 0x20, 0x61, 0x20, 0x70, 0x65, 0x72, 0x2d, 0x70, 0x69, 0x78, 0x65, 0x6c,
        0x20, 0x6c, 0x6f, 0x67, 0x32, 0x20, 0x2b, 0x20, 0x65, 0x78, 0x70, 0x32, 0x20, 0x70, 0x61, 0x69,
        0x72, 0x20, 0x77, 0x69, 0x74, 0x68, 0x20, 0x61, 0x0a, 0x2f, 0x2f, 0x20, 0x73, 0x69, 0x6e, 0x67,
        0x6c, 0x65, 0x20, 0x65, 0x78, 0x70, 0x32, 0x2e, 0x0a, 0x76, 0x6f, 0x69, 0x64, 0x20, 0x56, 0x53,
        0x5f, 0x41, 0x70, 0x70, 0x6c, 0x79, 0x46, 0x6f, 0x67, 0x28, 0x0a, 0x20, 0x20, 0x20, 0x20, 0x69,
        0x6e, 0x6f, 0x75, 0x74, 0x20, 0x66, 0x6c, 0x6f, 0x61, 0x74, 0x33, 0x20, 0x63, 0x6f, 0x6c, 0x6f,
        0x72, 0x2c, 0x0a, 0x20, 0x20, 0x20, 0x20, 0x69, 0x6e, 0x20, 0x66, 0x6c, 0x6f, 0x61, 0x74, 0x20,
        0x56, 0x69, 0x65, 0x77, 0x4c, 0x65, 0x6e, 0x67, 0x74, 0x68, 0x2c, 0x0a, 0x20, 0x20, 0x20, 0x20,
        0x69, 0x6e, 0x20, 0x66, 0x6c, 0x6f, 0x61, 0x74, 0x33, 0x20, 0x46, 0x6f, 0x67, 0x43, 0x6f, 0x6c,
        0x6f, 0x72, 0x2c, 0x0a, 0x20, 0x20, 0x20, 0x20, 0x69, 0x6e, 0x20, 0x66, 0x6c, 0x6f, 0x61, 0x74,
        0x20, 0x46, 0x6f, 0x67, 0x44, 0x69, 0x73, 0x74, 0x61, 0x6e, 0x63, 0x65, 0x2c, 0x0a, 0x20, 0x20,
        0x20, 0x20, 0x69, 0x6e, 0x20, 0x66, 0x6c, 0x6f, 0x61, 0x74, 0x20, 0x46, 0x6f, 0x67, 0x4c, 0x6f,
        0x67, 0x44, 0x65, 0x6e, 0x73, 0x69, 0x74, 0x79, 0x0a, 0x29, 0x0a, 0x7b, 0x0a, 0x0a, 0x09, 0x66,
        0x6c, 0x6f, 0x61, 0x74, 0x20, 0x66, 0x20, 0x3d, 0x20, 0x65, 0x78, 0x70, 0x32, 0x28, 0x6d, 0x61,
        0x78, 0x28, 0x28, 0x56, 0x69, 0x65, 0x77, 0x4c, 0x65, 0x6e, 0x67, 0x74, 0x68, 0x20, 0x2d, 0x20,
        0x46, 0x6f, 0x67, 0x44, 0x69, 0x73, 0x74, 0x61, 0x6e, 0x63, 0x65, 0x20, 0x2f, 0x20, 0x32, 0x2e,
        0x30, 0x29, 0x20, 0x2f, 0x20, 0x46, 0x6f, 0x67, 0x44, 0x69, 0x73, 0x74, 0x61, 0x6e, 0x63, 0x65,
        0x2c, 0x20, 0x30, 0x2e, 0x30, 0x29, 0x20, 0x2a, 0x20, 0x46, 0x6f, 0x67, 0x4c, 0x6f, 0x67, 0x44,
        0x65, 0x6e, 0x73, 0x69, 0x74, 0x79, 0x29, 0x3b, 0x0a, 0x0a, 0x09, 0x63, 0x6f, 0x6c, 0x6f, 0x72,
        0x20, 0x3d, 0x20, 0x63, 0x6f, 0x6c, 0x6f, 0x72, 0x20, 0x2a, 0x20, 0x66, 0x6c, 0x6f, 0x61, 0x74,
        0x33, 0x28, 0x66, 0x2c, 0x20, 0x66, 0x2c, 0x20, 0x66, 0x29, 0x20, 0x2b, 0x20, 0x46, 0x6f, 0x67,
        0x43, 0x6f, 0x6c, 0x6f, 0x72, 0x20, 0x2a, 0x20, 0x66, 0x6c, 0x6f, 0x61, 0x74, 0x33, 0x28, 0x31,
        0x2e, 0x30, 0x20, 0x2d, 0x20, 0x66, 0x2c, 0x20, 0x31, 0x2e, 0x30, 0x20, 0x2d, 0x20, 0x66, 0x2c,
        0x20, 0x31, 0x2e, 0x30, 0x20, 0x2d, 0x20, 0x66, 0x29, 0x3b, 0x0a, 0x7d, 0x0a, 0x0a, 0x66, 0x6c,
        0x6f, 0x61, 0x74, 0x34, 0x78, 0x34, 0x20, 0x4c, 0x69, 0x67, 0x68, 0x74, 0x56, 0x69, 0x65, 0x77,
        0x50, 0x72, 0x6f, 0x6a, 0x30, 0x3b, 0x0a, 0x54, 0x65, 0x78, 0x74, 0x75, 0x72, 0x65, 0x32, 0x44,
        0x20, 0x53, 0x68, 0x61, 0x64, 0x6f, 0x77, 0x4d, 0x61, 0x70, 0x30, 0x20, 0x3a, 0x20, 0x72, 0x65,
        0x67, 0x69, 0x73, 0x74, 0x65, 0x72, 0x28, 0x74, 0x30, 0x29, 0x3b, 0x0a, 0x53, 0x61, 0x6d, 0x70,
        0x6c, 0x65, 0x72, 0x53, 0x74, 0x61, 0x74, 0x65, 0x20, 0x53, 0x68, 0x61, 0x64, 0x6f, 0x77, 0x4d,
        0x61, 0x70, 0x53, 0x61, 0x6d, 0x70, 0x6c, 0x65, 0x72, 0x30, 0x20, 0x3a, 0x20, 0x72, 0x65, 0x67,
        0x69, 0x73, 0x74, 0x65, 0x72, 0x28, 0x73, 0x30, 0x29, 0x3b, 0x0a, 0x66, 0x6c, 0x6f, 0x61, 0x74,
        0x34, 0x78, 0x34, 0x20, 0x4c, 0x69, 0x67, 0x68, 0x74, 0x56, 0x69, 0x65, 0x77, 0x50, 0x72, 0x6f,
        0x6a, 0x31, 0x3b, 0x0a, 0x54, 0x65, 0x78, 0x74, 0x75, 0x72, 0x65, 0x32, 0x44, 0x20, 0x53, 0x68,
        0x61, 0x64, 0x6f, 0x77, 0x4d, 0x61, 0x70, 0x31, 0x20, 0x3a, 0x20, 0x72, 0x65, 0x67, 0x69, 0x73,
        0x74, 0x65, 0x72, 0x28, 0x74, 0x31, 0x29, 0x3b, 0x0a, 0x53, 0x61, 0x6d, 0x70, 0x6c, 0x65, 0x72,
        0x53, 0x74, 0x61, 0x74, 0x65, 0x20, 0x53, 0x68, 0x61, 0x64, 0x6f, 0x77, 0x4d, 0x61, 0x70, 0x53,
        0x61, 0x6d, 0x70, 0x6c, 0x65, 0x72, 0x31, 0x20, 0x3a, 0x20, 0x72, 0x65, 0x67, 0x69, 0x73, 0x74,
        0x65, 0x72, 0x28, 0x73, 0x31, 0x29, 0x3b, 0x0a, 0x66, 0x6c, 0x6f, 0x61, 0x74, 0x34, 0x78, 0x34,
        0x20, 0x4c, 0x69, 0x67, 0x68, 0x74, 0x56, 0x69, 0x65, 0x77, 0x50, 0x72, 0x6f, 0x6a, 0x32, 0x3b,
        0x0a, 0x54, 0x65, 0x78, 0x74, 0x75, 0x72, 0x65, 0x32, 0x44, 0x20, 0x53, 0x68, 0x61, 0x64, 0x6f,
        0x77, 0x4d, 0x61, 0x70, 0x32, 0x20, 0x3a, 0x20, 0x72, 0x65, 0x67, 0x69, 0x73, 0x74, 0x65, 0x72,
        0x28, 0x74, 0x32, 0x29, 0x3b, 0x0a, 0x53, 0x61, 0x6d, 0x70, 0x6c, 0x65, 0x72, 0x53, 0x74, 0x61,
        0x74, 0x65, 0x20, 0x53, 0x68, 0x61, 0x64, 0x6f, 0x77, 0x4d, 0x61, 0x70, 0x53, 0x61, 0x6d, 0x70,
        0x6c, 0x65, 0x72, 0x32, 0x20, 0x3a, 0x20, 0x72, 0x65, 0x67, 0x69, 0x73, 0x74, 0x65, 0x72, 0x28,
        0x73, 0x32, 0x29, 0x3b, 0x0a, 0x2f, 0x2f, 0x20, 0x53, 0x68, 0x61, 0x64, 0x6f, 0x77, 0x2d, 0x6d,
        0x61, 0x70, 0x20, 0x64, 0x65, 0x70, 0x74, 0x68, 0x20, 0x62, 0x69, 0x61, 0x73, 0x2c, 0x20, 0x69,
        0x6e, 0x20, 0x6e, 0x6f, 0x72, 0x6d, 0x61, 0x6c, 0x69, 0x7a, 0x65, 0x64, 0x20, 0x73, 0x68, 0x61,
        0x64, 0x6f, 0x77, 0x2d, 0x6d, 0x61, 0x70, 0x20, 0x64, 0x65, 0x70, 0x74, 0x68, 0x20, 0x28, 0x72,
        0x61, 0x6e, 0x67, 0x65, 0x20, 0x5b, 0x30, 0x2e, 0x2e, 0x31, 0x5d, 0x29, 0x2e, 0x0a, 0x2f, 0x2f,
        0x20, 0x20, 0x20, 0x54, 0x6f, 0x6f, 0x20, 0x73, 0x6d, 0x61, 0x6c, 0x6c, 0x20, 0x2d, 0x3e, 0x20,
        0x73, 0x68, 0x61, 0x64, 0x6f, 0x77, 0x20, 0x61, 0x63, 0x6e, 0x65, 0x20, 0x28, 0x73, 0x68, 0x69,
        0x6d, 0x6d, 0x65, 0x72, 0x69, 0x6e, 0x67, 0x20, 0x73, 0x65, 0x6c, 0x66, 0x2d, 0x73, 0x68, 0x61,
        0x64, 0x6f, 0x77, 0x20, 0x6f, 0x6e, 0x20, 0x6c, 0x69, 0x74, 0x20, 0x66, 0x61, 0x63, 0x65, 0x73,
        0x29, 0x2e, 0x0a, 0x2f, 0x2f, 0x20, 0x20, 0x20, 0x54, 0x6f, 0x6f, 0x20, 0x6c, 0x61, 0x72, 0x67,
        0x65, 0x20, 0x2d, 0x3e, 0x20, 0x70, 0x65, 0x74, 0x65, 0x72, 0x2d, 0x70, 0x61, 0x6e, 0x6e, 0x69,
        0x6e, 0x67, 0x20, 0x28, 0x73, 0x68, 0x61, 0x64, 0x6f, 0x77, 0x20, 0x64, 0x65, 0x74, 0x61, 0x63,
        0x68, 0x65, 0x73, 0x20, 0x2f, 0x20, 0x73, 0x6c, 0x69, 0x64, 0x65, 0x73, 0x20, 0x6f, 0x66, 0x66,
        0x20, 0x69, 0x74, 0x73, 0x20, 0x63, 0x61, 0x73, 0x74, 0x65, 0x72, 0x29, 0x2e, 0x0a, 0x2f, 0x2f,
        0x20, 0x4c, 0x6f, 0x77, 0x65, 0x72, 0x65, 0x64, 0x20, 0x66, 0x72, 0x6f, 0x6d, 0x20, 0x30, 0x2e,
        0x32, 0x35, 0x2c, 0x20, 0x77, 0x68, 0x69, 0x63, 0x68, 0x20, 0x77, 0x61, 0x73, 0x20, 0x7e, 0x31,
        0x2f, 0x34, 0x20, 0x6f, 0x66, 0x20, 0x74, 0x68, 0x65, 0x20, 0x77, 0x68, 0x6f, 0x6c, 0x65, 0x20,
        0x64, 0x65, 0x70, 0x74, 0x68, 0x20, 0x72, 0x61, 0x6e, 0x67, 0x65, 0x20, 0x61, 0x6e, 0x64, 0x20,
        0x6d, 0x61, 0x64, 0x65, 0x20, 0x73, 0x68, 0x61, 0x64, 0x6f, 0x77, 0x73, 0x0a, 0x2f, 0x2f, 0x20,
        0x64, 0x65, 0x74, 0x61, 0x63, 0x68, 0x65, 0x64, 0x20, 0x61, 0x6e, 0x64, 0x20, 0x69, 0x6e, 0x61,
        0x63, 0x63, 0x75, 0x72, 0x61, 0x74, 0x65, 0x2e, 0x20, 0x54, 0x75, 0x6e, 0x65, 0x20, 0x69, 0x6e,
        0x20, 0x74, 0x68, 0x65, 0x20, 0x30, 0x2e, 0x30, 0x30, 0x30, 0x35, 0x20, 0x2e, 0x2e, 0x20, 0x30,
        0x2e, 0x30, 0x30, 0x33, 0x20, 0x72, 0x61, 0x6e, 0x67, 0x65, 0x3b, 0x20, 0x72, 0x61, 0x69, 0x73,
        0x65, 0x20, 0x6f, 0x6e, 0x6c, 0x79, 0x20, 0x75, 0x6e, 0x74, 0x69, 0x6c, 0x0a, 0x2f, 0x2f, 0x20,
        0x61, 0x63, 0x6e, 0x65, 0x20, 0x64, 0x69, 0x73, 0x61, 0x70, 0x70, 0x65, 0x61, 0x72, 0x73, 0x2c,
        0x20, 0x6e, 0x6f, 0x20, 0x66, 0x75, 0x72, 0x74, 0x68, 0x65, 0x72, 0x2e, 0x0a, 0x2f, 0x2f, 0x20,
        0x4e, 0x4f, 0x54, 0x45, 0x3a, 0x20, 0x69, 0x66, 0x20, 0x44, 0x65, 0x70, 0x74, 0x68, 0x42, 0x69,
        0x61, 0x73, 0x20, 0x69, 0x73, 0x20, 0x61, 0x6c, 0x73, 0x6f, 0x20, 0x73, 0x65, 0x74, 0x20, 0x66,
        0x72, 0x6f, 0x6d, 0x20, 0x68, 0x6f, 0x73, 0x74, 0x2f, 0x43, 0x23, 0x20, 0x63, 0x6f, 0x64, 0x65,
        0x2c, 0x20, 0x74, 0x68, 0x61, 0x74, 0x20, 0x76, 0x61, 0x6c, 0x75, 0x65, 0x20, 0x6f, 0x76, 0x65,
        0x72, 0x72, 0x69, 0x64, 0x65, 0x73, 0x20, 0x74, 0x68, 0x69, 0x73, 0x0a, 0x2f, 0x2f, 0x20, 0x64,
        0x65, 0x66, 0x61, 0x75, 0x6c, 0x74, 0x20, 0xe2, 0x80, 0x94, 0x20, 0x6c, 0x6f, 0x77, 0x65, 0x72,
        0x20, 0x69, 0x74, 0x20, 0x74, 0x68, 0x65, 0x72, 0x65, 0x20, 0x74, 0x6f, 0x6f, 0x2e, 0x0a, 0x66,
        0x6c, 0x6f, 0x61, 0x74, 0x20, 0x44, 0x65, 0x70, 0x74, 0x68, 0x42, 0x69, 0x61, 0x73, 0x20, 0x3d,
        0x20, 0x30, 0x2e, 0x30, 0x30, 0x30, 0x35, 0x66, 0x3b, 0x0a, 0x66, 0x6c, 0x6f, 0x61, 0x74, 0x20,
        0x4e, 0x75, 0x6d, 0x43, 0x61, 0x73, 0x63, 0x61, 0x64, 0x65, 0x73, 0x20, 0x3d, 0x20, 0x33, 0x3b,
        0x0a, 0x66, 0x6c, 0x6f, 0x61, 0x74, 0x33, 0x20, 0x4c, 0x69, 0x67, 0x68, 0x74, 0x44, 0x69, 0x72,
        0x65, 0x63, 0x74, 0x69, 0x6f, 0x6e, 0x3b, 0x0a, 0x0a, 0x76, 0x6f, 0x69, 0x64, 0x20, 0x61, 0x70,
        0x70, 0x6c, 0x79, 0x53, 0x68, 0x61, 0x64, 0x6f, 0x77, 0x69, 0x6e, 0x67, 0x53, 0x69, 0x6e, 0x67,
        0x6c, 0x65, 0x28, 0x0a, 0x20, 0x20, 0x20, 0x20, 0x69, 0x6e, 0x20, 0x66, 0x6c, 0x6f, 0x61, 0x74,
        0x34, 0x20, 0x77, 0x6f, 0x72, 0x6c, 0x64, 0x50, 0x6f, 0x73, 0x2c, 0x0a, 0x20, 0x20, 0x20, 0x20,
        0x69, 0x6e, 0x20, 0x66, 0x6c, 0x6f, 0x61, 0x74, 0x34, 0x78, 0x34, 0x20, 0x6c, 0x69, 0x67, 0x68,
        0x74, 0x56, 0x69, 0x65, 0x77, 0x50, 0x72, 0x6f, 0x6a, 0x2c, 0x0a, 0x20, 0x20, 0x20, 0x20, 0x69,
        0x6e, 0x20, 0x54, 0x65, 0x78, 0x74, 0x75, 0x72, 0x65, 0x32, 0x44, 0x20, 0x73, 0x68, 0x61, 0x64,
        0x6f, 0x77, 0x4d, 0x61, 0x70, 0x53, 0x61, 0x6d, 0x70, 0x6c, 0x65, 0x72, 0x54, 0x65, 0x78, 0x74,
        0x75, 0x72, 0x65, 0x2c, 0x20, 0x69, 0x6e, 0x20, 0x53, 0x61, 0x6d, 0x70, 0x6c, 0x65, 0x72, 0x53,
        0x74, 0x61, 0x74, 0x65, 0x20, 0x73, 0x68, 0x61, 0x64, 0x6f, 0x77, 0x4d, 0x61, 0x70, 0x53, 0x61,
        0x6d, 0x70, 0x6c, 0x65, 0x72, 0x2c, 0x0a, 0x20, 0x20, 0x20, 0x20, 0x6f, 0x75, 0x74, 0x20, 0x62,
        0x6f, 0x6f, 0x6c, 0x20, 0x69, 0x73, 0x49, 0x6e, 0x4c, 0x69, 0x67, 0x68, 0x74, 0x2c, 0x0a, 0x20,
        0x20, 0x20, 0x20, 0x6f, 0x75, 0x74, 0x20, 0x62, 0x6f, 0x6f, 0x6c, 0x20, 0x69, 0x73, 0x53, 0x68,
        0x61, 0x64, 0x6f, 0x77, 0x65, 0x64, 0x0a, 0x29, 0x7b, 0x0a, 0x20, 0x20, 0x20, 0x20, 0x69, 0x73,
        0x53, 0x68, 0x61, 0x64, 0x6f, 0x77, 0x65, 0x64, 0x20, 0x3d, 0x20, 0x66, 0x61, 0x6c, 0x73, 0x65,
        0x3b, 0x0a, 0x0a, 0x20, 0x20, 0x20, 0x20, 0x2f, 0x2f, 0x20, 0x46, 0x69, 0x6e, 0x64, 0x20, 0x74,
        0x68, 0x65, 0x20, 0x70, 0x6f, 0x73, 0x69, 0x74, 0x69, 0x6f, 0x6e, 0x20, 0x6f, 0x66, 0x20, 0x74,
        0x68, 0x69, 0x73, 0x20, 0x70, 0x69, 0x78, 0x65, 0x6c, 0x20, 0x69, 0x6e, 0x20, 0x6c, 0x69, 0x67,
        0x68, 0x74, 0x20, 0x73, 0x70, 0x61, 0x63, 0x65, 0x0a, 0x20, 0x20, 0x20, 0x20, 0x66, 0x6c, 0x6f,
        0x61, 0x74, 0x34, 0x20, 0x6c, 0x69, 0x67, 0x68, 0x74, 0x69, 0x6e, 0x67, 0x50, 0x6f, 0x73, 0x69,
        0x74, 0x69, 0x6f, 0x6e, 0x20, 0x3d, 0x20, 0x6d, 0x75, 0x6c, 0x28, 0x77, 0x6f, 0x72, 0x6c, 0x64,
        0x50, 0x6f, 0x73, 0x2c, 0x20, 0x6c, 0x69, 0x67, 0x68, 0x74, 0x56, 0x69, 0x65, 0x77, 0x50, 0x72,
        0x6f, 0x6a, 0x29, 0x3b, 0x0a, 0x0a, 0x20, 0x20, 0x20, 0x20, 0x2f, 0x2f, 0x20, 0x46, 0x69, 0x6e,
        0x64, 0x20, 0x74, 0x68, 0x65, 0x20, 0x70, 0x6f, 0x73, 0x69, 0x74, 0x69, 0x6f, 0x6e, 0x20, 0x69,
        0x6e, 0x20, 0x74, 0x68, 0x65, 0x20, 0x73, 0x68, 0x61, 0x64, 0x6f, 0x77, 0x20, 0x6d, 0x61, 0x70,
        0x20, 0x66, 0x6f, 0x72, 0x20, 0x74, 0x68, 0x69, 0x73, 0x20, 0x70, 0x69, 0x78, 0x65, 0x6c, 0x0a,
        0x20, 0x20, 0x20, 0x20, 0x66, 0x6c, 0x6f, 0x61, 0x74, 0x32, 0x20, 0x73, 0x68, 0x61, 0x64, 0x6f,
        0x77, 0x54, 0x65, 0x78, 0x43, 0x6f, 0x6f, 0x72, 0x64, 0x20, 0x3d, 0x20, 0x30, 0x2e, 0x35, 0x20,
        0x2a, 0x20, 0x6c, 0x69, 0x67, 0x68, 0x74, 0x69, 0x6e, 0x67, 0x50, 0x6f, 0x73, 0x69, 0x74, 0x69,
        0x6f, 0x6e, 0x2e, 0x78, 0x79, 0x20, 0x2f, 0x0a, 0x20, 0x20, 0x20, 0x20, 0x20, 0x20, 0x20, 0x20,
        0x20, 0x20, 0x20, 0x20, 0x20, 0x20, 0x20, 0x20, 0x20, 0x20, 0x20, 0x20, 0x20, 0x20, 0x20, 0x20,
        0x20, 0x20, 0x20, 0x20, 0x6c, 0x69, 0x67, 0x68, 0x74, 0x69, 0x6e, 0x67, 0x50, 0x6f, 0x73, 0x69,
        0x74, 0x69, 0x6f, 0x6e, 0x2e, 0x77, 0x20, 0x2b, 0x20, 0x66, 0x6c, 0x6f, 0x61, 0x74, 0x32, 0x28,
        0x20, 0x30, 0x2e, 0x35, 0x2c, 0x20, 0x30, 0x2e, 0x35, 0x20, 0x29, 0x3b, 0x0a, 0x20, 0x20, 0x20,
        0x20, 0x73, 0x68, 0x61, 0x64, 0x6f, 0x77, 0x54, 0x65, 0x78, 0x43, 0x6f, 0x6f, 0x72, 0x64, 0x2e,
        0x79, 0x20, 0x3d, 0x20, 0x31, 0x2e, 0x30, 0x66, 0x20, 0x2d, 0x20, 0x73, 0x68, 0x61, 0x64, 0x6f,
        0x77, 0x54, 0x65, 0x78, 0x43, 0x6f, 0x6f, 0x72, 0x64, 0x2e, 0x79, 0x3b, 0x0a, 0x0a, 0x20, 0x20,
        0x20, 0x20, 0x2f, 0x2f, 0x20, 0x4f, 0x6e, 0x6c, 0x79, 0x20, 0x61, 0x70, 0x70, 0x6c, 0x79, 0x20,
        0x73, 0x68, 0x61, 0x64, 0x6f, 0x77, 0x73, 0x20, 0x69, 0x66, 0x20, 0x77, 0x65, 0x27, 0x72, 0x65,
        0x20, 0x69, 0x6e, 0x73, 0x69, 0x64, 0x65, 0x20, 0x74, 0x68, 0x65, 0x20, 0x6c, 0x69, 0x67, 0x68,
        0x74, 0x27, 0x73, 0x20, 0x76, 0x69, 0x65, 0x77, 0x20, 0x66, 0x72, 0x75, 0x73, 0x74, 0x75, 0x6d,
        0x0a, 0x20, 0x20, 0x20, 0x20, 0x69, 0x66, 0x20, 0x28, 0x73, 0x68, 0x61, 0x64, 0x6f, 0x77, 0x54,
        0x65, 0x78, 0x43, 0x6f, 0x6f, 0x72, 0x64, 0x2e, 0x78, 0x20, 0x3e, 0x3d, 0x20, 0x30, 0x2e, 0x30,
        0x20, 0x26, 0x26, 0x20, 0x73, 0x68, 0x61, 0x64, 0x6f, 0x77, 0x54, 0x65, 0x78, 0x43, 0x6f, 0x6f,
        0x72, 0x64, 0x2e, 0x78, 0x20, 0x3c, 0x3d, 0x20, 0x31, 0x2e, 0x30, 0x20, 0x26, 0x26, 0x0a, 0x20,
        0x20, 0x20, 0x20, 0x20, 0x20, 0x20, 0x20, 0x73, 0x68, 0x61, 0x64, 0x6f, 0x77, 0x54, 0x65, 0x78,
        0x43, 0x6f, 0x6f, 0x72, 0x64, 0x2e, 0x79, 0x20, 0x3e, 0x3d, 0x20, 0x30, 0x2e, 0x30, 0x20, 0x26,
        0x26, 0x20, 0x73, 0x68, 0x61, 0x64, 0x6f, 0x77, 0x54, 0x65, 0x78, 0x43, 0x6f, 0x6f, 0x72, 0x64,
        0x2e, 0x79, 0x20, 0x3c, 0x3d, 0x20, 0x31, 0x2e, 0x30, 0x20, 0x26, 0x26, 0x0a, 0x20, 0x20, 0x20,
        0x20, 0x20, 0x20, 0x20, 0x20, 0x6c, 0x69, 0x67, 0x68, 0x74, 0x69, 0x6e, 0x67, 0x50, 0x6f, 0x73,
        0x69, 0x74, 0x69, 0x6f, 0x6e, 0x2e, 0x7a, 0x20, 0x3e, 0x20, 0x30, 0x2e, 0x30, 0x29, 0x0a, 0x20,
        0x20, 0x20, 0x20, 0x7b, 0x0a, 0x20, 0x20, 0x20, 0x20, 0x20, 0x20, 0x20, 0x20, 0x2f, 0x2f, 0x20,
        0x47, 0x65, 0x74, 0x20, 0x74, 0x68, 0x65, 0x20, 0x63, 0x75, 0x72, 0x72, 0x65, 0x6e, 0x74, 0x20,
        0x64, 0x65, 0x70, 0x74, 0x68, 0x20, 0x73, 0x74, 0x6f, 0x72, 0x65, 0x64, 0x20, 0x69, 0x6e, 0x20,
        0x74, 0x68, 0x65, 0x20, 0x73, 0x68, 0x61, 0x64, 0x6f, 0x77, 0x20, 0x6d, 0x61, 0x70, 0x0a, 0x20,
        0x20, 0x20, 0x20, 0x20, 0x20, 0x20, 0x20, 0x66, 0x6c, 0x6f, 0x61, 0x74, 0x20, 0x73, 0x68, 0x61,
        0x64, 0x6f, 0x77, 0x64, 0x65, 0x70, 0x74, 0x68, 0x20, 0x3d, 0x20, 0x73, 0x68, 0x61, 0x64, 0x6f,
        0x77, 0x4d, 0x61, 0x70, 0x53, 0x61, 0x6d, 0x70, 0x6c, 0x65, 0x72, 0x54, 0x65, 0x78, 0x74, 0x75,
        0x72, 0x65, 0x2e, 0x53, 0x61, 0x6d, 0x70, 0x6c, 0x65, 0x28, 0x73, 0x68, 0x61, 0x64, 0x6f, 0x77,
        0x4d, 0x61, 0x70, 0x53, 0x61, 0x6d, 0x70, 0x6c, 0x65, 0x72, 0x2c, 0x20, 0x73, 0x68, 0x61, 0x64,
        0x6f, 0x77, 0x54, 0x65, 0x78, 0x43, 0x6f, 0x6f, 0x72, 0x64, 0x29, 0x2e, 0x72, 0x3b, 0x0a, 0x0a,
        0x20, 0x20, 0x20, 0x20, 0x20, 0x20, 0x20, 0x20, 0x2f, 0x2f, 0x20, 0x43, 0x61, 0x6c, 0x63, 0x75,
        0x6c, 0x61, 0x74, 0x65, 0x20, 0x74, 0x68, 0x65, 0x20, 0x63, 0x75, 0x72, 0x72, 0x65, 0x6e, 0x74,
        0x20, 0x70, 0x69, 0x78, 0x65, 0x6c, 0x20, 0x64, 0x65, 0x70, 0x74, 0x68, 0x0a, 0x20, 0x20, 0x20,
        0x20, 0x20, 0x20, 0x20, 0x20, 0x2f, 0x2f, 0x20, 0x54, 0x68, 0x65, 0x20, 0x62, 0x69, 0x61, 0x73,
        0x20, 0x69, 0x73, 0x20, 0x75, 0x73, 0x65, 0x64, 0x20, 0x74, 0x6f, 0x20, 0x70, 0x72, 0x65, 0x76,
        0x65, 0x6e, 0x74, 0x20, 0x66, 0x6c, 0x6f, 0x61, 0x74, 0x69, 0x6e, 0x67, 0x20, 0x70, 0x6f, 0x69,
        0x6e, 0x74, 0x20, 0x65, 0x72, 0x72, 0x6f, 0x72, 0x73, 0x20, 0x74, 0x68, 0x61, 0x74, 0x20, 0x6f,
        0x63, 0x63, 0x75, 0x72, 0x20, 0x77, 0x68, 0x65, 0x6e, 0x0a, 0x20, 0x20, 0x20, 0x20, 0x20, 0x20,
        0x20, 0x20, 0x2f, 0x2f, 0x20, 0x74, 0x68, 0x65, 0x20, 0x70, 0x69, 0x78, 0x65, 0x6c, 0x20, 0x6f,
        0x66, 0x20, 0x74, 0x68, 0x65, 0x20, 0x6f, 0x63, 0x63, 0x6c, 0x75, 0x64, 0x65, 0x72, 0x20, 0x69,
        0x73, 0x20, 0x62, 0x65, 0x69, 0x6e, 0x67, 0x20, 0x64, 0x72, 0x61, 0x77, 0x6e, 0x0a, 0x20, 0x20,
        0x20, 0x20, 0x20, 0x20, 0x20, 0x20, 0x66, 0x6c, 0x6f, 0x61, 0x74, 0x20, 0x6f, 0x75, 0x72, 0x64,
        0x65, 0x70, 0x74, 0x68, 0x20, 0x3d, 0x20, 0x28, 0x6c, 0x69, 0x67, 0x68, 0x74, 0x69, 0x6e, 0x67,
        0x50, 0x6f, 0x73, 0x69, 0x74, 0x69, 0x6f, 0x6e, 0x2e, 0x7a, 0x20, 0x2f, 0x20, 0x6c, 0x69, 0x67,
        0x68, 0x74, 0x69, 0x6e, 0x67, 0x50, 0x6f, 0x73, 0x69, 0x74, 0x69, 0x6f, 0x6e, 0x2e, 0x77, 0x29,
        0x3b, 0x0a, 0x0a, 0x20, 0x20, 0x20, 0x20, 0x20, 0x20, 0x20, 0x20, 0x2f, 0x2f, 0x20, 0x53, 0x6c,
        0x6f, 0x70, 0x65, 0x2d, 0x73, 0x63, 0x61, 0x6c, 0x65, 0x64, 0x20, 0x62, 0x69, 0x61, 0x73, 0x20,
        0x66, 0x72, 0x6f, 0x6d, 0x20, 0x6c, 0x69, 0x67, 0x68, 0x74, 0x2d, 0x73, 0x70, 0x61, 0x63, 0x65,
        0x20, 0x64, 0x65, 0x70, 0x74, 0x68, 0x20, 0x64, 0x65, 0x72, 0x69, 0x76, 0x61, 0x74, 0x69, 0x76,
        0x65, 0x73, 0x0a, 0x20, 0x20, 0x20, 0x20, 0x20, 0x20, 0x20, 0x20, 0x66, 0x6c, 0x6f, 0x61, 0x74,
        0x20, 0x64, 0x7a, 0x64, 0x78, 0x20, 0x3d, 0x20, 0x64, 0x64, 0x78, 0x28, 0x6f, 0x75, 0x72, 0x64,
        0x65, 0x70, 0x74, 0x68, 0x29, 0x3b, 0x0a, 0x20, 0x20, 0x20, 0x20, 0x20, 0x20, 0x20, 0x20, 0x66,
        0x6c, 0x6f, 0x61, 0x74, 0x20, 0x64, 0x7a, 0x64, 0x79, 0x20, 0x3d, 0x20, 0x64, 0x64, 0x79, 0x28,
        0x6f, 0x75, 0x72, 0x64, 0x65, 0x70, 0x74, 0x68, 0x29, 0x3b, 0x0a, 0x20, 0x20, 0x20, 0x20, 0x20,
        0x20, 0x20, 0x20, 0x66, 0x6c, 0x6f, 0x61, 0x74, 0x20, 0x73, 0x6c, 0x6f, 0x70, 0x65, 0x46, 0x61,
        0x63, 0x74, 0x6f, 0x72, 0x20, 0x3d, 0x20, 0x73, 0x71, 0x72, 0x74, 0x28, 0x64, 0x7a, 0x64, 0x78,
        0x20, 0x2a, 0x20, 0x64, 0x7a, 0x64, 0x78, 0x20, 0x2b, 0x20, 0x64, 0x7a, 0x64, 0x79, 0x20, 0x2a,
        0x20, 0x64, 0x7a, 0x64, 0x79, 0x29, 0x3b, 0x0a, 0x20, 0x20, 0x20, 0x20, 0x20, 0x20, 0x20, 0x20,
        0x66, 0x6c, 0x6f, 0x61, 0x74, 0x20, 0x62, 0x69, 0x61, 0x73, 0x20, 0x3d, 0x20, 0x44, 0x65, 0x70,
        0x74, 0x68, 0x42, 0x69, 0x61, 0x73, 0x20, 0x2b, 0x20, 0x63, 0x6c, 0x61, 0x6d, 0x70, 0x28, 0x73,
        0x6c, 0x6f, 0x70, 0x65, 0x46, 0x61, 0x63, 0x74, 0x6f, 0x72, 0x20, 0x2a, 0x20, 0x31, 0x2e, 0x30,
        0x2c, 0x20, 0x30, 0x2e, 0x30, 0x2c, 0x20, 0x30, 0x2e, 0x30, 0x31, 0x29, 0x3b, 0x20, 0x2f, 0x2f,
        0x20, 0x73, 0x6c, 0x6f, 0x70, 0x65, 0x2d, 0x73, 0x63, 0x61, 0x6c, 0x65, 0x64, 0x20, 0x61, 0x64,
        0x64, 0x2d, 0x6f, 0x6e, 0x20, 0x28, 0x30, 0x20, 0x2e, 0x2e, 0x20, 0x30, 0x2e, 0x30, 0x31, 0x29,
        0x0a, 0x0a, 0x20, 0x20, 0x20, 0x20, 0x20, 0x20, 0x20, 0x20, 0x6f, 0x75, 0x72, 0x64, 0x65, 0x70,
        0x74, 0x68, 0x20, 0x2d, 0x3d, 0x20, 0x62, 0x69, 0x61, 0x73, 0x3b, 0x0a, 0x0a, 0x20, 0x20, 0x20,
        0x20, 0x20, 0x20, 0x20, 0x20, 0x2f, 0x2f, 0x20, 0x43, 0x68, 0x65, 0x63, 0x6b, 0x20, 0x74, 0x6f,
        0x20, 0x73, 0x65, 0x65, 0x20, 0x69, 0x66, 0x20, 0x74, 0x68, 0x69, 0x73, 0x20, 0x70, 0x69, 0x78,
        0x65, 0x6c, 0x20, 0x69, 0x73, 0x20, 0x69, 0x6e, 0x20, 0x66, 0x72, 0x6f, 0x6e, 0x74, 0x20, 0x6f,
        0x72, 0x20, 0x62, 0x65, 0x68, 0x69, 0x6e, 0x64, 0x20, 0x74, 0x68, 0x65, 0x20, 0x76, 0x61, 0x6c,
        0x75, 0x65, 0x20, 0x69, 0x6e, 0x20, 0x74, 0x68, 0x65, 0x20, 0x73, 0x68, 0x61, 0x64, 0x6f, 0x77,
        0x20, 0x6d, 0x61, 0x70, 0x0a, 0x20, 0x20, 0x20, 0x20, 0x20, 0x20, 0x20, 0x20, 0x69, 0x66, 0x20,
        0x28, 0x73, 0x68, 0x61, 0x64, 0x6f, 0x77, 0x64, 0x65, 0x70, 0x74, 0x68, 0x20, 0x3c, 0x20, 0x6f,
        0x75, 0x72, 0x64, 0x65, 0x70, 0x74, 0x68, 0x29, 0x0a, 0x20, 0x20, 0x20, 0x20, 0x20, 0x20, 0x20,
        0x20, 0x7b, 0x0a, 0x20, 0x20, 0x20, 0x20, 0x20, 0x20, 0x20, 0x20, 0x20, 0x20, 0x20, 0x20, 0x2f,
        0x2f, 0x20, 0x54, 0x68, 0x69, 0x73, 0x20, 0x70, 0x69, 0x78, 0x65, 0x6c, 0x20, 0x69, 0x73, 0x20,
        0x6f, 0x63, 0x63, 0x6c, 0x75, 0x64, 0x65, 0x64, 0x20, 0x66, 0x72, 0x6f, 0x6d, 0x20, 0x74, 0x68,
        0x65, 0x20, 0x6c, 0x69, 0x67, 0x68, 0x74, 0x0a, 0x20, 0x20, 0x20, 0x20, 0x20, 0x20, 0x20, 0x20,
        0x20, 0x20, 0x20, 0x20, 0x69, 0x73, 0x53, 0x68, 0x61, 0x64, 0x6f, 0x77, 0x65, 0x64, 0x20, 0x3d,
        0x20, 0x74, 0x72, 0x75, 0x65, 0x3b, 0x0a, 0x20, 0x20, 0x20, 0x20, 0x20, 0x20, 0x20, 0x20, 0x7d,
        0x0a, 0x0a, 0x20, 0x20, 0x20, 0x20, 0x20, 0x20, 0x20, 0x20, 0x69, 0x73, 0x49, 0x6e, 0x4c, 0x69,
        0x67, 0x68, 0x74, 0x20, 0x3d, 0x20, 0x74, 0x72, 0x75, 0x65, 0x3b, 0x0a, 0x20, 0x20, 0x20, 0x20,
        0x7d, 0x20, 0x65, 0x6c, 0x73, 0x65, 0x20, 0x7b, 0x0a, 0x20, 0x20, 0x20, 0x20, 0x20, 0x20, 0x20,
        0x20, 0x69, 0x73, 0x49, 0x6e, 0x4c, 0x69, 0x67, 0x68, 0x74, 0x20, 0x3d, 0x20, 0x66, 0x61, 0x6c,
        0x73, 0x65, 0x3b, 0x0a, 0x20, 0x20, 0x20, 0x20, 0x7d, 0x0a, 0x7d, 0x0a, 0x0a, 0x62, 0x6f, 0x6f,
        0x6c, 0x20, 0x50, 0x53, 0x5f, 0x49, 0x73, 0x53, 0x68, 0x61, 0x64, 0x6f, 0x77, 0x65, 0x64, 0x28,
        0x0a, 0x20, 0x20, 0x20, 0x20, 0x69, 0x6e, 0x20, 0x66, 0x6c, 0x6f, 0x61, 0x74, 0x34, 0x20, 0x77,
        0x6f, 0x72, 0x6c, 0x64, 0x50, 0x6f, 0x73, 0x2c, 0x0a, 0x20, 0x20, 0x20, 0x20, 0x69, 0x6e, 0x20,
        0x66, 0x6c, 0x6f, 0x61, 0x74, 0x33, 0x20, 0x66, 0x61, 0x63, 0x65, 0x4e, 0x6f, 0x72, 0x6d, 0x61,
        0x6c, 0x0a, 0x29, 0x0a, 0x7b, 0x0a, 0x20, 0x20, 0x20, 0x20, 0x69, 0x66, 0x20, 0x28, 0x4e, 0x75,
        0x6d, 0x43, 0x61, 0x73, 0x63, 0x61, 0x64, 0x65, 0x73, 0x20, 0x3e, 0x20, 0x30, 0x29, 0x0a, 0x20,
        0x20, 0x20, 0x20, 0x7b, 0x0a, 0x20, 0x20, 0x20, 0x20, 0x20, 0x20, 0x20, 0x20, 0x2f, 0x2f, 0x20,
        0x48, 0x6f, 0x77, 0x20, 0x6d, 0x75, 0x63, 0x68, 0x20, 0x64, 0x6f, 0x65, 0x73, 0x20, 0x74, 0x68,
        0x69, 0x73, 0x20, 0x73, 0x75, 0x72, 0x66, 0x61, 0x63, 0x65, 0x20, 0x66, 0x61, 0x63, 0x65, 0x20,
        0x74, 0x68, 0x65, 0x20, 0x6c, 0x69, 0x67, 0x68, 0x74, 0x3f, 0x0a, 0x20, 0x20, 0x20, 0x20, 0x20,
        0x20, 0x20, 0x20, 0x2f, 0x2f, 0x20, 0x4c, 0x69, 0x67, 0x68, 0x74, 0x44, 0x69, 0x72, 0x65, 0x63,
        0x74, 0x69, 0x6f, 0x6e, 0x20, 0x70, 0x6f, 0x69, 0x6e, 0x74, 0x73, 0x20, 0x54, 0x4f, 0x57, 0x41,
        0x52, 0x44, 0x20, 0x74, 0x68, 0x65, 0x20, 0x6c, 0x69, 0x67, 0x68, 0x74, 0x20, 0x28, 0x65, 0x2e,
        0x67, 0x2e, 0x20, 0x28, 0x30, 0x2c, 0x31, 0x2c, 0x30, 0x29, 0x20, 0x3d, 0x20, 0x6c, 0x69, 0x67,
        0x68, 0x74, 0x20, 0x61, 0x62, 0x6f, 0x76, 0x65, 0x29, 0x2e, 0x0a, 0x20, 0x20, 0x20, 0x20, 0x20,
        0x20, 0x20, 0x20, 0x2f, 0x2f, 0x20, 0x41, 0x20, 0x64, 0x6f, 0x74, 0x20, 0x70, 0x72, 0x6f, 0x64,
        0x75, 0x63, 0x74, 0x20, 0x6e, 0x65, 0x61, 0x72, 0x20, 0x30, 0x20, 0x6d, 0x65, 0x61, 0x6e, 0x73,
        0x20, 0x74, 0x68, 0x65, 0x20, 0x73, 0x75, 0x72, 0x66, 0x61, 0x63, 0x65, 0x20, 0x69, 0x73, 0x20,
        0x70, 0x61, 0x72, 0x61, 0x6c, 0x6c, 0x65, 0x6c, 0x20, 0x74, 0x6f, 0x20, 0x74, 0x68, 0x65, 0x20,
        0x6c, 0x69, 0x67, 0x68, 0x74, 0x20, 0x72, 0x61, 0x79, 0x73, 0x0a, 0x20, 0x20, 0x20, 0x20, 0x20,
        0x20, 0x20, 0x20, 0x2f, 0x2f, 0x20, 0xe2, 0x80, 0x94, 0x20, 0x74, 0x68, 0x65, 0x73, 0x65, 0x20,
        0x61, 0x72, 0x65, 0x20, 0x74, 0x68, 0x65, 0x20, 0x73, 0x75, 0x72, 0x66, 0x61, 0x63, 0x65, 0x73,
        0x20, 0x74, 0x68, 0x61, 0x74, 0x20, 0x66, 0x6c, 0x69, 0x63, 0x6b, 0x65, 0x72, 0x2e, 0x20, 0x53,
        0x6b, 0x69, 0x70, 0x20, 0x73, 0x68, 0x61, 0x64, 0x6f, 0x77, 0x69, 0x6e, 0x67, 0x20, 0x66, 0x6f,
        0x72, 0x20, 0x74, 0x68, 0x65, 0x6d, 0x2e, 0x0a, 0x20, 0x20, 0x20, 0x20, 0x20, 0x20, 0x20, 0x20,
        0x66, 0x6c, 0x6f, 0x61, 0x74, 0x20, 0x4e, 0x64, 0x6f, 0x74, 0x4c, 0x20, 0x3d, 0x20, 0x61, 0x62,
        0x73, 0x28, 0x64, 0x6f, 0x74, 0x28, 0x66, 0x61, 0x63, 0x65, 0x4e, 0x6f, 0x72, 0x6d, 0x61, 0x6c,
        0x2c, 0x20, 0x4c, 0x69, 0x67, 0x68, 0x74, 0x44, 0x69, 0x72, 0x65, 0x63, 0x74, 0x69, 0x6f, 0x6e,
        0x29, 0x29, 0x3b, 0x0a, 0x0a, 0x20, 0x20, 0x20, 0x20, 0x20, 0x20, 0x20, 0x20, 0x2f, 0x2f, 0x20,
        0x54, 0x68, 0x72, 0x65, 0x73, 0x68, 0x6f, 0x6c, 0x64, 0x20, 0x62, 0x65, 0x6c, 0x6f, 0x77, 0x20,
        0x77, 0x68, 0x69, 0x63, 0x68, 0x20, 0x77, 0x65, 0x20, 0x63, 0x6f, 0x6e, 0x73, 0x69, 0x64, 0x65,
        0x72, 0x20, 0x74, 0x68, 0x65, 0x20, 0x73, 0x75, 0x72, 0x66, 0x61, 0x63, 0x65, 0x20, 0x74, 0x6f,
        0x6f, 0x20, 0x70, 0x61, 0x72, 0x61, 0x6c, 0x6c, 0x65, 0x6c, 0x20, 0x74, 0x6f, 0x20, 0x73, 0x68,
        0x61, 0x64, 0x6f, 0x77, 0x20, 0x72, 0x65, 0x6c, 0x69, 0x61, 0x62, 0x6c, 0x79, 0x2e, 0x0a, 0x20,
        0x20, 0x20, 0x20, 0x20, 0x20, 0x20, 0x20, 0x2f, 0x2f, 0x20, 0x30, 0x2e, 0x31, 0x20, 0xe2, 0x89,
        0x88, 0x20, 0x73, 0x75, 0x72, 0x66, 0x61, 0x63, 0x65, 0x73, 0x20, 0x77, 0x69, 0x74, 0x68, 0x69,
        0x6e, 0x20, 0x7e, 0x38, 0x34, 0xc2, 0xb0, 0x20, 0x6f, 0x66, 0x20, 0x74, 0x68, 0x65, 0x20, 0x6c,
        0x69, 0x67, 0x68, 0x74, 0x20, 0x64, 0x69, 0x72, 0x65, 0x63, 0x74, 0x69, 0x6f, 0x6e, 0x20, 0x61,
        0x72, 0x65, 0x20, 0x65, 0x78, 0x63, 0x6c, 0x75, 0x64, 0x65, 0x64, 0x2e, 0x0a, 0x20, 0x20, 0x20,
        0x20, 0x20, 0x20, 0x20, 0x20, 0x69, 0x66, 0x20, 0x28, 0x4e, 0x64, 0x6f, 0x74, 0x4c, 0x20, 0x3e,
        0x3d, 0x20, 0x30, 0x2e, 0x30, 0x35, 0x29, 0x0a, 0x20, 0x20, 0x20, 0x20, 0x20, 0x20, 0x20, 0x20,
        0x7b, 0x0a, 0x20, 0x20, 0x20, 0x20, 0x20, 0x20, 0x20, 0x20, 0x20, 0x20, 0x20, 0x20, 0x62, 0x6f,
        0x6f, 0x6c, 0x20, 0x69, 0x73, 0x49, 0x6e, 0x4c, 0x69, 0x67, 0x68, 0x74, 0x30, 0x20, 0x3d, 0x20,
        0x66, 0x61, 0x6c, 0x73, 0x65, 0x3b, 0x0a, 0x20, 0x20, 0x20, 0x20, 0x20, 0x20, 0x20, 0x20, 0x20,
        0x20, 0x20, 0x20, 0x62, 0x6f, 0x6f, 0x6c, 0x20, 0x69, 0x73, 0x53, 0x68, 0x61, 0x64, 0x6f, 0x77,
        0x65, 0x64, 0x30, 0x20, 0x3d, 0x20, 0x66, 0x61, 0x6c, 0x73, 0x65, 0x3b, 0x0a, 0x20, 0x20, 0x20,
        0x20, 0x20, 0x20, 0x20, 0x20, 0x20, 0x20, 0x20, 0x20, 0x61, 0x70, 0x70, 0x6c, 0x79, 0x53, 0x68,
        0x61, 0x64, 0x6f, 0x77, 0x69, 0x6e, 0x67, 0x53, 0x69, 0x6e, 0x67, 0x6c, 0x65, 0x28, 0x77, 0x6f,
        0x72, 0x6c, 0x64, 0x50, 0x6f, 0x73, 0x2c, 0x20, 0x4c, 0x69, 0x67, 0x68, 0x74, 0x56, 0x69, 0x65,
        0x77, 0x50, 0x72, 0x6f, 0x6a, 0x30, 0x2c, 0x20, 0x53, 0x68, 0x61, 0x64, 0x6f, 0x77, 0x4d, 0x61,
        0x70, 0x30, 0x2c, 0x20, 0x53, 0x68, 0x61, 0x64, 0x6f, 0x77, 0x4d, 0x61, 0x70, 0x53, 0x61, 0x6d,
        0x70, 0x6c, 0x65, 0x72, 0x30, 0x2c, 0x20, 0x69, 0x73, 0x49, 0x6e, 0x4c, 0x69, 0x67, 0x68, 0x74,
        0x30, 0x2c, 0x20, 0x69, 0x73, 0x53, 0x68, 0x61, 0x64, 0x6f, 0x77, 0x65, 0x64, 0x30, 0x29, 0x3b,
        0x0a, 0x20, 0x20, 0x20, 0x20, 0x20, 0x20, 0x20, 0x20, 0x20, 0x20, 0x20, 0x20, 0x69, 0x66, 0x20,
        0x28, 0x69, 0x73, 0x49, 0x6e, 0x4c, 0x69, 0x67, 0x68, 0x74, 0x30, 0x29, 0x20, 0x72, 0x65, 0x74,
        0x75, 0x72, 0x6e, 0x20, 0x69, 0x73, 0x53, 0x68, 0x61, 0x64, 0x6f, 0x77, 0x65, 0x64, 0x30, 0x3b,
        0x0a, 0x0a, 0x20, 0x20, 0x20, 0x20, 0x20, 0x20, 0x20, 0x20, 0x20, 0x20, 0x20, 0x20, 0x69, 0x66,
        0x20, 0x28, 0x4e, 0x75, 0x6d, 0x43, 0x61, 0x73, 0x63, 0x61, 0x64, 0x65, 0x73, 0x20, 0x3e, 0x20,
        0x31, 0x29, 0x0a, 0x20, 0x20, 0x20, 0x20, 0x20, 0x20, 0x20, 0x20, 0x20, 0x20, 0x20, 0x20, 0x7b,
        0x0a, 0x20, 0x20, 0x20, 0x20, 0x20, 0x20, 0x20, 0x20, 0x20, 0x20, 0x20, 0x20, 0x20, 0x20, 0x20,
        0x20, 0x62, 0x6f, 0x6f, 0x6c, 0x20, 0x69, 0x73, 0x49, 0x6e, 0x4c, 0x69, 0x67, 0x68, 0x74, 0x31,
        0x20, 0x3d, 0x20, 0x66, 0x61, 0x6c, 0x73, 0x65, 0x3b, 0x0a, 0x20, 0x20, 0x20, 0x20, 0x20, 0x20,
        0x20, 0x20, 0x20, 0x20, 0x20, 0x20, 0x20, 0x20, 0x20, 0x20, 0x62, 0x6f, 0x6f, 0x6c, 0x20, 0x69,
        0x73, 0x53, 0x68, 0x61, 0x64, 0x6f, 0x77, 0x65, 0x64, 0x31, 0x20, 0x3d, 0x20, 0x66, 0x61, 0x6c,
        0x73, 0x65, 0x3b, 0x0a, 0x20, 0x20, 0x20, 0x20, 0x20, 0x20, 0x20, 0x20, 0x20, 0x20, 0x20, 0x20,
        0x20, 0x20, 0x20, 0x20, 0x61, 0x70, 0x70, 0x6c, 0x79, 0x53, 0x68, 0x61, 0x64, 0x6f, 0x77, 0x69,
        0x6e, 0x67, 0x53, 0x69, 0x6e, 0x67, 0x6c, 0x65, 0x28, 0x77, 0x6f, 0x72, 0x6c, 0x64, 0x50, 0x6f,
        0x73, 0x2c, 0x20, 0x4c, 0x69, 0x67, 0x68, 0x74, 0x56, 0x69, 0x65, 0x77, 0x50, 0x72, 0x6f, 0x6a,
        0x31, 0x2c, 0x20, 0x53, 0x68, 0x61, 0x64, 0x6f, 0x77, 0x4d, 0x61, 0x70, 0x31, 0x2c, 0x20, 0x53,
        0x68, 0x61, 0x64, 0x6f, 0x77, 0x4d, 0x61, 0x70, 0x53, 0x61, 0x6d, 0x70, 0x6c, 0x65, 0x72, 0x31,
        0x2c, 0x20, 0x69, 0x73, 0x49, 0x6e, 0x4c, 0x69, 0x67, 0x68, 0x74, 0x31, 0x2c, 0x20, 0x69, 0x73,
        0x53, 0x68, 0x61, 0x64, 0x6f, 0x77, 0x65, 0x64, 0x31, 0x29, 0x3b, 0x0a, 0x20, 0x20, 0x20, 0x20,
        0x20, 0x20, 0x20, 0x20, 0x20, 0x20, 0x20, 0x20, 0x20, 0x20, 0x20, 0x20, 0x69, 0x66, 0x20, 0x28,
        0x69, 0x73, 0x49, 0x6e, 0x4c, 0x69, 0x67, 0x68, 0x74, 0x31, 0x29, 0x20, 0x72, 0x65, 0x74, 0x75,
        0x72, 0x6e, 0x20, 0x69, 0x73, 0x53, 0x68, 0x61, 0x64, 0x6f, 0x77, 0x65, 0x64, 0x31, 0x3b, 0x0a,
        0x0a, 0x20, 0x20, 0x20, 0x20, 0x20, 0x20, 0x20, 0x20, 0x20, 0x20, 0x20, 0x20, 0x20, 0x20, 0x20,
        0x20, 0x69, 0x66, 0x20, 0x28, 0x4e, 0x75, 0x6d, 0x43, 0x61, 0x73, 0x63, 0x61, 0x64, 0x65, 0x73,
        0x20, 0x3e, 0x20, 0x32, 0x29, 0x0a, 0x20, 0x20, 0x20, 0x20, 0x20, 0x20, 0x20, 0x20, 0x20, 0x20,
        0x20, 0x20, 0x20, 0x20, 0x20, 0x20, 0x7b, 0x0a, 0x20, 0x20, 0x20, 0x20, 0x20, 0x20, 0x20, 0x20,
        0x20, 0x20, 0x20, 0x20, 0x20, 0x20, 0x20, 0x20, 0x20, 0x20, 0x20, 0x20, 0x62, 0x6f, 0x6f, 0x6c,
        0x20, 0x69, 0x73, 0x49, 0x6e, 0x4c, 0x69, 0x67, 0x68, 0x74, 0x32, 0x20, 0x3d, 0x20, 0x66, 0x61,
        0x6c, 0x73, 0x65, 0x3b, 0x0a, 0x20, 0x20, 0x20, 0x20, 0x20, 0x20, 0x20, 0x20, 0x20, 0x20, 0x20,
        0x20, 0x20, 0x20, 0x20, 0x20, 0x20, 0x20, 0x20, 0x20, 0x62, 0x6f, 0x6f, 0x6c, 0x20, 0x69, 0x73,
        0x53, 0x68, 0x61, 0x64, 0x6f, 0x77, 0x65, 0x64, 0x32, 0x20, 0x3d, 0x20, 0x66, 0x61, 0x6c, 0x73,
        0x65, 0x3b, 0x0a, 0x20, 0x20, 0x20, 0x20, 0x20, 0x20, 0x20, 0x20, 0x20, 0x20, 0x20, 0x20, 0x20,
        0x20, 0x20, 0x20, 0x20, 0x20, 0x20, 0x20, 0x61, 0x70, 0x70, 0x6c, 0x79, 0x53, 0x68, 0x61, 0x64,
        0x6f, 0x77, 0x69, 0x6e, 0x67, 0x53, 0x69, 0x6e, 0x67, 0x6c, 0x65, 0x28, 0x77, 0x6f, 0x72, 0x6c,
        0x64, 0x50, 0x6f, 0x73, 0x2c, 0x20, 0x4c, 0x69, 0x67, 0x68, 0x74, 0x56, 0x69, 0x65, 0x77, 0x50,
        0x72, 0x6f, 0x6a, 0x32, 0x2c, 0x20, 0x53, 0x68, 0x61, 0x64, 0x6f, 0x77, 0x4d, 0x61, 0x70, 0x32,
        0x2c, 0x20, 0x53, 0x68, 0x61, 0x64, 0x6f, 0x77, 0x4d, 0x61, 0x70, 0x53, 0x61, 0x6d, 0x70, 0x6c,
        0x65, 0x72, 0x32, 0x2c, 0x20, 0x69, 0x73, 0x49, 0x6e, 0x4c, 0x69, 0x67, 0x68, 0x74, 0x32, 0x2c,
        0x20, 0x69, 0x73, 0x53, 0x68, 0x61, 0x64, 0x6f, 0x77, 0x65, 0x64, 0x32, 0x29, 0x3b, 0x0a, 0x20,
        0x20, 0x20, 0x20, 0x20, 0x20, 0x20, 0x20, 0x20, 0x20, 0x20, 0x20, 0x20, 0x20, 0x20, 0x20, 0x20,
        0x20, 0x20, 0x20, 0x69, 0x66, 0x20, 0x28, 0x69, 0x73, 0x49, 0x6e, 0x4c, 0x69, 0x67, 0x68, 0x74,
        0x32, 0x29, 0x20, 0x72, 0x65, 0x74, 0x75, 0x72, 0x6e, 0x20, 0x69, 0x73, 0x53, 0x68, 0x61, 0x64,
        0x6f, 0x77, 0x65, 0x64, 0x32, 0x3b, 0x0a, 0x20, 0x20, 0x20, 0x20, 0x20, 0x20, 0x20, 0x20, 0x20,
        0x20, 0x20, 0x20, 0x20, 0x20, 0x20, 0x20, 0x7d, 0x0a, 0x20, 0x20, 0x20, 0x20, 0x20, 0x20, 0x20,
        0x20, 0x20, 0x20, 0x20, 0x20, 0x7d, 0x0a, 0x20, 0x20, 0x20, 0x20, 0x20, 0x20, 0x20, 0x20, 0x7d,
        0x0a, 0x20, 0x20, 0x20, 0x20, 0x7d, 0x0a, 0x0a, 0x20, 0x20, 0x20, 0x20, 0x72, 0x65, 0x74, 0x75,
        0x72, 0x6e, 0x20, 0x66, 0x61, 0x6c, 0x73, 0x65, 0x3b, 0x0a, 0x7d, 0x0a, 0x0a, 0x2f, 0x2f, 0x20,
        0x4c, 0x65, 0x67, 0x61, 0x63, 0x79, 0x20, 0x70, 0x61, 0x74, 0x68, 0x20, 0x66, 0x6f, 0x72, 0x20,
        0x66, 0x75, 0x6c, 0x6c, 0x62, 0x72, 0x69, 0x67, 0x68, 0x74, 0x20, 0x73, 0x68, 0x61, 0x64, 0x65,
        0x72, 0x73, 0x20, 0x28, 0x74, 0x65, 0x72, 0x72, 0x61, 0x69, 0x6e, 0x29, 0x20, 0x77, 0x69, 0x74,
        0x68, 0x20, 0x6e, 0x6f, 0x20, 0x64, 0x69, 0x66, 0x66, 0x75, 0x73, 0x65, 0x20, 0x74, 0x65, 0x72,
        0x6d, 0x3a, 0x20, 0x64, 0x61, 0x72, 0x6b, 0x65, 0x6e, 0x0a, 0x2f, 0x2f, 0x20, 0x74, 0x68, 0x65,
        0x20, 0x63, 0x6f, 0x6c, 0x6f, 0x72, 0x20, 0x6f, 0x6e, 0x63, 0x65, 0x20, 0x77, 0x68, 0x65, 0x72,
        0x65, 0x20, 0x74, 0x68, 0x65, 0x20, 0x70, 0x69, 0x78, 0x65, 0x6c, 0x20, 0x69, 0x73, 0x20, 0x73,
        0x68, 0x61, 0x64, 0x6f, 0x77, 0x65, 0x64, 0x2e, 0x20, 0x55, 0x73, 0x65, 0x64, 0x20, 0x62, 0x79,
        0x20, 0x47, 0x72, 0x6f, 0x75, 0x6e, 0x64, 0x2e, 0x66, 0x78, 0x20, 0x2f, 0x20, 0x4d, 0x6f, 0x75,
        0x6e, 0x74, 0x61, 0x69, 0x6e, 0x73, 0x2e, 0x66, 0x78, 0x2e, 0x0a, 0x76, 0x6f, 0x69, 0x64, 0x20,
        0x50, 0x53, 0x5f, 0x41, 0x70, 0x70, 0x6c, 0x79, 0x53, 0x68, 0x61, 0x64, 0x6f, 0x77, 0x69, 0x6e,
        0x67, 0x28, 0x0a, 0x20, 0x20, 0x20, 0x20, 0x69, 0x6e, 0x6f, 0x75, 0x74, 0x20, 0x66, 0x6c, 0x6f,
        0x61, 0x74, 0x33, 0x20, 0x64, 0x69, 0x66, 0x66, 0x75, 0x73, 0x65, 0x2c, 0x0a, 0x20, 0x20, 0x20,
        0x20, 0x69, 0x6e, 0x20, 0x66, 0x6c, 0x6f, 0x61, 0x74, 0x34, 0x20, 0x77, 0x6f, 0x72, 0x6c, 0x64,
        0x50, 0x6f, 0x73, 0x2c, 0x0a, 0x20, 0x20, 0x20, 0x20, 0x69, 0x6e, 0x20, 0x66, 0x6c, 0x6f, 0x61,
        0x74, 0x33, 0x20, 0x66, 0x61, 0x63, 0x65, 0x4e, 0x6f, 0x72, 0x6d, 0x61, 0x6c, 0x0a, 0x29, 0x0a,
        0x7b, 0x0a, 0x20, 0x20, 0x20, 0x20, 0x69, 0x66, 0x20, 0x28, 0x50, 0x53, 0x5f, 0x49, 0x73, 0x53,
        0x68, 0x61, 0x64, 0x6f, 0x77, 0x65, 0x64, 0x28, 0x77, 0x6f, 0x72, 0x6c, 0x64, 0x50, 0x6f, 0x73,
        0x2c, 0x20, 0x66, 0x61, 0x63, 0x65, 0x4e, 0x6f, 0x72, 0x6d, 0x61, 0x6c, 0x29, 0x29, 0x0a, 0x20,
        0x20, 0x20, 0x20, 0x7b, 0x0a, 0x20, 0x20, 0x20, 0x20, 0x20, 0x20, 0x20, 0x20, 0x64, 0x69, 0x66,
        0x66, 0x75, 0x73, 0x65, 0x20, 0x3d, 0x20, 0x64, 0x69, 0x66, 0x66, 0x75, 0x73, 0x65, 0x20, 0x2a,
        0x20, 0x66, 0x6c, 0x6f, 0x61, 0x74, 0x33, 0x28, 0x30, 0x2e, 0x35, 0x2c, 0x20, 0x30, 0x2e, 0x35,
        0x2c, 0x20, 0x30, 0x2e, 0x35, 0x29, 0x3b, 0x0a, 0x20, 0x20, 0x20, 0x20, 0x7d, 0x0a, 0x7d, 0x00,
        0x04, 0x00, 0x0a, 0x00, 0x47, 0x4c, 0x5f, 0x47, 0x4f, 0x4f, 0x47, 0x4c, 0x45, 0x5f, 0x63, 0x70,
        0x70, 0x5f, 0x73, 0x74, 0x79, 0x6c, 0x65, 0x5f, 0x6c, 0x69, 0x6e, 0x65, 0x5f, 0x64, 0x69, 0x72,
        0x65, 0x63, 0x74, 0x69, 0x76, 0x65, 0x00, 0x00, 0x04, 0x00, 0x08, 0x00, 0x47, 0x4c, 0x5f, 0x47,
        0x4f, 0x4f, 0x47, 0x4c, 0x45, 0x5f, 0x69, 0x6e, 0x63, 0x6c, 0x75, 0x64, 0x65, 0x5f, 0x64, 0x69,
        0x72, 0x65, 0x63, 0x74, 0x69, 0x76, 0x65, 0x00, 0x05, 0x00, 0x04, 0x00, 0x06, 0x00, 0x00, 0x00,
        0x4d, 0x61, 0x69, 0x6e, 0x50, 0x53, 0x00, 0x00, 0x05, 0x00, 0x04, 0x00, 0xc1, 0x00, 0x00, 0x00,
        0x24, 0x47, 0x6c, 0x6f, 0x62, 0x61, 0x6c, 0x00, 0x06, 0x00, 0x07, 0x00, 0xc1, 0x00, 0x00, 0x00,
        0x00, 0x00, 0x00, 0x00, 0x4c, 0x69, 0x67, 0x68, 0x74, 0x56, 0x69, 0x65, 0x77, 0x50, 0x72, 0x6f,
        0x6a, 0x30, 0x00, 0x00, 0x06, 0x00, 0x07, 0x00, 0xc1, 0x00, 0x00, 0x00, 0x01, 0x00, 0x00, 0x00,
        0x4c, 0x69, 0x67, 0x68, 0x74, 0x56, 0x69, 0x65, 0x77, 0x50, 0x72, 0x6f, 0x6a, 0x31, 0x00, 0x00,
        0x06, 0x00, 0x07, 0x00, 0xc1, 0x00, 0x00, 0x00, 0x02, 0x00, 0x00, 0x00, 0x4c, 0x69, 0x67, 0x68,
        0x74, 0x56, 0x69, 0x65, 0x77, 0x50, 0x72, 0x6f, 0x6a, 0x32, 0x00, 0x00, 0x06, 0x00, 0x06, 0x00,
        0xc1, 0x00, 0x00, 0x00, 0x03, 0x00, 0x00, 0x00, 0x44, 0x65, 0x70, 0x74, 0x68, 0x42, 0x69, 0x61,
        0x73, 0x00, 0x00, 0x00, 0x06, 0x00, 0x06, 0x00, 0xc1, 0x00, 0x00, 0x00, 0x04, 0x00, 0x00, 0x00,
        0x4e, 0x75, 0x6d, 0x43, 0x61, 0x73, 0x63, 0x61, 0x64, 0x65, 0x73, 0x00, 0x06, 0x00, 0x07, 0x00,
        0xc1, 0x00, 0x00, 0x00, 0x05, 0x00, 0x00, 0x00, 0x4c, 0x69, 0x67, 0x68, 0x74, 0x44, 0x69, 0x72,
        0x65, 0x63, 0x74, 0x69, 0x6f, 0x6e, 0x00, 0x00, 0x06, 0x00, 0x05, 0x00, 0xc1, 0x00, 0x00, 0x00,
        0x06, 0x00, 0x00, 0x00, 0x56, 0x69, 0x65, 0x77, 0x00, 0x00, 0x00, 0x00, 0x06, 0x00, 0x06, 0x00,
        0xc1, 0x00, 0x00, 0x00, 0x07, 0x00, 0x00, 0x00, 0x50, 0x72, 0x6f, 0x6a, 0x65, 0x63, 0x74, 0x69,
        0x6f, 0x6e, 0x00, 0x00, 0x06, 0x00, 0x06, 0x00, 0xc1, 0x00, 0x00, 0x00, 0x08, 0x00, 0x00, 0x00,
        0x56, 0x69, 0x65, 0x77, 0x50, 0x72, 0x6f, 0x6a, 0x00, 0x00, 0x00, 0x00, 0x06, 0x00, 0x06, 0x00,
        0xc1, 0x00, 0x00, 0x00, 0x09, 0x00, 0x00, 0x00, 0x53, 0x6e, 0x61, 0x70, 0x43, 0x6f, 0x6c, 0x6f,
        0x72, 0x00, 0x00, 0x00, 0x06, 0x00, 0x07, 0x00, 0xc1, 0x00, 0x00, 0x00, 0x0a, 0x00, 0x00, 0x00,
        0x49, 0x73, 0x46, 0x75, 0x6c, 0x6c, 0x62, 0x72, 0x69, 0x67, 0x68, 0x74, 0x00, 0x00, 0x00, 0x00,
        0x06, 0x00, 0x07, 0x00, 0xc1, 0x00, 0x00, 0x00, 0x0b, 0x00, 0x00, 0x00, 0x55, 0x73, 0x65, 0x42,
        0x61, 0x73, 0x65, 0x43, 0x6f, 0x6c, 0x6f, 0x72, 0x00, 0x00, 0x00, 0x00, 0x06, 0x00, 0x06, 0x00,
        0xc1, 0x00, 0x00, 0x00, 0x0c, 0x00, 0x00, 0x00, 0x42, 0x61, 0x73, 0x65, 0x43, 0x6f, 0x6c, 0x6f,
        0x72, 0x00, 0x00, 0x00, 0x06, 0x00, 0x06, 0x00, 0xc1, 0x00, 0x00, 0x00, 0x0d, 0x00, 0x00, 0x00,
        0x46, 0x6f, 0x67, 0x43, 0x6f, 0x6c, 0x6f, 0x72, 0x00, 0x00, 0x00, 0x00, 0x06, 0x00, 0x06, 0x00,
        0xc1, 0x00, 0x00, 0x00, 0x0e, 0x00, 0x00, 0x00, 0x46, 0x6f, 0x67, 0x44, 0x69, 0x73, 0x74, 0x61,
        0x6e, 0x63, 0x65, 0x00, 0x06, 0x00, 0x07, 0x00, 0xc1, 0x00, 0x00, 0x00, 0x0f, 0x00, 0x00, 0x00,
        0x46, 0x6f, 0x67, 0x4c, 0x6f, 0x67, 0x44, 0x65, 0x6e, 0x73, 0x69, 0x74, 0x79, 0x00, 0x00, 0x00,
        0x06, 0x00, 0x08, 0x00, 0xc1, 0x00, 0x00, 0x00, 0x10, 0x00, 0x00, 0x00, 0x45, 0x6e, 0x76, 0x69,
        0x72, 0x6f, 0x6e, 0x6d, 0x65, 0x6e, 0x74, 0x4c, 0x69, 0x67, 0x68, 0x74, 0x00, 0x00, 0x00, 0x00,
        0x06, 0x00, 0x07, 0x00, 0xc1, 0x00, 0x00, 0x00, 0x11, 0x00, 0x00, 0x00, 0x43, 0x61, 0x6d, 0x65,
        0x72, 0x61, 0x50, 0x6f, 0x73, 0x69, 0x74, 0x69, 0x6f, 0x6e, 0x00, 0x00, 0x06, 0x00, 0x05, 0x00,
        0xc1, 0x00, 0x00, 0x00, 0x12, 0x00, 0x00, 0x00, 0x41, 0x6c, 0x70, 0x68, 0x61, 0x00, 0x00, 0x00,
        0x06, 0x00, 0x05, 0x00, 0xc1, 0x00, 0x00, 0x00, 0x13, 0x00, 0x00, 0x00, 0x45, 0x78, 0x70, 0x61,
        0x6e, 0x64, 0x00, 0x00, 0x06, 0x00, 0x06, 0x00, 0xc1, 0x00, 0x00, 0x00, 0x14, 0x00, 0x00, 0x00,
        0x52, 0x61, 0x6e, 0x64, 0x6f, 0x6d, 0x46, 0x6c, 0x6f, 0x61, 0x74, 0x00, 0x06, 0x00, 0x05, 0x00,
        0xc1, 0x00, 0x00, 0x00, 0x15, 0x00, 0x00, 0x00, 0x44, 0x61, 0x72, 0x6b, 0x65, 0x6e, 0x00, 0x00,
        0x06, 0x00, 0x08, 0x00, 0xc1, 0x00, 0x00, 0x00, 0x16, 0x00, 0x00, 0x00, 0x43, 0x68, 0x61, 0x72,
        0x67, 0x65, 0x64, 0x42, 0x6c, 0x69, 0x6e, 0x6b, 0x41, 0x6d, 0x6f, 0x75, 0x6e, 0x74, 0x00, 0x00,
        0x06, 0x00, 0x07, 0x00, 0xc1, 0x00, 0x00, 0x00, 0x17, 0x00, 0x00, 0x00, 0x48, 0x61, 0x6c, 0x66,
        0x54, 0x68, 0x69, 0x63, 0x6b, 0x6e, 0x65, 0x73, 0x73, 0x00, 0x00, 0x00, 0x06, 0x00, 0x06, 0x00,
        0xc1, 0x00, 0x00, 0x00, 0x18, 0x00, 0x00, 0x00, 0x52, 0x65, 0x73, 0x6f, 0x6c, 0x75, 0x74, 0x69,
        0x6f, 0x6e, 0x00, 0x00, 0x06, 0x00, 0x0e, 0x00, 0xc1, 0x00, 0x00, 0x00, 0x19, 0x00, 0x00, 0x00,
        0x44, 0x69, 0x73, 0x74, 0x61, 0x6e, 0x74, 0x4f, 0x75, 0x74, 0x6c, 0x69, 0x6e, 0x65, 0x44, 0x69,
        0x73, 0x74, 0x61, 0x6e, 0x63, 0x65, 0x46, 0x61, 0x6c, 0x6c, 0x6f, 0x66, 0x66, 0x57, 0x69, 0x74,
        0x68, 0x43, 0x75, 0x74, 0x6f, 0x66, 0x66, 0x4d, 0x61, 0x73, 0x6b, 0x00, 0x06, 0x00, 0x0b, 0x00,
        0xc1, 0x00, 0x00, 0x00, 0x1a, 0x00, 0x00, 0x00, 0x44, 0x69, 0x73, 0x74, 0x61, 0x6e, 0x74, 0x4f,
        0x75, 0x74, 0x6c, 0x69, 0x6e, 0x65, 0x43, 0x6c, 0x61, 0x73, 0x73, 0x69, 0x63, 0x43, 0x75, 0x74,
        0x6f, 0x66, 0x66, 0x4d, 0x61, 0x73, 0x6b, 0x00, 0x06, 0x00, 0x0c, 0x00, 0xc1, 0x00, 0x00, 0x00,
        0x1b, 0x00, 0x00, 0x00, 0x44, 0x69, 0x73, 0x74, 0x61, 0x6e, 0x74, 0x4f, 0x75, 0x74, 0x6c, 0x69,
        0x6e, 0x65, 0x44, 0x69, 0x73, 0x74, 0x61, 0x6e, 0x63, 0x65, 0x46, 0x61, 0x6c, 0x6c, 0x6f, 0x66,
        0x66, 0x4d, 0x61, 0x73, 0x6b, 0x00, 0x00, 0x00, 0x06, 0x00, 0x0b, 0x00, 0xc1, 0x00, 0x00, 0x00,
        0x1c, 0x00, 0x00, 0x00, 0x4f, 0x75, 0x74, 0x6c, 0x69, 0x6e, 0x65, 0x43, 0x6c, 0x61, 0x73, 0x73,
        0x69, 0x63, 0x43, 0x75, 0x74, 0x6f, 0x66, 0x66, 0x44, 0x69, 0x73, 0x74, 0x61, 0x6e, 0x63, 0x65,
        0x00, 0x00, 0x00, 0x00, 0x06, 0x00, 0x0a, 0x00, 0xc1, 0x00, 0x00, 0x00, 0x1d, 0x00, 0x00, 0x00,
        0x4f, 0x75, 0x74, 0x6c, 0x69, 0x6e, 0x65, 0x46, 0x61, 0x6c, 0x6c, 0x6f, 0x66, 0x66, 0x53, 0x74,
        0x61, 0x72, 0x74, 0x44, 0x69, 0x73, 0x74, 0x61, 0x6e, 0x63, 0x65, 0x00, 0x06, 0x00, 0x0b, 0x00,
        0xc1, 0x00, 0x00, 0x00, 0x1e, 0x00, 0x00, 0x00, 0x4f, 0x75, 0x74, 0x6c, 0x69, 0x6e, 0x65, 0x46,
        0x61, 0x6c, 0x6c, 0x6f, 0x66, 0x66, 0x43, 0x75, 0x74, 0x6f, 0x66, 0x66, 0x44, 0x69, 0x73, 0x74,
        0x61, 0x6e, 0x63, 0x65, 0x00, 0x00, 0x00, 0x00, 0x06, 0x00, 0x0d, 0x00, 0xc1, 0x00, 0x00, 0x00,
        0x1f, 0x00, 0x00, 0x00, 0x4f, 0x75, 0x74, 0x6c, 0x69, 0x6e, 0x65, 0x46, 0x61, 0x6c, 0x6c, 0x6f,
        0x66, 0x66, 0x4c, 0x69, 0x6e, 0x65, 0x61, 0x72, 0x46, 0x61, 0x64, 0x65, 0x53, 0x74, 0x61, 0x72,
        0x74, 0x44, 0x69, 0x73, 0x74, 0x61, 0x6e, 0x63, 0x65, 0x00, 0x00, 0x00, 0x06, 0x00, 0x0d, 0x00,
        0xc1, 0x00, 0x00, 0x00, 0x20, 0x00, 0x00, 0x00, 0x4f, 0x75, 0x74, 0x6c, 0x69, 0x6e, 0x65, 0x46,
        0x61, 0x6c, 0x6c, 0x6f, 0x66, 0x66, 0x4c, 0x69, 0x6e, 0x65, 0x61, 0x72, 0x46, 0x61, 0x64, 0x65,
        0x53, 0x74, 0x61, 0x72, 0x74, 0x54, 0x68, 0x69, 0x63, 0x6b, 0x6e, 0x65, 0x73, 0x73, 0x00, 0x00,
        0x06, 0x00, 0x0d, 0x00, 0xc1, 0x00, 0x00, 0x00, 0x21, 0x00, 0x00, 0x00, 0x4f, 0x75, 0x74, 0x6c,
        0x69, 0x6e, 0x65, 0x46, 0x61, 0x6c, 0x6c, 0x6f, 0x66, 0x66, 0x49, 0x6e, 0x76, 0x65, 0x72, 0x73,
        0x65, 0x4c, 0x69, 0x6e, 0x65, 0x61, 0x72, 0x46, 0x61, 0x64, 0x65, 0x4c, 0x65, 0x6e, 0x67, 0x74,
        0x68, 0x00, 0x00, 0x00, 0x05, 0x00, 0x03, 0x00, 0xc3, 0x00, 0x00, 0x00, 0x00, 0x00, 0x00, 0x00,
        0x05, 0x00, 0x05, 0x00, 0xef, 0x00, 0x00, 0x00, 0x53, 0x68, 0x61, 0x64, 0x6f, 0x77, 0x4d, 0x61,
        0x70, 0x30, 0x00, 0x00, 0x05, 0x00, 0x07, 0x00, 0xf1, 0x00, 0x00, 0x00, 0x53, 0x68, 0x61, 0x64,
        0x6f, 0x77, 0x4d, 0x61, 0x70, 0x53, 0x61, 0x6d, 0x70, 0x6c, 0x65, 0x72, 0x30, 0x00, 0x00, 0x00,
        0x05, 0x00, 0x05, 0x00, 0x0e, 0x01, 0x00, 0x00, 0x53, 0x68, 0x61, 0x64, 0x6f, 0x77, 0x4d, 0x61,
        0x70, 0x31, 0x00, 0x00, 0x05, 0x00, 0x07, 0x00, 0x0f, 0x01, 0x00, 0x00, 0x53, 0x68, 0x61, 0x64,
        0x6f, 0x77, 0x4d, 0x61, 0x70, 0x53, 0x61, 0x6d, 0x70, 0x6c, 0x65, 0x72, 0x31, 0x00, 0x00, 0x00,
        0x05, 0x00, 0x05, 0x00, 0x2b, 0x01, 0x00, 0x00, 0x53, 0x68, 0x61, 0x64, 0x6f, 0x77, 0x4d, 0x61,
        0x70, 0x32, 0x00, 0x00, 0x05, 0x00, 0x07, 0x00, 0x2c, 0x01, 0x00, 0x00, 0x53, 0x68, 0x61, 0x64,
        0x6f, 0x77, 0x4d, 0x61, 0x70, 0x53, 0x61, 0x6d, 0x70, 0x6c, 0x65, 0x72, 0x32, 0x00, 0x00, 0x00,
        0x05, 0x00, 0x05, 0x00, 0xac, 0x01, 0x00, 0x00, 0x69, 0x6e, 0x70, 0x75, 0x74, 0x2e, 0x43, 0x6f,
        0x6c, 0x6f, 0x72, 0x00, 0x05, 0x00, 0x06, 0x00, 0xaf, 0x01, 0x00, 0x00, 0x69, 0x6e, 0x70, 0x75,
        0x74, 0x2e, 0x57, 0x6f, 0x72, 0x6c, 0x64, 0x50, 0x6f, 0x73, 0x00, 0x00, 0x05, 0x00, 0x07, 0x00,
        0xb3, 0x01, 0x00, 0x00, 0x69, 0x6e, 0x70, 0x75, 0x74, 0x2e, 0x47, 0x65, 0x74, 0x73, 0x53, 0x68,
        0x61, 0x64, 0x6f, 0x77, 0x65, 0x64, 0x00, 0x00, 0x05, 0x00, 0x07, 0x00, 0xb7, 0x01, 0x00, 0x00,
        0x69, 0x6e, 0x70, 0x75, 0x74, 0x2e, 0x4e, 0x6f, 0x72, 0x6d, 0x61, 0x6c, 0x57, 0x6f, 0x72, 0x6c,
        0x64, 0x00, 0x00, 0x00, 0x05, 0x00, 0x07, 0x00, 0xba, 0x01, 0x00, 0x00, 0x69, 0x6e, 0x70, 0x75,
        0x74, 0x2e, 0x56, 0x69, 0x65, 0x77, 0x4c, 0x65, 0x6e, 0x67, 0x74, 0x68, 0x00, 0x00, 0x00, 0x00,
        0x05, 0x00, 0x05, 0x00, 0xbd, 0x01, 0x00, 0x00, 0x69, 0x6e, 0x70, 0x75, 0x74, 0x2e, 0x4c, 0x69,
        0x74, 0x00, 0x00, 0x00, 0x05, 0x00, 0x06, 0x00, 0xc0, 0x01, 0x00, 0x00, 0x69, 0x6e, 0x70, 0x75,
        0x74, 0x2e, 0x44, 0x69, 0x66, 0x66, 0x75, 0x73, 0x65, 0x00, 0x00, 0x00, 0x05, 0x00, 0x07, 0x00,
        0xc4, 0x01, 0x00, 0x00, 0x40, 0x65, 0x6e, 0x74, 0x72, 0x79, 0x50, 0x6f, 0x69, 0x6e, 0x74, 0x4f,
        0x75, 0x74, 0x70, 0x75, 0x74, 0x00, 0x00, 0x00, 0x4a, 0x01, 0x06, 0x00, 0x65, 0x6e, 0x74, 0x72,
        0x79, 0x2d, 0x70, 0x6f, 0x69, 0x6e, 0x74, 0x20, 0x4d, 0x61, 0x69, 0x6e, 0x50, 0x53, 0x00, 0x00,
        0x4a, 0x01, 0x06, 0x00, 0x63, 0x6c, 0x69, 0x65, 0x6e, 0x74, 0x20, 0x76, 0x75, 0x6c, 0x6b, 0x61,
        0x6e, 0x31, 0x30, 0x30, 0x00, 0x00, 0x00, 0x00, 0x4a, 0x01, 0x06, 0x00, 0x74, 0x61, 0x72, 0x67,
        0x65, 0x74, 0x2d, 0x65, 0x6e, 0x76, 0x20, 0x73, 0x70, 0x69, 0x72, 0x76, 0x31, 0x2e, 0x33, 0x00,
        0x4a, 0x01, 0x07, 0x00, 0x74, 0x61, 0x72, 0x67, 0x65, 0x74, 0x2d, 0x65, 0x6e, 0x76, 0x20, 0x76,
        0x75, 0x6c, 0x6b, 0x61, 0x6e, 0x31, 0x2e, 0x31, 0x00, 0x00, 0x00, 0x00, 0x4a, 0x01, 0x05, 0x00,
        0x68, 0x6c, 0x73, 0x6c, 0x2d, 0x6f, 0x66, 0x66, 0x73, 0x65, 0x74, 0x73, 0x00, 0x00, 0x00, 0x00,
        0x47, 0x00, 0x03, 0x00, 0xc1, 0x00, 0x00, 0x00, 0x02, 0x00, 0x00, 0x00, 0x48, 0x00, 0x04, 0x00,
        0xc1, 0x00, 0x00, 0x00, 0x00, 0x00, 0x00, 0x00, 0x04, 0x00, 0x00, 0x00, 0x48, 0x00, 0x05, 0x00,
        0xc1, 0x00, 0x00, 0x00, 0x00, 0x00, 0x00, 0x00, 0x07, 0x00, 0x00, 0x00, 0x10, 0x00, 0x00, 0x00,
        0x48, 0x00, 0x05, 0x00, 0xc1, 0x00, 0x00, 0x00, 0x00, 0x00, 0x00, 0x00, 0x23, 0x00, 0x00, 0x00,
        0x00, 0x00, 0x00, 0x00, 0x48, 0x00, 0x04, 0x00, 0xc1, 0x00, 0x00, 0x00, 0x01, 0x00, 0x00, 0x00,
        0x04, 0x00, 0x00, 0x00, 0x48, 0x00, 0x05, 0x00, 0xc1, 0x00, 0x00, 0x00, 0x01, 0x00, 0x00, 0x00,
        0x07, 0x00, 0x00, 0x00, 0x10, 0x00, 0x00, 0x00, 0x48, 0x00, 0x05, 0x00, 0xc1, 0x00, 0x00, 0x00,
        0x01, 0x00, 0x00, 0x00, 0x23, 0x00, 0x00, 0x00, 0x40, 0x00, 0x00, 0x00, 0x48, 0x00, 0x04, 0x00,
        0xc1, 0x00, 0x00, 0x00, 0x02, 0x00, 0x00, 0x00, 0x04, 0x00, 0x00, 0x00, 0x48, 0x00, 0x05, 0x00,
        0xc1, 0x00, 0x00, 0x00, 0x02, 0x00, 0x00, 0x00, 0x07, 0x00, 0x00, 0x00, 0x10, 0x00, 0x00, 0x00,
        0x48, 0x00, 0x05, 0x00, 0xc1, 0x00, 0x00, 0x00, 0x02, 0x00, 0x00, 0x00, 0x23, 0x00, 0x00, 0x00,
        0x80, 0x00, 0x00, 0x00, 0x48, 0x00, 0x05, 0x00, 0xc1, 0x00, 0x00, 0x00, 0x03, 0x00, 0x00, 0x00,
        0x23, 0x00, 0x00, 0x00, 0xc0, 0x00, 0x00, 0x00, 0x48, 0x00, 0x05, 0x00, 0xc1, 0x00, 0x00, 0x00,
        0x04, 0x00, 0x00, 0x00, 0x23, 0x00, 0x00, 0x00, 0xc4, 0x00, 0x00, 0x00, 0x48, 0x00, 0x05, 0x00,
        0xc1, 0x00, 0x00, 0x00, 0x05, 0x00, 0x00, 0x00, 0x23, 0x00, 0x00, 0x00, 0xd0, 0x00, 0x00, 0x00,
        0x48, 0x00, 0x04, 0x00, 0xc1, 0x00, 0x00, 0x00, 0x06, 0x00, 0x00, 0x00, 0x04, 0x00, 0x00, 0x00,
        0x48, 0x00, 0x05, 0x00, 0xc1, 0x00, 0x00, 0x00, 0x06, 0x00, 0x00, 0x00, 0x07, 0x00, 0x00, 0x00,
        0x10, 0x00, 0x00, 0x00, 0x48, 0x00, 0x05, 0x00, 0xc1, 0x00, 0x00, 0x00, 0x06, 0x00, 0x00, 0x00,
        0x23, 0x00, 0x00, 0x00, 0xe0, 0x00, 0x00, 0x00, 0x48, 0x00, 0x04, 0x00, 0xc1, 0x00, 0x00, 0x00,
        0x07, 0x00, 0x00, 0x00, 0x04, 0x00, 0x00, 0x00, 0x48, 0x00, 0x05, 0x00, 0xc1, 0x00, 0x00, 0x00,
        0x07, 0x00, 0x00, 0x00, 0x07, 0x00, 0x00, 0x00, 0x10, 0x00, 0x00, 0x00, 0x48, 0x00, 0x05, 0x00,
        0xc1, 0x00, 0x00, 0x00, 0x07, 0x00, 0x00, 0x00, 0x23, 0x00, 0x00, 0x00, 0x20, 0x01, 0x00, 0x00,
        0x48, 0x00, 0x04, 0x00, 0xc1, 0x00, 0x00, 0x00, 0x08, 0x00, 0x00, 0x00, 0x04, 0x00, 0x00, 0x00,
        0x48, 0x00, 0x05, 0x00, 0xc1, 0x00, 0x00, 0x00, 0x08, 0x00, 0x00, 0x00, 0x07, 0x00, 0x00, 0x00,
        0x10, 0x00, 0x00, 0x00, 0x48, 0x00, 0x05, 0x00, 0xc1, 0x00, 0x00, 0x00, 0x08, 0x00, 0x00, 0x00,
        0x23, 0x00, 0x00, 0x00, 0x60, 0x01, 0x00, 0x00, 0x48, 0x00, 0x05, 0x00, 0xc1, 0x00, 0x00, 0x00,
        0x09, 0x00, 0x00, 0x00, 0x23, 0x00, 0x00, 0x00, 0xa0, 0x01, 0x00, 0x00, 0x48, 0x00, 0x05, 0x00,
        0xc1, 0x00, 0x00, 0x00, 0x0a, 0x00, 0x00, 0x00, 0x23, 0x00, 0x00, 0x00, 0xac, 0x01, 0x00, 0x00,
        0x48, 0x00, 0x05, 0x00, 0xc1, 0x00, 0x00, 0x00, 0x0b, 0x00, 0x00, 0x00, 0x23, 0x00, 0x00, 0x00,
        0xb0, 0x01, 0x00, 0x00, 0x48, 0x00, 0x05, 0x00, 0xc1, 0x00, 0x00, 0x00, 0x0c, 0x00, 0x00, 0x00,
        0x23, 0x00, 0x00, 0x00, 0xc0, 0x01, 0x00, 0x00, 0x48, 0x00, 0x05, 0x00, 0xc1, 0x00, 0x00, 0x00,
        0x0d, 0x00, 0x00, 0x00, 0x23, 0x00, 0x00, 0x00, 0xd0, 0x01, 0x00, 0x00, 0x48, 0x00, 0x05, 0x00,
        0xc1, 0x00, 0x00, 0x00, 0x0e, 0x00, 0x00, 0x00, 0x23, 0x00, 0x00, 0x00, 0xdc, 0x01, 0x00, 0x00,
        0x48, 0x00, 0x05, 0x00, 0xc1, 0x00, 0x00, 0x00, 0x0f, 0x00, 0x00, 0x00, 0x23, 0x00, 0x00, 0x00,
        0xe0, 0x01, 0x00, 0x00, 0x48, 0x00, 0x05, 0x00, 0xc1, 0x00, 0x00, 0x00, 0x10, 0x00, 0x00, 0x00,
        0x23, 0x00, 0x00, 0x00, 0xe8, 0x01, 0x00, 0x00, 0x48, 0x00, 0x05, 0x00, 0xc1, 0x00, 0x00, 0x00,
        0x11, 0x00, 0x00, 0x00, 0x23, 0x00, 0x00, 0x00, 0xf0, 0x01, 0x00, 0x00, 0x48, 0x00, 0x05, 0x00,
        0xc1, 0x00, 0x00, 0x00, 0x12, 0x00, 0x00, 0x00, 0x23, 0x00, 0x00, 0x00, 0xfc, 0x01, 0x00, 0x00,
        0x48, 0x00, 0x05, 0x00, 0xc1, 0x00, 0x00, 0x00, 0x13, 0x00, 0x00, 0x00, 0x23, 0x00, 0x00, 0x00,
        0x00, 0x02, 0x00, 0x00, 0x48, 0x00, 0x05, 0x00, 0xc1, 0x00, 0x00, 0x00, 0x14, 0x00, 0x00, 0x00,
        0x23, 0x00, 0x00, 0x00, 0x04, 0x02, 0x00, 0x00, 0x48, 0x00, 0x05, 0x00, 0xc1, 0x00, 0x00, 0x00,
        0x15, 0x00, 0x00, 0x00, 0x23, 0x00, 0x00, 0x00, 0x08, 0x02, 0x00, 0x00, 0x48, 0x00, 0x05, 0x00,
        0xc1, 0x00, 0x00, 0x00, 0x16, 0x00, 0x00, 0x00, 0x23, 0x00, 0x00, 0x00, 0x0c, 0x02, 0x00, 0x00,
        0x48, 0x00, 0x05, 0x00, 0xc1, 0x00, 0x00, 0x00, 0x17, 0x00, 0x00, 0x00, 0x23, 0x00, 0x00, 0x00,
        0x10, 0x02, 0x00, 0x00, 0x48, 0x00, 0x05, 0x00, 0xc1, 0x00, 0x00, 0x00, 0x18, 0x00, 0x00, 0x00,
        0x23, 0x00, 0x00, 0x00, 0x18, 0x02, 0x00, 0x00, 0x48, 0x00, 0x05, 0x00, 0xc1, 0x00, 0x00, 0x00,
        0x19, 0x00, 0x00, 0x00, 0x23, 0x00, 0x00, 0x00, 0x20, 0x02, 0x00, 0x00, 0x48, 0x00, 0x05, 0x00,
        0xc1, 0x00, 0x00, 0x00, 0x1a, 0x00, 0x00, 0x00, 0x23, 0x00, 0x00, 0x00, 0x24, 0x02, 0x00, 0x00,
        0x48, 0x00, 0x05, 0x00, 0xc1, 0x00, 0x00, 0x00, 0x1b, 0x00, 0x00, 0x00, 0x23, 0x00, 0x00, 0x00,
        0x28, 0x02, 0x00, 0x00, 0x48, 0x00, 0x05, 0x00, 0xc1, 0x00, 0x00, 0x00, 0x1c, 0x00, 0x00, 0x00,
        0x23, 0x00, 0x00, 0x00, 0x2c, 0x02, 0x00, 0x00, 0x48, 0x00, 0x05, 0x00, 0xc1, 0x00, 0x00, 0x00,
        0x1d, 0x00, 0x00, 0x00, 0x23, 0x00, 0x00, 0x00, 0x30, 0x02, 0x00, 0x00, 0x48, 0x00, 0x05, 0x00,
        0xc1, 0x00, 0x00, 0x00, 0x1e, 0x00, 0x00, 0x00, 0x23, 0x00, 0x00, 0x00, 0x34, 0x02, 0x00, 0x00,
        0x48, 0x00, 0x05, 0x00, 0xc1, 0x00, 0x00, 0x00, 0x1f, 0x00, 0x00, 0x00, 0x23, 0x00, 0x00, 0x00,
        0x38, 0x02, 0x00, 0x00, 0x48, 0x00, 0x05, 0x00, 0xc1, 0x00, 0x00, 0x00, 0x20, 0x00, 0x00, 0x00,
        0x23, 0x00, 0x00, 0x00, 0x3c, 0x02, 0x00, 0x00, 0x48, 0x00, 0x05, 0x00, 0xc1, 0x00, 0x00, 0x00,
        0x21, 0x00, 0x00, 0x00, 0x23, 0x00, 0x00, 0x00, 0x40, 0x02, 0x00, 0x00, 0x47, 0x00, 0x04, 0x00,
        0xc3, 0x00, 0x00, 0x00, 0x21, 0x00, 0x00, 0x00, 0x00, 0x00, 0x00, 0x00, 0x47, 0x00, 0x04, 0x00,
        0xc3, 0x00, 0x00, 0x00, 0x22, 0x00, 0x00, 0x00, 0x00, 0x00, 0x00, 0x00, 0x47, 0x00, 0x04, 0x00,
        0xef, 0x00, 0x00, 0x00, 0x21, 0x00, 0x00, 0x00, 0x00, 0x00, 0x00, 0x00, 0x47, 0x00, 0x04, 0x00,
        0xef, 0x00, 0x00, 0x00, 0x22, 0x00, 0x00, 0x00, 0x00, 0x00, 0x00, 0x00, 0x47, 0x00, 0x04, 0x00,
        0xf1, 0x00, 0x00, 0x00, 0x21, 0x00, 0x00, 0x00, 0x00, 0x00, 0x00, 0x00, 0x47, 0x00, 0x04, 0x00,
        0xf1, 0x00, 0x00, 0x00, 0x22, 0x00, 0x00, 0x00, 0x00, 0x00, 0x00, 0x00, 0x47, 0x00, 0x04, 0x00,
        0x0e, 0x01, 0x00, 0x00, 0x21, 0x00, 0x00, 0x00, 0x01, 0x00, 0x00, 0x00, 0x47, 0x00, 0x04, 0x00,
        0x0e, 0x01, 0x00, 0x00, 0x22, 0x00, 0x00, 0x00, 0x00, 0x00, 0x00, 0x00, 0x47, 0x00, 0x04, 0x00,
        0x0f, 0x01, 0x00, 0x00, 0x21, 0x00, 0x00, 0x00, 0x01, 0x00, 0x00, 0x00, 0x47, 0x00, 0x04, 0x00,
        0x0f, 0x01, 0x00, 0x00, 0x22, 0x00, 0x00, 0x00, 0x00, 0x00, 0x00, 0x00, 0x47, 0x00, 0x04, 0x00,
        0x2b, 0x01, 0x00, 0x00, 0x21, 0x00, 0x00, 0x00, 0x02, 0x00, 0x00, 0x00, 0x47, 0x00, 0x04, 0x00,
        0x2b, 0x01, 0x00, 0x00, 0x22, 0x00, 0x00, 0x00, 0x00, 0x00, 0x00, 0x00, 0x47, 0x00, 0x04, 0x00,
        0x2c, 0x01, 0x00, 0x00, 0x21, 0x00, 0x00, 0x00, 0x02, 0x00, 0x00, 0x00, 0x47, 0x00, 0x04, 0x00,
        0x2c, 0x01, 0x00, 0x00, 0x22, 0x00, 0x00, 0x00, 0x00, 0x00, 0x00, 0x00, 0x47, 0x00, 0x04, 0x00,
        0xac, 0x01, 0x00, 0x00, 0x1e, 0x00, 0x00, 0x00, 0x00, 0x00, 0x00, 0x00, 0x47, 0x00, 0x04, 0x00,
        0xaf, 0x01, 0x00, 0x00, 0x1e, 0x00, 0x00, 0x00, 0x01, 0x00, 0x00, 0x00, 0x47, 0x00, 0x04, 0x00,
        0xb3, 0x01, 0x00, 0x00, 0x1e, 0x00, 0x00, 0x00, 0x02, 0x00, 0x00, 0x00, 0x47, 0x00, 0x04, 0x00,
        0xb7, 0x01, 0x00, 0x00, 0x1e, 0x00, 0x00, 0x00, 0x03, 0x00, 0x00, 0x00, 0x47, 0x00, 0x04, 0x00,
        0xba, 0x01, 0x00, 0x00, 0x1e, 0x00, 0x00, 0x00, 0x04, 0x00, 0x00, 0x00, 0x47, 0x00, 0x04, 0x00,
        0xbd, 0x01, 0x00, 0x00, 0x1e, 0x00, 0x00, 0x00, 0x05, 0x00, 0x00, 0x00, 0x47, 0x00, 0x04, 0x00,
        0xc0, 0x01, 0x00, 0x00, 0x1e, 0x00, 0x00, 0x00, 0x06, 0x00, 0x00, 0x00, 0x47, 0x00, 0x04, 0x00,
        0xc4, 0x01, 0x00, 0x00, 0x1e, 0x00, 0x00, 0x00, 0x00, 0x00, 0x00, 0x00, 0x13, 0x00, 0x02, 0x00,
        0x04, 0x00, 0x00, 0x00, 0x21, 0x00, 0x03, 0x00, 0x05, 0x00, 0x00, 0x00, 0x04, 0x00, 0x00, 0x00,
        0x16, 0x00, 0x03, 0x00, 0x08, 0x00, 0x00, 0x00, 0x20, 0x00, 0x00, 0x00, 0x17, 0x00, 0x04, 0x00,
        0x09, 0x00, 0x00, 0x00, 0x08, 0x00, 0x00, 0x00, 0x03, 0x00, 0x00, 0x00, 0x17, 0x00, 0x04, 0x00,
        0x15, 0x00, 0x00, 0x00, 0x08, 0x00, 0x00, 0x00, 0x02, 0x00, 0x00, 0x00, 0x17, 0x00, 0x04, 0x00,
        0x25, 0x00, 0x00, 0x00, 0x08, 0x00, 0x00, 0x00, 0x04, 0x00, 0x00, 0x00, 0x18, 0x00, 0x04, 0x00,
        0x27, 0x00, 0x00, 0x00, 0x25, 0x00, 0x00, 0x00, 0x04, 0x00, 0x00, 0x00, 0x19, 0x00, 0x09, 0x00,
        0x29, 0x00, 0x00, 0x00, 0x08, 0x00, 0x00, 0x00, 0x01, 0x00, 0x00, 0x00, 0x00, 0x00, 0x00, 0x00,
        0x00, 0x00, 0x00, 0x00, 0x00, 0x00, 0x00, 0x00, 0x01, 0x00, 0x00, 0x00, 0x00, 0x00, 0x00, 0x00,
        0x1a, 0x00, 0x02, 0x00, 0x2b, 0x00, 0x00, 0x00, 0x14, 0x00, 0x02, 0x00, 0x2d, 0x00, 0x00, 0x00,
        0x2b, 0x00, 0x04, 0x00, 0x08, 0x00, 0x00, 0x00, 0x45, 0x00, 0x00, 0x00, 0x00, 0x00, 0x7f, 0x43,
        0x2b, 0x00, 0x04, 0x00, 0x08, 0x00, 0x00, 0x00, 0x4e, 0x00, 0x00, 0x00, 0x00, 0x00, 0x80, 0x3f,
        0x2c, 0x00, 0x06, 0x00, 0x09, 0x00, 0x00, 0x00, 0x4f, 0x00, 0x00, 0x00, 0x4e, 0x00, 0x00, 0x00,
        0x4e, 0x00, 0x00, 0x00, 0x4e, 0x00, 0x00, 0x00, 0x15, 0x00, 0x04, 0x00, 0x51, 0x00, 0x00, 0x00,
        0x20, 0x00, 0x00, 0x00, 0x00, 0x00, 0x00, 0x00, 0x2b, 0x00, 0x04, 0x00, 0x51, 0x00, 0x00, 0x00,
        0x52, 0x00, 0x00, 0x00, 0x00, 0x00, 0x00, 0x00, 0x2b, 0x00, 0x04, 0x00, 0x08, 0x00, 0x00, 0x00,
        0x60, 0x00, 0x00, 0x00, 0x00, 0x00, 0x00, 0x40, 0x2b, 0x00, 0x04, 0x00, 0x08, 0x00, 0x00, 0x00,
        0x65, 0x00, 0x00, 0x00, 0x00, 0x00, 0x00, 0x00, 0x2a, 0x00, 0x03, 0x00, 0x2d, 0x00, 0x00, 0x00,
        0x78, 0x00, 0x00, 0x00, 0x2b, 0x00, 0x04, 0x00, 0x08, 0x00, 0x00, 0x00, 0x7e, 0x00, 0x00, 0x00,
        0x00, 0x00, 0x00, 0x3f, 0x2b, 0x00, 0x04, 0x00, 0x51, 0x00, 0x00, 0x00, 0x82, 0x00, 0x00, 0x00,
        0x03, 0x00, 0x00, 0x00, 0x2c, 0x00, 0x05, 0x00, 0x15, 0x00, 0x00, 0x00, 0x87, 0x00, 0x00, 0x00,
        0x7e, 0x00, 0x00, 0x00, 0x7e, 0x00, 0x00, 0x00, 0x1b, 0x00, 0x03, 0x00, 0xa6, 0x00, 0x00, 0x00,
        0x29, 0x00, 0x00, 0x00, 0x1e, 0x00, 0x24, 0x00, 0xc1, 0x00, 0x00, 0x00, 0x27, 0x00, 0x00, 0x00,
        0x27, 0x00, 0x00, 0x00, 0x27, 0x00, 0x00, 0x00, 0x08, 0x00, 0x00, 0x00, 0x08, 0x00, 0x00, 0x00,
        0x09, 0x00, 0x00, 0x00, 0x27, 0x00, 0x00, 0x00, 0x27, 0x00, 0x00, 0x00, 0x27, 0x00, 0x00, 0x00,
        0x09, 0x00, 0x00, 0x00, 0x51, 0x00, 0x00, 0x00, 0x51, 0x00, 0x00, 0x00, 0x09, 0x00, 0x00, 0x00,
        0x09, 0x00, 0x00, 0x00, 0x08, 0x00, 0x00, 0x00, 0x08, 0x00, 0x00, 0x00, 0x15, 0x00, 0x00, 0x00,
        0x09, 0x00, 0x00, 0x00, 0x08, 0x00, 0x00, 0x00, 0x51, 0x00, 0x00, 0x00, 0x08, 0x00, 0x00, 0x00,
        0x08, 0x00, 0x00, 0x00, 0x08, 0x00, 0x00, 0x00, 0x08, 0x00, 0x00, 0x00, 0x15, 0x00, 0x00, 0x00,
        0x08, 0x00, 0x00, 0x00, 0x08, 0x00, 0x00, 0x00, 0x08, 0x00, 0x00, 0x00, 0x08, 0x00, 0x00, 0x00,
        0x08, 0x00, 0x00, 0x00, 0x08, 0x00, 0x00, 0x00, 0x08, 0x00, 0x00, 0x00, 0x08, 0x00, 0x00, 0x00,
        0x08, 0x00, 0x00, 0x00, 0x20, 0x00, 0x04, 0x00, 0xc2, 0x00, 0x00, 0x00, 0x02, 0x00, 0x00, 0x00,
        0xc1, 0x00, 0x00, 0x00, 0x3b, 0x00, 0x04, 0x00, 0xc2, 0x00, 0x00, 0x00, 0xc3, 0x00, 0x00, 0x00,
        0x02, 0x00, 0x00, 0x00, 0x15, 0x00, 0x04, 0x00, 0xc4, 0x00, 0x00, 0x00, 0x20, 0x00, 0x00, 0x00,
        0x01, 0x00, 0x00, 0x00, 0x2b, 0x00, 0x04, 0x00, 0xc4, 0x00, 0x00, 0x00, 0xc5, 0x00, 0x00, 0x00,
        0x03, 0x00, 0x00, 0x00, 0x20, 0x00, 0x04, 0x00, 0xc6, 0x00, 0x00, 0x00, 0x02, 0x00, 0x00, 0x00,
        0x08, 0x00, 0x00, 0x00, 0x2b, 0x00, 0x04, 0x00, 0x08, 0x00, 0x00, 0x00, 0xcb, 0x00, 0x00, 0x00,
        0x0a, 0xd7, 0x23, 0x3c, 0x29, 0x00, 0x03, 0x00, 0x2d, 0x00, 0x00, 0x00, 0xd6, 0x00, 0x00, 0x00,
        0x2b, 0x00, 0x04, 0x00, 0xc4, 0x00, 0x00, 0x00, 0xd8, 0x00, 0x00, 0x00, 0x04, 0x00, 0x00, 0x00,
        0x2b, 0x00, 0x04, 0x00, 0xc4, 0x00, 0x00, 0x00, 0xe0, 0x00, 0x00, 0x00, 0x05, 0x00, 0x00, 0x00,
        0x20, 0x00, 0x04, 0x00, 0xe1, 0x00, 0x00, 0x00, 0x02, 0x00, 0x00, 0x00, 0x09, 0x00, 0x00, 0x00,
        0x2b, 0x00, 0x04, 0x00, 0x08, 0x00, 0x00, 0x00, 0xe7, 0x00, 0x00, 0x00, 0xcd, 0xcc, 0x4c, 0x3d,
        0x2b, 0x00, 0x04, 0x00, 0xc4, 0x00, 0x00, 0x00, 0xed, 0x00, 0x00, 0x00, 0x00, 0x00, 0x00, 0x00,
        0x20, 0x00, 0x04, 0x00, 0xee, 0x00, 0x00, 0x00, 0x00, 0x00, 0x00, 0x00, 0x29, 0x00, 0x00, 0x00,
        0x3b, 0x00, 0x04, 0x00, 0xee, 0x00, 0x00, 0x00, 0xef, 0x00, 0x00, 0x00, 0x00, 0x00, 0x00, 0x00,
        0x20, 0x00, 0x04, 0x00, 0xf0, 0x00, 0x00, 0x00, 0x00, 0x00, 0x00, 0x00, 0x2b, 0x00, 0x00, 0x00,
        0x3b, 0x00, 0x04, 0x00, 0xf0, 0x00, 0x00, 0x00, 0xf1, 0x00, 0x00, 0x00, 0x00, 0x00, 0x00, 0x00,
        0x20, 0x00, 0x04, 0x00, 0xf5, 0x00, 0x00, 0x00, 0x02, 0x00, 0x00, 0x00, 0x27, 0x00, 0x00, 0x00,
        0x2b, 0x00, 0x04, 0x00, 0xc4, 0x00, 0x00, 0x00, 0x0d, 0x01, 0x00, 0x00, 0x01, 0x00, 0x00, 0x00,
        0x3b, 0x00, 0x04, 0x00, 0xee, 0x00, 0x00, 0x00, 0x0e, 0x01, 0x00, 0x00, 0x00, 0x00, 0x00, 0x00,
        0x3b, 0x00, 0x04, 0x00, 0xf0, 0x00, 0x00, 0x00, 0x0f, 0x01, 0x00, 0x00, 0x00, 0x00, 0x00, 0x00,
        0x2b, 0x00, 0x04, 0x00, 0xc4, 0x00, 0x00, 0x00, 0x2a, 0x01, 0x00, 0x00, 0x02, 0x00, 0x00, 0x00,
        0x3b, 0x00, 0x04, 0x00, 0xee, 0x00, 0x00, 0x00, 0x2b, 0x01, 0x00, 0x00, 0x00, 0x00, 0x00, 0x00,
        0x3b, 0x00, 0x04, 0x00, 0xf0, 0x00, 0x00, 0x00, 0x2c, 0x01, 0x00, 0x00, 0x00, 0x00, 0x00, 0x00,
        0x2b, 0x00, 0x04, 0x00, 0xc4, 0x00, 0x00, 0x00, 0x60, 0x01, 0x00, 0x00, 0x10, 0x00, 0x00, 0x00,
        0x20, 0x00, 0x04, 0x00, 0x66, 0x01, 0x00, 0x00, 0x02, 0x00, 0x00, 0x00, 0x15, 0x00, 0x00, 0x00,
        0x2b, 0x00, 0x04, 0x00, 0xc4, 0x00, 0x00, 0x00, 0x6b, 0x01, 0x00, 0x00, 0x09, 0x00, 0x00, 0x00,
        0x2b, 0x00, 0x04, 0x00, 0xc4, 0x00, 0x00, 0x00, 0x73, 0x01, 0x00, 0x00, 0x16, 0x00, 0x00, 0x00,
        0x2b, 0x00, 0x04, 0x00, 0x08, 0x00, 0x00, 0x00, 0x7f, 0x01, 0x00, 0x00, 0x00, 0x00, 0x00, 0x43,
        0x2b, 0x00, 0x04, 0x00, 0x08, 0x00, 0x00, 0x00, 0x80, 0x01, 0x00, 0x00, 0xcd, 0xcc, 0x4c, 0x41,
        0x2b, 0x00, 0x04, 0x00, 0xc4, 0x00, 0x00, 0x00, 0x88, 0x01, 0x00, 0x00, 0x0d, 0x00, 0x00, 0x00,
        0x2b, 0x00, 0x04, 0x00, 0xc4, 0x00, 0x00, 0x00, 0x89, 0x01, 0x00, 0x00, 0x0e, 0x00, 0x00, 0x00,
        0x2b, 0x00, 0x04, 0x00, 0xc4, 0x00, 0x00, 0x00, 0x8a, 0x01, 0x00, 0x00, 0x0f, 0x00, 0x00, 0x00,
        0x20, 0x00, 0x04, 0x00, 0xa8, 0x01, 0x00, 0x00, 0x01, 0x00, 0x00, 0x00, 0x25, 0x00, 0x00, 0x00,
        0x3b, 0x00, 0x04, 0x00, 0xa8, 0x01, 0x00, 0x00, 0xac, 0x01, 0x00, 0x00, 0x01, 0x00, 0x00, 0x00,
        0x3b, 0x00, 0x04, 0x00, 0xa8, 0x01, 0x00, 0x00, 0xaf, 0x01, 0x00, 0x00, 0x01, 0x00, 0x00, 0x00,
        0x20, 0x00, 0x04, 0x00, 0xb2, 0x01, 0x00, 0x00, 0x01, 0x00, 0x00, 0x00, 0x08, 0x00, 0x00, 0x00,
        0x3b, 0x00, 0x04, 0x00, 0xb2, 0x01, 0x00, 0x00, 0xb3, 0x01, 0x00, 0x00, 0x01, 0x00, 0x00, 0x00,
        0x20, 0x00, 0x04, 0x00, 0xb6, 0x01, 0x00, 0x00, 0x01, 0x00, 0x00, 0x00, 0x09, 0x00, 0x00, 0x00,
        0x3b, 0x00, 0x04, 0x00, 0xb6, 0x01, 0x00, 0x00, 0xb7, 0x01, 0x00, 0x00, 0x01, 0x00, 0x00, 0x00,
        0x3b, 0x00, 0x04, 0x00, 0xb2, 0x01, 0x00, 0x00, 0xba, 0x01, 0x00, 0x00, 0x01, 0x00, 0x00, 0x00,
        0x3b, 0x00, 0x04, 0x00, 0xb2, 0x01, 0x00, 0x00, 0xbd, 0x01, 0x00, 0x00, 0x01, 0x00, 0x00, 0x00,
        0x3b, 0x00, 0x04, 0x00, 0xb2, 0x01, 0x00, 0x00, 0xc0, 0x01, 0x00, 0x00, 0x01, 0x00, 0x00, 0x00,
        0x20, 0x00, 0x04, 0x00, 0xc3, 0x01, 0x00, 0x00, 0x03, 0x00, 0x00, 0x00, 0x25, 0x00, 0x00, 0x00,
        0x3b, 0x00, 0x04, 0x00, 0xc3, 0x01, 0x00, 0x00, 0xc4, 0x01, 0x00, 0x00, 0x03, 0x00, 0x00, 0x00,
        0x2c, 0x00, 0x06, 0x00, 0x09, 0x00, 0x00, 0x00, 0xe3, 0x03, 0x00, 0x00, 0xcb, 0x00, 0x00, 0x00,
        0xcb, 0x00, 0x00, 0x00, 0xcb, 0x00, 0x00, 0x00, 0x2b, 0x00, 0x04, 0x00, 0x08, 0x00, 0x00, 0x00,
        0xe4, 0x03, 0x00, 0x00, 0x81, 0x80, 0x80, 0x3b, 0x2b, 0x00, 0x04, 0x00, 0x08, 0x00, 0x00, 0x00,
        0xe5, 0x03, 0x00, 0x00, 0xce, 0xcc, 0xcc, 0x3d, 0x08, 0x00, 0x04, 0x00, 0x01, 0x00, 0x00, 0x00,
        0xd8, 0x00, 0x00, 0x00, 0x01, 0x00, 0x00, 0x00, 0x36, 0x00, 0x05, 0x00, 0x04, 0x00, 0x00, 0x00,
        0x06, 0x00, 0x00, 0x00, 0x00, 0x00, 0x00, 0x00, 0x05, 0x00, 0x00, 0x00, 0x3d, 0x01, 0x01, 0x00,
        0xf8, 0x00, 0x02, 0x00, 0x07, 0x00, 0x00, 0x00, 0x08, 0x00, 0x04, 0x00, 0x01, 0x00, 0x00, 0x00,
        0xd8, 0x00, 0x00, 0x00, 0x00, 0x00, 0x00, 0x00, 0x3d, 0x00, 0x04, 0x00, 0x25, 0x00, 0x00, 0x00,
        0xad, 0x01, 0x00, 0x00, 0xac, 0x01, 0x00, 0x00, 0x3d, 0x00, 0x04, 0x00, 0x25, 0x00, 0x00, 0x00,
        0xb0, 0x01, 0x00, 0x00, 0xaf, 0x01, 0x00, 0x00, 0x3d, 0x00, 0x04, 0x00, 0x08, 0x00, 0x00, 0x00,
        0xb4, 0x01, 0x00, 0x00, 0xb3, 0x01, 0x00, 0x00, 0x3d, 0x00, 0x04, 0x00, 0x09, 0x00, 0x00, 0x00,
        0xb8, 0x01, 0x00, 0x00, 0xb7, 0x01, 0x00, 0x00, 0x3d, 0x00, 0x04, 0x00, 0x08, 0x00, 0x00, 0x00,
        0xbb, 0x01, 0x00, 0x00, 0xba, 0x01, 0x00, 0x00, 0x3d, 0x00, 0x04, 0x00, 0x08, 0x00, 0x00, 0x00,
        0xbe, 0x01, 0x00, 0x00, 0xbd, 0x01, 0x00, 0x00, 0x3d, 0x00, 0x04, 0x00, 0x08, 0x00, 0x00, 0x00,
        0xc1, 0x01, 0x00, 0x00, 0xc0, 0x01, 0x00, 0x00, 0x08, 0x00, 0x04, 0x00, 0x01, 0x00, 0x00, 0x00,
        0xd9, 0x00, 0x00, 0x00, 0x00, 0x00, 0x00, 0x00, 0x4f, 0x00, 0x08, 0x00, 0x09, 0x00, 0x00, 0x00,
        0xe1, 0x01, 0x00, 0x00, 0xad, 0x01, 0x00, 0x00, 0xad, 0x01, 0x00, 0x00, 0x00, 0x00, 0x00, 0x00,
        0x01, 0x00, 0x00, 0x00, 0x02, 0x00, 0x00, 0x00, 0x08, 0x00, 0x04, 0x00, 0x01, 0x00, 0x00, 0x00,
        0xda, 0x00, 0x00, 0x00, 0x00, 0x00, 0x00, 0x00, 0x41, 0x00, 0x05, 0x00, 0xb2, 0x01, 0x00, 0x00,
        0xcb, 0x03, 0x00, 0x00, 0xac, 0x01, 0x00, 0x00, 0x82, 0x00, 0x00, 0x00, 0x3d, 0x00, 0x04, 0x00,
        0x08, 0x00, 0x00, 0x00, 0xe3, 0x01, 0x00, 0x00, 0xcb, 0x03, 0x00, 0x00, 0x08, 0x00, 0x04, 0x00,
        0x01, 0x00, 0x00, 0x00, 0xdc, 0x00, 0x00, 0x00, 0x00, 0x00, 0x00, 0x00, 0xba, 0x00, 0x05, 0x00,
        0x2d, 0x00, 0x00, 0x00, 0xe6, 0x01, 0x00, 0x00, 0xbe, 0x01, 0x00, 0x00, 0x65, 0x00, 0x00, 0x00,
        0xf7, 0x00, 0x03, 0x00, 0x00, 0x02, 0x00, 0x00, 0x00, 0x00, 0x00, 0x00, 0xfa, 0x00, 0x04, 0x00,
        0xe6, 0x01, 0x00, 0x00, 0xe7, 0x01, 0x00, 0x00, 0x00, 0x02, 0x00, 0x00, 0xf8, 0x00, 0x02, 0x00,
        0xe7, 0x01, 0x00, 0x00, 0x08, 0x00, 0x04, 0x00, 0x01, 0x00, 0x00, 0x00, 0xe3, 0x00, 0x00, 0x00,
        0x00, 0x00, 0x00, 0x00, 0xba, 0x00, 0x05, 0x00, 0x2d, 0x00, 0x00, 0x00, 0xec, 0x01, 0x00, 0x00,
        0xb4, 0x01, 0x00, 0x00, 0x65, 0x00, 0x00, 0x00, 0x3d, 0x01, 0x01, 0x00, 0xf7, 0x00, 0x03, 0x00,
        0x80, 0x02, 0x00, 0x00, 0x00, 0x00, 0x00, 0x00, 0xfb, 0x00, 0x03, 0x00, 0x52, 0x00, 0x00, 0x00,
        0x43, 0x02, 0x00, 0x00, 0xf8, 0x00, 0x02, 0x00, 0x43, 0x02, 0x00, 0x00, 0x08, 0x00, 0x04, 0x00,
        0x02, 0x00, 0x00, 0x00, 0xea, 0x00, 0x00, 0x00, 0x00, 0x00, 0x00, 0x00, 0x41, 0x00, 0x05, 0x00,
        0xc6, 0x00, 0x00, 0x00, 0x44, 0x02, 0x00, 0x00, 0xc3, 0x00, 0x00, 0x00, 0xd8, 0x00, 0x00, 0x00,
        0x3d, 0x00, 0x04, 0x00, 0x08, 0x00, 0x00, 0x00, 0x45, 0x02, 0x00, 0x00, 0x44, 0x02, 0x00, 0x00,
        0xba, 0x00, 0x05, 0x00, 0x2d, 0x00, 0x00, 0x00, 0x46, 0x02, 0x00, 0x00, 0x45, 0x02, 0x00, 0x00,
        0x65, 0x00, 0x00, 0x00, 0xf7, 0x00, 0x03, 0x00, 0x7f, 0x02, 0x00, 0x00, 0x00, 0x00, 0x00, 0x00,
        0xfa, 0x00, 0x04, 0x00, 0x46, 0x02, 0x00, 0x00, 0x47, 0x02, 0x00, 0x00, 0x7f, 0x02, 0x00, 0x00,
        0xf8, 0x00, 0x02, 0x00, 0x47, 0x02, 0x00, 0x00, 0x08, 0x00, 0x04, 0x00, 0x02, 0x00, 0x00, 0x00,
        0xf0, 0x00, 0x00, 0x00, 0x00, 0x00, 0x00, 0x00, 0x41, 0x00, 0x05, 0x00, 0xe1, 0x00, 0x00, 0x00,
        0x49, 0x02, 0x00, 0x00, 0xc3, 0x00, 0x00, 0x00, 0xe0, 0x00, 0x00, 0x00, 0x3d, 0x00, 0x04, 0x00,
        0x09, 0x00, 0x00, 0x00, 0x4a, 0x02, 0x00, 0x00, 0x49, 0x02, 0x00, 0x00, 0x94, 0x00, 0x05, 0x00,
        0x08, 0x00, 0x00, 0x00, 0x4b, 0x02, 0x00, 0x00, 0xb8, 0x01, 0x00, 0x00, 0x4a, 0x02, 0x00, 0x00,
        0x0c, 0x00, 0x06, 0x00, 0x08, 0x00, 0x00, 0x00, 0x4c, 0x02, 0x00, 0x00, 0x03, 0x00, 0x00, 0x00,
        0x04, 0x00, 0x00, 0x00, 0x4b, 0x02, 0x00, 0x00, 0x08, 0x00, 0x04, 0x00, 0x02, 0x00, 0x00, 0x00,
        0xf4, 0x00, 0x00, 0x00, 0x00, 0x00, 0x00, 0x00, 0xbe, 0x00, 0x05, 0x00, 0x2d, 0x00, 0x00, 0x00,
        0x4e, 0x02, 0x00, 0x00, 0x4c, 0x02, 0x00, 0x00, 0xe7, 0x00, 0x00, 0x00, 0xf7, 0x00, 0x03, 0x00,
        0x7e, 0x02, 0x00, 0x00, 0x00, 0x00, 0x00, 0x00, 0xfa, 0x00, 0x04, 0x00, 0x4e, 0x02, 0x00, 0x00,
        0x4f, 0x02, 0x00, 0x00, 0x7e, 0x02, 0x00, 0x00, 0xf8, 0x00, 0x02, 0x00, 0x4f, 0x02, 0x00, 0x00,
        0x08, 0x00, 0x04, 0x00, 0x02, 0x00, 0x00, 0x00, 0xf8, 0x00, 0x00, 0x00, 0x00, 0x00, 0x00, 0x00,
        0x41, 0x00, 0x05, 0x00, 0xf5, 0x00, 0x00, 0x00, 0x51, 0x02, 0x00, 0x00, 0xc3, 0x00, 0x00, 0x00,
        0xed, 0x00, 0x00, 0x00, 0x3d, 0x00, 0x04, 0x00, 0x27, 0x00, 0x00, 0x00, 0x52, 0x02, 0x00, 0x00,
        0x51, 0x02, 0x00, 0x00, 0x3d, 0x00, 0x04, 0x00, 0x29, 0x00, 0x00, 0x00, 0x53, 0x02, 0x00, 0x00,
        0xef, 0x00, 0x00, 0x00, 0x3d, 0x00, 0x04, 0x00, 0x2b, 0x00, 0x00, 0x00, 0x54, 0x02, 0x00, 0x00,
        0xf1, 0x00, 0x00, 0x00, 0x08, 0x00, 0x04, 0x00, 0x02, 0x00, 0x00, 0x00, 0xbc, 0x00, 0x00, 0x00,
        0x00, 0x00, 0x00, 0x00, 0x91, 0x00, 0x05, 0x00, 0x25, 0x00, 0x00, 0x00, 0x8d, 0x02, 0x00, 0x00,
        0x52, 0x02, 0x00, 0x00, 0xb0, 0x01, 0x00, 0x00, 0x08, 0x00, 0x04, 0x00, 0x02, 0x00, 0x00, 0x00,
        0xbf, 0x00, 0x00, 0x00, 0x00, 0x00, 0x00, 0x00, 0x4f, 0x00, 0x07, 0x00, 0x15, 0x00, 0x00, 0x00,
        0x8f, 0x02, 0x00, 0x00, 0x8d, 0x02, 0x00, 0x00, 0x8d, 0x02, 0x00, 0x00, 0x00, 0x00, 0x00, 0x00,
        0x01, 0x00, 0x00, 0x00, 0x8e, 0x00, 0x05, 0x00, 0x15, 0x00, 0x00, 0x00, 0x90, 0x02, 0x00, 0x00,
        0x8f, 0x02, 0x00, 0x00, 0x7e, 0x00, 0x00, 0x00, 0x08, 0x00, 0x04, 0x00, 0x02, 0x00, 0x00, 0x00,
        0xc0, 0x00, 0x00, 0x00, 0x00, 0x00, 0x00, 0x00, 0x51, 0x00, 0x05, 0x00, 0x08, 0x00, 0x00, 0x00,
        0x92, 0x02, 0x00, 0x00, 0x8d, 0x02, 0x00, 0x00, 0x03, 0x00, 0x00, 0x00, 0x50, 0x00, 0x05, 0x00,
        0x15, 0x00, 0x00, 0x00, 0x93, 0x02, 0x00, 0x00, 0x92, 0x02, 0x00, 0x00, 0x92, 0x02, 0x00, 0x00,
        0x88, 0x00, 0x05, 0x00, 0x15, 0x00, 0x00, 0x00, 0x94, 0x02, 0x00, 0x00, 0x90, 0x02, 0x00, 0x00,
        0x93, 0x02, 0x00, 0x00, 0x81, 0x00, 0x05, 0x00, 0x15, 0x00, 0x00, 0x00, 0x95, 0x02, 0x00, 0x00,
        0x94, 0x02, 0x00, 0x00, 0x87, 0x00, 0x00, 0x00, 0x08, 0x00, 0x04, 0x00, 0x02, 0x00, 0x00, 0x00,
        0xc1, 0x00, 0x00, 0x00, 0x00, 0x00, 0x00, 0x00, 0x51, 0x00, 0x05, 0x00, 0x08, 0x00, 0x00, 0x00,
        0x97, 0x02, 0x00, 0x00, 0x95, 0x02, 0x00, 0x00, 0x01, 0x00, 0x00, 0x00, 0x83, 0x00, 0x05, 0x00,
        0x08, 0x00, 0x00, 0x00, 0x98, 0x02, 0x00, 0x00, 0x4e, 0x00, 0x00, 0x00, 0x97, 0x02, 0x00, 0x00,
        0x52, 0x00, 0x06, 0x00, 0x15, 0x00, 0x00, 0x00, 0xe9, 0x03, 0x00, 0x00, 0x98, 0x02, 0x00, 0x00,
        0x95, 0x02, 0x00, 0x00, 0x01, 0x00, 0x00, 0x00, 0x08, 0x00, 0x04, 0x00, 0x02, 0x00, 0x00, 0x00,
        0xc4, 0x00, 0x00, 0x00, 0x00, 0x00, 0x00, 0x00, 0x51, 0x00, 0x05, 0x00, 0x08, 0x00, 0x00, 0x00,
        0x9b, 0x02, 0x00, 0x00, 0x95, 0x02, 0x00, 0x00, 0x00, 0x00, 0x00, 0x00, 0xbe, 0x00, 0x05, 0x00,
        0x2d, 0x00, 0x00, 0x00, 0x9c, 0x02, 0x00, 0x00, 0x9b, 0x02, 0x00, 0x00, 0x65, 0x00, 0x00, 0x00,
        0xbc, 0x00, 0x05, 0x00, 0x2d, 0x00, 0x00, 0x00, 0x9f, 0x02, 0x00, 0x00, 0x9b, 0x02, 0x00, 0x00,
        0x4e, 0x00, 0x00, 0x00, 0xa7, 0x00, 0x05, 0x00, 0x2d, 0x00, 0x00, 0x00, 0xa0, 0x02, 0x00, 0x00,
        0x9c, 0x02, 0x00, 0x00, 0x9f, 0x02, 0x00, 0x00, 0x08, 0x00, 0x04, 0x00, 0x02, 0x00, 0x00, 0x00,
        0xc5, 0x00, 0x00, 0x00, 0x00, 0x00, 0x00, 0x00, 0xbe, 0x00, 0x05, 0x00, 0x2d, 0x00, 0x00, 0x00,
        0xa3, 0x02, 0x00, 0x00, 0x98, 0x02, 0x00, 0x00, 0x65, 0x00, 0x00, 0x00, 0xa7, 0x00, 0x05, 0x00,
        0x2d, 0x00, 0x00, 0x00, 0xa4, 0x02, 0x00, 0x00, 0xa0, 0x02, 0x00, 0x00, 0xa3, 0x02, 0x00, 0x00,
        0xbc, 0x00, 0x05, 0x00, 0x2d, 0x00, 0x00, 0x00, 0xa7, 0x02, 0x00, 0x00, 0x98, 0x02, 0x00, 0x00,
        0x4e, 0x00, 0x00, 0x00, 0xa7, 0x00, 0x05, 0x00, 0x2d, 0x00, 0x00, 0x00, 0xa8, 0x02, 0x00, 0x00,
        0xa4, 0x02, 0x00, 0x00, 0xa7, 0x02, 0x00, 0x00, 0x08, 0x00, 0x04, 0x00, 0x02, 0x00, 0x00, 0x00,
        0xc6, 0x00, 0x00, 0x00, 0x00, 0x00, 0x00, 0x00, 0x51, 0x00, 0x05, 0x00, 0x08, 0x00, 0x00, 0x00,
        0xaa, 0x02, 0x00, 0x00, 0x8d, 0x02, 0x00, 0x00, 0x02, 0x00, 0x00, 0x00, 0xba, 0x00, 0x05, 0x00,
        0x2d, 0x00, 0x00, 0x00, 0xab, 0x02, 0x00, 0x00, 0xaa, 0x02, 0x00, 0x00, 0x65, 0x00, 0x00, 0x00,
        0xa7, 0x00, 0x05, 0x00, 0x2d, 0x00, 0x00, 0x00, 0xac, 0x02, 0x00, 0x00, 0xa8, 0x02, 0x00, 0x00,
        0xab, 0x02, 0x00, 0x00, 0xf7, 0x00, 0x03, 0x00, 0xd4, 0x02, 0x00, 0x00, 0x00, 0x00, 0x00, 0x00,
        0xfa, 0x00, 0x04, 0x00, 0xac, 0x02, 0x00, 0x00, 0xad, 0x02, 0x00, 0x00, 0xd3, 0x02, 0x00, 0x00,
        0xf8, 0x00, 0x02, 0x00, 0xad, 0x02, 0x00, 0x00, 0x08, 0x00, 0x04, 0x00, 0x02, 0x00, 0x00, 0x00,
        0xc9, 0x00, 0x00, 0x00, 0x00, 0x00, 0x00, 0x00, 0x56, 0x00, 0x05, 0x00, 0xa6, 0x00, 0x00, 0x00,
        0xb0, 0x02, 0x00, 0x00, 0x53, 0x02, 0x00, 0x00, 0x54, 0x02, 0x00, 0x00, 0x57, 0x00, 0x05, 0x00,
        0x25, 0x00, 0x00, 0x00, 0xb2, 0x02, 0x00, 0x00, 0xb0, 0x02, 0x00, 0x00, 0xe9, 0x03, 0x00, 0x00,
        0x51, 0x00, 0x05, 0x00, 0x08, 0x00, 0x00, 0x00, 0xb3, 0x02, 0x00, 0x00, 0xb2, 0x02, 0x00, 0x00,
        0x00, 0x00, 0x00, 0x00, 0x08, 0x00, 0x04, 0x00, 0x02, 0x00, 0x00, 0x00, 0xce, 0x00, 0x00, 0x00,
        0x00, 0x00, 0x00, 0x00, 0x88, 0x00, 0x05, 0x00, 0x08, 0x00, 0x00, 0x00, 0xb8, 0x02, 0x00, 0x00,
        0xaa, 0x02, 0x00, 0x00, 0x92, 0x02, 0x00, 0x00, 0x08, 0x00, 0x04, 0x00, 0x02, 0x00, 0x00, 0x00,
        0xd1, 0x00, 0x00, 0x00, 0x00, 0x00, 0x00, 0x00, 0xcf, 0x00, 0x04, 0x00, 0x08, 0x00, 0x00, 0x00,
        0xba, 0x02, 0x00, 0x00, 0xb8, 0x02, 0x00, 0x00, 0x08, 0x00, 0x04, 0x00, 0x02, 0x00, 0x00, 0x00,
        0xd2, 0x00, 0x00, 0x00, 0x00, 0x00, 0x00, 0x00, 0xd0, 0x00, 0x04, 0x00, 0x08, 0x00, 0x00, 0x00,
        0xbc, 0x02, 0x00, 0x00, 0xb8, 0x02, 0x00, 0x00, 0x08, 0x00, 0x04, 0x00, 0x02, 0x00, 0x00, 0x00,
        0xd3, 0x00, 0x00, 0x00, 0x00, 0x00, 0x00, 0x00, 0x85, 0x00, 0x05, 0x00, 0x08, 0x00, 0x00, 0x00,
        0xbf, 0x02, 0x00, 0x00, 0xba, 0x02, 0x00, 0x00, 0xba, 0x02, 0x00, 0x00, 0x85, 0x00, 0x05, 0x00,
        0x08, 0x00, 0x00, 0x00, 0xc2, 0x02, 0x00, 0x00, 0xbc, 0x02, 0x00, 0x00, 0xbc, 0x02, 0x00, 0x00,
        0x81, 0x00, 0x05, 0x00, 0x08, 0x00, 0x00, 0x00, 0xc3, 0x02, 0x00, 0x00, 0xbf, 0x02, 0x00, 0x00,
        0xc2, 0x02, 0x00, 0x00, 0x0c, 0x00, 0x06, 0x00, 0x08, 0x00, 0x00, 0x00, 0xc4, 0x02, 0x00, 0x00,
        0x03, 0x00, 0x00, 0x00, 0x1f, 0x00, 0x00, 0x00, 0xc3, 0x02, 0x00, 0x00, 0x08, 0x00, 0x04, 0x00,
        0x02, 0x00, 0x00, 0x00, 0xd4, 0x00, 0x00, 0x00, 0x00, 0x00, 0x00, 0x00, 0x41, 0x00, 0x05, 0x00,
        0xc6, 0x00, 0x00, 0x00, 0xc5, 0x02, 0x00, 0x00, 0xc3, 0x00, 0x00, 0x00, 0xc5, 0x00, 0x00, 0x00,
        0x3d, 0x00, 0x04, 0x00, 0x08, 0x00, 0x00, 0x00, 0xc6, 0x02, 0x00, 0x00, 0xc5, 0x02, 0x00, 0x00,
        0x0c, 0x00, 0x08, 0x00, 0x08, 0x00, 0x00, 0x00, 0xc9, 0x02, 0x00, 0x00, 0x03, 0x00, 0x00, 0x00,
        0x2b, 0x00, 0x00, 0x00, 0xc4, 0x02, 0x00, 0x00, 0x65, 0x00, 0x00, 0x00, 0xcb, 0x00, 0x00, 0x00,
        0x81, 0x00, 0x05, 0x00, 0x08, 0x00, 0x00, 0x00, 0xca, 0x02, 0x00, 0x00, 0xc6, 0x02, 0x00, 0x00,
        0xc9, 0x02, 0x00, 0x00, 0x08, 0x00, 0x04, 0x00, 0x02, 0x00, 0x00, 0x00, 0xd6, 0x00, 0x00, 0x00,
        0x00, 0x00, 0x00, 0x00, 0x83, 0x00, 0x05, 0x00, 0x08, 0x00, 0x00, 0x00, 0xcd, 0x02, 0x00, 0x00,
        0xb8, 0x02, 0x00, 0x00, 0xca, 0x02, 0x00, 0x00, 0x08, 0x00, 0x04, 0x00, 0x02, 0x00, 0x00, 0x00,
        0xd9, 0x00, 0x00, 0x00, 0x00, 0x00, 0x00, 0x00, 0xb8, 0x00, 0x05, 0x00, 0x2d, 0x00, 0x00, 0x00,
        0xd0, 0x02, 0x00, 0x00, 0xb3, 0x02, 0x00, 0x00, 0xcd, 0x02, 0x00, 0x00, 0x08, 0x00, 0x04, 0x00,
        0x02, 0x00, 0x00, 0x00, 0xdf, 0x00, 0x00, 0x00, 0x00, 0x00, 0x00, 0x00, 0xf9, 0x00, 0x02, 0x00,
        0xd4, 0x02, 0x00, 0x00, 0xf8, 0x00, 0x02, 0x00, 0xd3, 0x02, 0x00, 0x00, 0x08, 0x00, 0x04, 0x00,
        0x02, 0x00, 0x00, 0x00, 0xe1, 0x00, 0x00, 0x00, 0x00, 0x00, 0x00, 0x00, 0xf9, 0x00, 0x02, 0x00,
        0xd4, 0x02, 0x00, 0x00, 0xf8, 0x00, 0x02, 0x00, 0xd4, 0x02, 0x00, 0x00, 0xf5, 0x00, 0x07, 0x00,
        0x2d, 0x00, 0x00, 0x00, 0xcd, 0x03, 0x00, 0x00, 0xd0, 0x02, 0x00, 0x00, 0xad, 0x02, 0x00, 0x00,
        0x78, 0x00, 0x00, 0x00, 0xd3, 0x02, 0x00, 0x00, 0x08, 0x00, 0x04, 0x00, 0x02, 0x00, 0x00, 0x00,
        0xf9, 0x00, 0x00, 0x00, 0x00, 0x00, 0x00, 0x00, 0xf7, 0x00, 0x03, 0x00, 0x5b, 0x02, 0x00, 0x00,
        0x00, 0x00, 0x00, 0x00, 0xfa, 0x00, 0x04, 0x00, 0xac, 0x02, 0x00, 0x00, 0x59, 0x02, 0x00, 0x00,
        0x5b, 0x02, 0x00, 0x00, 0xf8, 0x00, 0x02, 0x00, 0x59, 0x02, 0x00, 0x00, 0x08, 0x00, 0x04, 0x00,
        0x02, 0x00, 0x00, 0x00, 0xf9, 0x00, 0x00, 0x00, 0x00, 0x00, 0x00, 0x00, 0xf9, 0x00, 0x02, 0x00,
        0x80, 0x02, 0x00, 0x00, 0xf8, 0x00, 0x02, 0x00, 0x5b, 0x02, 0x00, 0x00, 0x08, 0x00, 0x04, 0x00,
        0x02, 0x00, 0x00, 0x00, 0xfb, 0x00, 0x00, 0x00, 0x00, 0x00, 0x00, 0x00, 0xba, 0x00, 0x05, 0x00,
        0x2d, 0x00, 0x00, 0x00, 0x5e, 0x02, 0x00, 0x00, 0x45, 0x02, 0x00, 0x00, 0x4e, 0x00, 0x00, 0x00,
        0xf7, 0x00, 0x03, 0x00, 0x7d, 0x02, 0x00, 0x00, 0x00, 0x00, 0x00, 0x00, 0xfa, 0x00, 0x04, 0x00,
        0x5e, 0x02, 0x00, 0x00, 0x5f, 0x02, 0x00, 0x00, 0x7d, 0x02, 0x00, 0x00, 0xf8, 0x00, 0x02, 0x00,
        0x5f, 0x02, 0x00, 0x00, 0x08, 0x00, 0x04, 0x00, 0x02, 0x00, 0x00, 0x00, 0xff, 0x00, 0x00, 0x00,
        0x00, 0x00, 0x00, 0x00, 0x41, 0x00, 0x05, 0x00, 0xf5, 0x00, 0x00, 0x00, 0x61, 0x02, 0x00, 0x00,
        0xc3, 0x00, 0x00, 0x00, 0x0d, 0x01, 0x00, 0x00, 0x3d, 0x00, 0x04, 0x00, 0x27, 0x00, 0x00, 0x00,
        0x62, 0x02, 0x00, 0x00, 0x61, 0x02, 0x00, 0x00, 0x3d, 0x00, 0x04, 0x00, 0x29, 0x00, 0x00, 0x00,
        0x63, 0x02, 0x00, 0x00, 0x0e, 0x01, 0x00, 0x00, 0x3d, 0x00, 0x04, 0x00, 0x2b, 0x00, 0x00, 0x00,
        0x64, 0x02, 0x00, 0x00, 0x0f, 0x01, 0x00, 0x00, 0x08, 0x00, 0x04, 0x00, 0x02, 0x00, 0x00, 0x00,
        0xbc, 0x00, 0x00, 0x00, 0x00, 0x00, 0x00, 0x00, 0x91, 0x00, 0x05, 0x00, 0x25, 0x00, 0x00, 0x00,
        0xe0, 0x02, 0x00, 0x00, 0x62, 0x02, 0x00, 0x00, 0xb0, 0x01, 0x00, 0x00, 0x08, 0x00, 0x04, 0x00,
        0x02, 0x00, 0x00, 0x00, 0xbf, 0x00, 0x00, 0x00, 0x00, 0x00, 0x00, 0x00, 0x4f, 0x00, 0x07, 0x00,
        0x15, 0x00, 0x00, 0x00, 0xe2, 0x02, 0x00, 0x00, 0xe0, 0x02, 0x00, 0x00, 0xe0, 0x02, 0x00, 0x00,
        0x00, 0x00, 0x00, 0x00, 0x01, 0x00, 0x00, 0x00, 0x8e, 0x00, 0x05, 0x00, 0x15, 0x00, 0x00, 0x00,
        0xe3, 0x02, 0x00, 0x00, 0xe2, 0x02, 0x00, 0x00, 0x7e, 0x00, 0x00, 0x00, 0x08, 0x00, 0x04, 0x00,
        0x02, 0x00, 0x00, 0x00, 0xc0, 0x00, 0x00, 0x00, 0x00, 0x00, 0x00, 0x00, 0x51, 0x00, 0x05, 0x00,
        0x08, 0x00, 0x00, 0x00, 0xe5, 0x02, 0x00, 0x00, 0xe0, 0x02, 0x00, 0x00, 0x03, 0x00, 0x00, 0x00,
        0x50, 0x00, 0x05, 0x00, 0x15, 0x00, 0x00, 0x00, 0xe6, 0x02, 0x00, 0x00, 0xe5, 0x02, 0x00, 0x00,
        0xe5, 0x02, 0x00, 0x00, 0x88, 0x00, 0x05, 0x00, 0x15, 0x00, 0x00, 0x00, 0xe7, 0x02, 0x00, 0x00,
        0xe3, 0x02, 0x00, 0x00, 0xe6, 0x02, 0x00, 0x00, 0x81, 0x00, 0x05, 0x00, 0x15, 0x00, 0x00, 0x00,
        0xe8, 0x02, 0x00, 0x00, 0xe7, 0x02, 0x00, 0x00, 0x87, 0x00, 0x00, 0x00, 0x08, 0x00, 0x04, 0x00,
        0x02, 0x00, 0x00, 0x00, 0xc1, 0x00, 0x00, 0x00, 0x00, 0x00, 0x00, 0x00, 0x51, 0x00, 0x05, 0x00,
        0x08, 0x00, 0x00, 0x00, 0xea, 0x02, 0x00, 0x00, 0xe8, 0x02, 0x00, 0x00, 0x01, 0x00, 0x00, 0x00,
        0x83, 0x00, 0x05, 0x00, 0x08, 0x00, 0x00, 0x00, 0xeb, 0x02, 0x00, 0x00, 0x4e, 0x00, 0x00, 0x00,
        0xea, 0x02, 0x00, 0x00, 0x52, 0x00, 0x06, 0x00, 0x15, 0x00, 0x00, 0x00, 0xf4, 0x03, 0x00, 0x00,
        0xeb, 0x02, 0x00, 0x00, 0xe8, 0x02, 0x00, 0x00, 0x01, 0x00, 0x00, 0x00, 0x08, 0x00, 0x04, 0x00,
        0x02, 0x00, 0x00, 0x00, 0xc4, 0x00, 0x00, 0x00, 0x00, 0x00, 0x00, 0x00, 0x51, 0x00, 0x05, 0x00,
        0x08, 0x00, 0x00, 0x00, 0xee, 0x02, 0x00, 0x00, 0xe8, 0x02, 0x00, 0x00, 0x00, 0x00, 0x00, 0x00,
        0xbe, 0x00, 0x05, 0x00, 0x2d, 0x00, 0x00, 0x00, 0xef, 0x02, 0x00, 0x00, 0xee, 0x02, 0x00, 0x00,
        0x65, 0x00, 0x00, 0x00, 0xbc, 0x00, 0x05, 0x00, 0x2d, 0x00, 0x00, 0x00, 0xf2, 0x02, 0x00, 0x00,
        0xee, 0x02, 0x00, 0x00, 0x4e, 0x00, 0x00, 0x00, 0xa7, 0x00, 0x05, 0x00, 0x2d, 0x00, 0x00, 0x00,
        0xf3, 0x02, 0x00, 0x00, 0xef, 0x02, 0x00, 0x00, 0xf2, 0x02, 0x00, 0x00, 0x08, 0x00, 0x04, 0x00,
        0x02, 0x00, 0x00, 0x00, 0xc5, 0x00, 0x00, 0x00, 0x00, 0x00, 0x00, 0x00, 0xbe, 0x00, 0x05, 0x00,
        0x2d, 0x00, 0x00, 0x00, 0xf6, 0x02, 0x00, 0x00, 0xeb, 0x02, 0x00, 0x00, 0x65, 0x00, 0x00, 0x00,
        0xa7, 0x00, 0x05, 0x00, 0x2d, 0x00, 0x00, 0x00, 0xf7, 0x02, 0x00, 0x00, 0xf3, 0x02, 0x00, 0x00,
        0xf6, 0x02, 0x00, 0x00, 0xbc, 0x00, 0x05, 0x00, 0x2d, 0x00, 0x00, 0x00, 0xfa, 0x02, 0x00, 0x00,
        0xeb, 0x02, 0x00, 0x00, 0x4e, 0x00, 0x00, 0x00, 0xa7, 0x00, 0x05, 0x00, 0x2d, 0x00, 0x00, 0x00,
        0xfb, 0x02, 0x00, 0x00, 0xf7, 0x02, 0x00, 0x00, 0xfa, 0x02, 0x00, 0x00, 0x08, 0x00, 0x04, 0x00,
        0x02, 0x00, 0x00, 0x00, 0xc6, 0x00, 0x00, 0x00, 0x00, 0x00, 0x00, 0x00, 0x51, 0x00, 0x05, 0x00,
        0x08, 0x00, 0x00, 0x00, 0xfd, 0x02, 0x00, 0x00, 0xe0, 0x02, 0x00, 0x00, 0x02, 0x00, 0x00, 0x00,
        0xba, 0x00, 0x05, 0x00, 0x2d, 0x00, 0x00, 0x00, 0xfe, 0x02, 0x00, 0x00, 0xfd, 0x02, 0x00, 0x00,
        0x65, 0x00, 0x00, 0x00, 0xa7, 0x00, 0x05, 0x00, 0x2d, 0x00, 0x00, 0x00, 0xff, 0x02, 0x00, 0x00,
        0xfb, 0x02, 0x00, 0x00, 0xfe, 0x02, 0x00, 0x00, 0xf7, 0x00, 0x03, 0x00, 0x27, 0x03, 0x00, 0x00,
        0x00, 0x00, 0x00, 0x00, 0xfa, 0x00, 0x04, 0x00, 0xff, 0x02, 0x00, 0x00, 0x00, 0x03, 0x00, 0x00,
        0x26, 0x03, 0x00, 0x00, 0xf8, 0x00, 0x02, 0x00, 0x00, 0x03, 0x00, 0x00, 0x08, 0x00, 0x04, 0x00,
        0x02, 0x00, 0x00, 0x00, 0xc9, 0x00, 0x00, 0x00, 0x00, 0x00, 0x00, 0x00, 0x56, 0x00, 0x05, 0x00,
        0xa6, 0x00, 0x00, 0x00, 0x03, 0x03, 0x00, 0x00, 0x63, 0x02, 0x00, 0x00, 0x64, 0x02, 0x00, 0x00,
        0x57, 0x00, 0x05, 0x00, 0x25, 0x00, 0x00, 0x00, 0x05, 0x03, 0x00, 0x00, 0x03, 0x03, 0x00, 0x00,
        0xf4, 0x03, 0x00, 0x00, 0x51, 0x00, 0x05, 0x00, 0x08, 0x00, 0x00, 0x00, 0x06, 0x03, 0x00, 0x00,
        0x05, 0x03, 0x00, 0x00, 0x00, 0x00, 0x00, 0x00, 0x08, 0x00, 0x04, 0x00, 0x02, 0x00, 0x00, 0x00,
        0xce, 0x00, 0x00, 0x00, 0x00, 0x00, 0x00, 0x00, 0x88, 0x00, 0x05, 0x00, 0x08, 0x00, 0x00, 0x00,
        0x0b, 0x03, 0x00, 0x00, 0xfd, 0x02, 0x00, 0x00, 0xe5, 0x02, 0x00, 0x00, 0x08, 0x00, 0x04, 0x00,
        0x02, 0x00, 0x00, 0x00, 0xd1, 0x00, 0x00, 0x00, 0x00, 0x00, 0x00, 0x00, 0xcf, 0x00, 0x04, 0x00,
        0x08, 0x00, 0x00, 0x00, 0x0d, 0x03, 0x00, 0x00, 0x0b, 0x03, 0x00, 0x00, 0x08, 0x00, 0x04, 0x00,
        0x02, 0x00, 0x00, 0x00, 0xd2, 0x00, 0x00, 0x00, 0x00, 0x00, 0x00, 0x00, 0xd0, 0x00, 0x04, 0x00,
        0x08, 0x00, 0x00, 0x00, 0x0f, 0x03, 0x00, 0x00, 0x0b, 0x03, 0x00, 0x00, 0x08, 0x00, 0x04, 0x00,
        0x02, 0x00, 0x00, 0x00, 0xd3, 0x00, 0x00, 0x00, 0x00, 0x00, 0x00, 0x00, 0x85, 0x00, 0x05, 0x00,
        0x08, 0x00, 0x00, 0x00, 0x12, 0x03, 0x00, 0x00, 0x0d, 0x03, 0x00, 0x00, 0x0d, 0x03, 0x00, 0x00,
        0x85, 0x00, 0x05, 0x00, 0x08, 0x00, 0x00, 0x00, 0x15, 0x03, 0x00, 0x00, 0x0f, 0x03, 0x00, 0x00,
        0x0f, 0x03, 0x00, 0x00, 0x81, 0x00, 0x05, 0x00, 0x08, 0x00, 0x00, 0x00, 0x16, 0x03, 0x00, 0x00,
        0x12, 0x03, 0x00, 0x00, 0x15, 0x03, 0x00, 0x00, 0x0c, 0x00, 0x06, 0x00, 0x08, 0x00, 0x00, 0x00,
        0x17, 0x03, 0x00, 0x00, 0x03, 0x00, 0x00, 0x00, 0x1f, 0x00, 0x00, 0x00, 0x16, 0x03, 0x00, 0x00,
        0x08, 0x00, 0x04, 0x00, 0x02, 0x00, 0x00, 0x00, 0xd4, 0x00, 0x00, 0x00, 0x00, 0x00, 0x00, 0x00,
        0x41, 0x00, 0x05, 0x00, 0xc6, 0x00, 0x00, 0x00, 0x18, 0x03, 0x00, 0x00, 0xc3, 0x00, 0x00, 0x00,
        0xc5, 0x00, 0x00, 0x00, 0x3d, 0x00, 0x04, 0x00, 0x08, 0x00, 0x00, 0x00, 0x19, 0x03, 0x00, 0x00,
        0x18, 0x03, 0x00, 0x00, 0x0c, 0x00, 0x08, 0x00, 0x08, 0x00, 0x00, 0x00, 0x1c, 0x03, 0x00, 0x00,
        0x03, 0x00, 0x00, 0x00, 0x2b, 0x00, 0x00, 0x00, 0x17, 0x03, 0x00, 0x00, 0x65, 0x00, 0x00, 0x00,
        0xcb, 0x00, 0x00, 0x00, 0x81, 0x00, 0x05, 0x00, 0x08, 0x00, 0x00, 0x00, 0x1d, 0x03, 0x00, 0x00,
        0x19, 0x03, 0x00, 0x00, 0x1c, 0x03, 0x00, 0x00, 0x08, 0x00, 0x04, 0x00, 0x02, 0x00, 0x00, 0x00,
        0xd6, 0x00, 0x00, 0x00, 0x00, 0x00, 0x00, 0x00, 0x83, 0x00, 0x05, 0x00, 0x08, 0x00, 0x00, 0x00,
        0x20, 0x03, 0x00, 0x00, 0x0b, 0x03, 0x00, 0x00, 0x1d, 0x03, 0x00, 0x00, 0x08, 0x00, 0x04, 0x00,
        0x02, 0x00, 0x00, 0x00, 0xd9, 0x00, 0x00, 0x00, 0x00, 0x00, 0x00, 0x00, 0xb8, 0x00, 0x05, 0x00,
        0x2d, 0x00, 0x00, 0x00, 0x23, 0x03, 0x00, 0x00, 0x06, 0x03, 0x00, 0x00, 0x20, 0x03, 0x00, 0x00,
        0x08, 0x00, 0x04, 0x00, 0x02, 0x00, 0x00, 0x00, 0xdf, 0x00, 0x00, 0x00, 0x00, 0x00, 0x00, 0x00,
        0xf9, 0x00, 0x02, 0x00, 0x27, 0x03, 0x00, 0x00, 0xf8, 0x00, 0x02, 0x00, 0x26, 0x03, 0x00, 0x00,
        0x08, 0x00, 0x04, 0x00, 0x02, 0x00, 0x00, 0x00, 0xe1, 0x00, 0x00, 0x00, 0x00, 0x00, 0x00, 0x00,
        0xf9, 0x00, 0x02, 0x00, 0x27, 0x03, 0x00, 0x00, 0xf8, 0x00, 0x02, 0x00, 0x27, 0x03, 0x00, 0x00,
        0xf5, 0x00, 0x07, 0x00, 0x2d, 0x00, 0x00, 0x00, 0xd0, 0x03, 0x00, 0x00, 0x23, 0x03, 0x00, 0x00,
        0x00, 0x03, 0x00, 0x00, 0x78, 0x00, 0x00, 0x00, 0x26, 0x03, 0x00, 0x00, 0x08, 0x00, 0x04, 0x00,
        0x02, 0x00, 0x00, 0x00, 0x00, 0x01, 0x00, 0x00, 0x00, 0x00, 0x00, 0x00, 0xf7, 0x00, 0x03, 0x00,
        0x6b, 0x02, 0x00, 0x00, 0x00, 0x00, 0x00, 0x00, 0xfa, 0x00, 0x04, 0x00, 0xff, 0x02, 0x00, 0x00,
        0x69, 0x02, 0x00, 0x00, 0x6b, 0x02, 0x00, 0x00, 0xf8, 0x00, 0x02, 0x00, 0x69, 0x02, 0x00, 0x00,
        0x08, 0x00, 0x04, 0x00, 0x02, 0x00, 0x00, 0x00, 0x00, 0x01, 0x00, 0x00, 0x00, 0x00, 0x00, 0x00,
        0xf9, 0x00, 0x02, 0x00, 0x80, 0x02, 0x00, 0x00, 0xf8, 0x00, 0x02, 0x00, 0x6b, 0x02, 0x00, 0x00,
        0x08, 0x00, 0x04, 0x00, 0x02, 0x00, 0x00, 0x00, 0x02, 0x01, 0x00, 0x00, 0x00, 0x00, 0x00, 0x00,
        0xba, 0x00, 0x05, 0x00, 0x2d, 0x00, 0x00, 0x00, 0x6e, 0x02, 0x00, 0x00, 0x45, 0x02, 0x00, 0x00,
        0x60, 0x00, 0x00, 0x00, 0xf7, 0x00, 0x03, 0x00, 0x7c, 0x02, 0x00, 0x00, 0x00, 0x00, 0x00, 0x00,
        0xfa, 0x00, 0x04, 0x00, 0x6e, 0x02, 0x00, 0x00, 0x6f, 0x02, 0x00, 0x00, 0x7c, 0x02, 0x00, 0x00,
        0xf8, 0x00, 0x02, 0x00, 0x6f, 0x02, 0x00, 0x00, 0x08, 0x00, 0x04, 0x00, 0x02, 0x00, 0x00, 0x00,
        0x06, 0x01, 0x00, 0x00, 0x00, 0x00, 0x00, 0x00, 0x41, 0x00, 0x05, 0x00, 0xf5, 0x00, 0x00, 0x00,
        0x71, 0x02, 0x00, 0x00, 0xc3, 0x00, 0x00, 0x00, 0x2a, 0x01, 0x00, 0x00, 0x3d, 0x00, 0x04, 0x00,
        0x27, 0x00, 0x00, 0x00, 0x72, 0x02, 0x00, 0x00, 0x71, 0x02, 0x00, 0x00, 0x3d, 0x00, 0x04, 0x00,
        0x29, 0x00, 0x00, 0x00, 0x73, 0x02, 0x00, 0x00, 0x2b, 0x01, 0x00, 0x00, 0x3d, 0x00, 0x04, 0x00,
        0x2b, 0x00, 0x00, 0x00, 0x74, 0x02, 0x00, 0x00, 0x2c, 0x01, 0x00, 0x00, 0x08, 0x00, 0x04, 0x00,
        0x02, 0x00, 0x00, 0x00, 0xbc, 0x00, 0x00, 0x00, 0x00, 0x00, 0x00, 0x00, 0x91, 0x00, 0x05, 0x00,
        0x25, 0x00, 0x00, 0x00, 0x33, 0x03, 0x00, 0x00, 0x72, 0x02, 0x00, 0x00, 0xb0, 0x01, 0x00, 0x00,
        0x08, 0x00, 0x04, 0x00, 0x02, 0x00, 0x00, 0x00, 0xbf, 0x00, 0x00, 0x00, 0x00, 0x00, 0x00, 0x00,
        0x4f, 0x00, 0x07, 0x00, 0x15, 0x00, 0x00, 0x00, 0x35, 0x03, 0x00, 0x00, 0x33, 0x03, 0x00, 0x00,
        0x33, 0x03, 0x00, 0x00, 0x00, 0x00, 0x00, 0x00, 0x01, 0x00, 0x00, 0x00, 0x8e, 0x00, 0x05, 0x00,
        0x15, 0x00, 0x00, 0x00, 0x36, 0x03, 0x00, 0x00, 0x35, 0x03, 0x00, 0x00, 0x7e, 0x00, 0x00, 0x00,
        0x08, 0x00, 0x04, 0x00, 0x02, 0x00, 0x00, 0x00, 0xc0, 0x00, 0x00, 0x00, 0x00, 0x00, 0x00, 0x00,
        0x51, 0x00, 0x05, 0x00, 0x08, 0x00, 0x00, 0x00, 0x38, 0x03, 0x00, 0x00, 0x33, 0x03, 0x00, 0x00,
        0x03, 0x00, 0x00, 0x00, 0x50, 0x00, 0x05, 0x00, 0x15, 0x00, 0x00, 0x00, 0x39, 0x03, 0x00, 0x00,
        0x38, 0x03, 0x00, 0x00, 0x38, 0x03, 0x00, 0x00, 0x88, 0x00, 0x05, 0x00, 0x15, 0x00, 0x00, 0x00,
        0x3a, 0x03, 0x00, 0x00, 0x36, 0x03, 0x00, 0x00, 0x39, 0x03, 0x00, 0x00, 0x81, 0x00, 0x05, 0x00,
        0x15, 0x00, 0x00, 0x00, 0x3b, 0x03, 0x00, 0x00, 0x3a, 0x03, 0x00, 0x00, 0x87, 0x00, 0x00, 0x00,
        0x08, 0x00, 0x04, 0x00, 0x02, 0x00, 0x00, 0x00, 0xc1, 0x00, 0x00, 0x00, 0x00, 0x00, 0x00, 0x00,
        0x51, 0x00, 0x05, 0x00, 0x08, 0x00, 0x00, 0x00, 0x3d, 0x03, 0x00, 0x00, 0x3b, 0x03, 0x00, 0x00,
        0x01, 0x00, 0x00, 0x00, 0x83, 0x00, 0x05, 0x00, 0x08, 0x00, 0x00, 0x00, 0x3e, 0x03, 0x00, 0x00,
        0x4e, 0x00, 0x00, 0x00, 0x3d, 0x03, 0x00, 0x00, 0x52, 0x00, 0x06, 0x00, 0x15, 0x00, 0x00, 0x00,
        0xff, 0x03, 0x00, 0x00, 0x3e, 0x03, 0x00, 0x00, 0x3b, 0x03, 0x00, 0x00, 0x01, 0x00, 0x00, 0x00,
        0x08, 0x00, 0x04, 0x00, 0x02, 0x00, 0x00, 0x00, 0xc4, 0x00, 0x00, 0x00, 0x00, 0x00, 0x00, 0x00,
        0x51, 0x00, 0x05, 0x00, 0x08, 0x00, 0x00, 0x00, 0x41, 0x03, 0x00, 0x00, 0x3b, 0x03, 0x00, 0x00,
        0x00, 0x00, 0x00, 0x00, 0xbe, 0x00, 0x05, 0x00, 0x2d, 0x00, 0x00, 0x00, 0x42, 0x03, 0x00, 0x00,
        0x41, 0x03, 0x00, 0x00, 0x65, 0x00, 0x00, 0x00, 0xbc, 0x00, 0x05, 0x00, 0x2d, 0x00, 0x00, 0x00,
        0x45, 0x03, 0x00, 0x00, 0x41, 0x03, 0x00, 0x00, 0x4e, 0x00, 0x00, 0x00, 0xa7, 0x00, 0x05, 0x00,
        0x2d, 0x00, 0x00, 0x00, 0x46, 0x03, 0x00, 0x00, 0x42, 0x03, 0x00, 0x00, 0x45, 0x03, 0x00, 0x00,
        0x08, 0x00, 0x04, 0x00, 0x02, 0x00, 0x00, 0x00, 0xc5, 0x00, 0x00, 0x00, 0x00, 0x00, 0x00, 0x00,
        0xbe, 0x00, 0x05, 0x00, 0x2d, 0x00, 0x00, 0x00, 0x49, 0x03, 0x00, 0x00, 0x3e, 0x03, 0x00, 0x00,
        0x65, 0x00, 0x00, 0x00, 0xa7, 0x00, 0x05, 0x00, 0x2d, 0x00, 0x00, 0x00, 0x4a, 0x03, 0x00, 0x00,
        0x46, 0x03, 0x00, 0x00, 0x49, 0x03, 0x00, 0x00, 0xbc, 0x00, 0x05, 0x00, 0x2d, 0x00, 0x00, 0x00,
        0x4d, 0x03, 0x00, 0x00, 0x3e, 0x03, 0x00, 0x00, 0x4e, 0x00, 0x00, 0x00, 0xa7, 0x00, 0x05, 0x00,
        0x2d, 0x00, 0x00, 0x00, 0x4e, 0x03, 0x00, 0x00, 0x4a, 0x03, 0x00, 0x00, 0x4d, 0x03, 0x00, 0x00,
        0x08, 0x00, 0x04, 0x00, 0x02, 0x00, 0x00, 0x00, 0xc6, 0x00, 0x00, 0x00, 0x00, 0x00, 0x00, 0x00,
        0x51, 0x00, 0x05, 0x00, 0x08, 0x00, 0x00, 0x00, 0x50, 0x03, 0x00, 0x00, 0x33, 0x03, 0x00, 0x00,
        0x02, 0x00, 0x00, 0x00, 0xba, 0x00, 0x05, 0x00, 0x2d, 0x00, 0x00, 0x00, 0x51, 0x03, 0x00, 0x00,
        0x50, 0x03, 0x00, 0x00, 0x65, 0x00, 0x00, 0x00, 0xa7, 0x00, 0x05, 0x00, 0x2d, 0x00, 0x00, 0x00,
        0x52, 0x03, 0x00, 0x00, 0x4e, 0x03, 0x00, 0x00, 0x51, 0x03, 0x00, 0x00, 0xf7, 0x00, 0x03, 0x00,
        0x7a, 0x03, 0x00, 0x00, 0x00, 0x00, 0x00, 0x00, 0xfa, 0x00, 0x04, 0x00, 0x52, 0x03, 0x00, 0x00,
        0x53, 0x03, 0x00, 0x00, 0x79, 0x03, 0x00, 0x00, 0xf8, 0x00, 0x02, 0x00, 0x53, 0x03, 0x00, 0x00,
        0x08, 0x00, 0x04, 0x00, 0x02, 0x00, 0x00, 0x00, 0xc9, 0x00, 0x00, 0x00, 0x00, 0x00, 0x00, 0x00,
        0x56, 0x00, 0x05, 0x00, 0xa6, 0x00, 0x00, 0x00, 0x56, 0x03, 0x00, 0x00, 0x73, 0x02, 0x00, 0x00,
        0x74, 0x02, 0x00, 0x00, 0x57, 0x00, 0x05, 0x00, 0x25, 0x00, 0x00, 0x00, 0x58, 0x03, 0x00, 0x00,
        0x56, 0x03, 0x00, 0x00, 0xff, 0x03, 0x00, 0x00, 0x51, 0x00, 0x05, 0x00, 0x08, 0x00, 0x00, 0x00,
        0x59, 0x03, 0x00, 0x00, 0x58, 0x03, 0x00, 0x00, 0x00, 0x00, 0x00, 0x00, 0x08, 0x00, 0x04, 0x00,
        0x02, 0x00, 0x00, 0x00, 0xce, 0x00, 0x00, 0x00, 0x00, 0x00, 0x00, 0x00, 0x88, 0x00, 0x05, 0x00,
        0x08, 0x00, 0x00, 0x00, 0x5e, 0x03, 0x00, 0x00, 0x50, 0x03, 0x00, 0x00, 0x38, 0x03, 0x00, 0x00,
        0x08, 0x00, 0x04, 0x00, 0x02, 0x00, 0x00, 0x00, 0xd1, 0x00, 0x00, 0x00, 0x00, 0x00, 0x00, 0x00,
        0xcf, 0x00, 0x04, 0x00, 0x08, 0x00, 0x00, 0x00, 0x60, 0x03, 0x00, 0x00, 0x5e, 0x03, 0x00, 0x00,
        0x08, 0x00, 0x04, 0x00, 0x02, 0x00, 0x00, 0x00, 0xd2, 0x00, 0x00, 0x00, 0x00, 0x00, 0x00, 0x00,
        0xd0, 0x00, 0x04, 0x00, 0x08, 0x00, 0x00, 0x00, 0x62, 0x03, 0x00, 0x00, 0x5e, 0x03, 0x00, 0x00,
        0x08, 0x00, 0x04, 0x00, 0x02, 0x00, 0x00, 0x00, 0xd3, 0x00, 0x00, 0x00, 0x00, 0x00, 0x00, 0x00,
        0x85, 0x00, 0x05, 0x00, 0x08, 0x00, 0x00, 0x00, 0x65, 0x03, 0x00, 0x00, 0x60, 0x03, 0x00, 0x00,
        0x60, 0x03, 0x00, 0x00, 0x85, 0x00, 0x05, 0x00, 0x08, 0x00, 0x00, 0x00, 0x68, 0x03, 0x00, 0x00,
        0x62, 0x03, 0x00, 0x00, 0x62, 0x03, 0x00, 0x00, 0x81, 0x00, 0x05, 0x00, 0x08, 0x00, 0x00, 0x00,
        0x69, 0x03, 0x00, 0x00, 0x65, 0x03, 0x00, 0x00, 0x68, 0x03, 0x00, 0x00, 0x0c, 0x00, 0x06, 0x00,
        0x08, 0x00, 0x00, 0x00, 0x6a, 0x03, 0x00, 0x00, 0x03, 0x00, 0x00, 0x00, 0x1f, 0x00, 0x00, 0x00,
        0x69, 0x03, 0x00, 0x00, 0x08, 0x00, 0x04, 0x00, 0x02, 0x00, 0x00, 0x00, 0xd4, 0x00, 0x00, 0x00,
        0x00, 0x00, 0x00, 0x00, 0x41, 0x00, 0x05, 0x00, 0xc6, 0x00, 0x00, 0x00, 0x6b, 0x03, 0x00, 0x00,
        0xc3, 0x00, 0x00, 0x00, 0xc5, 0x00, 0x00, 0x00, 0x3d, 0x00, 0x04, 0x00, 0x08, 0x00, 0x00, 0x00,
        0x6c, 0x03, 0x00, 0x00, 0x6b, 0x03, 0x00, 0x00, 0x0c, 0x00, 0x08, 0x00, 0x08, 0x00, 0x00, 0x00,
        0x6f, 0x03, 0x00, 0x00, 0x03, 0x00, 0x00, 0x00, 0x2b, 0x00, 0x00, 0x00, 0x6a, 0x03, 0x00, 0x00,
        0x65, 0x00, 0x00, 0x00, 0xcb, 0x00, 0x00, 0x00, 0x81, 0x00, 0x05, 0x00, 0x08, 0x00, 0x00, 0x00,
        0x70, 0x03, 0x00, 0x00, 0x6c, 0x03, 0x00, 0x00, 0x6f, 0x03, 0x00, 0x00, 0x08, 0x00, 0x04, 0x00,
        0x02, 0x00, 0x00, 0x00, 0xd6, 0x00, 0x00, 0x00, 0x00, 0x00, 0x00, 0x00, 0x83, 0x00, 0x05, 0x00,
        0x08, 0x00, 0x00, 0x00, 0x73, 0x03, 0x00, 0x00, 0x5e, 0x03, 0x00, 0x00, 0x70, 0x03, 0x00, 0x00,
        0x08, 0x00, 0x04, 0x00, 0x02, 0x00, 0x00, 0x00, 0xd9, 0x00, 0x00, 0x00, 0x00, 0x00, 0x00, 0x00,
        0xb8, 0x00, 0x05, 0x00, 0x2d, 0x00, 0x00, 0x00, 0x76, 0x03, 0x00, 0x00, 0x59, 0x03, 0x00, 0x00,
        0x73, 0x03, 0x00, 0x00, 0x08, 0x00, 0x04, 0x00, 0x02, 0x00, 0x00, 0x00, 0xdf, 0x00, 0x00, 0x00,
        0x00, 0x00, 0x00, 0x00, 0xf9, 0x00, 0x02, 0x00, 0x7a, 0x03, 0x00, 0x00, 0xf8, 0x00, 0x02, 0x00,
        0x79, 0x03, 0x00, 0x00, 0x08, 0x00, 0x04, 0x00, 0x02, 0x00, 0x00, 0x00, 0xe1, 0x00, 0x00, 0x00,
        0x00, 0x00, 0x00, 0x00, 0xf9, 0x00, 0x02, 0x00, 0x7a, 0x03, 0x00, 0x00, 0xf8, 0x00, 0x02, 0x00,
        0x7a, 0x03, 0x00, 0x00, 0xf5, 0x00, 0x07, 0x00, 0x2d, 0x00, 0x00, 0x00, 0xd3, 0x03, 0x00, 0x00,
        0x76, 0x03, 0x00, 0x00, 0x53, 0x03, 0x00, 0x00, 0x78, 0x00, 0x00, 0x00, 0x79, 0x03, 0x00, 0x00,
        0x08, 0x00, 0x04, 0x00, 0x02, 0x00, 0x00, 0x00, 0x07, 0x01, 0x00, 0x00, 0x00, 0x00, 0x00, 0x00,
        0xf7, 0x00, 0x03, 0x00, 0x7b, 0x02, 0x00, 0x00, 0x00, 0x00, 0x00, 0x00, 0xfa, 0x00, 0x04, 0x00,
        0x52, 0x03, 0x00, 0x00, 0x79, 0x02, 0x00, 0x00, 0x7b, 0x02, 0x00, 0x00, 0xf8, 0x00, 0x02, 0x00,
        0x79, 0x02, 0x00, 0x00, 0x08, 0x00, 0x04, 0x00, 0x02, 0x00, 0x00, 0x00, 0x07, 0x01, 0x00, 0x00,
        0x00, 0x00, 0x00, 0x00, 0xf9, 0x00, 0x02, 0x00, 0x80, 0x02, 0x00, 0x00, 0xf8, 0x00, 0x02, 0x00,
        0x7b, 0x02, 0x00, 0x00, 0xf9, 0x00, 0x02, 0x00, 0x7c, 0x02, 0x00, 0x00, 0xf8, 0x00, 0x02, 0x00,
        0x7c, 0x02, 0x00, 0x00, 0xf9, 0x00, 0x02, 0x00, 0x7d, 0x02, 0x00, 0x00, 0xf8, 0x00, 0x02, 0x00,
        0x7d, 0x02, 0x00, 0x00, 0xf9, 0x00, 0x02, 0x00, 0x7e, 0x02, 0x00, 0x00, 0xf8, 0x00, 0x02, 0x00,
        0x7e, 0x02, 0x00, 0x00, 0xf9, 0x00, 0x02, 0x00, 0x7f, 0x02, 0x00, 0x00, 0xf8, 0x00, 0x02, 0x00,
        0x7f, 0x02, 0x00, 0x00, 0x08, 0x00, 0x04, 0x00, 0x02, 0x00, 0x00, 0x00, 0x0d, 0x01, 0x00, 0x00,
        0x00, 0x00, 0x00, 0x00, 0xf9, 0x00, 0x02, 0x00, 0x80, 0x02, 0x00, 0x00, 0xf8, 0x00, 0x02, 0x00,
        0x80, 0x02, 0x00, 0x00, 0xf5, 0x00, 0x0b, 0x00, 0x2d, 0x00, 0x00, 0x00, 0xd5, 0x03, 0x00, 0x00,
        0xcd, 0x03, 0x00, 0x00, 0x59, 0x02, 0x00, 0x00, 0xd0, 0x03, 0x00, 0x00, 0x69, 0x02, 0x00, 0x00,
        0xd3, 0x03, 0x00, 0x00, 0x79, 0x02, 0x00, 0x00, 0x78, 0x00, 0x00, 0x00, 0x7f, 0x02, 0x00, 0x00,
        0x08, 0x00, 0x04, 0x00, 0x01, 0x00, 0x00, 0x00, 0xe3, 0x00, 0x00, 0x00, 0x00, 0x00, 0x00, 0x00,
        0xa7, 0x00, 0x05, 0x00, 0x2d, 0x00, 0x00, 0x00, 0xf2, 0x01, 0x00, 0x00, 0xec, 0x01, 0x00, 0x00,
        0xd5, 0x03, 0x00, 0x00, 0x3d, 0x01, 0x01, 0x00, 0xa9, 0x00, 0x06, 0x00, 0x08, 0x00, 0x00, 0x00,
        0x24, 0x04, 0x00, 0x00, 0xf2, 0x01, 0x00, 0x00, 0x65, 0x00, 0x00, 0x00, 0xc1, 0x01, 0x00, 0x00,
        0x08, 0x00, 0x04, 0x00, 0x01, 0x00, 0x00, 0x00, 0xe9, 0x00, 0x00, 0x00, 0x00, 0x00, 0x00, 0x00,
        0x41, 0x00, 0x05, 0x00, 0x66, 0x01, 0x00, 0x00, 0xf7, 0x01, 0x00, 0x00, 0xc3, 0x00, 0x00, 0x00,
        0x60, 0x01, 0x00, 0x00, 0x3d, 0x00, 0x04, 0x00, 0x15, 0x00, 0x00, 0x00, 0xf8, 0x01, 0x00, 0x00,
        0xf7, 0x01, 0x00, 0x00, 0x08, 0x00, 0x04, 0x00, 0x02, 0x00, 0x00, 0x00, 0x7b, 0x00, 0x00, 0x00,
        0x00, 0x00, 0x00, 0x00, 0x51, 0x00, 0x05, 0x00, 0x08, 0x00, 0x00, 0x00, 0x7d, 0x03, 0x00, 0x00,
        0xf8, 0x01, 0x00, 0x00, 0x00, 0x00, 0x00, 0x00, 0x51, 0x00, 0x05, 0x00, 0x08, 0x00, 0x00, 0x00,
        0x7f, 0x03, 0x00, 0x00, 0xf8, 0x01, 0x00, 0x00, 0x01, 0x00, 0x00, 0x00, 0x85, 0x00, 0x05, 0x00,
        0x08, 0x00, 0x00, 0x00, 0x81, 0x03, 0x00, 0x00, 0x7f, 0x03, 0x00, 0x00, 0x24, 0x04, 0x00, 0x00,
        0x81, 0x00, 0x05, 0x00, 0x08, 0x00, 0x00, 0x00, 0x82, 0x03, 0x00, 0x00, 0x7d, 0x03, 0x00, 0x00,
        0x81, 0x03, 0x00, 0x00, 0x8e, 0x00, 0x05, 0x00, 0x09, 0x00, 0x00, 0x00, 0x84, 0x03, 0x00, 0x00,
        0xe1, 0x01, 0x00, 0x00, 0x82, 0x03, 0x00, 0x00, 0x08, 0x00, 0x04, 0x00, 0x01, 0x00, 0x00, 0x00,
        0xea, 0x00, 0x00, 0x00, 0x00, 0x00, 0x00, 0x00, 0x41, 0x00, 0x05, 0x00, 0xe1, 0x00, 0x00, 0x00,
        0xfc, 0x01, 0x00, 0x00, 0xc3, 0x00, 0x00, 0x00, 0x6b, 0x01, 0x00, 0x00, 0x3d, 0x00, 0x04, 0x00,
        0x09, 0x00, 0x00, 0x00, 0xfd, 0x01, 0x00, 0x00, 0xfc, 0x01, 0x00, 0x00, 0x08, 0x00, 0x04, 0x00,
        0x02, 0x00, 0x00, 0x00, 0x5a, 0x00, 0x00, 0x00, 0x00, 0x00, 0x00, 0x00, 0x8e, 0x00, 0x05, 0x00,
        0x09, 0x00, 0x00, 0x00, 0x88, 0x03, 0x00, 0x00, 0xfd, 0x01, 0x00, 0x00, 0x45, 0x00, 0x00, 0x00,
        0x85, 0x00, 0x05, 0x00, 0x09, 0x00, 0x00, 0x00, 0x8a, 0x03, 0x00, 0x00, 0x88, 0x03, 0x00, 0x00,
        0xe3, 0x03, 0x00, 0x00, 0x85, 0x00, 0x05, 0x00, 0x09, 0x00, 0x00, 0x00, 0x8b, 0x03, 0x00, 0x00,
        0x84, 0x03, 0x00, 0x00, 0x8a, 0x03, 0x00, 0x00, 0x81, 0x00, 0x05, 0x00, 0x09, 0x00, 0x00, 0x00,
        0x8d, 0x03, 0x00, 0x00, 0x84, 0x03, 0x00, 0x00, 0x8b, 0x03, 0x00, 0x00, 0x08, 0x00, 0x04, 0x00,
        0x02, 0x00, 0x00, 0x00, 0x5c, 0x00, 0x00, 0x00, 0x00, 0x00, 0x00, 0x00, 0x0c, 0x00, 0x07, 0x00,
        0x09, 0x00, 0x00, 0x00, 0x8f, 0x03, 0x00, 0x00, 0x03, 0x00, 0x00, 0x00, 0x25, 0x00, 0x00, 0x00,
        0x8d, 0x03, 0x00, 0x00, 0x4f, 0x00, 0x00, 0x00, 0x08, 0x00, 0x04, 0x00, 0x01, 0x00, 0x00, 0x00,
        0xea, 0x00, 0x00, 0x00, 0x00, 0x00, 0x00, 0x00, 0xf9, 0x00, 0x02, 0x00, 0x00, 0x02, 0x00, 0x00,
        0xf8, 0x00, 0x02, 0x00, 0x00, 0x02, 0x00, 0x00, 0xf5, 0x00, 0x07, 0x00, 0x09, 0x00, 0x00, 0x00,
        0x1b, 0x04, 0x00, 0x00, 0xe1, 0x01, 0x00, 0x00, 0x07, 0x00, 0x00, 0x00, 0x8f, 0x03, 0x00, 0x00,
        0x80, 0x02, 0x00, 0x00, 0x08, 0x00, 0x04, 0x00, 0x01, 0x00, 0x00, 0x00, 0xee, 0x00, 0x00, 0x00,
        0x00, 0x00, 0x00, 0x00, 0x41, 0x00, 0x05, 0x00, 0xc6, 0x00, 0x00, 0x00, 0x01, 0x02, 0x00, 0x00,
        0xc3, 0x00, 0x00, 0x00, 0x73, 0x01, 0x00, 0x00, 0x3d, 0x00, 0x04, 0x00, 0x08, 0x00, 0x00, 0x00,
        0x02, 0x02, 0x00, 0x00, 0x01, 0x02, 0x00, 0x00, 0xba, 0x00, 0x05, 0x00, 0x2d, 0x00, 0x00, 0x00,
        0x03, 0x02, 0x00, 0x00, 0x02, 0x02, 0x00, 0x00, 0x65, 0x00, 0x00, 0x00, 0xf7, 0x00, 0x03, 0x00,
        0x11, 0x02, 0x00, 0x00, 0x00, 0x00, 0x00, 0x00, 0xfa, 0x00, 0x04, 0x00, 0x03, 0x02, 0x00, 0x00,
        0x04, 0x02, 0x00, 0x00, 0x11, 0x02, 0x00, 0x00, 0xf8, 0x00, 0x02, 0x00, 0x04, 0x02, 0x00, 0x00,
        0x08, 0x00, 0x04, 0x00, 0x01, 0x00, 0x00, 0x00, 0xf0, 0x00, 0x00, 0x00, 0x00, 0x00, 0x00, 0x00,
        0x85, 0x00, 0x05, 0x00, 0x08, 0x00, 0x00, 0x00, 0x08, 0x02, 0x00, 0x00, 0x02, 0x02, 0x00, 0x00,
        0xe5, 0x03, 0x00, 0x00, 0x08, 0x00, 0x04, 0x00, 0x01, 0x00, 0x00, 0x00, 0xf1, 0x00, 0x00, 0x00,
        0x00, 0x00, 0x00, 0x00, 0x85, 0x00, 0x05, 0x00, 0x08, 0x00, 0x00, 0x00, 0x0c, 0x02, 0x00, 0x00,
        0x80, 0x01, 0x00, 0x00, 0x02, 0x02, 0x00, 0x00, 0x81, 0x00, 0x05, 0x00, 0x08, 0x00, 0x00, 0x00,
        0x0d, 0x02, 0x00, 0x00, 0x7f, 0x01, 0x00, 0x00, 0x0c, 0x02, 0x00, 0x00, 0x85, 0x00, 0x05, 0x00,
        0x08, 0x00, 0x00, 0x00, 0x0e, 0x02, 0x00, 0x00, 0x0d, 0x02, 0x00, 0x00, 0xe4, 0x03, 0x00, 0x00,
        0x3d, 0x01, 0x01, 0x00, 0x50, 0x00, 0x06, 0x00, 0x09, 0x00, 0x00, 0x00, 0x1d, 0x04, 0x00, 0x00,
        0x08, 0x02, 0x00, 0x00, 0x0e, 0x02, 0x00, 0x00, 0x4e, 0x00, 0x00, 0x00, 0x08, 0x00, 0x04, 0x00,
        0x01, 0x00, 0x00, 0x00, 0xf2, 0x00, 0x00, 0x00, 0x00, 0x00, 0x00, 0x00, 0xf9, 0x00, 0x02, 0x00,
        0x11, 0x02, 0x00, 0x00, 0xf8, 0x00, 0x02, 0x00, 0x11, 0x02, 0x00, 0x00, 0xf5, 0x00, 0x07, 0x00,
        0x09, 0x00, 0x00, 0x00, 0x1c, 0x04, 0x00, 0x00, 0x1b, 0x04, 0x00, 0x00, 0x00, 0x02, 0x00, 0x00,
        0x1d, 0x04, 0x00, 0x00, 0x04, 0x02, 0x00, 0x00, 0x08, 0x00, 0x04, 0x00, 0x01, 0x00, 0x00, 0x00,
        0xf7, 0x00, 0x00, 0x00, 0x00, 0x00, 0x00, 0x00, 0x41, 0x00, 0x05, 0x00, 0xe1, 0x00, 0x00, 0x00,
        0x15, 0x02, 0x00, 0x00, 0xc3, 0x00, 0x00, 0x00, 0x88, 0x01, 0x00, 0x00, 0x3d, 0x00, 0x04, 0x00,
        0x09, 0x00, 0x00, 0x00, 0x16, 0x02, 0x00, 0x00, 0x15, 0x02, 0x00, 0x00, 0x41, 0x00, 0x05, 0x00,
        0xc6, 0x00, 0x00, 0x00, 0x17, 0x02, 0x00, 0x00, 0xc3, 0x00, 0x00, 0x00, 0x89, 0x01, 0x00, 0x00,
        0x3d, 0x00, 0x04, 0x00, 0x08, 0x00, 0x00, 0x00, 0x18, 0x02, 0x00, 0x00, 0x17, 0x02, 0x00, 0x00,
        0x41, 0x00, 0x05, 0x00, 0xc6, 0x00, 0x00, 0x00, 0x19, 0x02, 0x00, 0x00, 0xc3, 0x00, 0x00, 0x00,
        0x8a, 0x01, 0x00, 0x00, 0x3d, 0x00, 0x04, 0x00, 0x08, 0x00, 0x00, 0x00, 0x1a, 0x02, 0x00, 0x00,
        0x19, 0x02, 0x00, 0x00, 0x08, 0x00, 0x04, 0x00, 0x02, 0x00, 0x00, 0x00, 0x98, 0x00, 0x00, 0x00,
        0x00, 0x00, 0x00, 0x00, 0x85, 0x00, 0x05, 0x00, 0x08, 0x00, 0x00, 0x00, 0x94, 0x03, 0x00, 0x00,
        0x18, 0x02, 0x00, 0x00, 0x7e, 0x00, 0x00, 0x00, 0x83, 0x00, 0x05, 0x00, 0x08, 0x00, 0x00, 0x00,
        0x95, 0x03, 0x00, 0x00, 0xbb, 0x01, 0x00, 0x00, 0x94, 0x03, 0x00, 0x00, 0x88, 0x00, 0x05, 0x00,
        0x08, 0x00, 0x00, 0x00, 0x97, 0x03, 0x00, 0x00, 0x95, 0x03, 0x00, 0x00, 0x18, 0x02, 0x00, 0x00,
        0x0c, 0x00, 0x07, 0x00, 0x08, 0x00, 0x00, 0x00, 0x98, 0x03, 0x00, 0x00, 0x03, 0x00, 0x00, 0x00,
        0x28, 0x00, 0x00, 0x00, 0x97, 0x03, 0x00, 0x00, 0x65, 0x00, 0x00, 0x00, 0x85, 0x00, 0x05, 0x00,
        0x08, 0x00, 0x00, 0x00, 0x9a, 0x03, 0x00, 0x00, 0x98, 0x03, 0x00, 0x00, 0x1a, 0x02, 0x00, 0x00,
        0x0c, 0x00, 0x06, 0x00, 0x08, 0x00, 0x00, 0x00, 0x9b, 0x03, 0x00, 0x00, 0x03, 0x00, 0x00, 0x00,
        0x1d, 0x00, 0x00, 0x00, 0x9a, 0x03, 0x00, 0x00, 0x08, 0x00, 0x04, 0x00, 0x02, 0x00, 0x00, 0x00,
        0x9a, 0x00, 0x00, 0x00, 0x00, 0x00, 0x00, 0x00, 0x50, 0x00, 0x06, 0x00, 0x09, 0x00, 0x00, 0x00,
        0x9e, 0x03, 0x00, 0x00, 0x9b, 0x03, 0x00, 0x00, 0x9b, 0x03, 0x00, 0x00, 0x9b, 0x03, 0x00, 0x00,
        0x85, 0x00, 0x05, 0x00, 0x09, 0x00, 0x00, 0x00, 0x9f, 0x03, 0x00, 0x00, 0x1c, 0x04, 0x00, 0x00,
        0x9e, 0x03, 0x00, 0x00, 0x83, 0x00, 0x05, 0x00, 0x08, 0x00, 0x00, 0x00, 0xa2, 0x03, 0x00, 0x00,
        0x4e, 0x00, 0x00, 0x00, 0x9b, 0x03, 0x00, 0x00, 0x50, 0x00, 0x06, 0x00, 0x09, 0x00, 0x00, 0x00,
        0xa7, 0x03, 0x00, 0x00, 0xa2, 0x03, 0x00, 0x00, 0xa2, 0x03, 0x00, 0x00, 0xa2, 0x03, 0x00, 0x00,
        0x85, 0x00, 0x05, 0x00, 0x09, 0x00, 0x00, 0x00, 0xa8, 0x03, 0x00, 0x00, 0x16, 0x02, 0x00, 0x00,
        0xa7, 0x03, 0x00, 0x00, 0x81, 0x00, 0x05, 0x00, 0x09, 0x00, 0x00, 0x00, 0xa9, 0x03, 0x00, 0x00,
        0x9f, 0x03, 0x00, 0x00, 0xa8, 0x03, 0x00, 0x00, 0x08, 0x00, 0x04, 0x00, 0x01, 0x00, 0x00, 0x00,
        0xfa, 0x00, 0x00, 0x00, 0x00, 0x00, 0x00, 0x00, 0x51, 0x00, 0x05, 0x00, 0x08, 0x00, 0x00, 0x00,
        0x22, 0x02, 0x00, 0x00, 0xa9, 0x03, 0x00, 0x00, 0x00, 0x00, 0x00, 0x00, 0x51, 0x00, 0x05, 0x00,
        0x08, 0x00, 0x00, 0x00, 0x23, 0x02, 0x00, 0x00, 0xa9, 0x03, 0x00, 0x00, 0x01, 0x00, 0x00, 0x00,
        0x51, 0x00, 0x05, 0x00, 0x08, 0x00, 0x00, 0x00, 0x24, 0x02, 0x00, 0x00, 0xa9, 0x03, 0x00, 0x00,
        0x02, 0x00, 0x00, 0x00, 0x50, 0x00, 0x07, 0x00, 0x25, 0x00, 0x00, 0x00, 0x25, 0x02, 0x00, 0x00,
        0x22, 0x02, 0x00, 0x00, 0x23, 0x02, 0x00, 0x00, 0x24, 0x02, 0x00, 0x00, 0xe3, 0x01, 0x00, 0x00,
        0x08, 0x00, 0x04, 0x00, 0x01, 0x00, 0x00, 0x00, 0xd8, 0x00, 0x00, 0x00, 0x00, 0x00, 0x00, 0x00,
        0x3e, 0x00, 0x03, 0x00, 0xc4, 0x01, 0x00, 0x00, 0x25, 0x02, 0x00, 0x00, 0xfd, 0x00, 0x01, 0x00,
        0x38, 0x00, 0x01, 0x00,
    };

    /// <summary>HLSL, compiled by sokol's D3D11 backend.</summary>
    private const string PixelHlsl =
"""
cbuffer _Global : register(b0)
{
    column_major float4x4 _195_LightViewProj0 : packoffset(c0);
    column_major float4x4 _195_LightViewProj1 : packoffset(c4);
    column_major float4x4 _195_LightViewProj2 : packoffset(c8);
    float _195_DepthBias : packoffset(c12);
    float _195_NumCascades : packoffset(c12.y);
    float3 _195_LightDirection : packoffset(c13);
    column_major float4x4 _195_View : packoffset(c14);
    column_major float4x4 _195_Projection : packoffset(c18);
    column_major float4x4 _195_ViewProj : packoffset(c22);
    float3 _195_SnapColor : packoffset(c26);
    uint _195_IsFullbright : packoffset(c26.w);
    uint _195_UseBaseColor : packoffset(c27);
    float3 _195_BaseColor : packoffset(c28);
    float3 _195_FogColor : packoffset(c29);
    float _195_FogDistance : packoffset(c29.w);
    float _195_FogLogDensity : packoffset(c30);
    float2 _195_EnvironmentLight : packoffset(c30.z);
    float3 _195_CameraPosition : packoffset(c31);
    float _195_Alpha : packoffset(c31.w);
    uint _195_Expand : packoffset(c32);
    float _195_RandomFloat : packoffset(c32.y);
    float _195_Darken : packoffset(c32.z);
    float _195_ChargedBlinkAmount : packoffset(c32.w);
    float _195_HalfThickness : packoffset(c33);
    float2 _195_Resolution : packoffset(c33.z);
    float _195_DistantOutlineDistanceFalloffWithCutoffMask : packoffset(c34);
    float _195_DistantOutlineClassicCutoffMask : packoffset(c34.y);
    float _195_DistantOutlineDistanceFalloffMask : packoffset(c34.z);
    float _195_OutlineClassicCutoffDistance : packoffset(c34.w);
    float _195_OutlineFalloffStartDistance : packoffset(c35);
    float _195_OutlineFalloffCutoffDistance : packoffset(c35.y);
    float _195_OutlineFalloffLinearFadeStartDistance : packoffset(c35.z);
    float _195_OutlineFalloffLinearFadeStartThickness : packoffset(c35.w);
    float _195_OutlineFalloffInverseLinearFadeLength : packoffset(c36);
};

Texture2D<float4> ShadowMap0 : register(t0);
SamplerState ShadowMapSampler0 : register(s0);
Texture2D<float4> ShadowMap1 : register(t1);
SamplerState ShadowMapSampler1 : register(s1);
Texture2D<float4> ShadowMap2 : register(t2);
SamplerState ShadowMapSampler2 : register(s2);

static float4 input_Color;
static float4 input_WorldPos;
static float input_GetsShadowed;
static float3 input_NormalWorld;
static float input_ViewLength;
static float input_Lit;
static float input_Diffuse;
static float4 _entryPointOutput;

struct SPIRV_Cross_Input
{
    float4 input_Color : TEXCOORD0;
    float4 input_WorldPos : TEXCOORD1;
    float input_GetsShadowed : TEXCOORD2;
    float3 input_NormalWorld : TEXCOORD3;
    float input_ViewLength : TEXCOORD4;
    float input_Lit : TEXCOORD5;
    float input_Diffuse : TEXCOORD6;
};

struct SPIRV_Cross_Output
{
    float4 _entryPointOutput : SV_Target0;
};

void frag_main()
{
    float3 _1051;
    if (input_Lit > 0.0f)
    {
        bool _981;
        do
        {
            if (_195_NumCascades > 0.0f)
            {
                if (abs(dot(input_NormalWorld, _195_LightDirection)) >= 0.0500000007450580596923828125f)
                {
                    float4 _653 = mul(input_WorldPos, _195_LightViewProj0);
                    float _658 = _653.w;
                    float2 _661 = ((_653.xy * 0.5f) / _658.xx) + 0.5f.xx;
                    float _664 = 1.0f - _661.y;
                    float2 _1001 = _661;
                    _1001.y = _664;
                    float _667 = _661.x;
                    float _682 = _653.z;
                    bool _684 = ((((_667 >= 0.0f) && (_667 <= 1.0f)) && (_664 >= 0.0f)) && (_664 <= 1.0f)) && (_682 > 0.0f);
                    bool _973;
                    if (_684)
                    {
                        float _696 = _682 / _658;
                        float _698 = ddx(_696);
                        float _700 = ddy(_696);
                        _973 = ShadowMap0.Sample(ShadowMapSampler0, _1001).x < (_696 - (_195_DepthBias + clamp(sqrt((_698 * _698) + (_700 * _700)), 0.0f, 0.00999999977648258209228515625f)));
                    }
                    else
                    {
                        _973 = false;
                    }
                    if (_684)
                    {
                        _981 = _973;
                        break;
                    }
                    if (_195_NumCascades > 1.0f)
                    {
                        float4 _736 = mul(input_WorldPos, _195_LightViewProj1);
                        float _741 = _736.w;
                        float2 _744 = ((_736.xy * 0.5f) / _741.xx) + 0.5f.xx;
                        float _747 = 1.0f - _744.y;
                        float2 _1012 = _744;
                        _1012.y = _747;
                        float _750 = _744.x;
                        float _765 = _736.z;
                        bool _767 = ((((_750 >= 0.0f) && (_750 <= 1.0f)) && (_747 >= 0.0f)) && (_747 <= 1.0f)) && (_765 > 0.0f);
                        bool _976;
                        if (_767)
                        {
                            float _779 = _765 / _741;
                            float _781 = ddx(_779);
                            float _783 = ddy(_779);
                            _976 = ShadowMap1.Sample(ShadowMapSampler1, _1012).x < (_779 - (_195_DepthBias + clamp(sqrt((_781 * _781) + (_783 * _783)), 0.0f, 0.00999999977648258209228515625f)));
                        }
                        else
                        {
                            _976 = false;
                        }
                        if (_767)
                        {
                            _981 = _976;
                            break;
                        }
                        if (_195_NumCascades > 2.0f)
                        {
                            float4 _819 = mul(input_WorldPos, _195_LightViewProj2);
                            float _824 = _819.w;
                            float2 _827 = ((_819.xy * 0.5f) / _824.xx) + 0.5f.xx;
                            float _830 = 1.0f - _827.y;
                            float2 _1023 = _827;
                            _1023.y = _830;
                            float _833 = _827.x;
                            float _848 = _819.z;
                            bool _850 = ((((_833 >= 0.0f) && (_833 <= 1.0f)) && (_830 >= 0.0f)) && (_830 <= 1.0f)) && (_848 > 0.0f);
                            bool _979;
                            if (_850)
                            {
                                float _862 = _848 / _824;
                                float _864 = ddx(_862);
                                float _866 = ddy(_862);
                                _979 = ShadowMap2.Sample(ShadowMapSampler2, _1023).x < (_862 - (_195_DepthBias + clamp(sqrt((_864 * _864) + (_866 * _866)), 0.0f, 0.00999999977648258209228515625f)));
                            }
                            else
                            {
                                _979 = false;
                            }
                            if (_850)
                            {
                                _981 = _979;
                                break;
                            }
                        }
                    }
                }
            }
            _981 = false;
            break;
        } while(false);
        float3 _900 = input_Color.xyz * (_195_EnvironmentLight.x + (_195_EnvironmentLight.y * (((input_GetsShadowed > 0.0f) && _981) ? 0.0f : input_Diffuse)));
        _1051 = min(_900 + (_900 * ((_195_SnapColor * 255.0f) * 0.00999999977648258209228515625f.xxx)), 1.0f.xxx);
    }
    else
    {
        _1051 = input_Color.xyz;
    }
    float3 _1052;
    if (_195_ChargedBlinkAmount > 0.0f)
    {
        _1052 = float3(_195_ChargedBlinkAmount * 0.10000000894069671630859375f, (128.0f + (12.80000019073486328125f * _195_ChargedBlinkAmount)) * 0.0039215688593685626983642578125f, 1.0f);
    }
    else
    {
        _1052 = _1051;
    }
    float _923 = exp2(max((input_ViewLength - (_195_FogDistance * 0.5f)) / _195_FogDistance, 0.0f) * _195_FogLogDensity);
    _entryPointOutput = float4((_1052 * _923.xxx) + (_195_FogColor * (1.0f - _923).xxx), input_Color.w);
}

SPIRV_Cross_Output main(SPIRV_Cross_Input stage_input)
{
    input_Color = stage_input.input_Color;
    input_WorldPos = stage_input.input_WorldPos;
    input_GetsShadowed = stage_input.input_GetsShadowed;
    input_NormalWorld = stage_input.input_NormalWorld;
    input_ViewLength = stage_input.input_ViewLength;
    input_Lit = stage_input.input_Lit;
    input_Diffuse = stage_input.input_Diffuse;
    frag_main();
    SPIRV_Cross_Output stage_output;
    stage_output._entryPointOutput = _entryPointOutput;
    return stage_output;
}
""";

    /// <summary>Metal Shading Language, compiled by sokol's Metal backend.</summary>
    private const string PixelMsl =
"""
#include <metal_stdlib>
#include <simd/simd.h>

using namespace metal;

struct _Global
{
    float4x4 LightViewProj0;
    float4x4 LightViewProj1;
    float4x4 LightViewProj2;
    float DepthBias;
    float NumCascades;
    float3 LightDirection;
    float4x4 View;
    float4x4 Projection;
    float4x4 ViewProj;
    packed_float3 SnapColor;
    uint IsFullbright;
    uint UseBaseColor;
    float3 BaseColor;
    packed_float3 FogColor;
    float FogDistance;
    float FogLogDensity;
    float2 EnvironmentLight;
    packed_float3 CameraPosition;
    float Alpha;
    uint Expand;
    float RandomFloat;
    float Darken;
    float ChargedBlinkAmount;
    float HalfThickness;
    float2 Resolution;
    float DistantOutlineDistanceFalloffWithCutoffMask;
    float DistantOutlineClassicCutoffMask;
    float DistantOutlineDistanceFalloffMask;
    float OutlineClassicCutoffDistance;
    float OutlineFalloffStartDistance;
    float OutlineFalloffCutoffDistance;
    float OutlineFalloffLinearFadeStartDistance;
    float OutlineFalloffLinearFadeStartThickness;
    float OutlineFalloffInverseLinearFadeLength;
};

struct main0_out
{
    float4 _entryPointOutput [[color(0)]];
};

struct main0_in
{
    float4 input_Color [[user(locn0)]];
    float4 input_WorldPos [[user(locn1)]];
    float input_GetsShadowed [[user(locn2)]];
    float3 input_NormalWorld [[user(locn3)]];
    float input_ViewLength [[user(locn4)]];
    float input_Lit [[user(locn5)]];
    float input_Diffuse [[user(locn6)]];
};

fragment main0_out main0(main0_in in [[stage_in]], constant _Global& _195 [[buffer(0)]], texture2d<float> ShadowMap0 [[texture(0)]], texture2d<float> ShadowMap1 [[texture(1)]], texture2d<float> ShadowMap2 [[texture(2)]], sampler ShadowMapSampler0 [[sampler(0)]], sampler ShadowMapSampler1 [[sampler(1)]], sampler ShadowMapSampler2 [[sampler(2)]])
{
    main0_out out = {};
    float3 _1051;
    if (in.input_Lit > 0.0)
    {
        bool _981;
        do
        {
            if (_195.NumCascades > 0.0)
            {
                if (abs(dot(in.input_NormalWorld, _195.LightDirection)) >= 0.0500000007450580596923828125)
                {
                    float4 _653 = in.input_WorldPos * _195.LightViewProj0;
                    float _658 = _653.w;
                    float2 _661 = ((_653.xy * 0.5) / float2(_658)) + float2(0.5);
                    float _664 = 1.0 - _661.y;
                    float2 _1001 = _661;
                    _1001.y = _664;
                    float _667 = _661.x;
                    float _682 = _653.z;
                    bool _684 = ((((_667 >= 0.0) && (_667 <= 1.0)) && (_664 >= 0.0)) && (_664 <= 1.0)) && (_682 > 0.0);
                    bool _973;
                    if (_684)
                    {
                        float _696 = _682 / _658;
                        float _698 = dfdx(_696);
                        float _700 = dfdy(_696);
                        _973 = ShadowMap0.sample(ShadowMapSampler0, _1001).x < (_696 - (_195.DepthBias + fast::clamp(sqrt((_698 * _698) + (_700 * _700)), 0.0, 0.00999999977648258209228515625)));
                    }
                    else
                    {
                        _973 = false;
                    }
                    if (_684)
                    {
                        _981 = _973;
                        break;
                    }
                    if (_195.NumCascades > 1.0)
                    {
                        float4 _736 = in.input_WorldPos * _195.LightViewProj1;
                        float _741 = _736.w;
                        float2 _744 = ((_736.xy * 0.5) / float2(_741)) + float2(0.5);
                        float _747 = 1.0 - _744.y;
                        float2 _1012 = _744;
                        _1012.y = _747;
                        float _750 = _744.x;
                        float _765 = _736.z;
                        bool _767 = ((((_750 >= 0.0) && (_750 <= 1.0)) && (_747 >= 0.0)) && (_747 <= 1.0)) && (_765 > 0.0);
                        bool _976;
                        if (_767)
                        {
                            float _779 = _765 / _741;
                            float _781 = dfdx(_779);
                            float _783 = dfdy(_779);
                            _976 = ShadowMap1.sample(ShadowMapSampler1, _1012).x < (_779 - (_195.DepthBias + fast::clamp(sqrt((_781 * _781) + (_783 * _783)), 0.0, 0.00999999977648258209228515625)));
                        }
                        else
                        {
                            _976 = false;
                        }
                        if (_767)
                        {
                            _981 = _976;
                            break;
                        }
                        if (_195.NumCascades > 2.0)
                        {
                            float4 _819 = in.input_WorldPos * _195.LightViewProj2;
                            float _824 = _819.w;
                            float2 _827 = ((_819.xy * 0.5) / float2(_824)) + float2(0.5);
                            float _830 = 1.0 - _827.y;
                            float2 _1023 = _827;
                            _1023.y = _830;
                            float _833 = _827.x;
                            float _848 = _819.z;
                            bool _850 = ((((_833 >= 0.0) && (_833 <= 1.0)) && (_830 >= 0.0)) && (_830 <= 1.0)) && (_848 > 0.0);
                            bool _979;
                            if (_850)
                            {
                                float _862 = _848 / _824;
                                float _864 = dfdx(_862);
                                float _866 = dfdy(_862);
                                _979 = ShadowMap2.sample(ShadowMapSampler2, _1023).x < (_862 - (_195.DepthBias + fast::clamp(sqrt((_864 * _864) + (_866 * _866)), 0.0, 0.00999999977648258209228515625)));
                            }
                            else
                            {
                                _979 = false;
                            }
                            if (_850)
                            {
                                _981 = _979;
                                break;
                            }
                        }
                    }
                }
            }
            _981 = false;
            break;
        } while(false);
        float3 _900 = in.input_Color.xyz * (_195.EnvironmentLight.x + (_195.EnvironmentLight.y * (((in.input_GetsShadowed > 0.0) && _981) ? 0.0 : in.input_Diffuse)));
        _1051 = fast::min(_900 + (_900 * ((float3(_195.SnapColor) * 255.0) * float3(0.00999999977648258209228515625))), float3(1.0));
    }
    else
    {
        _1051 = in.input_Color.xyz;
    }
    float3 _1052;
    if (_195.ChargedBlinkAmount > 0.0)
    {
        _1052 = float3(_195.ChargedBlinkAmount * 0.10000000894069671630859375, (128.0 + (12.80000019073486328125 * _195.ChargedBlinkAmount)) * 0.0039215688593685626983642578125, 1.0);
    }
    else
    {
        _1052 = _1051;
    }
    float _923 = exp2(fast::max((in.input_ViewLength - (_195.FogDistance * 0.5)) / _195.FogDistance, 0.0) * _195.FogLogDensity);
    out._entryPointOutput = float4((_1052 * float3(_923)) + (float3(_195.FogColor) * float3(1.0 - _923)), in.input_Color.w);
    return out;
}
""";

    /// <summary>GLSL, compiled by sokol's GL backend.</summary>
    private const string PixelGlsl =
"""
#version 410
#ifdef GL_ARB_shading_language_420pack
#extension GL_ARB_shading_language_420pack : require
#endif

struct _Global
{
    mat4 LightViewProj0;
    mat4 LightViewProj1;
    mat4 LightViewProj2;
    float DepthBias;
    float NumCascades;
    vec3 LightDirection;
    mat4 View;
    mat4 Projection;
    mat4 ViewProj;
    vec3 SnapColor;
    uint IsFullbright;
    uint UseBaseColor;
    vec3 BaseColor;
    vec3 FogColor;
    float FogDistance;
    float FogLogDensity;
    vec2 EnvironmentLight;
    vec3 CameraPosition;
    float Alpha;
    uint Expand;
    float RandomFloat;
    float Darken;
    float ChargedBlinkAmount;
    float HalfThickness;
    vec2 Resolution;
    float DistantOutlineDistanceFalloffWithCutoffMask;
    float DistantOutlineClassicCutoffMask;
    float DistantOutlineDistanceFalloffMask;
    float OutlineClassicCutoffDistance;
    float OutlineFalloffStartDistance;
    float OutlineFalloffCutoffDistance;
    float OutlineFalloffLinearFadeStartDistance;
    float OutlineFalloffLinearFadeStartThickness;
    float OutlineFalloffInverseLinearFadeLength;
};

uniform _Global _195;

uniform sampler2D _1062;
uniform sampler2D _1064;
uniform sampler2D _1066;

layout(location = 0) in vec4 input_Color;
layout(location = 1) in vec4 input_WorldPos;
layout(location = 2) in float input_GetsShadowed;
layout(location = 3) in vec3 input_NormalWorld;
layout(location = 4) in float input_ViewLength;
layout(location = 5) in float input_Lit;
layout(location = 6) in float input_Diffuse;
layout(location = 0) out vec4 _entryPointOutput;

mat4 spvWorkaroundRowMajor(mat4 wrap) { return wrap; }

void main()
{
    vec3 _1051;
    if (input_Lit > 0.0)
    {
        bool _981;
        do
        {
            if (_195.NumCascades > 0.0)
            {
                if (abs(dot(input_NormalWorld, _195.LightDirection)) >= 0.0500000007450580596923828125)
                {
                    vec4 _653 = spvWorkaroundRowMajor(_195.LightViewProj0) * input_WorldPos;
                    float _658 = _653.w;
                    vec2 _661 = ((_653.xy * 0.5) / vec2(_658)) + vec2(0.5);
                    float _664 = 1.0 - _661.y;
                    vec2 _1001 = _661;
                    _1001.y = _664;
                    float _667 = _661.x;
                    float _682 = _653.z;
                    bool _684 = ((((_667 >= 0.0) && (_667 <= 1.0)) && (_664 >= 0.0)) && (_664 <= 1.0)) && (_682 > 0.0);
                    bool _973;
                    if (_684)
                    {
                        float _696 = _682 / _658;
                        float _698 = dFdx(_696);
                        float _700 = dFdy(_696);
                        _973 = texture(_1062, _1001).x < (_696 - (_195.DepthBias + clamp(sqrt((_698 * _698) + (_700 * _700)), 0.0, 0.00999999977648258209228515625)));
                    }
                    else
                    {
                        _973 = false;
                    }
                    if (_684)
                    {
                        _981 = _973;
                        break;
                    }
                    if (_195.NumCascades > 1.0)
                    {
                        vec4 _736 = spvWorkaroundRowMajor(_195.LightViewProj1) * input_WorldPos;
                        float _741 = _736.w;
                        vec2 _744 = ((_736.xy * 0.5) / vec2(_741)) + vec2(0.5);
                        float _747 = 1.0 - _744.y;
                        vec2 _1012 = _744;
                        _1012.y = _747;
                        float _750 = _744.x;
                        float _765 = _736.z;
                        bool _767 = ((((_750 >= 0.0) && (_750 <= 1.0)) && (_747 >= 0.0)) && (_747 <= 1.0)) && (_765 > 0.0);
                        bool _976;
                        if (_767)
                        {
                            float _779 = _765 / _741;
                            float _781 = dFdx(_779);
                            float _783 = dFdy(_779);
                            _976 = texture(_1064, _1012).x < (_779 - (_195.DepthBias + clamp(sqrt((_781 * _781) + (_783 * _783)), 0.0, 0.00999999977648258209228515625)));
                        }
                        else
                        {
                            _976 = false;
                        }
                        if (_767)
                        {
                            _981 = _976;
                            break;
                        }
                        if (_195.NumCascades > 2.0)
                        {
                            vec4 _819 = spvWorkaroundRowMajor(_195.LightViewProj2) * input_WorldPos;
                            float _824 = _819.w;
                            vec2 _827 = ((_819.xy * 0.5) / vec2(_824)) + vec2(0.5);
                            float _830 = 1.0 - _827.y;
                            vec2 _1023 = _827;
                            _1023.y = _830;
                            float _833 = _827.x;
                            float _848 = _819.z;
                            bool _850 = ((((_833 >= 0.0) && (_833 <= 1.0)) && (_830 >= 0.0)) && (_830 <= 1.0)) && (_848 > 0.0);
                            bool _979;
                            if (_850)
                            {
                                float _862 = _848 / _824;
                                float _864 = dFdx(_862);
                                float _866 = dFdy(_862);
                                _979 = texture(_1066, _1023).x < (_862 - (_195.DepthBias + clamp(sqrt((_864 * _864) + (_866 * _866)), 0.0, 0.00999999977648258209228515625)));
                            }
                            else
                            {
                                _979 = false;
                            }
                            if (_850)
                            {
                                _981 = _979;
                                break;
                            }
                        }
                    }
                }
            }
            _981 = false;
            break;
        } while(false);
        vec3 _900 = input_Color.xyz * (_195.EnvironmentLight.x + (_195.EnvironmentLight.y * (((input_GetsShadowed > 0.0) && _981) ? 0.0 : input_Diffuse)));
        _1051 = min(_900 + (_900 * ((_195.SnapColor * 255.0) * vec3(0.00999999977648258209228515625))), vec3(1.0));
    }
    else
    {
        _1051 = input_Color.xyz;
    }
    vec3 _1052;
    if (_195.ChargedBlinkAmount > 0.0)
    {
        _1052 = vec3(_195.ChargedBlinkAmount * 0.10000000894069671630859375, (128.0 + (12.80000019073486328125 * _195.ChargedBlinkAmount)) * 0.0039215688593685626983642578125, 1.0);
    }
    else
    {
        _1052 = _1051;
    }
    float _923 = exp2(max((input_ViewLength - (_195.FogDistance * 0.5)) / _195.FogDistance, 0.0) * _195.FogLogDensity);
    _entryPointOutput = vec4((_1052 * vec3(_923)) + (_195.FogColor * vec3(1.0 - _923)), input_Color.w);
}
""";

    /// <summary>OpenGL ES 3.0 GLSL, compiled by a GLES3 context or ANGLE.</summary>
    private const string PixelGlslEs =
"""
#version 300 es
precision highp float;
precision highp int;

layout(std140) uniform _Global
{
    layout(row_major) mat4 LightViewProj0;
    layout(row_major) mat4 LightViewProj1;
    layout(row_major) mat4 LightViewProj2;
    float DepthBias;
    float NumCascades;
    vec3 LightDirection;
    layout(row_major) mat4 View;
    layout(row_major) mat4 Projection;
    layout(row_major) mat4 ViewProj;
    vec3 SnapColor;
    uint IsFullbright;
    uint UseBaseColor;
    vec3 BaseColor;
    vec3 FogColor;
    float FogDistance;
    float FogLogDensity;
    vec2 EnvironmentLight;
    vec3 CameraPosition;
    float Alpha;
    uint Expand;
    float RandomFloat;
    float Darken;
    float ChargedBlinkAmount;
    float HalfThickness;
    vec2 Resolution;
    float DistantOutlineDistanceFalloffWithCutoffMask;
    float DistantOutlineClassicCutoffMask;
    float DistantOutlineDistanceFalloffMask;
    float OutlineClassicCutoffDistance;
    float OutlineFalloffStartDistance;
    float OutlineFalloffCutoffDistance;
    float OutlineFalloffLinearFadeStartDistance;
    float OutlineFalloffLinearFadeStartThickness;
    float OutlineFalloffInverseLinearFadeLength;
} _195;

uniform highp sampler2D ShadowMap0;
uniform highp sampler2D ShadowMap1;
uniform highp sampler2D ShadowMap2;

in vec4 varying_0;
in vec4 varying_1;
in float varying_2;
in vec3 varying_3;
in float varying_4;
in float varying_5;
in float varying_6;
layout(location = 0) out vec4 _entryPointOutput;

highp mat4 spvWorkaroundRowMajor(highp mat4 wrap) { return wrap; }
mediump mat4 spvWorkaroundRowMajorMP(mediump mat4 wrap) { return wrap; }

void main()
{
    vec3 _1051;
    if (varying_5 > 0.0)
    {
        bool _981;
        do
        {
            if (_195.NumCascades > 0.0)
            {
                if (abs(dot(varying_3, _195.LightDirection)) >= 0.0500000007450580596923828125)
                {
                    vec4 _653 = spvWorkaroundRowMajor(_195.LightViewProj0) * varying_1;
                    float _658 = _653.w;
                    vec2 _661 = ((_653.xy * 0.5) / vec2(_658)) + vec2(0.5);
                    float _664 = 1.0 - _661.y;
                    vec2 _1001 = _661;
                    _1001.y = _664;
                    float _667 = _661.x;
                    float _682 = _653.z;
                    bool _684 = ((((_667 >= 0.0) && (_667 <= 1.0)) && (_664 >= 0.0)) && (_664 <= 1.0)) && (_682 > 0.0);
                    bool _973;
                    if (_684)
                    {
                        float _696 = _682 / _658;
                        float _698 = dFdx(_696);
                        float _700 = dFdy(_696);
                        _973 = texture(ShadowMap0, _1001).x < (_696 - (_195.DepthBias + clamp(sqrt((_698 * _698) + (_700 * _700)), 0.0, 0.00999999977648258209228515625)));
                    }
                    else
                    {
                        _973 = false;
                    }
                    if (_684)
                    {
                        _981 = _973;
                        break;
                    }
                    if (_195.NumCascades > 1.0)
                    {
                        vec4 _736 = spvWorkaroundRowMajor(_195.LightViewProj1) * varying_1;
                        float _741 = _736.w;
                        vec2 _744 = ((_736.xy * 0.5) / vec2(_741)) + vec2(0.5);
                        float _747 = 1.0 - _744.y;
                        vec2 _1012 = _744;
                        _1012.y = _747;
                        float _750 = _744.x;
                        float _765 = _736.z;
                        bool _767 = ((((_750 >= 0.0) && (_750 <= 1.0)) && (_747 >= 0.0)) && (_747 <= 1.0)) && (_765 > 0.0);
                        bool _976;
                        if (_767)
                        {
                            float _779 = _765 / _741;
                            float _781 = dFdx(_779);
                            float _783 = dFdy(_779);
                            _976 = texture(ShadowMap1, _1012).x < (_779 - (_195.DepthBias + clamp(sqrt((_781 * _781) + (_783 * _783)), 0.0, 0.00999999977648258209228515625)));
                        }
                        else
                        {
                            _976 = false;
                        }
                        if (_767)
                        {
                            _981 = _976;
                            break;
                        }
                        if (_195.NumCascades > 2.0)
                        {
                            vec4 _819 = spvWorkaroundRowMajor(_195.LightViewProj2) * varying_1;
                            float _824 = _819.w;
                            vec2 _827 = ((_819.xy * 0.5) / vec2(_824)) + vec2(0.5);
                            float _830 = 1.0 - _827.y;
                            vec2 _1023 = _827;
                            _1023.y = _830;
                            float _833 = _827.x;
                            float _848 = _819.z;
                            bool _850 = ((((_833 >= 0.0) && (_833 <= 1.0)) && (_830 >= 0.0)) && (_830 <= 1.0)) && (_848 > 0.0);
                            bool _979;
                            if (_850)
                            {
                                float _862 = _848 / _824;
                                float _864 = dFdx(_862);
                                float _866 = dFdy(_862);
                                _979 = texture(ShadowMap2, _1023).x < (_862 - (_195.DepthBias + clamp(sqrt((_864 * _864) + (_866 * _866)), 0.0, 0.00999999977648258209228515625)));
                            }
                            else
                            {
                                _979 = false;
                            }
                            if (_850)
                            {
                                _981 = _979;
                                break;
                            }
                        }
                    }
                }
            }
            _981 = false;
            break;
        } while(false);
        vec3 _900 = varying_0.xyz * (_195.EnvironmentLight.x + (_195.EnvironmentLight.y * (((varying_2 > 0.0) && _981) ? 0.0 : varying_6)));
        _1051 = min(_900 + (_900 * ((_195.SnapColor * 255.0) * vec3(0.00999999977648258209228515625))), vec3(1.0));
    }
    else
    {
        _1051 = varying_0.xyz;
    }
    vec3 _1052;
    if (_195.ChargedBlinkAmount > 0.0)
    {
        _1052 = vec3(_195.ChargedBlinkAmount * 0.10000000894069671630859375, (128.0 + (12.80000019073486328125 * _195.ChargedBlinkAmount)) * 0.0039215688593685626983642578125, 1.0);
    }
    else
    {
        _1052 = _1051;
    }
    float _923 = exp2(max((varying_4 - (_195.FogDistance * 0.5)) / _195.FogDistance, 0.0) * _195.FogLogDensity);
    _entryPointOutput = vec4((_1052 * vec3(_923)) + (_195.FogColor * vec3(1.0 - _923)), varying_0.w);
}
""";

    /// <summary>
    /// Builds this program's modules and reflection. The reflection is parsed once here,
    /// not re-derived from source at runtime.
    /// </summary>
    public static LineProgram Create() => new(
        new ShaderStageSources(
            VertexSpirv,
            VertexHlsl,
            VertexMsl,
            VertexGlsl,
            VertexGlslEs),
        new ShaderStageSources(
            PixelSpirv,
            PixelHlsl,
            PixelMsl,
            PixelGlsl,
            PixelGlslEs),
        new ShaderReflection
        {
            Uniforms = new UniformParam[]
            {
                new("LightViewProj0", 0, 64, UniformType.Matrix4x4),
                new("LightViewProj1", 64, 64, UniformType.Matrix4x4),
                new("LightViewProj2", 128, 64, UniformType.Matrix4x4),
                new("DepthBias", 192, 4, UniformType.Float),
                new("NumCascades", 196, 4, UniformType.Float),
                new("LightDirection", 208, 12, UniformType.Vector3),
                new("View", 224, 64, UniformType.Matrix4x4),
                new("Projection", 288, 64, UniformType.Matrix4x4),
                new("ViewProj", 352, 64, UniformType.Matrix4x4),
                new("SnapColor", 416, 12, UniformType.Vector3),
                new("IsFullbright", 428, 4, UniformType.Int),
                new("UseBaseColor", 432, 4, UniformType.Int),
                new("BaseColor", 448, 12, UniformType.Vector3),
                new("FogColor", 464, 12, UniformType.Vector3),
                new("FogDistance", 476, 4, UniformType.Float),
                new("FogLogDensity", 480, 4, UniformType.Float),
                new("EnvironmentLight", 488, 8, UniformType.Vector2),
                new("CameraPosition", 496, 12, UniformType.Vector3),
                new("Alpha", 508, 4, UniformType.Float),
                new("Expand", 512, 4, UniformType.Int),
                new("RandomFloat", 516, 4, UniformType.Float),
                new("Darken", 520, 4, UniformType.Float),
                new("ChargedBlinkAmount", 524, 4, UniformType.Float),
                new("HalfThickness", 528, 4, UniformType.Float),
                new("Resolution", 536, 8, UniformType.Vector2),
                new("DistantOutlineDistanceFalloffWithCutoffMask", 544, 4, UniformType.Float),
                new("DistantOutlineClassicCutoffMask", 548, 4, UniformType.Float),
                new("DistantOutlineDistanceFalloffMask", 552, 4, UniformType.Float),
                new("OutlineClassicCutoffDistance", 556, 4, UniformType.Float),
                new("OutlineFalloffStartDistance", 560, 4, UniformType.Float),
                new("OutlineFalloffCutoffDistance", 564, 4, UniformType.Float),
                new("OutlineFalloffLinearFadeStartDistance", 568, 4, UniformType.Float),
                new("OutlineFalloffLinearFadeStartThickness", 572, 4, UniformType.Float),
                new("OutlineFalloffInverseLinearFadeLength", 576, 4, UniformType.Float),
            },
            Textures = new ResourceBinding[]
            {
                new("ShadowMap0", 0),
                new("ShadowMap1", 1),
                new("ShadowMap2", 2),
            },
            Samplers = new ResourceBinding[]
            {
                new("ShadowMapSampler0", 0),
                new("ShadowMapSampler1", 1),
                new("ShadowMapSampler2", 2),
            },
        }
    );

    /// <summary>Resolves this program's uniform slots against a built pipeline's reflection.</summary>
    public readonly struct LineParameters
    {
        internal LineParameters(ShaderReflection reflection)
        {
            LightViewProj0 = SlotOf(reflection, "LightViewProj0");
            LightViewProj1 = SlotOf(reflection, "LightViewProj1");
            LightViewProj2 = SlotOf(reflection, "LightViewProj2");
            DepthBias = SlotOf(reflection, "DepthBias");
            NumCascades = SlotOf(reflection, "NumCascades");
            LightDirection = SlotOf(reflection, "LightDirection");
            View = SlotOf(reflection, "View");
            Projection = SlotOf(reflection, "Projection");
            ViewProj = SlotOf(reflection, "ViewProj");
            SnapColor = SlotOf(reflection, "SnapColor");
            IsFullbright = SlotOf(reflection, "IsFullbright");
            UseBaseColor = SlotOf(reflection, "UseBaseColor");
            BaseColor = SlotOf(reflection, "BaseColor");
            FogColor = SlotOf(reflection, "FogColor");
            FogDistance = SlotOf(reflection, "FogDistance");
            FogLogDensity = SlotOf(reflection, "FogLogDensity");
            EnvironmentLight = SlotOf(reflection, "EnvironmentLight");
            CameraPosition = SlotOf(reflection, "CameraPosition");
            Alpha = SlotOf(reflection, "Alpha");
            Expand = SlotOf(reflection, "Expand");
            RandomFloat = SlotOf(reflection, "RandomFloat");
            Darken = SlotOf(reflection, "Darken");
            ChargedBlinkAmount = SlotOf(reflection, "ChargedBlinkAmount");
            HalfThickness = SlotOf(reflection, "HalfThickness");
            Resolution = SlotOf(reflection, "Resolution");
            DistantOutlineDistanceFalloffWithCutoffMask = SlotOf(reflection, "DistantOutlineDistanceFalloffWithCutoffMask");
            DistantOutlineClassicCutoffMask = SlotOf(reflection, "DistantOutlineClassicCutoffMask");
            DistantOutlineDistanceFalloffMask = SlotOf(reflection, "DistantOutlineDistanceFalloffMask");
            OutlineClassicCutoffDistance = SlotOf(reflection, "OutlineClassicCutoffDistance");
            OutlineFalloffStartDistance = SlotOf(reflection, "OutlineFalloffStartDistance");
            OutlineFalloffCutoffDistance = SlotOf(reflection, "OutlineFalloffCutoffDistance");
            OutlineFalloffLinearFadeStartDistance = SlotOf(reflection, "OutlineFalloffLinearFadeStartDistance");
            OutlineFalloffLinearFadeStartThickness = SlotOf(reflection, "OutlineFalloffLinearFadeStartThickness");
            OutlineFalloffInverseLinearFadeLength = SlotOf(reflection, "OutlineFalloffInverseLinearFadeLength");
        }

        public int LightViewProj0 { get; }
        public int LightViewProj1 { get; }
        public int LightViewProj2 { get; }
        public int DepthBias { get; }
        public int NumCascades { get; }
        public int LightDirection { get; }
        public int View { get; }
        public int Projection { get; }
        public int ViewProj { get; }
        public int SnapColor { get; }
        public int IsFullbright { get; }
        public int UseBaseColor { get; }
        public int BaseColor { get; }
        public int FogColor { get; }
        public int FogDistance { get; }
        public int FogLogDensity { get; }
        public int EnvironmentLight { get; }
        public int CameraPosition { get; }
        public int Alpha { get; }
        public int Expand { get; }
        public int RandomFloat { get; }
        public int Darken { get; }
        public int ChargedBlinkAmount { get; }
        public int HalfThickness { get; }
        public int Resolution { get; }
        public int DistantOutlineDistanceFalloffWithCutoffMask { get; }
        public int DistantOutlineClassicCutoffMask { get; }
        public int DistantOutlineDistanceFalloffMask { get; }
        public int OutlineClassicCutoffDistance { get; }
        public int OutlineFalloffStartDistance { get; }
        public int OutlineFalloffCutoffDistance { get; }
        public int OutlineFalloffLinearFadeStartDistance { get; }
        public int OutlineFalloffLinearFadeStartThickness { get; }
        public int OutlineFalloffInverseLinearFadeLength { get; }

        private static int SlotOf(ShaderReflection reflection, string name)
        {
            foreach (var uniform in reflection.Uniforms)
            {
                if (uniform.Name == name) return uniform.Offset;
            }
            return -1;
        }
    }

    public sealed record LineProgram(
        ShaderStageSources Vertex,
        ShaderStageSources Pixel,
        ShaderReflection Reflection)
    {
        public ReadOnlyMemory<byte> VertexSpirv => Vertex.Spirv;
        public ReadOnlyMemory<byte> PixelSpirv => Pixel.Spirv;

        public LineParameters Bind() => new(Reflection);
    }
}
