// <auto-generated/>
// Generated by the shader compiler. Do not edit.
#nullable enable

using System;
using System.Collections.Generic;
using NFMWorld.Shaders;

public static class Mountains
{
    /// <summary>SPIR-V for the Vertex stage (entry point <c>VertexShaderFunction</c>).</summary>
    private static ReadOnlyMemory<byte> VertexSpirv => new byte[]
    {
        0x03, 0x02, 0x23, 0x07, 0x00, 0x03, 0x01, 0x00, 0x0b, 0x00, 0x0d, 0x00, 0xf6, 0x00, 0x00, 0x00,
        0x00, 0x00, 0x00, 0x00, 0x11, 0x00, 0x02, 0x00, 0x01, 0x00, 0x00, 0x00, 0x0b, 0x00, 0x06, 0x00,
        0x03, 0x00, 0x00, 0x00, 0x47, 0x4c, 0x53, 0x4c, 0x2e, 0x73, 0x74, 0x64, 0x2e, 0x34, 0x35, 0x30,
        0x00, 0x00, 0x00, 0x00, 0x0e, 0x00, 0x03, 0x00, 0x00, 0x00, 0x00, 0x00, 0x01, 0x00, 0x00, 0x00,
        0x0f, 0x00, 0x0e, 0x00, 0x00, 0x00, 0x00, 0x00, 0x06, 0x00, 0x00, 0x00, 0x56, 0x65, 0x72, 0x74,
        0x65, 0x78, 0x53, 0x68, 0x61, 0x64, 0x65, 0x72, 0x46, 0x75, 0x6e, 0x63, 0x74, 0x69, 0x6f, 0x6e,
        0x00, 0x00, 0x00, 0x00, 0x7e, 0x00, 0x00, 0x00, 0x82, 0x00, 0x00, 0x00, 0x8b, 0x00, 0x00, 0x00,
        0x8e, 0x00, 0x00, 0x00, 0x91, 0x00, 0x00, 0x00, 0x07, 0x00, 0x10, 0x00, 0x01, 0x00, 0x00, 0x00,
        0x43, 0x3a, 0x2f, 0x55, 0x73, 0x65, 0x72, 0x73, 0x2f, 0x4d, 0x61, 0x78, 0x69, 0x6e, 0x65, 0x2f,
        0x41, 0x70, 0x70, 0x44, 0x61, 0x74, 0x61, 0x2f, 0x4c, 0x6f, 0x63, 0x61, 0x6c, 0x2f, 0x54, 0x65,
        0x6d, 0x70, 0x2f, 0x66, 0x78, 0x6d, 0x69, 0x67, 0x2f, 0x4d, 0x6f, 0x75, 0x6e, 0x74, 0x61, 0x69,
        0x6e, 0x73, 0x2e, 0x66, 0x78, 0x00, 0x00, 0x00, 0x07, 0x00, 0x05, 0x00, 0x02, 0x00, 0x00, 0x00,
        0x2e, 0x2f, 0x4d, 0x61, 0x64, 0x2e, 0x66, 0x78, 0x68, 0x00, 0x00, 0x00, 0x03, 0x00, 0xa0, 0x01,
        0x05, 0x00, 0x00, 0x00, 0xf4, 0x01, 0x00, 0x00, 0x01, 0x00, 0x00, 0x00, 0x23, 0x69, 0x66, 0x20,
        0x4f, 0x50, 0x45, 0x4e, 0x47, 0x4c, 0x0a, 0x09, 0x23, 0x64, 0x65, 0x66, 0x69, 0x6e, 0x65, 0x20,
        0x53, 0x56, 0x5f, 0x50, 0x4f, 0x53, 0x49, 0x54, 0x49, 0x4f, 0x4e, 0x20, 0x50, 0x4f, 0x53, 0x49,
        0x54, 0x49, 0x4f, 0x4e, 0x0a, 0x09, 0x23, 0x64, 0x65, 0x66, 0x69, 0x6e, 0x65, 0x20, 0x56, 0x53,
        0x5f, 0x53, 0x48, 0x41, 0x44, 0x45, 0x52, 0x4d, 0x4f, 0x44, 0x45, 0x4c, 0x20, 0x76, 0x73, 0x5f,
        0x33, 0x5f, 0x30, 0x0a, 0x09, 0x23, 0x64, 0x65, 0x66, 0x69, 0x6e, 0x65, 0x20, 0x50, 0x53, 0x5f,
        0x53, 0x48, 0x41, 0x44, 0x45, 0x52, 0x4d, 0x4f, 0x44, 0x45, 0x4c, 0x20, 0x70, 0x73, 0x5f, 0x33,
        0x5f, 0x30, 0x0a, 0x23, 0x65, 0x6c, 0x73, 0x65, 0x0a, 0x09, 0x23, 0x64, 0x65, 0x66, 0x69, 0x6e,
        0x65, 0x20, 0x56, 0x53, 0x5f, 0x53, 0x48, 0x41, 0x44, 0x45, 0x52, 0x4d, 0x4f, 0x44, 0x45, 0x4c,
        0x20, 0x76, 0x73, 0x5f, 0x33, 0x5f, 0x30, 0x0a, 0x09, 0x23, 0x64, 0x65, 0x66, 0x69, 0x6e, 0x65,
        0x20, 0x50, 0x53, 0x5f, 0x53, 0x48, 0x41, 0x44, 0x45, 0x52, 0x4d, 0x4f, 0x44, 0x45, 0x4c, 0x20,
        0x70, 0x73, 0x5f, 0x33, 0x5f, 0x30, 0x0a, 0x23, 0x65, 0x6e, 0x64, 0x69, 0x66, 0x0a, 0x0a, 0x23,
        0x69, 0x6e, 0x63, 0x6c, 0x75, 0x64, 0x65, 0x20, 0x22, 0x2e, 0x2f, 0x4d, 0x61, 0x64, 0x2e, 0x66,
        0x78, 0x68, 0x22, 0x0a, 0x0a, 0x66, 0x6c, 0x6f, 0x61, 0x74, 0x34, 0x78, 0x34, 0x20, 0x57, 0x6f,
        0x72, 0x6c, 0x64, 0x56, 0x69, 0x65, 0x77, 0x3b, 0x0a, 0x66, 0x6c, 0x6f, 0x61, 0x74, 0x34, 0x78,
        0x34, 0x20, 0x57, 0x6f, 0x72, 0x6c, 0x64, 0x56, 0x69, 0x65, 0x77, 0x50, 0x72, 0x6f, 0x6a, 0x3b,
        0x0a, 0x0a, 0x66, 0x6c, 0x6f, 0x61, 0x74, 0x33, 0x20, 0x46, 0x6f, 0x67, 0x43, 0x6f, 0x6c, 0x6f,
        0x72, 0x3b, 0x0a, 0x66, 0x6c, 0x6f, 0x61, 0x74, 0x20, 0x46, 0x6f, 0x67, 0x44, 0x69, 0x73, 0x74,
        0x61, 0x6e, 0x63, 0x65, 0x3b, 0x0a, 0x2f, 0x2f, 0x20, 0x6c, 0x6f, 0x67, 0x32, 0x20, 0x6f, 0x66,
        0x20, 0x74, 0x68, 0x65, 0x20, 0x6e, 0x6f, 0x72, 0x6d, 0x61, 0x6c, 0x69, 0x7a, 0x65, 0x64, 0x20,
        0x66, 0x6f, 0x67, 0x20, 0x64, 0x65, 0x6e, 0x73, 0x69, 0x74, 0x79, 0x20, 0x28, 0x73, 0x65, 0x65,
        0x20, 0x56, 0x53, 0x5f, 0x41, 0x70, 0x70, 0x6c, 0x79, 0x46, 0x6f, 0x67, 0x29, 0x0a, 0x66, 0x6c,
        0x6f, 0x61, 0x74, 0x20, 0x46, 0x6f, 0x67, 0x4c, 0x6f, 0x67, 0x44, 0x65, 0x6e, 0x73, 0x69, 0x74,
        0x79, 0x3b, 0x0a, 0x0a, 0x73, 0x74, 0x72, 0x75, 0x63, 0x74, 0x20, 0x56, 0x65, 0x72, 0x74, 0x65,
        0x78, 0x53, 0x68, 0x61, 0x64, 0x65, 0x72, 0x4f, 0x75, 0x74, 0x70, 0x75, 0x74, 0x0a, 0x7b, 0x0a,
        0x20, 0x20, 0x20, 0x20, 0x66, 0x6c, 0x6f, 0x61, 0x74, 0x34, 0x20, 0x50, 0x6f, 0x73, 0x69, 0x74,
        0x69, 0x6f, 0x6e, 0x20, 0x3a, 0x20, 0x53, 0x56, 0x5f, 0x50, 0x4f, 0x53, 0x49, 0x54, 0x49, 0x4f,
        0x4e, 0x3b, 0x20, 0x2f, 0x2f, 0x20, 0x56, 0x65, 0x72, 0x74, 0x65, 0x78, 0x20, 0x70, 0x6f, 0x73,
        0x69, 0x74, 0x69, 0x6f, 0x6e, 0x20, 0x69, 0x6e, 0x20, 0x73, 0x63, 0x72, 0x65, 0x65, 0x6e, 0x20,
        0x73, 0x70, 0x61, 0x63, 0x65, 0x0a, 0x20, 0x20, 0x20, 0x20, 0x66, 0x6c, 0x6f, 0x61, 0x74, 0x34,
        0x20, 0x43, 0x6f, 0x6c, 0x6f, 0x72, 0x20, 0x3a, 0x20, 0x43, 0x4f, 0x4c, 0x4f, 0x52, 0x30, 0x3b,
        0x20, 0x2f, 0x2f, 0x20, 0x56, 0x65, 0x72, 0x74, 0x65, 0x78, 0x20, 0x63, 0x6f, 0x6c, 0x6f, 0x72,
        0x0a, 0x20, 0x20, 0x20, 0x20, 0x66, 0x6c, 0x6f, 0x61, 0x74, 0x34, 0x20, 0x57, 0x6f, 0x72, 0x6c,
        0x64, 0x50, 0x6f, 0x73, 0x20, 0x3a, 0x20, 0x54, 0x45, 0x58, 0x43, 0x4f, 0x4f, 0x52, 0x44, 0x32,
        0x3b, 0x0a, 0x7d, 0x3b, 0x0a, 0x0a, 0x56, 0x65, 0x72, 0x74, 0x65, 0x78, 0x53, 0x68, 0x61, 0x64,
        0x65, 0x72, 0x4f, 0x75, 0x74, 0x70, 0x75, 0x74, 0x20, 0x56, 0x65, 0x72, 0x74, 0x65, 0x78, 0x53,
        0x68, 0x61, 0x64, 0x65, 0x72, 0x46, 0x75, 0x6e, 0x63, 0x74, 0x69, 0x6f, 0x6e, 0x28, 0x0a, 0x20,
        0x20, 0x20, 0x20, 0x66, 0x6c, 0x6f, 0x61, 0x74, 0x34, 0x20, 0x50, 0x6f, 0x73, 0x69, 0x74, 0x69,
        0x6f, 0x6e, 0x20, 0x3a, 0x20, 0x50, 0x4f, 0x53, 0x49, 0x54, 0x49, 0x4f, 0x4e, 0x2c, 0x20, 0x66,
        0x6c, 0x6f, 0x61, 0x74, 0x33, 0x20, 0x43, 0x6f, 0x6c, 0x6f, 0x72, 0x20, 0x3a, 0x20, 0x43, 0x4f,
        0x4c, 0x4f, 0x52, 0x30, 0x29, 0x0a, 0x7b, 0x0a, 0x20, 0x20, 0x20, 0x20, 0x56, 0x65, 0x72, 0x74,
        0x65, 0x78, 0x53, 0x68, 0x61, 0x64, 0x65, 0x72, 0x4f, 0x75, 0x74, 0x70, 0x75, 0x74, 0x20, 0x6f,
        0x75, 0x74, 0x70, 0x75, 0x74, 0x3b, 0x0a, 0x20, 0x20, 0x20, 0x20, 0x6f, 0x75, 0x74, 0x70, 0x75,
        0x74, 0x2e, 0x50, 0x6f, 0x73, 0x69, 0x74, 0x69, 0x6f, 0x6e, 0x20, 0x3d, 0x20, 0x6d, 0x75, 0x6c,
        0x28, 0x50, 0x6f, 0x73, 0x69, 0x74, 0x69, 0x6f, 0x6e, 0x2c, 0x20, 0x57, 0x6f, 0x72, 0x6c, 0x64,
        0x56, 0x69, 0x65, 0x77, 0x50, 0x72, 0x6f, 0x6a, 0x29, 0x3b, 0x20, 0x2f, 0x2f, 0x20, 0x54, 0x72,
        0x61, 0x6e, 0x73, 0x66, 0x6f, 0x72, 0x6d, 0x20, 0x76, 0x65, 0x72, 0x74, 0x65, 0x78, 0x20, 0x70,
        0x6f, 0x73, 0x69, 0x74, 0x69, 0x6f, 0x6e, 0x0a, 0x0a, 0x20, 0x20, 0x20, 0x20, 0x66, 0x6c, 0x6f,
        0x61, 0x74, 0x33, 0x20, 0x63, 0x6f, 0x6c, 0x6f, 0x72, 0x20, 0x3d, 0x20, 0x43, 0x6f, 0x6c, 0x6f,
        0x72, 0x3b, 0x0a, 0x09, 0x66, 0x6c, 0x6f, 0x61, 0x74, 0x33, 0x20, 0x76, 0x69, 0x65, 0x77, 0x50,
        0x6f, 0x73, 0x20, 0x3d, 0x20, 0x6d, 0x75, 0x6c, 0x28, 0x50, 0x6f, 0x73, 0x69, 0x74, 0x69, 0x6f,
        0x6e, 0x2c, 0x20, 0x57, 0x6f, 0x72, 0x6c, 0x64, 0x56, 0x69, 0x65, 0x77, 0x29, 0x2e, 0x78, 0x79,
        0x7a, 0x3b, 0x0a, 0x20, 0x20, 0x20, 0x20, 0x66, 0x6c, 0x6f, 0x61, 0x74, 0x20, 0x76, 0x69, 0x65,
        0x77, 0x4c, 0x65, 0x6e, 0x67, 0x74, 0x68, 0x20, 0x3d, 0x20, 0x6c, 0x65, 0x6e, 0x67, 0x74, 0x68,
        0x28, 0x76, 0x69, 0x65, 0x77, 0x50, 0x6f, 0x73, 0x29, 0x3b, 0x0a, 0x20, 0x20, 0x20, 0x20, 0x56,
        0x53, 0x5f, 0x41, 0x70, 0x70, 0x6c, 0x79, 0x46, 0x6f, 0x67, 0x28, 0x63, 0x6f, 0x6c, 0x6f, 0x72,
        0x2c, 0x20, 0x76, 0x69, 0x65, 0x77, 0x4c, 0x65, 0x6e, 0x67, 0x74, 0x68, 0x2c, 0x20, 0x46, 0x6f,
        0x67, 0x43, 0x6f, 0x6c, 0x6f, 0x72, 0x2c, 0x20, 0x46, 0x6f, 0x67, 0x44, 0x69, 0x73, 0x74, 0x61,
        0x6e, 0x63, 0x65, 0x2c, 0x20, 0x46, 0x6f, 0x67, 0x4c, 0x6f, 0x67, 0x44, 0x65, 0x6e, 0x73, 0x69,
        0x74, 0x79, 0x29, 0x3b, 0x0a, 0x0a, 0x20, 0x20, 0x20, 0x20, 0x56, 0x53, 0x5f, 0x43, 0x6f, 0x6c,
        0x6f, 0x72, 0x43, 0x6f, 0x72, 0x72, 0x65, 0x63, 0x74, 0x28, 0x63, 0x6f, 0x6c, 0x6f, 0x72, 0x29,
        0x3b, 0x0a, 0x0a, 0x20, 0x20, 0x20, 0x20, 0x6f, 0x75, 0x74, 0x70, 0x75, 0x74, 0x2e, 0x43, 0x6f,
        0x6c, 0x6f, 0x72, 0x20, 0x3d, 0x20, 0x66, 0x6c, 0x6f, 0x61, 0x74, 0x34, 0x28, 0x63, 0x6f, 0x6c,
        0x6f, 0x72, 0x2c, 0x20, 0x31, 0x2e, 0x30, 0x29, 0x3b, 0x0a, 0x0a, 0x20, 0x20, 0x20, 0x20, 0x2f,
        0x2f, 0x20, 0x53, 0x61, 0x76, 0x65, 0x20, 0x74, 0x68, 0x65, 0x20, 0x76, 0x65, 0x72, 0x74, 0x69,
        0x63, 0x65, 0x73, 0x20, 0x70, 0x6f, 0x73, 0x74, 0x69, 0x6f, 0x6e, 0x20, 0x69, 0x6e, 0x20, 0x77,
        0x6f, 0x72, 0x6c, 0x64, 0x20, 0x73, 0x70, 0x61, 0x63, 0x65, 0x20, 0x28, 0x66, 0x6f, 0x72, 0x20,
        0x73, 0x68, 0x61, 0x64, 0x6f, 0x77, 0x20, 0x6d, 0x61, 0x70, 0x70, 0x69, 0x6e, 0x67, 0x29, 0x0a,
        0x20, 0x20, 0x20, 0x20, 0x6f, 0x75, 0x74, 0x70, 0x75, 0x74, 0x2e, 0x57, 0x6f, 0x72, 0x6c, 0x64,
        0x50, 0x6f, 0x73, 0x20, 0x3d, 0x20, 0x50, 0x6f, 0x73, 0x69, 0x74, 0x69, 0x6f, 0x6e, 0x3b, 0x0a,
        0x0a, 0x20, 0x20, 0x20, 0x20, 0x72, 0x65, 0x74, 0x75, 0x72, 0x6e, 0x20, 0x6f, 0x75, 0x74, 0x70,
        0x75, 0x74, 0x3b, 0x0a, 0x7d, 0x0a, 0x0a, 0x66, 0x6c, 0x6f, 0x61, 0x74, 0x34, 0x20, 0x50, 0x69,
        0x78, 0x65, 0x6c, 0x53, 0x68, 0x61, 0x64, 0x65, 0x72, 0x46, 0x75, 0x6e, 0x63, 0x74, 0x69, 0x6f,
        0x6e, 0x28, 0x56, 0x65, 0x72, 0x74, 0x65, 0x78, 0x53, 0x68, 0x61, 0x64, 0x65, 0x72, 0x4f, 0x75,
        0x74, 0x70, 0x75, 0x74, 0x20, 0x69, 0x6e, 0x70, 0x75, 0x74, 0x29, 0x20, 0x3a, 0x20, 0x53, 0x56,
        0x5f, 0x54, 0x41, 0x52, 0x47, 0x45, 0x54, 0x0a, 0x7b, 0x0a, 0x20, 0x20, 0x20, 0x20, 0x66, 0x6c,
        0x6f, 0x61, 0x74, 0x33, 0x20, 0x64, 0x69, 0x66, 0x66, 0x75, 0x73, 0x65, 0x20, 0x3d, 0x20, 0x69,
        0x6e, 0x70, 0x75, 0x74, 0x2e, 0x43, 0x6f, 0x6c, 0x6f, 0x72, 0x2e, 0x78, 0x79, 0x7a, 0x3b, 0x0a,
        0x0a, 0x20, 0x20, 0x20, 0x20, 0x2f, 0x2f, 0x20, 0x4d, 0x6f, 0x75, 0x6e, 0x74, 0x61, 0x69, 0x6e,
        0x73, 0x20, 0x68, 0x61, 0x76, 0x65, 0x20, 0x6e, 0x6f, 0x20, 0x76, 0x65, 0x72, 0x74, 0x65, 0x78,
        0x20, 0x6e, 0x6f, 0x72, 0x6d, 0x61, 0x6c, 0x20, 0xe2, 0x80, 0x94, 0x20, 0x72, 0x65, 0x63, 0x6f,
        0x6e, 0x73, 0x74, 0x72, 0x75, 0x63, 0x74, 0x20, 0x66, 0x72, 0x6f, 0x6d, 0x20, 0x77, 0x6f, 0x72,
        0x6c, 0x64, 0x2d, 0x70, 0x6f, 0x73, 0x20, 0x64, 0x65, 0x72, 0x69, 0x76, 0x61, 0x74, 0x69, 0x76,
        0x65, 0x73, 0x2e, 0x0a, 0x20, 0x20, 0x20, 0x20, 0x2f, 0x2f, 0x20, 0x54, 0x68, 0x69, 0x73, 0x20,
        0x69, 0x73, 0x20, 0x66, 0x69, 0x6e, 0x65, 0x20, 0x66, 0x6f, 0x72, 0x20, 0x6d, 0x6f, 0x75, 0x6e,
        0x74, 0x61, 0x69, 0x6e, 0x73, 0x20, 0x73, 0x69, 0x6e, 0x63, 0x65, 0x20, 0x74, 0x68, 0x65, 0x79,
        0x20, 0x61, 0x72, 0x65, 0x20, 0x72, 0x65, 0x67, 0x75, 0x6c, 0x61, 0x72, 0x20, 0x70, 0x6f, 0x6c,
        0x79, 0x67, 0x6f, 0x6e, 0x20, 0x67, 0x65, 0x6f, 0x6d, 0x65, 0x74, 0x72, 0x79, 0x2e, 0x0a, 0x20,
        0x20, 0x20, 0x20, 0x66, 0x6c, 0x6f, 0x61, 0x74, 0x33, 0x20, 0x66, 0x61, 0x63, 0x65, 0x4e, 0x6f,
        0x72, 0x6d, 0x61, 0x6c, 0x20, 0x3d, 0x20, 0x6e, 0x6f, 0x72, 0x6d, 0x61, 0x6c, 0x69, 0x7a, 0x65,
        0x28, 0x63, 0x72, 0x6f, 0x73, 0x73, 0x28, 0x64, 0x64, 0x78, 0x28, 0x69, 0x6e, 0x70, 0x75, 0x74,
        0x2e, 0x57, 0x6f, 0x72, 0x6c, 0x64, 0x50, 0x6f, 0x73, 0x2e, 0x78, 0x79, 0x7a, 0x29, 0x2c, 0x20,
        0x64, 0x64, 0x79, 0x28, 0x69, 0x6e, 0x70, 0x75, 0x74, 0x2e, 0x57, 0x6f, 0x72, 0x6c, 0x64, 0x50,
        0x6f, 0x73, 0x2e, 0x78, 0x79, 0x7a, 0x29, 0x29, 0x29, 0x3b, 0x0a, 0x0a, 0x20, 0x20, 0x20, 0x20,
        0x50, 0x53, 0x5f, 0x41, 0x70, 0x70, 0x6c, 0x79, 0x53, 0x68, 0x61, 0x64, 0x6f, 0x77, 0x69, 0x6e,
        0x67, 0x28, 0x64, 0x69, 0x66, 0x66, 0x75, 0x73, 0x65, 0x2c, 0x20, 0x66, 0x6c, 0x6f, 0x61, 0x74,
        0x34, 0x28, 0x69, 0x6e, 0x70, 0x75, 0x74, 0x2e, 0x57, 0x6f, 0x72, 0x6c, 0x64, 0x50, 0x6f, 0x73,
        0x2e, 0x78, 0x79, 0x7a, 0x2c, 0x20, 0x31, 0x29, 0x2c, 0x20, 0x66, 0x61, 0x63, 0x65, 0x4e, 0x6f,
        0x72, 0x6d, 0x61, 0x6c, 0x29, 0x3b, 0x0a, 0x20, 0x20, 0x20, 0x20, 0x72, 0x65, 0x74, 0x75, 0x72,
        0x6e, 0x20, 0x66, 0x6c, 0x6f, 0x61, 0x74, 0x34, 0x28, 0x64, 0x69, 0x66, 0x66, 0x75, 0x73, 0x65,
        0x2c, 0x20, 0x69, 0x6e, 0x70, 0x75, 0x74, 0x2e, 0x43, 0x6f, 0x6c, 0x6f, 0x72, 0x2e, 0x77, 0x29,
        0x3b, 0x0a, 0x7d, 0x0a, 0x0a, 0x2f, 0x2f, 0x20, 0x54, 0x65, 0x63, 0x68, 0x6e, 0x69, 0x71, 0x75,
        0x65, 0x20, 0x64, 0x65, 0x66, 0x69, 0x6e, 0x69, 0x74, 0x69, 0x6f, 0x6e, 0x20, 0x66, 0x6f, 0x72,
        0x20, 0x75, 0x73, 0x65, 0x20, 0x69, 0x6e, 0x20, 0x43, 0x23, 0x0a, 0x00, 0x03, 0x00, 0xfa, 0x08,
        0x05, 0x00, 0x00, 0x00, 0xf4, 0x01, 0x00, 0x00, 0x02, 0x00, 0x00, 0x00, 0x76, 0x6f, 0x69, 0x64,
        0x20, 0x56, 0x53, 0x5f, 0x55, 0x6e, 0x70, 0x61, 0x63, 0x6b, 0x50, 0x61, 0x72, 0x61, 0x6d, 0x65,
        0x74, 0x65, 0x72, 0x73, 0x28, 0x69, 0x6e, 0x20, 0x66, 0x6c, 0x6f, 0x61, 0x74, 0x34, 0x20, 0x70,
        0x61, 0x72, 0x61, 0x6d, 0x65, 0x74, 0x65, 0x72, 0x73, 0x2c, 0x20, 0x6f, 0x75, 0x74, 0x20, 0x62,
        0x6f, 0x6f, 0x6c, 0x20, 0x67, 0x65, 0x74, 0x73, 0x53, 0x68, 0x61, 0x64, 0x6f, 0x77, 0x65, 0x64,
        0x2c, 0x20, 0x6f, 0x75, 0x74, 0x20, 0x66, 0x6c, 0x6f, 0x61, 0x74, 0x20, 0x61, 0x6c, 0x70, 0x68,
        0x61, 0x4f, 0x76, 0x65, 0x72, 0x72, 0x69, 0x64, 0x65, 0x2c, 0x20, 0x6f, 0x75, 0x74, 0x20, 0x62,
        0x6f, 0x6f, 0x6c, 0x20, 0x69, 0x73, 0x46, 0x75, 0x6c, 0x6c, 0x62, 0x72, 0x69, 0x67, 0x68, 0x74,
        0x2c, 0x20, 0x6f, 0x75, 0x74, 0x20, 0x62, 0x6f, 0x6f, 0x6c, 0x20, 0x67, 0x6c, 0x6f, 0x77, 0x29,
        0x0a, 0x7b, 0x0a, 0x20, 0x20, 0x20, 0x20, 0x67, 0x65, 0x74, 0x73, 0x53, 0x68, 0x61, 0x64, 0x6f,
        0x77, 0x65, 0x64, 0x20, 0x3d, 0x20, 0x70, 0x61, 0x72, 0x61, 0x6d, 0x65, 0x74, 0x65, 0x72, 0x73,
        0x2e, 0x78, 0x20, 0x3e, 0x20, 0x30, 0x2e, 0x30, 0x66, 0x3b, 0x0a, 0x20, 0x20, 0x20, 0x20, 0x61,
        0x6c, 0x70, 0x68, 0x61, 0x4f, 0x76, 0x65, 0x72, 0x72, 0x69, 0x64, 0x65, 0x20, 0x3d, 0x20, 0x70,
        0x61, 0x72, 0x61, 0x6d, 0x65, 0x74, 0x65, 0x72, 0x73, 0x2e, 0x79, 0x3b, 0x0a, 0x20, 0x20, 0x20,
        0x20, 0x69, 0x73, 0x46, 0x75, 0x6c, 0x6c, 0x62, 0x72, 0x69, 0x67, 0x68, 0x74, 0x20, 0x3d, 0x20,
        0x70, 0x61, 0x72, 0x61, 0x6d, 0x65, 0x74, 0x65, 0x72, 0x73, 0x2e, 0x7a, 0x20, 0x3e, 0x20, 0x30,
        0x2e, 0x30, 0x66, 0x3b, 0x0a, 0x20, 0x20, 0x20, 0x20, 0x67, 0x6c, 0x6f, 0x77, 0x20, 0x3d, 0x20,
        0x70, 0x61, 0x72, 0x61, 0x6d, 0x65, 0x74, 0x65, 0x72, 0x73, 0x2e, 0x77, 0x20, 0x3e, 0x20, 0x30,
        0x2e, 0x30, 0x66, 0x3b, 0x0a, 0x7d, 0x0a, 0x0a, 0x76, 0x6f, 0x69, 0x64, 0x20, 0x56, 0x53, 0x5f,
        0x55, 0x6e, 0x70, 0x61, 0x63, 0x6b, 0x50, 0x61, 0x72, 0x61, 0x6d, 0x65, 0x74, 0x65, 0x72, 0x73,
        0x32, 0x28, 0x69, 0x6e, 0x20, 0x66, 0x6c, 0x6f, 0x61, 0x74, 0x34, 0x20, 0x70, 0x61, 0x72, 0x61,
        0x6d, 0x65, 0x74, 0x65, 0x72, 0x73, 0x2c, 0x20, 0x6f, 0x75, 0x74, 0x20, 0x66, 0x6c, 0x6f, 0x61,
        0x74, 0x20, 0x6c, 0x61, 0x79, 0x65, 0x72, 0x29, 0x0a, 0x7b, 0x0a, 0x20, 0x20, 0x20, 0x20, 0x6c,
        0x61, 0x79, 0x65, 0x72, 0x20, 0x3d, 0x20, 0x70, 0x61, 0x72, 0x61, 0x6d, 0x65, 0x74, 0x65, 0x72,
        0x73, 0x2e, 0x78, 0x3b, 0x0a, 0x7d, 0x0a, 0x0a, 0x2f, 0x2f, 0x20, 0x41, 0x6c, 0x6c, 0x20, 0x63,
        0x6f, 0x6d, 0x70, 0x6f, 0x6e, 0x65, 0x6e, 0x74, 0x73, 0x20, 0x61, 0x72, 0x65, 0x20, 0x69, 0x6e,
        0x20, 0x74, 0x68, 0x65, 0x20, 0x72, 0x61, 0x6e, 0x67, 0x65, 0x20, 0x5b, 0x30, 0xe2, 0x80, 0xa6,
        0x31, 0x5d, 0x2c, 0x20, 0x69, 0x6e, 0x63, 0x6c, 0x75, 0x64, 0x69, 0x6e, 0x67, 0x20, 0x68, 0x75,
        0x65, 0x2e, 0x0a, 0x66, 0x6c, 0x6f, 0x61, 0x74, 0x33, 0x20, 0x72, 0x67, 0x62, 0x32, 0x68, 0x73,
        0x76, 0x28, 0x66, 0x6c, 0x6f, 0x61, 0x74, 0x33, 0x20, 0x63, 0x29, 0x0a, 0x7b, 0x0a, 0x20, 0x20,
        0x20, 0x20, 0x66, 0x6c, 0x6f, 0x61, 0x74, 0x34, 0x20, 0x4b, 0x20, 0x3d, 0x20, 0x66, 0x6c, 0x6f,
        0x61, 0x74, 0x34, 0x28, 0x30, 0x2e, 0x30, 0x2c, 0x20, 0x2d, 0x31, 0x2e, 0x30, 0x20, 0x2f, 0x20,
        0x33, 0x2e, 0x30, 0x2c, 0x20, 0x32, 0x2e, 0x30, 0x20, 0x2f, 0x20, 0x33, 0x2e, 0x30, 0x2c, 0x20,
        0x2d, 0x31, 0x2e, 0x30, 0x29, 0x3b, 0x0a, 0x20, 0x20, 0x20, 0x20, 0x66, 0x6c, 0x6f, 0x61, 0x74,
        0x34, 0x20, 0x70, 0x20, 0x3d, 0x20, 0x6c, 0x65, 0x72, 0x70, 0x28, 0x66, 0x6c, 0x6f, 0x61, 0x74,
        0x34, 0x28, 0x63, 0x2e, 0x62, 0x67, 0x2c, 0x20, 0x4b, 0x2e, 0x77, 0x7a, 0x29, 0x2c, 0x20, 0x66,
        0x6c, 0x6f, 0x61, 0x74, 0x34, 0x28, 0x63, 0x2e, 0x67, 0x62, 0x2c, 0x20, 0x4b, 0x2e, 0x78, 0x79,
        0x29, 0x2c, 0x20, 0x73, 0x74, 0x65, 0x70, 0x28, 0x63, 0x2e, 0x62, 0x2c, 0x20, 0x63, 0x2e, 0x67,
        0x29, 0x29, 0x3b, 0x0a, 0x20, 0x20, 0x20, 0x20, 0x66, 0x6c, 0x6f, 0x61, 0x74, 0x34, 0x20, 0x71,
        0x20, 0x3d, 0x20, 0x6c, 0x65, 0x72, 0x70, 0x28, 0x66, 0x6c, 0x6f, 0x61, 0x74, 0x34, 0x28, 0x70,
        0x2e, 0x78, 0x79, 0x77, 0x2c, 0x20, 0x63, 0x2e, 0x72, 0x29, 0x2c, 0x20, 0x66, 0x6c, 0x6f, 0x61,
        0x74, 0x34, 0x28, 0x63, 0x2e, 0x72, 0x2c, 0x20, 0x70, 0x2e, 0x79, 0x7a, 0x78, 0x29, 0x2c, 0x20,
        0x73, 0x74, 0x65, 0x70, 0x28, 0x70, 0x2e, 0x78, 0x2c, 0x20, 0x63, 0x2e, 0x72, 0x29, 0x29, 0x3b,
        0x0a, 0x0a, 0x20, 0x20, 0x20, 0x20, 0x66, 0x6c, 0x6f, 0x61, 0x74, 0x20, 0x64, 0x20, 0x3d, 0x20,
        0x71, 0x2e, 0x78, 0x20, 0x2d, 0x20, 0x6d, 0x69, 0x6e, 0x28, 0x71, 0x2e, 0x77, 0x2c, 0x20, 0x71,
        0x2e, 0x79, 0x29, 0x3b, 0x0a, 0x20, 0x20, 0x20, 0x20, 0x66, 0x6c, 0x6f, 0x61, 0x74, 0x20, 0x65,
        0x20, 0x3d, 0x20, 0x31, 0x2e, 0x30, 0x65, 0x2d, 0x31, 0x30, 0x3b, 0x0a, 0x20, 0x20, 0x20, 0x20,
        0x72, 0x65, 0x74, 0x75, 0x72, 0x6e, 0x20, 0x66, 0x6c, 0x6f, 0x61, 0x74, 0x33, 0x28, 0x61, 0x62,
        0x73, 0x28, 0x71, 0x2e, 0x7a, 0x20, 0x2b, 0x20, 0x28, 0x71, 0x2e, 0x77, 0x20, 0x2d, 0x20, 0x71,
        0x2e, 0x79, 0x29, 0x20, 0x2f, 0x20, 0x28, 0x36, 0x2e, 0x30, 0x20, 0x2a, 0x20, 0x64, 0x20, 0x2b,
        0x20, 0x65, 0x29, 0x29, 0x2c, 0x20, 0x64, 0x20, 0x2f, 0x20, 0x28, 0x71, 0x2e, 0x78, 0x20, 0x2b,
        0x20, 0x65, 0x29, 0x2c, 0x20, 0x71, 0x2e, 0x78, 0x29, 0x3b, 0x0a, 0x7d, 0x0a, 0x0a, 0x2f, 0x2f,
        0x20, 0x41, 0x6c, 0x6c, 0x20, 0x63, 0x6f, 0x6d, 0x70, 0x6f, 0x6e, 0x65, 0x6e, 0x74, 0x73, 0x20,
        0x61, 0x72, 0x65, 0x20, 0x69, 0x6e, 0x20, 0x74, 0x68, 0x65, 0x20, 0x72, 0x61, 0x6e, 0x67, 0x65,
        0x20, 0x5b, 0x30, 0xe2, 0x80, 0xa6, 0x31, 0x5d, 0x2c, 0x20, 0x69, 0x6e, 0x63, 0x6c, 0x75, 0x64,
        0x69, 0x6e, 0x67, 0x20, 0x68, 0x75, 0x65, 0x2e, 0x0a, 0x66, 0x6c, 0x6f, 0x61, 0x74, 0x33, 0x20,
        0x68, 0x73, 0x76, 0x32, 0x72, 0x67, 0x62, 0x28, 0x66, 0x6c, 0x6f, 0x61, 0x74, 0x33, 0x20, 0x63,
        0x29, 0x0a, 0x7b, 0x0a, 0x20, 0x20, 0x20, 0x20, 0x66, 0x6c, 0x6f, 0x61, 0x74, 0x34, 0x20, 0x4b,
        0x20, 0x3d, 0x20, 0x66, 0x6c, 0x6f, 0x61, 0x74, 0x34, 0x28, 0x31, 0x2e, 0x30, 0x2c, 0x20, 0x32,
        0x2e, 0x30, 0x20, 0x2f, 0x20, 0x33, 0x2e, 0x30, 0x2c, 0x20, 0x31, 0x2e, 0x30, 0x20, 0x2f, 0x20,
        0x33, 0x2e, 0x30, 0x2c, 0x20, 0x33, 0x2e, 0x30, 0x29, 0x3b, 0x0a, 0x20, 0x20, 0x20, 0x20, 0x66,
        0x6c, 0x6f, 0x61, 0x74, 0x33, 0x20, 0x70, 0x20, 0x3d, 0x20, 0x61, 0x62, 0x73, 0x28, 0x66, 0x72,
        0x61, 0x63, 0x28, 0x63, 0x2e, 0x78, 0x78, 0x78, 0x20, 0x2b, 0x20, 0x4b, 0x2e, 0x78, 0x79, 0x7a,
        0x29, 0x20, 0x2a, 0x20, 0x36, 0x2e, 0x30, 0x20, 0x2d, 0x20, 0x4b, 0x2e, 0x77, 0x77, 0x77, 0x29,
        0x3b, 0x0a, 0x20, 0x20, 0x20, 0x20, 0x72, 0x65, 0x74, 0x75, 0x72, 0x6e, 0x20, 0x63, 0x2e, 0x7a,
        0x20, 0x2a, 0x20, 0x6c, 0x65, 0x72, 0x70, 0x28, 0x4b, 0x2e, 0x78, 0x78, 0x78, 0x2c, 0x20, 0x63,
        0x6c, 0x61, 0x6d, 0x70, 0x28, 0x70, 0x20, 0x2d, 0x20, 0x4b, 0x2e, 0x78, 0x78, 0x78, 0x2c, 0x20,
        0x30, 0x2e, 0x30, 0x2c, 0x20, 0x31, 0x2e, 0x30, 0x29, 0x2c, 0x20, 0x63, 0x2e, 0x79, 0x29, 0x3b,
        0x0a, 0x7d, 0x0a, 0x0a, 0x76, 0x6f, 0x69, 0x64, 0x20, 0x56, 0x53, 0x5f, 0x43, 0x6f, 0x6c, 0x6f,
        0x72, 0x43, 0x6f, 0x72, 0x72, 0x65, 0x63, 0x74, 0x28, 0x69, 0x6e, 0x6f, 0x75, 0x74, 0x20, 0x66,
        0x6c, 0x6f, 0x61, 0x74, 0x33, 0x20, 0x63, 0x6f, 0x6c, 0x6f, 0x72, 0x29, 0x0a, 0x7b, 0x0a, 0x20,
        0x20, 0x20, 0x20, 0x2f, 0x2f, 0x20, 0x66, 0x6c, 0x6f, 0x61, 0x74, 0x33, 0x20, 0x68, 0x73, 0x76,
        0x20, 0x3d, 0x20, 0x72, 0x67, 0x62, 0x32, 0x68, 0x73, 0x76, 0x28, 0x63, 0x6f, 0x6c, 0x6f, 0x72,
        0x29, 0x3b, 0x0a, 0x20, 0x20, 0x20, 0x20, 0x2f, 0x2f, 0x20, 0x68, 0x73, 0x76, 0x2e, 0x7a, 0x20,
        0x2a, 0x3d, 0x20, 0x30, 0x2e, 0x39, 0x3b, 0x0a, 0x20, 0x20, 0x20, 0x20, 0x2f, 0x2f, 0x20, 0x63,
        0x6f, 0x6c, 0x6f, 0x72, 0x20, 0x3d, 0x20, 0x68, 0x73, 0x76, 0x32, 0x72, 0x67, 0x62, 0x28, 0x68,
        0x73, 0x76, 0x29, 0x3b, 0x0a, 0x7d, 0x0a, 0x0a, 0x2f, 0x2f, 0x20, 0x47, 0x65, 0x74, 0x20, 0x75,
        0x6e, 0x69, 0x71, 0x75, 0x65, 0x6c, 0x79, 0x20, 0x6c, 0x6f, 0x6f, 0x6b, 0x69, 0x6e, 0x67, 0x20,
        0x72, 0x61, 0x6e, 0x64, 0x6f, 0x6d, 0x20, 0x66, 0x6c, 0x6f, 0x61, 0x74, 0x20, 0x62, 0x65, 0x74,
        0x77, 0x65, 0x65, 0x6e, 0x20, 0x30, 0x20, 0x61, 0x6e, 0x64, 0x20, 0x31, 0x20, 0x66, 0x72, 0x6f,
        0x6d, 0x20, 0x66, 0x6c, 0x6f, 0x61, 0x74, 0x20, 0x69, 0x6e, 0x70, 0x75, 0x74, 0x20, 0x77, 0x69,
        0x74, 0x68, 0x6f, 0x75, 0x74, 0x20, 0x75, 0x73, 0x69, 0x6e, 0x67, 0x20, 0x62, 0x69, 0x74, 0x77,
        0x69, 0x73, 0x65, 0x20, 0x6f, 0x70, 0x65, 0x72, 0x61, 0x74, 0x69, 0x6f, 0x6e, 0x73, 0x20, 0x28,
        0x6e, 0x6f, 0x74, 0x20, 0x73, 0x75, 0x70, 0x70, 0x6f, 0x72, 0x74, 0x65, 0x64, 0x20, 0x69, 0x6e,
        0x20, 0x76, 0x73, 0x5f, 0x33, 0x5f, 0x30, 0x29, 0x0a, 0x66, 0x6c, 0x6f, 0x61, 0x74, 0x20, 0x52,
        0x61, 0x6e, 0x64, 0x6f, 0x6d, 0x28, 0x66, 0x6c, 0x6f, 0x61, 0x74, 0x20, 0x69, 0x6e, 0x70, 0x75,
        0x74, 0x29, 0x0a, 0x7b, 0x0a, 0x20, 0x20, 0x20, 0x20, 0x72, 0x65, 0x74, 0x75, 0x72, 0x6e, 0x20,
        0x66, 0x72, 0x61, 0x63, 0x28, 0x73, 0x69, 0x6e, 0x28, 0x69, 0x6e, 0x70, 0x75, 0x74, 0x20, 0x2a,
        0x20, 0x31, 0x32, 0x2e, 0x39, 0x38, 0x39, 0x38, 0x29, 0x20, 0x2a, 0x20, 0x34, 0x33, 0x37, 0x35,
        0x38, 0x2e, 0x35, 0x34, 0x35, 0x33, 0x29, 0x3b, 0x0a, 0x7d, 0x0a, 0x0a, 0x76, 0x6f, 0x69, 0x64,
        0x20, 0x56, 0x53, 0x5f, 0x44, 0x65, 0x63, 0x61, 0x6c, 0x4f, 0x66, 0x66, 0x73, 0x65, 0x74, 0x28,
        0x0a, 0x20, 0x20, 0x20, 0x20, 0x69, 0x6e, 0x6f, 0x75, 0x74, 0x20, 0x66, 0x6c, 0x6f, 0x61, 0x74,
        0x33, 0x20, 0x70, 0x6f, 0x73, 0x69, 0x74, 0x69, 0x6f, 0x6e, 0x2c, 0x0a, 0x20, 0x20, 0x20, 0x20,
        0x69, 0x6e, 0x20, 0x66, 0x6c, 0x6f, 0x61, 0x74, 0x33, 0x20, 0x6e, 0x6f, 0x72, 0x6d, 0x61, 0x6c,
        0x2c, 0x0a, 0x20, 0x20, 0x20, 0x20, 0x69, 0x6e, 0x20, 0x66, 0x6c, 0x6f, 0x61, 0x74, 0x20, 0x64,
        0x65, 0x63, 0x61, 0x6c, 0x4f, 0x66, 0x66, 0x73, 0x65, 0x74, 0x0a, 0x29, 0x20, 0x7b, 0x0a, 0x20,
        0x20, 0x20, 0x20, 0x2f, 0x2f, 0x20, 0x44, 0x65, 0x63, 0x61, 0x6c, 0x4f, 0x66, 0x66, 0x73, 0x65,
        0x74, 0x20, 0x69, 0x73, 0x20, 0x6e, 0x65, 0x67, 0x61, 0x74, 0x69, 0x76, 0x65, 0x20, 0x74, 0x6f,
        0x20, 0x70, 0x75, 0x6c, 0x6c, 0x20, 0x61, 0x77, 0x61, 0x79, 0x20, 0x66, 0x72, 0x6f, 0x6d, 0x20,
        0x73, 0x75, 0x72, 0x66, 0x61, 0x63, 0x65, 0x2c, 0x20, 0x70, 0x6f, 0x73, 0x69, 0x74, 0x69, 0x76,
        0x65, 0x20, 0x74, 0x6f, 0x20, 0x70, 0x75, 0x73, 0x68, 0x20, 0x69, 0x6e, 0x74, 0x6f, 0x20, 0x69,
        0x74, 0x0a, 0x20, 0x20, 0x20, 0x20, 0x2f, 0x2f, 0x20, 0x4d, 0x75, 0x6c, 0x74, 0x69, 0x70, 0x6c,
        0x79, 0x20, 0x62, 0x79, 0x20, 0x74, 0x68, 0x65, 0x20, 0x73, 0x69, 0x67, 0x6e, 0x20, 0x74, 0x6f,
        0x20, 0x63, 0x6f, 0x6e, 0x74, 0x72, 0x6f, 0x6c, 0x20, 0x64, 0x69, 0x72, 0x65, 0x63, 0x74, 0x69,
        0x6f, 0x6e, 0x0a, 0x20, 0x20, 0x20, 0x20, 0x70, 0x6f, 0x73, 0x69, 0x74, 0x69, 0x6f, 0x6e, 0x20,
        0x3d, 0x20, 0x70, 0x6f, 0x73, 0x69, 0x74, 0x69, 0x6f, 0x6e, 0x20, 0x2d, 0x20, 0x6e, 0x6f, 0x72,
        0x6d, 0x61, 0x6c, 0x20, 0x2a, 0x20, 0x64, 0x65, 0x63, 0x61, 0x6c, 0x4f, 0x66, 0x66, 0x73, 0x65,
        0x74, 0x20, 0x2a, 0x20, 0x30, 0x2e, 0x31, 0x3b, 0x0a, 0x7d, 0x0a, 0x0a, 0x76, 0x6f, 0x69, 0x64,
        0x20, 0x56, 0x53, 0x5f, 0x45, 0x78, 0x70, 0x61, 0x6e, 0x64, 0x28, 0x0a, 0x20, 0x20, 0x20, 0x20,
        0x69, 0x6e, 0x6f, 0x75, 0x74, 0x20, 0x66, 0x6c, 0x6f, 0x61, 0x74, 0x33, 0x20, 0x70, 0x6f, 0x73,
        0x69, 0x74, 0x69, 0x6f, 0x6e, 0x2c, 0x0a, 0x20, 0x20, 0x20, 0x20, 0x69, 0x6e, 0x20, 0x66, 0x6c,
        0x6f, 0x61, 0x74, 0x33, 0x20, 0x61, 0x63, 0x65, 0x6e, 0x74, 0x72, 0x6f, 0x69, 0x64, 0x2c, 0x0a,
        0x20, 0x20, 0x20, 0x20, 0x69, 0x6e, 0x20, 0x66, 0x6c, 0x6f, 0x61, 0x74, 0x20, 0x72, 0x61, 0x6e,
        0x64, 0x6f, 0x6d, 0x46, 0x6c, 0x6f, 0x61, 0x74, 0x0a, 0x29, 0x20, 0x7b, 0x0a, 0x20, 0x20, 0x20,
        0x20, 0x2f, 0x2f, 0x20, 0x54, 0x72, 0x61, 0x6e, 0x73, 0x6c, 0x61, 0x74, 0x65, 0x20, 0x76, 0x65,
        0x72, 0x74, 0x65, 0x78, 0x20, 0x61, 0x72, 0x6f, 0x75, 0x6e, 0x64, 0x20, 0x63, 0x65, 0x6e, 0x74,
        0x72, 0x6f, 0x69, 0x64, 0x20, 0x62, 0x79, 0x20, 0x61, 0x20, 0x72, 0x61, 0x6e, 0x64, 0x6f, 0x6d,
        0x20, 0x66, 0x61, 0x63, 0x74, 0x6f, 0x72, 0x20, 0x62, 0x65, 0x74, 0x77, 0x65, 0x65, 0x6e, 0x20,
        0x2d, 0x31, 0x35, 0x20, 0x61, 0x6e, 0x64, 0x20, 0x31, 0x35, 0x20, 0x75, 0x6e, 0x69, 0x74, 0x73,
        0x0a, 0x0a, 0x20, 0x20, 0x20, 0x20, 0x66, 0x6c, 0x6f, 0x61, 0x74, 0x33, 0x20, 0x64, 0x69, 0x72,
        0x65, 0x63, 0x74, 0x69, 0x6f, 0x6e, 0x20, 0x3d, 0x20, 0x6e, 0x6f, 0x72, 0x6d, 0x61, 0x6c, 0x69,
        0x7a, 0x65, 0x28, 0x70, 0x6f, 0x73, 0x69, 0x74, 0x69, 0x6f, 0x6e, 0x20, 0x2d, 0x20, 0x61, 0x63,
        0x65, 0x6e, 0x74, 0x72, 0x6f, 0x69, 0x64, 0x29, 0x3b, 0x0a, 0x20, 0x20, 0x20, 0x20, 0x66, 0x6c,
        0x6f, 0x61, 0x74, 0x33, 0x20, 0x72, 0x61, 0x6e, 0x64, 0x6f, 0x6d, 0x53, 0x63, 0x61, 0x6c, 0x65,
        0x20, 0x3d, 0x20, 0x66, 0x6c, 0x6f, 0x61, 0x74, 0x33, 0x28, 0x0a, 0x20, 0x20, 0x20, 0x20, 0x20,
        0x20, 0x20, 0x20, 0x31, 0x35, 0x2e, 0x30, 0x20, 0x2d, 0x20, 0x52, 0x61, 0x6e, 0x64, 0x6f, 0x6d,
        0x28, 0x61, 0x63, 0x65, 0x6e, 0x74, 0x72, 0x6f, 0x69, 0x64, 0x2e, 0x78, 0x20, 0x2b, 0x20, 0x72,
        0x61, 0x6e, 0x64, 0x6f, 0x6d, 0x46, 0x6c, 0x6f, 0x61, 0x74, 0x29, 0x20, 0x2a, 0x20, 0x33, 0x30,
        0x2e, 0x30, 0x2c, 0x0a, 0x20, 0x20, 0x20, 0x20, 0x20, 0x20, 0x20, 0x20, 0x31, 0x35, 0x2e, 0x30,
        0x20, 0x2d, 0x20, 0x52, 0x61, 0x6e, 0x64, 0x6f, 0x6d, 0x28, 0x61, 0x63, 0x65, 0x6e, 0x74, 0x72,
        0x6f, 0x69, 0x64, 0x2e, 0x79, 0x20, 0x2b, 0x20, 0x72, 0x61, 0x6e, 0x64, 0x6f, 0x6d, 0x46, 0x6c,
        0x6f, 0x61, 0x74, 0x29, 0x20, 0x2a, 0x20, 0x33, 0x30, 0x2e, 0x30, 0x2c, 0x0a, 0x20, 0x20, 0x20,
        0x20, 0x20, 0x20, 0x20, 0x20, 0x31, 0x35, 0x2e, 0x30, 0x20, 0x2d, 0x20, 0x52, 0x61, 0x6e, 0x64,
        0x6f, 0x6d, 0x28, 0x61, 0x63, 0x65, 0x6e, 0x74, 0x72, 0x6f, 0x69, 0x64, 0x2e, 0x7a, 0x20, 0x2b,
        0x20, 0x72, 0x61, 0x6e, 0x64, 0x6f, 0x6d, 0x46, 0x6c, 0x6f, 0x61, 0x74, 0x29, 0x20, 0x2a, 0x20,
        0x33, 0x30, 0x2e, 0x30, 0x0a, 0x20, 0x20, 0x20, 0x20, 0x29, 0x3b, 0x0a, 0x20, 0x20, 0x20, 0x20,
        0x70, 0x6f, 0x73, 0x69, 0x74, 0x69, 0x6f, 0x6e, 0x20, 0x3d, 0x20, 0x70, 0x6f, 0x73, 0x69, 0x74,
        0x69, 0x6f, 0x6e, 0x20, 0x2b, 0x20, 0x64, 0x69, 0x72, 0x65, 0x63, 0x74, 0x69, 0x6f, 0x6e, 0x20,
        0x2a, 0x20, 0x72, 0x61, 0x6e, 0x64, 0x6f, 0x6d, 0x53, 0x63, 0x61, 0x6c, 0x65, 0x3b, 0x0a, 0x7d,
        0x0a, 0x0a, 0x76, 0x6f, 0x69, 0x64, 0x20, 0x56, 0x53, 0x5f, 0x44, 0x61, 0x72, 0x6b, 0x65, 0x6e,
        0x28, 0x0a, 0x20, 0x20, 0x20, 0x20, 0x69, 0x6e, 0x6f, 0x75, 0x74, 0x20, 0x66, 0x6c, 0x6f, 0x61,
        0x74, 0x33, 0x20, 0x63, 0x6f, 0x6c, 0x6f, 0x72, 0x2c, 0x0a, 0x20, 0x20, 0x20, 0x20, 0x69, 0x6e,
        0x20, 0x66, 0x6c, 0x6f, 0x61, 0x74, 0x20, 0x64, 0x61, 0x72, 0x6b, 0x65, 0x6e, 0x0a, 0x29, 0x20,
        0x7b, 0x0a, 0x20, 0x20, 0x20, 0x20, 0x66, 0x6c, 0x6f, 0x61, 0x74, 0x33, 0x20, 0x68, 0x73, 0x76,
        0x20, 0x3d, 0x20, 0x72, 0x67, 0x62, 0x32, 0x68, 0x73, 0x76, 0x28, 0x63, 0x6f, 0x6c, 0x6f, 0x72,
        0x29, 0x3b, 0x0a, 0x20, 0x20, 0x20, 0x20, 0x69, 0x66, 0x20, 0x28, 0x68, 0x73, 0x76, 0x2e, 0x7a,
        0x20, 0x3e, 0x20, 0x64, 0x61, 0x72, 0x6b, 0x65, 0x6e, 0x29, 0x0a, 0x20, 0x20, 0x20, 0x20, 0x7b,
        0x0a, 0x20, 0x20, 0x20, 0x20, 0x20, 0x20, 0x20, 0x20, 0x68, 0x73, 0x76, 0x2e, 0x7a, 0x20, 0x3d,
        0x20, 0x64, 0x61, 0x72, 0x6b, 0x65, 0x6e, 0x3b, 0x0a, 0x20, 0x20, 0x20, 0x20, 0x20, 0x20, 0x20,
        0x20, 0x63, 0x6f, 0x6c, 0x6f, 0x72, 0x20, 0x3d, 0x20, 0x68, 0x73, 0x76, 0x32, 0x72, 0x67, 0x62,
        0x28, 0x68, 0x73, 0x76, 0x29, 0x3b, 0x0a, 0x20, 0x20, 0x20, 0x20, 0x7d, 0x0a, 0x7d, 0x0a, 0x0a,
        0x76, 0x6f, 0x69, 0x64, 0x20, 0x56, 0x53, 0x5f, 0x53, 0x6e, 0x61, 0x70, 0x28, 0x0a, 0x20, 0x20,
        0x20, 0x20, 0x69, 0x6e, 0x6f, 0x75, 0x74, 0x20, 0x66, 0x6c, 0x6f, 0x61, 0x74, 0x33, 0x20, 0x63,
        0x6f, 0x6c, 0x6f, 0x72, 0x2c, 0x0a, 0x20, 0x20, 0x20, 0x20, 0x69, 0x6e, 0x20, 0x66, 0x6c, 0x6f,
        0x61, 0x74, 0x33, 0x20, 0x73, 0x6e, 0x61, 0x70, 0x43, 0x6f, 0x6c, 0x6f, 0x72, 0x0a, 0x29, 0x0a,
        0x7b, 0x0a, 0x20, 0x20, 0x20, 0x20, 0x63, 0x6f, 0x6c, 0x6f, 0x72, 0x20, 0x2b, 0x3d, 0x20, 0x28,
        0x63, 0x6f, 0x6c, 0x6f, 0x72, 0x20, 0x2a, 0x20, 0x28, 0x73, 0x6e, 0x61, 0x70, 0x43, 0x6f, 0x6c,
        0x6f, 0x72, 0x20, 0x2a, 0x20, 0x32, 0x35, 0x35, 0x2e, 0x30, 0x20, 0x2f, 0x20, 0x31, 0x30, 0x30,
        0x2e, 0x30, 0x29, 0x29, 0x3b, 0x0a, 0x20, 0x20, 0x20, 0x20, 0x2f, 0x2f, 0x20, 0x63, 0x6c, 0x61,
        0x6d, 0x70, 0x20, 0x74, 0x6f, 0x20, 0x31, 0x2e, 0x30, 0x0a, 0x20, 0x20, 0x20, 0x20, 0x63, 0x6f,
        0x6c, 0x6f, 0x72, 0x20, 0x3d, 0x20, 0x6d, 0x69, 0x6e, 0x28, 0x63, 0x6f, 0x6c, 0x6f, 0x72, 0x2c,
        0x20, 0x66, 0x6c, 0x6f, 0x61, 0x74, 0x33, 0x28, 0x31, 0x2e, 0x30, 0x2c, 0x20, 0x31, 0x2e, 0x30,
        0x2c, 0x20, 0x31, 0x2e, 0x30, 0x29, 0x29, 0x3b, 0x0a, 0x7d, 0x0a, 0x0a, 0x2f, 0x2f, 0x20, 0x52,
        0x65, 0x74, 0x75, 0x72, 0x6e, 0x73, 0x20, 0x74, 0x68, 0x65, 0x20, 0x67, 0x65, 0x6f, 0x6d, 0x65,
        0x74, 0x72, 0x69, 0x63, 0x20, 0x64, 0x69, 0x66, 0x66, 0x75, 0x73, 0x65, 0x20, 0x66, 0x61, 0x63,
        0x74, 0x6f, 0x72, 0x20, 0x69, 0x6e, 0x20, 0x5b, 0x30, 0x2e, 0x2e, 0x31, 0x5d, 0x2e, 0x20, 0x52,
        0x65, 0x74, 0x75, 0x72, 0x6e, 0x73, 0x20, 0x30, 0x20, 0x77, 0x68, 0x65, 0x6e, 0x20, 0x74, 0x68,
        0x65, 0x20, 0x63, 0x61, 0x6d, 0x65, 0x72, 0x61, 0x20, 0x69, 0x73, 0x0a, 0x2f, 0x2f, 0x20, 0x6f,
        0x6e, 0x20, 0x74, 0x68, 0x65, 0x20, 0x6f, 0x70, 0x70, 0x6f, 0x73, 0x69, 0x74, 0x65, 0x20, 0x73,
        0x69, 0x64, 0x65, 0x20, 0x6f, 0x66, 0x20, 0x74, 0x68, 0x65, 0x20, 0x66, 0x61, 0x63, 0x65, 0x20,
        0x66, 0x72, 0x6f, 0x6d, 0x20, 0x74, 0x68, 0x65, 0x20, 0x6c, 0x69, 0x67, 0x68, 0x74, 0x20, 0x28,
        0x61, 0x20, 0x22, 0x6d, 0x61, 0x78, 0x20, 0x73, 0x68, 0x61, 0x64, 0x6f, 0x77, 0x22, 0x20, 0x73,
        0x69, 0x74, 0x75, 0x61, 0x74, 0x69, 0x6f, 0x6e, 0x29, 0x2c, 0x0a, 0x2f, 0x2f, 0x20, 0x6f, 0x74,
        0x68, 0x65, 0x72, 0x77, 0x69, 0x73, 0x65, 0x20, 0x74, 0x68, 0x65, 0x20, 0x61, 0x6e, 0x67, 0x6c,
        0x65, 0x2d, 0x62, 0x61, 0x73, 0x65, 0x64, 0x20, 0x74, 0x65, 0x72, 0x6d, 0x20, 0x61, 0x62, 0x73,
        0x28, 0x64, 0x6f, 0x74, 0x28, 0x6e, 0x2c, 0x20, 0x4c, 0x29, 0x29, 0x2e, 0x0a, 0x66, 0x6c, 0x6f,
        0x61, 0x74, 0x20, 0x43, 0x6f, 0x6d, 0x70, 0x75, 0x74, 0x65, 0x50, 0x6f, 0x6c, 0x79, 0x67, 0x6f,
        0x6e, 0x44, 0x69, 0x66, 0x66, 0x75, 0x73, 0x65, 0x28, 0x0a, 0x20, 0x20, 0x20, 0x20, 0x69, 0x6e,
        0x20, 0x66, 0x6c, 0x6f, 0x61, 0x74, 0x33, 0x20, 0x43, 0x65, 0x6e, 0x74, 0x72, 0x6f, 0x69, 0x64,
        0x57, 0x6f, 0x72, 0x6c, 0x64, 0x2c, 0x0a, 0x20, 0x20, 0x20, 0x20, 0x69, 0x6e, 0x20, 0x66, 0x6c,
        0x6f, 0x61, 0x74, 0x33, 0x20, 0x4e, 0x6f, 0x72, 0x6d, 0x61, 0x6c, 0x57, 0x6f, 0x72, 0x6c, 0x64,
        0x2c, 0x0a, 0x20, 0x20, 0x20, 0x20, 0x69, 0x6e, 0x20, 0x66, 0x6c, 0x6f, 0x61, 0x74, 0x33, 0x20,
        0x4c, 0x69, 0x67, 0x68, 0x74, 0x44, 0x69, 0x72, 0x65, 0x63, 0x74, 0x69, 0x6f, 0x6e, 0x2c, 0x0a,
        0x20, 0x20, 0x20, 0x20, 0x69, 0x6e, 0x20, 0x66, 0x6c, 0x6f, 0x61, 0x74, 0x33, 0x20, 0x43, 0x61,
        0x6d, 0x65, 0x72, 0x61, 0x50, 0x6f, 0x73, 0x69, 0x74, 0x69, 0x6f, 0x6e, 0x0a, 0x29, 0x0a, 0x7b,
        0x0a, 0x20, 0x20, 0x20, 0x20, 0x66, 0x6c, 0x6f, 0x61, 0x74, 0x33, 0x20, 0x63, 0x20, 0x3d, 0x20,
        0x43, 0x65, 0x6e, 0x74, 0x72, 0x6f, 0x69, 0x64, 0x57, 0x6f, 0x72, 0x6c, 0x64, 0x3b, 0x0a, 0x20,
        0x20, 0x20, 0x20, 0x66, 0x6c, 0x6f, 0x61, 0x74, 0x33, 0x20, 0x6e, 0x20, 0x3d, 0x20, 0x4e, 0x6f,
        0x72, 0x6d, 0x61, 0x6c, 0x57, 0x6f, 0x72, 0x6c, 0x64, 0x3b, 0x0a, 0x20, 0x20, 0x20, 0x20, 0x66,
        0x6c, 0x6f, 0x61, 0x74, 0x20, 0x64, 0x69, 0x66, 0x66, 0x20, 0x3d, 0x20, 0x30, 0x2e, 0x30, 0x3b,
        0x0a, 0x20, 0x20, 0x20, 0x20, 0x2f, 0x2f, 0x20, 0x70, 0x68, 0x79, 0x20, 0x6f, 0x72, 0x69, 0x67,
        0x69, 0x6e, 0x61, 0x6c, 0x0a, 0x20, 0x20, 0x20, 0x20, 0x69, 0x66, 0x20, 0x28, 0x73, 0x69, 0x67,
        0x6e, 0x28, 0x64, 0x6f, 0x74, 0x28, 0x6e, 0x2c, 0x20, 0x4c, 0x69, 0x67, 0x68, 0x74, 0x44, 0x69,
        0x72, 0x65, 0x63, 0x74, 0x69, 0x6f, 0x6e, 0x29, 0x29, 0x20, 0x3d, 0x3d, 0x20, 0x73, 0x69, 0x67,
        0x6e, 0x28, 0x64, 0x6f, 0x74, 0x28, 0x6e, 0x2c, 0x20, 0x63, 0x20, 0x2d, 0x20, 0x43, 0x61, 0x6d,
        0x65, 0x72, 0x61, 0x50, 0x6f, 0x73, 0x69, 0x74, 0x69, 0x6f, 0x6e, 0x29, 0x29, 0x29, 0x0a, 0x20,
        0x20, 0x20, 0x20, 0x7b, 0x0a, 0x20, 0x20, 0x20, 0x20, 0x20, 0x20, 0x20, 0x20, 0x64, 0x69, 0x66,
        0x66, 0x20, 0x3d, 0x20, 0x61, 0x62, 0x73, 0x28, 0x64, 0x6f, 0x74, 0x28, 0x6e, 0x2c, 0x20, 0x4c,
        0x69, 0x67, 0x68, 0x74, 0x44, 0x69, 0x72, 0x65, 0x63, 0x74, 0x69, 0x6f, 0x6e, 0x29, 0x29, 0x3b,
        0x0a, 0x20, 0x20, 0x20, 0x20, 0x7d, 0x0a, 0x20, 0x20, 0x20, 0x20, 0x72, 0x65, 0x74, 0x75, 0x72,
        0x6e, 0x20, 0x64, 0x69, 0x66, 0x66, 0x3b, 0x0a, 0x7d, 0x0a, 0x0a, 0x2f, 0x2f, 0x20, 0x41, 0x70,
        0x70, 0x6c, 0x69, 0x65, 0x73, 0x20, 0x61, 0x20, 0x64, 0x69, 0x66, 0x66, 0x75, 0x73, 0x65, 0x20,
        0x66, 0x61, 0x63, 0x74, 0x6f, 0x72, 0x20, 0x74, 0x6f, 0x20, 0x63, 0x6f, 0x6c, 0x6f, 0x72, 0x20,
        0x65, 0x78, 0x61, 0x63, 0x74, 0x6c, 0x79, 0x20, 0x6f, 0x6e, 0x63, 0x65, 0x20, 0x28, 0x61, 0x6d,
        0x62, 0x69, 0x65, 0x6e, 0x74, 0x20, 0x2b, 0x20, 0x64, 0x69, 0x72, 0x65, 0x63, 0x74, 0x69, 0x6f,
        0x6e, 0x61, 0x6c, 0x20, 0x74, 0x65, 0x72, 0x6d, 0x29, 0x2e, 0x0a, 0x76, 0x6f, 0x69, 0x64, 0x20,
        0x41, 0x70, 0x70, 0x6c, 0x79, 0x44, 0x69, 0x66, 0x66, 0x75, 0x73, 0x65, 0x46, 0x61, 0x63, 0x74,
        0x6f, 0x72, 0x28, 0x0a, 0x20, 0x20, 0x20, 0x20, 0x69, 0x6e, 0x6f, 0x75, 0x74, 0x20, 0x66, 0x6c,
        0x6f, 0x61, 0x74, 0x33, 0x20, 0x63, 0x6f, 0x6c, 0x6f, 0x72, 0x2c, 0x0a, 0x20, 0x20, 0x20, 0x20,
        0x69, 0x6e, 0x20, 0x66, 0x6c, 0x6f, 0x61, 0x74, 0x20, 0x64, 0x69, 0x66, 0x66, 0x2c, 0x0a, 0x20,
        0x20, 0x20, 0x20, 0x69, 0x6e, 0x20, 0x66, 0x6c, 0x6f, 0x61, 0x74, 0x32, 0x20, 0x45, 0x6e, 0x76,
        0x69, 0x72, 0x6f, 0x6e, 0x6d, 0x65, 0x6e, 0x74, 0x4c, 0x69, 0x67, 0x68, 0x74, 0x0a, 0x29, 0x0a,
        0x7b, 0x0a, 0x20, 0x20, 0x20, 0x20, 0x63, 0x6f, 0x6c, 0x6f, 0x72, 0x20, 0x3d, 0x20, 0x28, 0x45,
        0x6e, 0x76, 0x69, 0x72, 0x6f, 0x6e, 0x6d, 0x65, 0x6e, 0x74, 0x4c, 0x69, 0x67, 0x68, 0x74, 0x2e,
        0x78, 0x20, 0x2b, 0x20, 0x45, 0x6e, 0x76, 0x69, 0x72, 0x6f, 0x6e, 0x6d, 0x65, 0x6e, 0x74, 0x4c,
        0x69, 0x67, 0x68, 0x74, 0x2e, 0x79, 0x20, 0x2a, 0x20, 0x64, 0x69, 0x66, 0x66, 0x29, 0x20, 0x2a,
        0x20, 0x63, 0x6f, 0x6c, 0x6f, 0x72, 0x3b, 0x0a, 0x7d, 0x0a, 0x0a, 0x76, 0x6f, 0x69, 0x64, 0x20,
        0x56, 0x53, 0x5f, 0x41, 0x70, 0x70, 0x6c, 0x79, 0x50, 0x6f, 0x6c, 0x79, 0x67, 0x6f, 0x6e, 0x44,
        0x69, 0x66, 0x66, 0x75, 0x73, 0x65, 0x28, 0x0a, 0x20, 0x20, 0x20, 0x20, 0x69, 0x6e, 0x6f, 0x75,
        0x74, 0x20, 0x66, 0x6c, 0x6f, 0x61, 0x74, 0x33, 0x20, 0x63, 0x6f, 0x6c, 0x6f, 0x72, 0x2c, 0x0a,
        0x20, 0x20, 0x20, 0x20, 0x69, 0x6e, 0x20, 0x66, 0x6c, 0x6f, 0x61, 0x74, 0x33, 0x20, 0x43, 0x65,
        0x6e, 0x74, 0x72, 0x6f, 0x69, 0x64, 0x57, 0x6f, 0x72, 0x6c, 0x64, 0x2c, 0x0a, 0x20, 0x20, 0x20,
        0x20, 0x69, 0x6e, 0x20, 0x66, 0x6c, 0x6f, 0x61, 0x74, 0x33, 0x20, 0x4e, 0x6f, 0x72, 0x6d, 0x61,
        0x6c, 0x57, 0x6f, 0x72, 0x6c, 0x64, 0x2c, 0x0a, 0x20, 0x20, 0x20, 0x20, 0x69, 0x6e, 0x20, 0x66,
        0x6c, 0x6f, 0x61, 0x74, 0x33, 0x20, 0x4c, 0x69, 0x67, 0x68, 0x74, 0x44, 0x69, 0x72, 0x65, 0x63,
        0x74, 0x69, 0x6f, 0x6e, 0x2c, 0x0a, 0x20, 0x20, 0x20, 0x20, 0x69, 0x6e, 0x20, 0x66, 0x6c, 0x6f,
        0x61, 0x74, 0x33, 0x20, 0x43, 0x61, 0x6d, 0x65, 0x72, 0x61, 0x50, 0x6f, 0x73, 0x69, 0x74, 0x69,
        0x6f, 0x6e, 0x2c, 0x0a, 0x20, 0x20, 0x20, 0x20, 0x69, 0x6e, 0x20, 0x66, 0x6c, 0x6f, 0x61, 0x74,
        0x32, 0x20, 0x45, 0x6e, 0x76, 0x69, 0x72, 0x6f, 0x6e, 0x6d, 0x65, 0x6e, 0x74, 0x4c, 0x69, 0x67,
        0x68, 0x74, 0x0a, 0x29, 0x0a, 0x7b, 0x0a, 0x20, 0x20, 0x20, 0x20, 0x66, 0x6c, 0x6f, 0x61, 0x74,
        0x20, 0x64, 0x69, 0x66, 0x66, 0x20, 0x3d, 0x20, 0x43, 0x6f, 0x6d, 0x70, 0x75, 0x74, 0x65, 0x50,
        0x6f, 0x6c, 0x79, 0x67, 0x6f, 0x6e, 0x44, 0x69, 0x66, 0x66, 0x75, 0x73, 0x65, 0x28, 0x43, 0x65,
        0x6e, 0x74, 0x72, 0x6f, 0x69, 0x64, 0x57, 0x6f, 0x72, 0x6c, 0x64, 0x2c, 0x20, 0x4e, 0x6f, 0x72,
        0x6d, 0x61, 0x6c, 0x57, 0x6f, 0x72, 0x6c, 0x64, 0x2c, 0x20, 0x4c, 0x69, 0x67, 0x68, 0x74, 0x44,
        0x69, 0x72, 0x65, 0x63, 0x74, 0x69, 0x6f, 0x6e, 0x2c, 0x20, 0x43, 0x61, 0x6d, 0x65, 0x72, 0x61,
        0x50, 0x6f, 0x73, 0x69, 0x74, 0x69, 0x6f, 0x6e, 0x29, 0x3b, 0x0a, 0x20, 0x20, 0x20, 0x20, 0x41,
        0x70, 0x70, 0x6c, 0x79, 0x44, 0x69, 0x66, 0x66, 0x75, 0x73, 0x65, 0x46, 0x61, 0x63, 0x74, 0x6f,
        0x72, 0x28, 0x63, 0x6f, 0x6c, 0x6f, 0x72, 0x2c, 0x20, 0x64, 0x69, 0x66, 0x66, 0x2c, 0x20, 0x45,
        0x6e, 0x76, 0x69, 0x72, 0x6f, 0x6e, 0x6d, 0x65, 0x6e, 0x74, 0x4c, 0x69, 0x67, 0x68, 0x74, 0x29,
        0x3b, 0x0a, 0x7d, 0x0a, 0x0a, 0x2f, 0x2f, 0x20, 0x46, 0x6f, 0x67, 0x4c, 0x6f, 0x67, 0x44, 0x65,
        0x6e, 0x73, 0x69, 0x74, 0x79, 0x20, 0x69, 0x73, 0x20, 0x6c, 0x6f, 0x67, 0x32, 0x20, 0x6f, 0x66,
        0x20, 0x74, 0x68, 0x65, 0x20, 0x66, 0x6f, 0x67, 0x20, 0x64, 0x65, 0x6e, 0x73, 0x69, 0x74, 0x79,
        0x2c, 0x20, 0x6e, 0x6f, 0x72, 0x6d, 0x61, 0x6c, 0x69, 0x7a, 0x65, 0x64, 0x20, 0x6f, 0x6e, 0x20,
        0x74, 0x68, 0x65, 0x20, 0x43, 0x50, 0x55, 0x20, 0x28, 0x73, 0x65, 0x65, 0x20, 0x57, 0x6f, 0x72,
        0x6c, 0x64, 0x2e, 0x46, 0x6f, 0x67, 0x4c, 0x6f, 0x67, 0x44, 0x65, 0x6e, 0x73, 0x69, 0x74, 0x79,
        0x29, 0x2e, 0x0a, 0x2f, 0x2f, 0x20, 0x70, 0x6f, 0x77, 0x28, 0x64, 0x65, 0x6e, 0x73, 0x69, 0x74,
        0x79, 0x2c, 0x20, 0x74, 0x29, 0x20, 0x69, 0x73, 0x20, 0x65, 0x78, 0x61, 0x63, 0x74, 0x6c, 0x79,
        0x20, 0x65, 0x78, 0x70, 0x32, 0x28, 0x74, 0x20, 0x2a, 0x20, 0x6c, 0x6f, 0x67, 0x32, 0x28, 0x64,
        0x65, 0x6e, 0x73, 0x69, 0x74, 0x79, 0x29, 0x29, 0x2c, 0x20, 0x73, 0x6f, 0x20, 0x66, 0x6f, 0x6c,
        0x64, 0x69, 0x6e, 0x67, 0x20, 0x74, 0x68, 0x65, 0x20, 0x28, 0x75, 0x6e, 0x69, 0x66, 0x6f, 0x72,
        0x6d, 0x29, 0x20, 0x6c, 0x6f, 0x67, 0x32, 0x20, 0x69, 0x6e, 0x74, 0x6f, 0x20, 0x74, 0x68, 0x65,
        0x0a, 0x2f, 0x2f, 0x20, 0x63, 0x6f, 0x6e, 0x73, 0x74, 0x61, 0x6e, 0x74, 0x20, 0x6c, 0x65, 0x61,
        0x76, 0x65, 0x73, 0x20, 0x74, 0x68, 0x65, 0x20, 0x72, 0x65, 0x73, 0x75, 0x6c, 0x74, 0x20, 0x75,
        0x6e, 0x63, 0x68, 0x61, 0x6e, 0x67, 0x65, 0x64, 0x20, 0x77, 0x68, 0x69, 0x6c, 0x65, 0x20, 0x72,
        0x65, 0x70, 0x6c, 0x61, 0x63, 0x69, 0x6e, 0x67, 0x20, 0x61, 0x20, 0x70, 0x65, 0x72, 0x2d, 0x70,
        0x69, 0x78, 0x65, 0x6c, 0x20, 0x6c, 0x6f, 0x67, 0x32, 0x20, 0x2b, 0x20, 0x65, 0x78, 0x70, 0x32,
        0x20, 0x70, 0x61, 0x69, 0x72, 0x20, 0x77, 0x69, 0x74, 0x68, 0x20, 0x61, 0x0a, 0x2f, 0x2f, 0x20,
        0x73, 0x69, 0x6e, 0x67, 0x6c, 0x65, 0x20, 0x65, 0x78, 0x70, 0x32, 0x2e, 0x0a, 0x76, 0x6f, 0x69,
        0x64, 0x20, 0x56, 0x53, 0x5f, 0x41, 0x70, 0x70, 0x6c, 0x79, 0x46, 0x6f, 0x67, 0x28, 0x0a, 0x20,
        0x20, 0x20, 0x20, 0x69, 0x6e, 0x6f, 0x75, 0x74, 0x20, 0x66, 0x6c, 0x6f, 0x61, 0x74, 0x33, 0x20,
        0x63, 0x6f, 0x6c, 0x6f, 0x72, 0x2c, 0x0a, 0x20, 0x20, 0x20, 0x20, 0x69, 0x6e, 0x20, 0x66, 0x6c,
        0x6f, 0x61, 0x74, 0x20, 0x56, 0x69, 0x65, 0x77, 0x4c, 0x65, 0x6e, 0x67, 0x74, 0x68, 0x2c, 0x0a,
        0x20, 0x20, 0x20, 0x20, 0x69, 0x6e, 0x20, 0x66, 0x6c, 0x6f, 0x61, 0x74, 0x33, 0x20, 0x46, 0x6f,
        0x67, 0x43, 0x6f, 0x6c, 0x6f, 0x72, 0x2c, 0x0a, 0x20, 0x20, 0x20, 0x20, 0x69, 0x6e, 0x20, 0x66,
        0x6c, 0x6f, 0x61, 0x74, 0x20, 0x46, 0x6f, 0x67, 0x44, 0x69, 0x73, 0x74, 0x61, 0x6e, 0x63, 0x65,
        0x2c, 0x0a, 0x20, 0x20, 0x20, 0x20, 0x69, 0x6e, 0x20, 0x66, 0x6c, 0x6f, 0x61, 0x74, 0x20, 0x46,
        0x6f, 0x67, 0x4c, 0x6f, 0x67, 0x44, 0x65, 0x6e, 0x73, 0x69, 0x74, 0x79, 0x0a, 0x29, 0x0a, 0x7b,
        0x0a, 0x0a, 0x09, 0x66, 0x6c, 0x6f, 0x61, 0x74, 0x20, 0x66, 0x20, 0x3d, 0x20, 0x65, 0x78, 0x70,
        0x32, 0x28, 0x6d, 0x61, 0x78, 0x28, 0x28, 0x56, 0x69, 0x65, 0x77, 0x4c, 0x65, 0x6e, 0x67, 0x74,
        0x68, 0x20, 0x2d, 0x20, 0x46, 0x6f, 0x67, 0x44, 0x69, 0x73, 0x74, 0x61, 0x6e, 0x63, 0x65, 0x20,
        0x2f, 0x20, 0x32, 0x2e, 0x30, 0x29, 0x20, 0x2f, 0x20, 0x46, 0x6f, 0x67, 0x44, 0x69, 0x73, 0x74,
        0x61, 0x6e, 0x63, 0x65, 0x2c, 0x20, 0x30, 0x2e, 0x30, 0x29, 0x20, 0x2a, 0x20, 0x46, 0x6f, 0x67,
        0x4c, 0x6f, 0x67, 0x44, 0x65, 0x6e, 0x73, 0x69, 0x74, 0x79, 0x29, 0x3b, 0x0a, 0x0a, 0x09, 0x63,
        0x6f, 0x6c, 0x6f, 0x72, 0x20, 0x3d, 0x20, 0x63, 0x6f, 0x6c, 0x6f, 0x72, 0x20, 0x2a, 0x20, 0x66,
        0x6c, 0x6f, 0x61, 0x74, 0x33, 0x28, 0x66, 0x2c, 0x20, 0x66, 0x2c, 0x20, 0x66, 0x29, 0x20, 0x2b,
        0x20, 0x46, 0x6f, 0x67, 0x43, 0x6f, 0x6c, 0x6f, 0x72, 0x20, 0x2a, 0x20, 0x66, 0x6c, 0x6f, 0x61,
        0x74, 0x33, 0x28, 0x31, 0x2e, 0x30, 0x20, 0x2d, 0x20, 0x66, 0x2c, 0x20, 0x31, 0x2e, 0x30, 0x20,
        0x2d, 0x20, 0x66, 0x2c, 0x20, 0x31, 0x2e, 0x30, 0x20, 0x2d, 0x20, 0x66, 0x29, 0x3b, 0x0a, 0x7d,
        0x0a, 0x0a, 0x66, 0x6c, 0x6f, 0x61, 0x74, 0x34, 0x78, 0x34, 0x20, 0x4c, 0x69, 0x67, 0x68, 0x74,
        0x56, 0x69, 0x65, 0x77, 0x50, 0x72, 0x6f, 0x6a, 0x30, 0x3b, 0x0a, 0x54, 0x65, 0x78, 0x74, 0x75,
        0x72, 0x65, 0x32, 0x44, 0x20, 0x53, 0x68, 0x61, 0x64, 0x6f, 0x77, 0x4d, 0x61, 0x70, 0x30, 0x20,
        0x3a, 0x20, 0x72, 0x65, 0x67, 0x69, 0x73, 0x74, 0x65, 0x72, 0x28, 0x74, 0x30, 0x29, 0x3b, 0x0a,
        0x53, 0x61, 0x6d, 0x70, 0x6c, 0x65, 0x72, 0x53, 0x74, 0x61, 0x74, 0x65, 0x20, 0x53, 0x68, 0x61,
        0x64, 0x6f, 0x77, 0x4d, 0x61, 0x70, 0x53, 0x61, 0x6d, 0x70, 0x6c, 0x65, 0x72, 0x30, 0x20, 0x3a,
        0x20, 0x72, 0x65, 0x67, 0x69, 0x73, 0x74, 0x65, 0x72, 0x28, 0x73, 0x30, 0x29, 0x3b, 0x0a, 0x66,
        0x6c, 0x6f, 0x61, 0x74, 0x34, 0x78, 0x34, 0x20, 0x4c, 0x69, 0x67, 0x68, 0x74, 0x56, 0x69, 0x65,
        0x77, 0x50, 0x72, 0x6f, 0x6a, 0x31, 0x3b, 0x0a, 0x54, 0x65, 0x78, 0x74, 0x75, 0x72, 0x65, 0x32,
        0x44, 0x20, 0x53, 0x68, 0x61, 0x64, 0x6f, 0x77, 0x4d, 0x61, 0x70, 0x31, 0x20, 0x3a, 0x20, 0x72,
        0x65, 0x67, 0x69, 0x73, 0x74, 0x65, 0x72, 0x28, 0x74, 0x31, 0x29, 0x3b, 0x0a, 0x53, 0x61, 0x6d,
        0x70, 0x6c, 0x65, 0x72, 0x53, 0x74, 0x61, 0x74, 0x65, 0x20, 0x53, 0x68, 0x61, 0x64, 0x6f, 0x77,
        0x4d, 0x61, 0x70, 0x53, 0x61, 0x6d, 0x70, 0x6c, 0x65, 0x72, 0x31, 0x20, 0x3a, 0x20, 0x72, 0x65,
        0x67, 0x69, 0x73, 0x74, 0x65, 0x72, 0x28, 0x73, 0x31, 0x29, 0x3b, 0x0a, 0x66, 0x6c, 0x6f, 0x61,
        0x74, 0x34, 0x78, 0x34, 0x20, 0x4c, 0x69, 0x67, 0x68, 0x74, 0x56, 0x69, 0x65, 0x77, 0x50, 0x72,
        0x6f, 0x6a, 0x32, 0x3b, 0x0a, 0x54, 0x65, 0x78, 0x74, 0x75, 0x72, 0x65, 0x32, 0x44, 0x20, 0x53,
        0x68, 0x61, 0x64, 0x6f, 0x77, 0x4d, 0x61, 0x70, 0x32, 0x20, 0x3a, 0x20, 0x72, 0x65, 0x67, 0x69,
        0x73, 0x74, 0x65, 0x72, 0x28, 0x74, 0x32, 0x29, 0x3b, 0x0a, 0x53, 0x61, 0x6d, 0x70, 0x6c, 0x65,
        0x72, 0x53, 0x74, 0x61, 0x74, 0x65, 0x20, 0x53, 0x68, 0x61, 0x64, 0x6f, 0x77, 0x4d, 0x61, 0x70,
        0x53, 0x61, 0x6d, 0x70, 0x6c, 0x65, 0x72, 0x32, 0x20, 0x3a, 0x20, 0x72, 0x65, 0x67, 0x69, 0x73,
        0x74, 0x65, 0x72, 0x28, 0x73, 0x32, 0x29, 0x3b, 0x0a, 0x2f, 0x2f, 0x20, 0x53, 0x68, 0x61, 0x64,
        0x6f, 0x77, 0x2d, 0x6d, 0x61, 0x70, 0x20, 0x64, 0x65, 0x70, 0x74, 0x68, 0x20, 0x62, 0x69, 0x61,
        0x73, 0x2c, 0x20, 0x69, 0x6e, 0x20, 0x6e, 0x6f, 0x72, 0x6d, 0x61, 0x6c, 0x69, 0x7a, 0x65, 0x64,
        0x20, 0x73, 0x68, 0x61, 0x64, 0x6f, 0x77, 0x2d, 0x6d, 0x61, 0x70, 0x20, 0x64, 0x65, 0x70, 0x74,
        0x68, 0x20, 0x28, 0x72, 0x61, 0x6e, 0x67, 0x65, 0x20, 0x5b, 0x30, 0x2e, 0x2e, 0x31, 0x5d, 0x29,
        0x2e, 0x0a, 0x2f, 0x2f, 0x20, 0x20, 0x20, 0x54, 0x6f, 0x6f, 0x20, 0x73, 0x6d, 0x61, 0x6c, 0x6c,
        0x20, 0x2d, 0x3e, 0x20, 0x73, 0x68, 0x61, 0x64, 0x6f, 0x77, 0x20, 0x61, 0x63, 0x6e, 0x65, 0x20,
        0x28, 0x73, 0x68, 0x69, 0x6d, 0x6d, 0x65, 0x72, 0x69, 0x6e, 0x67, 0x20, 0x73, 0x65, 0x6c, 0x66,
        0x2d, 0x73, 0x68, 0x61, 0x64, 0x6f, 0x77, 0x20, 0x6f, 0x6e, 0x20, 0x6c, 0x69, 0x74, 0x20, 0x66,
        0x61, 0x63, 0x65, 0x73, 0x29, 0x2e, 0x0a, 0x2f, 0x2f, 0x20, 0x20, 0x20, 0x54, 0x6f, 0x6f, 0x20,
        0x6c, 0x61, 0x72, 0x67, 0x65, 0x20, 0x2d, 0x3e, 0x20, 0x70, 0x65, 0x74, 0x65, 0x72, 0x2d, 0x70,
        0x61, 0x6e, 0x6e, 0x69, 0x6e, 0x67, 0x20, 0x28, 0x73, 0x68, 0x61, 0x64, 0x6f, 0x77, 0x20, 0x64,
        0x65, 0x74, 0x61, 0x63, 0x68, 0x65, 0x73, 0x20, 0x2f, 0x20, 0x73, 0x6c, 0x69, 0x64, 0x65, 0x73,
        0x20, 0x6f, 0x66, 0x66, 0x20, 0x69, 0x74, 0x73, 0x20, 0x63, 0x61, 0x73, 0x74, 0x65, 0x72, 0x29,
        0x2e, 0x0a, 0x2f, 0x2f, 0x20, 0x4c, 0x6f, 0x77, 0x65, 0x72, 0x65, 0x64, 0x20, 0x66, 0x72, 0x6f,
        0x6d, 0x20, 0x30, 0x2e, 0x32, 0x35, 0x2c, 0x20, 0x77, 0x68, 0x69, 0x63, 0x68, 0x20, 0x77, 0x61,
        0x73, 0x20, 0x7e, 0x31, 0x2f, 0x34, 0x20, 0x6f, 0x66, 0x20, 0x74, 0x68, 0x65, 0x20, 0x77, 0x68,
        0x6f, 0x6c, 0x65, 0x20, 0x64, 0x65, 0x70, 0x74, 0x68, 0x20, 0x72, 0x61, 0x6e, 0x67, 0x65, 0x20,
        0x61, 0x6e, 0x64, 0x20, 0x6d, 0x61, 0x64, 0x65, 0x20, 0x73, 0x68, 0x61, 0x64, 0x6f, 0x77, 0x73,
        0x0a, 0x2f, 0x2f, 0x20, 0x64, 0x65, 0x74, 0x61, 0x63, 0x68, 0x65, 0x64, 0x20, 0x61, 0x6e, 0x64,
        0x20, 0x69, 0x6e, 0x61, 0x63, 0x63, 0x75, 0x72, 0x61, 0x74, 0x65, 0x2e, 0x20, 0x54, 0x75, 0x6e,
        0x65, 0x20, 0x69, 0x6e, 0x20, 0x74, 0x68, 0x65, 0x20, 0x30, 0x2e, 0x30, 0x30, 0x30, 0x35, 0x20,
        0x2e, 0x2e, 0x20, 0x30, 0x2e, 0x30, 0x30, 0x33, 0x20, 0x72, 0x61, 0x6e, 0x67, 0x65, 0x3b, 0x20,
        0x72, 0x61, 0x69, 0x73, 0x65, 0x20, 0x6f, 0x6e, 0x6c, 0x79, 0x20, 0x75, 0x6e, 0x74, 0x69, 0x6c,
        0x0a, 0x2f, 0x2f, 0x20, 0x61, 0x63, 0x6e, 0x65, 0x20, 0x64, 0x69, 0x73, 0x61, 0x70, 0x70, 0x65,
        0x61, 0x72, 0x73, 0x2c, 0x20, 0x6e, 0x6f, 0x20, 0x66, 0x75, 0x72, 0x74, 0x68, 0x65, 0x72, 0x2e,
        0x0a, 0x2f, 0x2f, 0x20, 0x4e, 0x4f, 0x54, 0x45, 0x3a, 0x20, 0x69, 0x66, 0x20, 0x44, 0x65, 0x70,
        0x74, 0x68, 0x42, 0x69, 0x61, 0x73, 0x20, 0x69, 0x73, 0x20, 0x61, 0x6c, 0x73, 0x6f, 0x20, 0x73,
        0x65, 0x74, 0x20, 0x66, 0x72, 0x6f, 0x6d, 0x20, 0x68, 0x6f, 0x73, 0x74, 0x2f, 0x43, 0x23, 0x20,
        0x63, 0x6f, 0x64, 0x65, 0x2c, 0x20, 0x74, 0x68, 0x61, 0x74, 0x20, 0x76, 0x61, 0x6c, 0x75, 0x65,
        0x20, 0x6f, 0x76, 0x65, 0x72, 0x72, 0x69, 0x64, 0x65, 0x73, 0x20, 0x74, 0x68, 0x69, 0x73, 0x0a,
        0x2f, 0x2f, 0x20, 0x64, 0x65, 0x66, 0x61, 0x75, 0x6c, 0x74, 0x20, 0xe2, 0x80, 0x94, 0x20, 0x6c,
        0x6f, 0x77, 0x65, 0x72, 0x20, 0x69, 0x74, 0x20, 0x74, 0x68, 0x65, 0x72, 0x65, 0x20, 0x74, 0x6f,
        0x6f, 0x2e, 0x0a, 0x66, 0x6c, 0x6f, 0x61, 0x74, 0x20, 0x44, 0x65, 0x70, 0x74, 0x68, 0x42, 0x69,
        0x61, 0x73, 0x20, 0x3d, 0x20, 0x30, 0x2e, 0x30, 0x30, 0x30, 0x35, 0x66, 0x3b, 0x0a, 0x66, 0x6c,
        0x6f, 0x61, 0x74, 0x20, 0x4e, 0x75, 0x6d, 0x43, 0x61, 0x73, 0x63, 0x61, 0x64, 0x65, 0x73, 0x20,
        0x3d, 0x20, 0x33, 0x3b, 0x0a, 0x66, 0x6c, 0x6f, 0x61, 0x74, 0x33, 0x20, 0x4c, 0x69, 0x67, 0x68,
        0x74, 0x44, 0x69, 0x72, 0x65, 0x63, 0x74, 0x69, 0x6f, 0x6e, 0x3b, 0x0a, 0x0a, 0x76, 0x6f, 0x69,
        0x64, 0x20, 0x61, 0x70, 0x70, 0x6c, 0x79, 0x53, 0x68, 0x61, 0x64, 0x6f, 0x77, 0x69, 0x6e, 0x67,
        0x53, 0x69, 0x6e, 0x67, 0x6c, 0x65, 0x28, 0x0a, 0x20, 0x20, 0x20, 0x20, 0x69, 0x6e, 0x20, 0x66,
        0x6c, 0x6f, 0x61, 0x74, 0x34, 0x20, 0x77, 0x6f, 0x72, 0x6c, 0x64, 0x50, 0x6f, 0x73, 0x2c, 0x0a,
        0x20, 0x20, 0x20, 0x20, 0x69, 0x6e, 0x20, 0x66, 0x6c, 0x6f, 0x61, 0x74, 0x34, 0x78, 0x34, 0x20,
        0x6c, 0x69, 0x67, 0x68, 0x74, 0x56, 0x69, 0x65, 0x77, 0x50, 0x72, 0x6f, 0x6a, 0x2c, 0x0a, 0x20,
        0x20, 0x20, 0x20, 0x69, 0x6e, 0x20, 0x54, 0x65, 0x78, 0x74, 0x75, 0x72, 0x65, 0x32, 0x44, 0x20,
        0x73, 0x68, 0x61, 0x64, 0x6f, 0x77, 0x4d, 0x61, 0x70, 0x53, 0x61, 0x6d, 0x70, 0x6c, 0x65, 0x72,
        0x54, 0x65, 0x78, 0x74, 0x75, 0x72, 0x65, 0x2c, 0x20, 0x69, 0x6e, 0x20, 0x53, 0x61, 0x6d, 0x70,
        0x6c, 0x65, 0x72, 0x53, 0x74, 0x61, 0x74, 0x65, 0x20, 0x73, 0x68, 0x61, 0x64, 0x6f, 0x77, 0x4d,
        0x61, 0x70, 0x53, 0x61, 0x6d, 0x70, 0x6c, 0x65, 0x72, 0x2c, 0x0a, 0x20, 0x20, 0x20, 0x20, 0x6f,
        0x75, 0x74, 0x20, 0x62, 0x6f, 0x6f, 0x6c, 0x20, 0x69, 0x73, 0x49, 0x6e, 0x4c, 0x69, 0x67, 0x68,
        0x74, 0x2c, 0x0a, 0x20, 0x20, 0x20, 0x20, 0x6f, 0x75, 0x74, 0x20, 0x62, 0x6f, 0x6f, 0x6c, 0x20,
        0x69, 0x73, 0x53, 0x68, 0x61, 0x64, 0x6f, 0x77, 0x65, 0x64, 0x0a, 0x29, 0x7b, 0x0a, 0x20, 0x20,
        0x20, 0x20, 0x69, 0x73, 0x53, 0x68, 0x61, 0x64, 0x6f, 0x77, 0x65, 0x64, 0x20, 0x3d, 0x20, 0x66,
        0x61, 0x6c, 0x73, 0x65, 0x3b, 0x0a, 0x0a, 0x20, 0x20, 0x20, 0x20, 0x2f, 0x2f, 0x20, 0x46, 0x69,
        0x6e, 0x64, 0x20, 0x74, 0x68, 0x65, 0x20, 0x70, 0x6f, 0x73, 0x69, 0x74, 0x69, 0x6f, 0x6e, 0x20,
        0x6f, 0x66, 0x20, 0x74, 0x68, 0x69, 0x73, 0x20, 0x70, 0x69, 0x78, 0x65, 0x6c, 0x20, 0x69, 0x6e,
        0x20, 0x6c, 0x69, 0x67, 0x68, 0x74, 0x20, 0x73, 0x70, 0x61, 0x63, 0x65, 0x0a, 0x20, 0x20, 0x20,
        0x20, 0x66, 0x6c, 0x6f, 0x61, 0x74, 0x34, 0x20, 0x6c, 0x69, 0x67, 0x68, 0x74, 0x69, 0x6e, 0x67,
        0x50, 0x6f, 0x73, 0x69, 0x74, 0x69, 0x6f, 0x6e, 0x20, 0x3d, 0x20, 0x6d, 0x75, 0x6c, 0x28, 0x77,
        0x6f, 0x72, 0x6c, 0x64, 0x50, 0x6f, 0x73, 0x2c, 0x20, 0x6c, 0x69, 0x67, 0x68, 0x74, 0x56, 0x69,
        0x65, 0x77, 0x50, 0x72, 0x6f, 0x6a, 0x29, 0x3b, 0x0a, 0x0a, 0x20, 0x20, 0x20, 0x20, 0x2f, 0x2f,
        0x20, 0x46, 0x69, 0x6e, 0x64, 0x20, 0x74, 0x68, 0x65, 0x20, 0x70, 0x6f, 0x73, 0x69, 0x74, 0x69,
        0x6f, 0x6e, 0x20, 0x69, 0x6e, 0x20, 0x74, 0x68, 0x65, 0x20, 0x73, 0x68, 0x61, 0x64, 0x6f, 0x77,
        0x20, 0x6d, 0x61, 0x70, 0x20, 0x66, 0x6f, 0x72, 0x20, 0x74, 0x68, 0x69, 0x73, 0x20, 0x70, 0x69,
        0x78, 0x65, 0x6c, 0x0a, 0x20, 0x20, 0x20, 0x20, 0x66, 0x6c, 0x6f, 0x61, 0x74, 0x32, 0x20, 0x73,
        0x68, 0x61, 0x64, 0x6f, 0x77, 0x54, 0x65, 0x78, 0x43, 0x6f, 0x6f, 0x72, 0x64, 0x20, 0x3d, 0x20,
        0x30, 0x2e, 0x35, 0x20, 0x2a, 0x20, 0x6c, 0x69, 0x67, 0x68, 0x74, 0x69, 0x6e, 0x67, 0x50, 0x6f,
        0x73, 0x69, 0x74, 0x69, 0x6f, 0x6e, 0x2e, 0x78, 0x79, 0x20, 0x2f, 0x0a, 0x20, 0x20, 0x20, 0x20,
        0x20, 0x20, 0x20, 0x20, 0x20, 0x20, 0x20, 0x20, 0x20, 0x20, 0x20, 0x20, 0x20, 0x20, 0x20, 0x20,
        0x20, 0x20, 0x20, 0x20, 0x20, 0x20, 0x20, 0x20, 0x6c, 0x69, 0x67, 0x68, 0x74, 0x69, 0x6e, 0x67,
        0x50, 0x6f, 0x73, 0x69, 0x74, 0x69, 0x6f, 0x6e, 0x2e, 0x77, 0x20, 0x2b, 0x20, 0x66, 0x6c, 0x6f,
        0x61, 0x74, 0x32, 0x28, 0x20, 0x30, 0x2e, 0x35, 0x2c, 0x20, 0x30, 0x2e, 0x35, 0x20, 0x29, 0x3b,
        0x0a, 0x20, 0x20, 0x20, 0x20, 0x73, 0x68, 0x61, 0x64, 0x6f, 0x77, 0x54, 0x65, 0x78, 0x43, 0x6f,
        0x6f, 0x72, 0x64, 0x2e, 0x79, 0x20, 0x3d, 0x20, 0x31, 0x2e, 0x30, 0x66, 0x20, 0x2d, 0x20, 0x73,
        0x68, 0x61, 0x64, 0x6f, 0x77, 0x54, 0x65, 0x78, 0x43, 0x6f, 0x6f, 0x72, 0x64, 0x2e, 0x79, 0x3b,
        0x0a, 0x0a, 0x20, 0x20, 0x20, 0x20, 0x2f, 0x2f, 0x20, 0x4f, 0x6e, 0x6c, 0x79, 0x20, 0x61, 0x70,
        0x70, 0x6c, 0x79, 0x20, 0x73, 0x68, 0x61, 0x64, 0x6f, 0x77, 0x73, 0x20, 0x69, 0x66, 0x20, 0x77,
        0x65, 0x27, 0x72, 0x65, 0x20, 0x69, 0x6e, 0x73, 0x69, 0x64, 0x65, 0x20, 0x74, 0x68, 0x65, 0x20,
        0x6c, 0x69, 0x67, 0x68, 0x74, 0x27, 0x73, 0x20, 0x76, 0x69, 0x65, 0x77, 0x20, 0x66, 0x72, 0x75,
        0x73, 0x74, 0x75, 0x6d, 0x0a, 0x20, 0x20, 0x20, 0x20, 0x69, 0x66, 0x20, 0x28, 0x73, 0x68, 0x61,
        0x64, 0x6f, 0x77, 0x54, 0x65, 0x78, 0x43, 0x6f, 0x6f, 0x72, 0x64, 0x2e, 0x78, 0x20, 0x3e, 0x3d,
        0x20, 0x30, 0x2e, 0x30, 0x20, 0x26, 0x26, 0x20, 0x73, 0x68, 0x61, 0x64, 0x6f, 0x77, 0x54, 0x65,
        0x78, 0x43, 0x6f, 0x6f, 0x72, 0x64, 0x2e, 0x78, 0x20, 0x3c, 0x3d, 0x20, 0x31, 0x2e, 0x30, 0x20,
        0x26, 0x26, 0x0a, 0x20, 0x20, 0x20, 0x20, 0x20, 0x20, 0x20, 0x20, 0x73, 0x68, 0x61, 0x64, 0x6f,
        0x77, 0x54, 0x65, 0x78, 0x43, 0x6f, 0x6f, 0x72, 0x64, 0x2e, 0x79, 0x20, 0x3e, 0x3d, 0x20, 0x30,
        0x2e, 0x30, 0x20, 0x26, 0x26, 0x20, 0x73, 0x68, 0x61, 0x64, 0x6f, 0x77, 0x54, 0x65, 0x78, 0x43,
        0x6f, 0x6f, 0x72, 0x64, 0x2e, 0x79, 0x20, 0x3c, 0x3d, 0x20, 0x31, 0x2e, 0x30, 0x20, 0x26, 0x26,
        0x0a, 0x20, 0x20, 0x20, 0x20, 0x20, 0x20, 0x20, 0x20, 0x6c, 0x69, 0x67, 0x68, 0x74, 0x69, 0x6e,
        0x67, 0x50, 0x6f, 0x73, 0x69, 0x74, 0x69, 0x6f, 0x6e, 0x2e, 0x7a, 0x20, 0x3e, 0x20, 0x30, 0x2e,
        0x30, 0x29, 0x0a, 0x20, 0x20, 0x20, 0x20, 0x7b, 0x0a, 0x20, 0x20, 0x20, 0x20, 0x20, 0x20, 0x20,
        0x20, 0x2f, 0x2f, 0x20, 0x47, 0x65, 0x74, 0x20, 0x74, 0x68, 0x65, 0x20, 0x63, 0x75, 0x72, 0x72,
        0x65, 0x6e, 0x74, 0x20, 0x64, 0x65, 0x70, 0x74, 0x68, 0x20, 0x73, 0x74, 0x6f, 0x72, 0x65, 0x64,
        0x20, 0x69, 0x6e, 0x20, 0x74, 0x68, 0x65, 0x20, 0x73, 0x68, 0x61, 0x64, 0x6f, 0x77, 0x20, 0x6d,
        0x61, 0x70, 0x0a, 0x20, 0x20, 0x20, 0x20, 0x20, 0x20, 0x20, 0x20, 0x66, 0x6c, 0x6f, 0x61, 0x74,
        0x20, 0x73, 0x68, 0x61, 0x64, 0x6f, 0x77, 0x64, 0x65, 0x70, 0x74, 0x68, 0x20, 0x3d, 0x20, 0x73,
        0x68, 0x61, 0x64, 0x6f, 0x77, 0x4d, 0x61, 0x70, 0x53, 0x61, 0x6d, 0x70, 0x6c, 0x65, 0x72, 0x54,
        0x65, 0x78, 0x74, 0x75, 0x72, 0x65, 0x2e, 0x53, 0x61, 0x6d, 0x70, 0x6c, 0x65, 0x28, 0x73, 0x68,
        0x61, 0x64, 0x6f, 0x77, 0x4d, 0x61, 0x70, 0x53, 0x61, 0x6d, 0x70, 0x6c, 0x65, 0x72, 0x2c, 0x20,
        0x73, 0x68, 0x61, 0x64, 0x6f, 0x77, 0x54, 0x65, 0x78, 0x43, 0x6f, 0x6f, 0x72, 0x64, 0x29, 0x2e,
        0x72, 0x3b, 0x0a, 0x0a, 0x20, 0x20, 0x20, 0x20, 0x20, 0x20, 0x20, 0x20, 0x2f, 0x2f, 0x20, 0x43,
        0x61, 0x6c, 0x63, 0x75, 0x6c, 0x61, 0x74, 0x65, 0x20, 0x74, 0x68, 0x65, 0x20, 0x63, 0x75, 0x72,
        0x72, 0x65, 0x6e, 0x74, 0x20, 0x70, 0x69, 0x78, 0x65, 0x6c, 0x20, 0x64, 0x65, 0x70, 0x74, 0x68,
        0x0a, 0x20, 0x20, 0x20, 0x20, 0x20, 0x20, 0x20, 0x20, 0x2f, 0x2f, 0x20, 0x54, 0x68, 0x65, 0x20,
        0x62, 0x69, 0x61, 0x73, 0x20, 0x69, 0x73, 0x20, 0x75, 0x73, 0x65, 0x64, 0x20, 0x74, 0x6f, 0x20,
        0x70, 0x72, 0x65, 0x76, 0x65, 0x6e, 0x74, 0x20, 0x66, 0x6c, 0x6f, 0x61, 0x74, 0x69, 0x6e, 0x67,
        0x20, 0x70, 0x6f, 0x69, 0x6e, 0x74, 0x20, 0x65, 0x72, 0x72, 0x6f, 0x72, 0x73, 0x20, 0x74, 0x68,
        0x61, 0x74, 0x20, 0x6f, 0x63, 0x63, 0x75, 0x72, 0x20, 0x77, 0x68, 0x65, 0x6e, 0x0a, 0x20, 0x20,
        0x20, 0x20, 0x20, 0x20, 0x20, 0x20, 0x2f, 0x2f, 0x20, 0x74, 0x68, 0x65, 0x20, 0x70, 0x69, 0x78,
        0x65, 0x6c, 0x20, 0x6f, 0x66, 0x20, 0x74, 0x68, 0x65, 0x20, 0x6f, 0x63, 0x63, 0x6c, 0x75, 0x64,
        0x65, 0x72, 0x20, 0x69, 0x73, 0x20, 0x62, 0x65, 0x69, 0x6e, 0x67, 0x20, 0x64, 0x72, 0x61, 0x77,
        0x6e, 0x0a, 0x20, 0x20, 0x20, 0x20, 0x20, 0x20, 0x20, 0x20, 0x66, 0x6c, 0x6f, 0x61, 0x74, 0x20,
        0x6f, 0x75, 0x72, 0x64, 0x65, 0x70, 0x74, 0x68, 0x20, 0x3d, 0x20, 0x28, 0x6c, 0x69, 0x67, 0x68,
        0x74, 0x69, 0x6e, 0x67, 0x50, 0x6f, 0x73, 0x69, 0x74, 0x69, 0x6f, 0x6e, 0x2e, 0x7a, 0x20, 0x2f,
        0x20, 0x6c, 0x69, 0x67, 0x68, 0x74, 0x69, 0x6e, 0x67, 0x50, 0x6f, 0x73, 0x69, 0x74, 0x69, 0x6f,
        0x6e, 0x2e, 0x77, 0x29, 0x3b, 0x0a, 0x0a, 0x20, 0x20, 0x20, 0x20, 0x20, 0x20, 0x20, 0x20, 0x2f,
        0x2f, 0x20, 0x53, 0x6c, 0x6f, 0x70, 0x65, 0x2d, 0x73, 0x63, 0x61, 0x6c, 0x65, 0x64, 0x20, 0x62,
        0x69, 0x61, 0x73, 0x20, 0x66, 0x72, 0x6f, 0x6d, 0x20, 0x6c, 0x69, 0x67, 0x68, 0x74, 0x2d, 0x73,
        0x70, 0x61, 0x63, 0x65, 0x20, 0x64, 0x65, 0x70, 0x74, 0x68, 0x20, 0x64, 0x65, 0x72, 0x69, 0x76,
        0x61, 0x74, 0x69, 0x76, 0x65, 0x73, 0x0a, 0x20, 0x20, 0x20, 0x20, 0x20, 0x20, 0x20, 0x20, 0x66,
        0x6c, 0x6f, 0x61, 0x74, 0x20, 0x64, 0x7a, 0x64, 0x78, 0x20, 0x3d, 0x20, 0x64, 0x64, 0x78, 0x28,
        0x6f, 0x75, 0x72, 0x64, 0x65, 0x70, 0x74, 0x68, 0x29, 0x3b, 0x0a, 0x20, 0x20, 0x20, 0x20, 0x20,
        0x20, 0x20, 0x20, 0x66, 0x6c, 0x6f, 0x61, 0x74, 0x20, 0x64, 0x7a, 0x64, 0x79, 0x20, 0x3d, 0x20,
        0x64, 0x64, 0x79, 0x28, 0x6f, 0x75, 0x72, 0x64, 0x65, 0x70, 0x74, 0x68, 0x29, 0x3b, 0x0a, 0x20,
        0x20, 0x20, 0x20, 0x20, 0x20, 0x20, 0x20, 0x66, 0x6c, 0x6f, 0x61, 0x74, 0x20, 0x73, 0x6c, 0x6f,
        0x70, 0x65, 0x46, 0x61, 0x63, 0x74, 0x6f, 0x72, 0x20, 0x3d, 0x20, 0x73, 0x71, 0x72, 0x74, 0x28,
        0x64, 0x7a, 0x64, 0x78, 0x20, 0x2a, 0x20, 0x64, 0x7a, 0x64, 0x78, 0x20, 0x2b, 0x20, 0x64, 0x7a,
        0x64, 0x79, 0x20, 0x2a, 0x20, 0x64, 0x7a, 0x64, 0x79, 0x29, 0x3b, 0x0a, 0x20, 0x20, 0x20, 0x20,
        0x20, 0x20, 0x20, 0x20, 0x66, 0x6c, 0x6f, 0x61, 0x74, 0x20, 0x62, 0x69, 0x61, 0x73, 0x20, 0x3d,
        0x20, 0x44, 0x65, 0x70, 0x74, 0x68, 0x42, 0x69, 0x61, 0x73, 0x20, 0x2b, 0x20, 0x63, 0x6c, 0x61,
        0x6d, 0x70, 0x28, 0x73, 0x6c, 0x6f, 0x70, 0x65, 0x46, 0x61, 0x63, 0x74, 0x6f, 0x72, 0x20, 0x2a,
        0x20, 0x31, 0x2e, 0x30, 0x2c, 0x20, 0x30, 0x2e, 0x30, 0x2c, 0x20, 0x30, 0x2e, 0x30, 0x31, 0x29,
        0x3b, 0x20, 0x2f, 0x2f, 0x20, 0x73, 0x6c, 0x6f, 0x70, 0x65, 0x2d, 0x73, 0x63, 0x61, 0x6c, 0x65,
        0x64, 0x20, 0x61, 0x64, 0x64, 0x2d, 0x6f, 0x6e, 0x20, 0x28, 0x30, 0x20, 0x2e, 0x2e, 0x20, 0x30,
        0x2e, 0x30, 0x31, 0x29, 0x0a, 0x0a, 0x20, 0x20, 0x20, 0x20, 0x20, 0x20, 0x20, 0x20, 0x6f, 0x75,
        0x72, 0x64, 0x65, 0x70, 0x74, 0x68, 0x20, 0x2d, 0x3d, 0x20, 0x62, 0x69, 0x61, 0x73, 0x3b, 0x0a,
        0x0a, 0x20, 0x20, 0x20, 0x20, 0x20, 0x20, 0x20, 0x20, 0x2f, 0x2f, 0x20, 0x43, 0x68, 0x65, 0x63,
        0x6b, 0x20, 0x74, 0x6f, 0x20, 0x73, 0x65, 0x65, 0x20, 0x69, 0x66, 0x20, 0x74, 0x68, 0x69, 0x73,
        0x20, 0x70, 0x69, 0x78, 0x65, 0x6c, 0x20, 0x69, 0x73, 0x20, 0x69, 0x6e, 0x20, 0x66, 0x72, 0x6f,
        0x6e, 0x74, 0x20, 0x6f, 0x72, 0x20, 0x62, 0x65, 0x68, 0x69, 0x6e, 0x64, 0x20, 0x74, 0x68, 0x65,
        0x20, 0x76, 0x61, 0x6c, 0x75, 0x65, 0x20, 0x69, 0x6e, 0x20, 0x74, 0x68, 0x65, 0x20, 0x73, 0x68,
        0x61, 0x64, 0x6f, 0x77, 0x20, 0x6d, 0x61, 0x70, 0x0a, 0x20, 0x20, 0x20, 0x20, 0x20, 0x20, 0x20,
        0x20, 0x69, 0x66, 0x20, 0x28, 0x73, 0x68, 0x61, 0x64, 0x6f, 0x77, 0x64, 0x65, 0x70, 0x74, 0x68,
        0x20, 0x3c, 0x20, 0x6f, 0x75, 0x72, 0x64, 0x65, 0x70, 0x74, 0x68, 0x29, 0x0a, 0x20, 0x20, 0x20,
        0x20, 0x20, 0x20, 0x20, 0x20, 0x7b, 0x0a, 0x20, 0x20, 0x20, 0x20, 0x20, 0x20, 0x20, 0x20, 0x20,
        0x20, 0x20, 0x20, 0x2f, 0x2f, 0x20, 0x54, 0x68, 0x69, 0x73, 0x20, 0x70, 0x69, 0x78, 0x65, 0x6c,
        0x20, 0x69, 0x73, 0x20, 0x6f, 0x63, 0x63, 0x6c, 0x75, 0x64, 0x65, 0x64, 0x20, 0x66, 0x72, 0x6f,
        0x6d, 0x20, 0x74, 0x68, 0x65, 0x20, 0x6c, 0x69, 0x67, 0x68, 0x74, 0x0a, 0x20, 0x20, 0x20, 0x20,
        0x20, 0x20, 0x20, 0x20, 0x20, 0x20, 0x20, 0x20, 0x69, 0x73, 0x53, 0x68, 0x61, 0x64, 0x6f, 0x77,
        0x65, 0x64, 0x20, 0x3d, 0x20, 0x74, 0x72, 0x75, 0x65, 0x3b, 0x0a, 0x20, 0x20, 0x20, 0x20, 0x20,
        0x20, 0x20, 0x20, 0x7d, 0x0a, 0x0a, 0x20, 0x20, 0x20, 0x20, 0x20, 0x20, 0x20, 0x20, 0x69, 0x73,
        0x49, 0x6e, 0x4c, 0x69, 0x67, 0x68, 0x74, 0x20, 0x3d, 0x20, 0x74, 0x72, 0x75, 0x65, 0x3b, 0x0a,
        0x20, 0x20, 0x20, 0x20, 0x7d, 0x20, 0x65, 0x6c, 0x73, 0x65, 0x20, 0x7b, 0x0a, 0x20, 0x20, 0x20,
        0x20, 0x20, 0x20, 0x20, 0x20, 0x69, 0x73, 0x49, 0x6e, 0x4c, 0x69, 0x67, 0x68, 0x74, 0x20, 0x3d,
        0x20, 0x66, 0x61, 0x6c, 0x73, 0x65, 0x3b, 0x0a, 0x20, 0x20, 0x20, 0x20, 0x7d, 0x0a, 0x7d, 0x0a,
        0x0a, 0x62, 0x6f, 0x6f, 0x6c, 0x20, 0x50, 0x53, 0x5f, 0x49, 0x73, 0x53, 0x68, 0x61, 0x64, 0x6f,
        0x77, 0x65, 0x64, 0x28, 0x0a, 0x20, 0x20, 0x20, 0x20, 0x69, 0x6e, 0x20, 0x66, 0x6c, 0x6f, 0x61,
        0x74, 0x34, 0x20, 0x77, 0x6f, 0x72, 0x6c, 0x64, 0x50, 0x6f, 0x73, 0x2c, 0x0a, 0x20, 0x20, 0x20,
        0x20, 0x69, 0x6e, 0x20, 0x66, 0x6c, 0x6f, 0x61, 0x74, 0x33, 0x20, 0x66, 0x61, 0x63, 0x65, 0x4e,
        0x6f, 0x72, 0x6d, 0x61, 0x6c, 0x0a, 0x29, 0x0a, 0x7b, 0x0a, 0x20, 0x20, 0x20, 0x20, 0x69, 0x66,
        0x20, 0x28, 0x4e, 0x75, 0x6d, 0x43, 0x61, 0x73, 0x63, 0x61, 0x64, 0x65, 0x73, 0x20, 0x3e, 0x20,
        0x30, 0x29, 0x0a, 0x20, 0x20, 0x20, 0x20, 0x7b, 0x0a, 0x20, 0x20, 0x20, 0x20, 0x20, 0x20, 0x20,
        0x20, 0x2f, 0x2f, 0x20, 0x48, 0x6f, 0x77, 0x20, 0x6d, 0x75, 0x63, 0x68, 0x20, 0x64, 0x6f, 0x65,
        0x73, 0x20, 0x74, 0x68, 0x69, 0x73, 0x20, 0x73, 0x75, 0x72, 0x66, 0x61, 0x63, 0x65, 0x20, 0x66,
        0x61, 0x63, 0x65, 0x20, 0x74, 0x68, 0x65, 0x20, 0x6c, 0x69, 0x67, 0x68, 0x74, 0x3f, 0x0a, 0x20,
        0x20, 0x20, 0x20, 0x20, 0x20, 0x20, 0x20, 0x2f, 0x2f, 0x20, 0x4c, 0x69, 0x67, 0x68, 0x74, 0x44,
        0x69, 0x72, 0x65, 0x63, 0x74, 0x69, 0x6f, 0x6e, 0x20, 0x70, 0x6f, 0x69, 0x6e, 0x74, 0x73, 0x20,
        0x54, 0x4f, 0x57, 0x41, 0x52, 0x44, 0x20, 0x74, 0x68, 0x65, 0x20, 0x6c, 0x69, 0x67, 0x68, 0x74,
        0x20, 0x28, 0x65, 0x2e, 0x67, 0x2e, 0x20, 0x28, 0x30, 0x2c, 0x31, 0x2c, 0x30, 0x29, 0x20, 0x3d,
        0x20, 0x6c, 0x69, 0x67, 0x68, 0x74, 0x20, 0x61, 0x62, 0x6f, 0x76, 0x65, 0x29, 0x2e, 0x0a, 0x20,
        0x20, 0x20, 0x20, 0x20, 0x20, 0x20, 0x20, 0x2f, 0x2f, 0x20, 0x41, 0x20, 0x64, 0x6f, 0x74, 0x20,
        0x70, 0x72, 0x6f, 0x64, 0x75, 0x63, 0x74, 0x20, 0x6e, 0x65, 0x61, 0x72, 0x20, 0x30, 0x20, 0x6d,
        0x65, 0x61, 0x6e, 0x73, 0x20, 0x74, 0x68, 0x65, 0x20, 0x73, 0x75, 0x72, 0x66, 0x61, 0x63, 0x65,
        0x20, 0x69, 0x73, 0x20, 0x70, 0x61, 0x72, 0x61, 0x6c, 0x6c, 0x65, 0x6c, 0x20, 0x74, 0x6f, 0x20,
        0x74, 0x68, 0x65, 0x20, 0x6c, 0x69, 0x67, 0x68, 0x74, 0x20, 0x72, 0x61, 0x79, 0x73, 0x0a, 0x20,
        0x20, 0x20, 0x20, 0x20, 0x20, 0x20, 0x20, 0x2f, 0x2f, 0x20, 0xe2, 0x80, 0x94, 0x20, 0x74, 0x68,
        0x65, 0x73, 0x65, 0x20, 0x61, 0x72, 0x65, 0x20, 0x74, 0x68, 0x65, 0x20, 0x73, 0x75, 0x72, 0x66,
        0x61, 0x63, 0x65, 0x73, 0x20, 0x74, 0x68, 0x61, 0x74, 0x20, 0x66, 0x6c, 0x69, 0x63, 0x6b, 0x65,
        0x72, 0x2e, 0x20, 0x53, 0x6b, 0x69, 0x70, 0x20, 0x73, 0x68, 0x61, 0x64, 0x6f, 0x77, 0x69, 0x6e,
        0x67, 0x20, 0x66, 0x6f, 0x72, 0x20, 0x74, 0x68, 0x65, 0x6d, 0x2e, 0x0a, 0x20, 0x20, 0x20, 0x20,
        0x20, 0x20, 0x20, 0x20, 0x66, 0x6c, 0x6f, 0x61, 0x74, 0x20, 0x4e, 0x64, 0x6f, 0x74, 0x4c, 0x20,
        0x3d, 0x20, 0x61, 0x62, 0x73, 0x28, 0x64, 0x6f, 0x74, 0x28, 0x66, 0x61, 0x63, 0x65, 0x4e, 0x6f,
        0x72, 0x6d, 0x61, 0x6c, 0x2c, 0x20, 0x4c, 0x69, 0x67, 0x68, 0x74, 0x44, 0x69, 0x72, 0x65, 0x63,
        0x74, 0x69, 0x6f, 0x6e, 0x29, 0x29, 0x3b, 0x0a, 0x0a, 0x20, 0x20, 0x20, 0x20, 0x20, 0x20, 0x20,
        0x20, 0x2f, 0x2f, 0x20, 0x54, 0x68, 0x72, 0x65, 0x73, 0x68, 0x6f, 0x6c, 0x64, 0x20, 0x62, 0x65,
        0x6c, 0x6f, 0x77, 0x20, 0x77, 0x68, 0x69, 0x63, 0x68, 0x20, 0x77, 0x65, 0x20, 0x63, 0x6f, 0x6e,
        0x73, 0x69, 0x64, 0x65, 0x72, 0x20, 0x74, 0x68, 0x65, 0x20, 0x73, 0x75, 0x72, 0x66, 0x61, 0x63,
        0x65, 0x20, 0x74, 0x6f, 0x6f, 0x20, 0x70, 0x61, 0x72, 0x61, 0x6c, 0x6c, 0x65, 0x6c, 0x20, 0x74,
        0x6f, 0x20, 0x73, 0x68, 0x61, 0x64, 0x6f, 0x77, 0x20, 0x72, 0x65, 0x6c, 0x69, 0x61, 0x62, 0x6c,
        0x79, 0x2e, 0x0a, 0x20, 0x20, 0x20, 0x20, 0x20, 0x20, 0x20, 0x20, 0x2f, 0x2f, 0x20, 0x30, 0x2e,
        0x31, 0x20, 0xe2, 0x89, 0x88, 0x20, 0x73, 0x75, 0x72, 0x66, 0x61, 0x63, 0x65, 0x73, 0x20, 0x77,
        0x69, 0x74, 0x68, 0x69, 0x6e, 0x20, 0x7e, 0x38, 0x34, 0xc2, 0xb0, 0x20, 0x6f, 0x66, 0x20, 0x74,
        0x68, 0x65, 0x20, 0x6c, 0x69, 0x67, 0x68, 0x74, 0x20, 0x64, 0x69, 0x72, 0x65, 0x63, 0x74, 0x69,
        0x6f, 0x6e, 0x20, 0x61, 0x72, 0x65, 0x20, 0x65, 0x78, 0x63, 0x6c, 0x75, 0x64, 0x65, 0x64, 0x2e,
        0x0a, 0x20, 0x20, 0x20, 0x20, 0x20, 0x20, 0x20, 0x20, 0x69, 0x66, 0x20, 0x28, 0x4e, 0x64, 0x6f,
        0x74, 0x4c, 0x20, 0x3e, 0x3d, 0x20, 0x30, 0x2e, 0x30, 0x35, 0x29, 0x0a, 0x20, 0x20, 0x20, 0x20,
        0x20, 0x20, 0x20, 0x20, 0x7b, 0x0a, 0x20, 0x20, 0x20, 0x20, 0x20, 0x20, 0x20, 0x20, 0x20, 0x20,
        0x20, 0x20, 0x62, 0x6f, 0x6f, 0x6c, 0x20, 0x69, 0x73, 0x49, 0x6e, 0x4c, 0x69, 0x67, 0x68, 0x74,
        0x30, 0x20, 0x3d, 0x20, 0x66, 0x61, 0x6c, 0x73, 0x65, 0x3b, 0x0a, 0x20, 0x20, 0x20, 0x20, 0x20,
        0x20, 0x20, 0x20, 0x20, 0x20, 0x20, 0x20, 0x62, 0x6f, 0x6f, 0x6c, 0x20, 0x69, 0x73, 0x53, 0x68,
        0x61, 0x64, 0x6f, 0x77, 0x65, 0x64, 0x30, 0x20, 0x3d, 0x20, 0x66, 0x61, 0x6c, 0x73, 0x65, 0x3b,
        0x0a, 0x20, 0x20, 0x20, 0x20, 0x20, 0x20, 0x20, 0x20, 0x20, 0x20, 0x20, 0x20, 0x61, 0x70, 0x70,
        0x6c, 0x79, 0x53, 0x68, 0x61, 0x64, 0x6f, 0x77, 0x69, 0x6e, 0x67, 0x53, 0x69, 0x6e, 0x67, 0x6c,
        0x65, 0x28, 0x77, 0x6f, 0x72, 0x6c, 0x64, 0x50, 0x6f, 0x73, 0x2c, 0x20, 0x4c, 0x69, 0x67, 0x68,
        0x74, 0x56, 0x69, 0x65, 0x77, 0x50, 0x72, 0x6f, 0x6a, 0x30, 0x2c, 0x20, 0x53, 0x68, 0x61, 0x64,
        0x6f, 0x77, 0x4d, 0x61, 0x70, 0x30, 0x2c, 0x20, 0x53, 0x68, 0x61, 0x64, 0x6f, 0x77, 0x4d, 0x61,
        0x70, 0x53, 0x61, 0x6d, 0x70, 0x6c, 0x65, 0x72, 0x30, 0x2c, 0x20, 0x69, 0x73, 0x49, 0x6e, 0x4c,
        0x69, 0x67, 0x68, 0x74, 0x30, 0x2c, 0x20, 0x69, 0x73, 0x53, 0x68, 0x61, 0x64, 0x6f, 0x77, 0x65,
        0x64, 0x30, 0x29, 0x3b, 0x0a, 0x20, 0x20, 0x20, 0x20, 0x20, 0x20, 0x20, 0x20, 0x20, 0x20, 0x20,
        0x20, 0x69, 0x66, 0x20, 0x28, 0x69, 0x73, 0x49, 0x6e, 0x4c, 0x69, 0x67, 0x68, 0x74, 0x30, 0x29,
        0x20, 0x72, 0x65, 0x74, 0x75, 0x72, 0x6e, 0x20, 0x69, 0x73, 0x53, 0x68, 0x61, 0x64, 0x6f, 0x77,
        0x65, 0x64, 0x30, 0x3b, 0x0a, 0x0a, 0x20, 0x20, 0x20, 0x20, 0x20, 0x20, 0x20, 0x20, 0x20, 0x20,
        0x20, 0x20, 0x69, 0x66, 0x20, 0x28, 0x4e, 0x75, 0x6d, 0x43, 0x61, 0x73, 0x63, 0x61, 0x64, 0x65,
        0x73, 0x20, 0x3e, 0x20, 0x31, 0x29, 0x0a, 0x20, 0x20, 0x20, 0x20, 0x20, 0x20, 0x20, 0x20, 0x20,
        0x20, 0x20, 0x20, 0x7b, 0x0a, 0x20, 0x20, 0x20, 0x20, 0x20, 0x20, 0x20, 0x20, 0x20, 0x20, 0x20,
        0x20, 0x20, 0x20, 0x20, 0x20, 0x62, 0x6f, 0x6f, 0x6c, 0x20, 0x69, 0x73, 0x49, 0x6e, 0x4c, 0x69,
        0x67, 0x68, 0x74, 0x31, 0x20, 0x3d, 0x20, 0x66, 0x61, 0x6c, 0x73, 0x65, 0x3b, 0x0a, 0x20, 0x20,
        0x20, 0x20, 0x20, 0x20, 0x20, 0x20, 0x20, 0x20, 0x20, 0x20, 0x20, 0x20, 0x20, 0x20, 0x62, 0x6f,
        0x6f, 0x6c, 0x20, 0x69, 0x73, 0x53, 0x68, 0x61, 0x64, 0x6f, 0x77, 0x65, 0x64, 0x31, 0x20, 0x3d,
        0x20, 0x66, 0x61, 0x6c, 0x73, 0x65, 0x3b, 0x0a, 0x20, 0x20, 0x20, 0x20, 0x20, 0x20, 0x20, 0x20,
        0x20, 0x20, 0x20, 0x20, 0x20, 0x20, 0x20, 0x20, 0x61, 0x70, 0x70, 0x6c, 0x79, 0x53, 0x68, 0x61,
        0x64, 0x6f, 0x77, 0x69, 0x6e, 0x67, 0x53, 0x69, 0x6e, 0x67, 0x6c, 0x65, 0x28, 0x77, 0x6f, 0x72,
        0x6c, 0x64, 0x50, 0x6f, 0x73, 0x2c, 0x20, 0x4c, 0x69, 0x67, 0x68, 0x74, 0x56, 0x69, 0x65, 0x77,
        0x50, 0x72, 0x6f, 0x6a, 0x31, 0x2c, 0x20, 0x53, 0x68, 0x61, 0x64, 0x6f, 0x77, 0x4d, 0x61, 0x70,
        0x31, 0x2c, 0x20, 0x53, 0x68, 0x61, 0x64, 0x6f, 0x77, 0x4d, 0x61, 0x70, 0x53, 0x61, 0x6d, 0x70,
        0x6c, 0x65, 0x72, 0x31, 0x2c, 0x20, 0x69, 0x73, 0x49, 0x6e, 0x4c, 0x69, 0x67, 0x68, 0x74, 0x31,
        0x2c, 0x20, 0x69, 0x73, 0x53, 0x68, 0x61, 0x64, 0x6f, 0x77, 0x65, 0x64, 0x31, 0x29, 0x3b, 0x0a,
        0x20, 0x20, 0x20, 0x20, 0x20, 0x20, 0x20, 0x20, 0x20, 0x20, 0x20, 0x20, 0x20, 0x20, 0x20, 0x20,
        0x69, 0x66, 0x20, 0x28, 0x69, 0x73, 0x49, 0x6e, 0x4c, 0x69, 0x67, 0x68, 0x74, 0x31, 0x29, 0x20,
        0x72, 0x65, 0x74, 0x75, 0x72, 0x6e, 0x20, 0x69, 0x73, 0x53, 0x68, 0x61, 0x64, 0x6f, 0x77, 0x65,
        0x64, 0x31, 0x3b, 0x0a, 0x0a, 0x20, 0x20, 0x20, 0x20, 0x20, 0x20, 0x20, 0x20, 0x20, 0x20, 0x20,
        0x20, 0x20, 0x20, 0x20, 0x20, 0x69, 0x66, 0x20, 0x28, 0x4e, 0x75, 0x6d, 0x43, 0x61, 0x73, 0x63,
        0x61, 0x64, 0x65, 0x73, 0x20, 0x3e, 0x20, 0x32, 0x29, 0x0a, 0x20, 0x20, 0x20, 0x20, 0x20, 0x20,
        0x20, 0x20, 0x20, 0x20, 0x20, 0x20, 0x20, 0x20, 0x20, 0x20, 0x7b, 0x0a, 0x20, 0x20, 0x20, 0x20,
        0x20, 0x20, 0x20, 0x20, 0x20, 0x20, 0x20, 0x20, 0x20, 0x20, 0x20, 0x20, 0x20, 0x20, 0x20, 0x20,
        0x62, 0x6f, 0x6f, 0x6c, 0x20, 0x69, 0x73, 0x49, 0x6e, 0x4c, 0x69, 0x67, 0x68, 0x74, 0x32, 0x20,
        0x3d, 0x20, 0x66, 0x61, 0x6c, 0x73, 0x65, 0x3b, 0x0a, 0x20, 0x20, 0x20, 0x20, 0x20, 0x20, 0x20,
        0x20, 0x20, 0x20, 0x20, 0x20, 0x20, 0x20, 0x20, 0x20, 0x20, 0x20, 0x20, 0x20, 0x62, 0x6f, 0x6f,
        0x6c, 0x20, 0x69, 0x73, 0x53, 0x68, 0x61, 0x64, 0x6f, 0x77, 0x65, 0x64, 0x32, 0x20, 0x3d, 0x20,
        0x66, 0x61, 0x6c, 0x73, 0x65, 0x3b, 0x0a, 0x20, 0x20, 0x20, 0x20, 0x20, 0x20, 0x20, 0x20, 0x20,
        0x20, 0x20, 0x20, 0x20, 0x20, 0x20, 0x20, 0x20, 0x20, 0x20, 0x20, 0x61, 0x70, 0x70, 0x6c, 0x79,
        0x53, 0x68, 0x61, 0x64, 0x6f, 0x77, 0x69, 0x6e, 0x67, 0x53, 0x69, 0x6e, 0x67, 0x6c, 0x65, 0x28,
        0x77, 0x6f, 0x72, 0x6c, 0x64, 0x50, 0x6f, 0x73, 0x2c, 0x20, 0x4c, 0x69, 0x67, 0x68, 0x74, 0x56,
        0x69, 0x65, 0x77, 0x50, 0x72, 0x6f, 0x6a, 0x32, 0x2c, 0x20, 0x53, 0x68, 0x61, 0x64, 0x6f, 0x77,
        0x4d, 0x61, 0x70, 0x32, 0x2c, 0x20, 0x53, 0x68, 0x61, 0x64, 0x6f, 0x77, 0x4d, 0x61, 0x70, 0x53,
        0x61, 0x6d, 0x70, 0x6c, 0x65, 0x72, 0x32, 0x2c, 0x20, 0x69, 0x73, 0x49, 0x6e, 0x4c, 0x69, 0x67,
        0x68, 0x74, 0x32, 0x2c, 0x20, 0x69, 0x73, 0x53, 0x68, 0x61, 0x64, 0x6f, 0x77, 0x65, 0x64, 0x32,
        0x29, 0x3b, 0x0a, 0x20, 0x20, 0x20, 0x20, 0x20, 0x20, 0x20, 0x20, 0x20, 0x20, 0x20, 0x20, 0x20,
        0x20, 0x20, 0x20, 0x20, 0x20, 0x20, 0x20, 0x69, 0x66, 0x20, 0x28, 0x69, 0x73, 0x49, 0x6e, 0x4c,
        0x69, 0x67, 0x68, 0x74, 0x32, 0x29, 0x20, 0x72, 0x65, 0x74, 0x75, 0x72, 0x6e, 0x20, 0x69, 0x73,
        0x53, 0x68, 0x61, 0x64, 0x6f, 0x77, 0x65, 0x64, 0x32, 0x3b, 0x0a, 0x20, 0x20, 0x20, 0x20, 0x20,
        0x20, 0x20, 0x20, 0x20, 0x20, 0x20, 0x20, 0x20, 0x20, 0x20, 0x20, 0x7d, 0x0a, 0x20, 0x20, 0x20,
        0x20, 0x20, 0x20, 0x20, 0x20, 0x20, 0x20, 0x20, 0x20, 0x7d, 0x0a, 0x20, 0x20, 0x20, 0x20, 0x20,
        0x20, 0x20, 0x20, 0x7d, 0x0a, 0x20, 0x20, 0x20, 0x20, 0x7d, 0x0a, 0x0a, 0x20, 0x20, 0x20, 0x20,
        0x72, 0x65, 0x74, 0x75, 0x72, 0x6e, 0x20, 0x66, 0x61, 0x6c, 0x73, 0x65, 0x3b, 0x0a, 0x7d, 0x0a,
        0x0a, 0x2f, 0x2f, 0x20, 0x4c, 0x65, 0x67, 0x61, 0x63, 0x79, 0x20, 0x70, 0x61, 0x74, 0x68, 0x20,
        0x66, 0x6f, 0x72, 0x20, 0x66, 0x75, 0x6c, 0x6c, 0x62, 0x72, 0x69, 0x67, 0x68, 0x74, 0x20, 0x73,
        0x68, 0x61, 0x64, 0x65, 0x72, 0x73, 0x20, 0x28, 0x74, 0x65, 0x72, 0x72, 0x61, 0x69, 0x6e, 0x29,
        0x20, 0x77, 0x69, 0x74, 0x68, 0x20, 0x6e, 0x6f, 0x20, 0x64, 0x69, 0x66, 0x66, 0x75, 0x73, 0x65,
        0x20, 0x74, 0x65, 0x72, 0x6d, 0x3a, 0x20, 0x64, 0x61, 0x72, 0x6b, 0x65, 0x6e, 0x0a, 0x2f, 0x2f,
        0x20, 0x74, 0x68, 0x65, 0x20, 0x63, 0x6f, 0x6c, 0x6f, 0x72, 0x20, 0x6f, 0x6e, 0x63, 0x65, 0x20,
        0x77, 0x68, 0x65, 0x72, 0x65, 0x20, 0x74, 0x68, 0x65, 0x20, 0x70, 0x69, 0x78, 0x65, 0x6c, 0x20,
        0x69, 0x73, 0x20, 0x73, 0x68, 0x61, 0x64, 0x6f, 0x77, 0x65, 0x64, 0x2e, 0x20, 0x55, 0x73, 0x65,
        0x64, 0x20, 0x62, 0x79, 0x20, 0x47, 0x72, 0x6f, 0x75, 0x6e, 0x64, 0x2e, 0x66, 0x78, 0x20, 0x2f,
        0x20, 0x4d, 0x6f, 0x75, 0x6e, 0x74, 0x61, 0x69, 0x6e, 0x73, 0x2e, 0x66, 0x78, 0x2e, 0x0a, 0x76,
        0x6f, 0x69, 0x64, 0x20, 0x50, 0x53, 0x5f, 0x41, 0x70, 0x70, 0x6c, 0x79, 0x53, 0x68, 0x61, 0x64,
        0x6f, 0x77, 0x69, 0x6e, 0x67, 0x28, 0x0a, 0x20, 0x20, 0x20, 0x20, 0x69, 0x6e, 0x6f, 0x75, 0x74,
        0x20, 0x66, 0x6c, 0x6f, 0x61, 0x74, 0x33, 0x20, 0x64, 0x69, 0x66, 0x66, 0x75, 0x73, 0x65, 0x2c,
        0x0a, 0x20, 0x20, 0x20, 0x20, 0x69, 0x6e, 0x20, 0x66, 0x6c, 0x6f, 0x61, 0x74, 0x34, 0x20, 0x77,
        0x6f, 0x72, 0x6c, 0x64, 0x50, 0x6f, 0x73, 0x2c, 0x0a, 0x20, 0x20, 0x20, 0x20, 0x69, 0x6e, 0x20,
        0x66, 0x6c, 0x6f, 0x61, 0x74, 0x33, 0x20, 0x66, 0x61, 0x63, 0x65, 0x4e, 0x6f, 0x72, 0x6d, 0x61,
        0x6c, 0x0a, 0x29, 0x0a, 0x7b, 0x0a, 0x20, 0x20, 0x20, 0x20, 0x69, 0x66, 0x20, 0x28, 0x50, 0x53,
        0x5f, 0x49, 0x73, 0x53, 0x68, 0x61, 0x64, 0x6f, 0x77, 0x65, 0x64, 0x28, 0x77, 0x6f, 0x72, 0x6c,
        0x64, 0x50, 0x6f, 0x73, 0x2c, 0x20, 0x66, 0x61, 0x63, 0x65, 0x4e, 0x6f, 0x72, 0x6d, 0x61, 0x6c,
        0x29, 0x29, 0x0a, 0x20, 0x20, 0x20, 0x20, 0x7b, 0x0a, 0x20, 0x20, 0x20, 0x20, 0x20, 0x20, 0x20,
        0x20, 0x64, 0x69, 0x66, 0x66, 0x75, 0x73, 0x65, 0x20, 0x3d, 0x20, 0x64, 0x69, 0x66, 0x66, 0x75,
        0x73, 0x65, 0x20, 0x2a, 0x20, 0x66, 0x6c, 0x6f, 0x61, 0x74, 0x33, 0x28, 0x30, 0x2e, 0x35, 0x2c,
        0x20, 0x30, 0x2e, 0x35, 0x2c, 0x20, 0x30, 0x2e, 0x35, 0x29, 0x3b, 0x0a, 0x20, 0x20, 0x20, 0x20,
        0x7d, 0x0a, 0x7d, 0x00, 0x04, 0x00, 0x0a, 0x00, 0x47, 0x4c, 0x5f, 0x47, 0x4f, 0x4f, 0x47, 0x4c,
        0x45, 0x5f, 0x63, 0x70, 0x70, 0x5f, 0x73, 0x74, 0x79, 0x6c, 0x65, 0x5f, 0x6c, 0x69, 0x6e, 0x65,
        0x5f, 0x64, 0x69, 0x72, 0x65, 0x63, 0x74, 0x69, 0x76, 0x65, 0x00, 0x00, 0x04, 0x00, 0x08, 0x00,
        0x47, 0x4c, 0x5f, 0x47, 0x4f, 0x4f, 0x47, 0x4c, 0x45, 0x5f, 0x69, 0x6e, 0x63, 0x6c, 0x75, 0x64,
        0x65, 0x5f, 0x64, 0x69, 0x72, 0x65, 0x63, 0x74, 0x69, 0x76, 0x65, 0x00, 0x05, 0x00, 0x08, 0x00,
        0x06, 0x00, 0x00, 0x00, 0x56, 0x65, 0x72, 0x74, 0x65, 0x78, 0x53, 0x68, 0x61, 0x64, 0x65, 0x72,
        0x46, 0x75, 0x6e, 0x63, 0x74, 0x69, 0x6f, 0x6e, 0x00, 0x00, 0x00, 0x00, 0x05, 0x00, 0x04, 0x00,
        0x41, 0x00, 0x00, 0x00, 0x24, 0x47, 0x6c, 0x6f, 0x62, 0x61, 0x6c, 0x00, 0x06, 0x00, 0x07, 0x00,
        0x41, 0x00, 0x00, 0x00, 0x00, 0x00, 0x00, 0x00, 0x4c, 0x69, 0x67, 0x68, 0x74, 0x56, 0x69, 0x65,
        0x77, 0x50, 0x72, 0x6f, 0x6a, 0x30, 0x00, 0x00, 0x06, 0x00, 0x07, 0x00, 0x41, 0x00, 0x00, 0x00,
        0x01, 0x00, 0x00, 0x00, 0x4c, 0x69, 0x67, 0x68, 0x74, 0x56, 0x69, 0x65, 0x77, 0x50, 0x72, 0x6f,
        0x6a, 0x31, 0x00, 0x00, 0x06, 0x00, 0x07, 0x00, 0x41, 0x00, 0x00, 0x00, 0x02, 0x00, 0x00, 0x00,
        0x4c, 0x69, 0x67, 0x68, 0x74, 0x56, 0x69, 0x65, 0x77, 0x50, 0x72, 0x6f, 0x6a, 0x32, 0x00, 0x00,
        0x06, 0x00, 0x06, 0x00, 0x41, 0x00, 0x00, 0x00, 0x03, 0x00, 0x00, 0x00, 0x44, 0x65, 0x70, 0x74,
        0x68, 0x42, 0x69, 0x61, 0x73, 0x00, 0x00, 0x00, 0x06, 0x00, 0x06, 0x00, 0x41, 0x00, 0x00, 0x00,
        0x04, 0x00, 0x00, 0x00, 0x4e, 0x75, 0x6d, 0x43, 0x61, 0x73, 0x63, 0x61, 0x64, 0x65, 0x73, 0x00,
        0x06, 0x00, 0x07, 0x00, 0x41, 0x00, 0x00, 0x00, 0x05, 0x00, 0x00, 0x00, 0x4c, 0x69, 0x67, 0x68,
        0x74, 0x44, 0x69, 0x72, 0x65, 0x63, 0x74, 0x69, 0x6f, 0x6e, 0x00, 0x00, 0x06, 0x00, 0x06, 0x00,
        0x41, 0x00, 0x00, 0x00, 0x06, 0x00, 0x00, 0x00, 0x57, 0x6f, 0x72, 0x6c, 0x64, 0x56, 0x69, 0x65,
        0x77, 0x00, 0x00, 0x00, 0x06, 0x00, 0x07, 0x00, 0x41, 0x00, 0x00, 0x00, 0x07, 0x00, 0x00, 0x00,
        0x57, 0x6f, 0x72, 0x6c, 0x64, 0x56, 0x69, 0x65, 0x77, 0x50, 0x72, 0x6f, 0x6a, 0x00, 0x00, 0x00,
        0x06, 0x00, 0x06, 0x00, 0x41, 0x00, 0x00, 0x00, 0x08, 0x00, 0x00, 0x00, 0x46, 0x6f, 0x67, 0x43,
        0x6f, 0x6c, 0x6f, 0x72, 0x00, 0x00, 0x00, 0x00, 0x06, 0x00, 0x06, 0x00, 0x41, 0x00, 0x00, 0x00,
        0x09, 0x00, 0x00, 0x00, 0x46, 0x6f, 0x67, 0x44, 0x69, 0x73, 0x74, 0x61, 0x6e, 0x63, 0x65, 0x00,
        0x06, 0x00, 0x07, 0x00, 0x41, 0x00, 0x00, 0x00, 0x0a, 0x00, 0x00, 0x00, 0x46, 0x6f, 0x67, 0x4c,
        0x6f, 0x67, 0x44, 0x65, 0x6e, 0x73, 0x69, 0x74, 0x79, 0x00, 0x00, 0x00, 0x05, 0x00, 0x03, 0x00,
        0x43, 0x00, 0x00, 0x00, 0x00, 0x00, 0x00, 0x00, 0x05, 0x00, 0x05, 0x00, 0x7e, 0x00, 0x00, 0x00,
        0x50, 0x6f, 0x73, 0x69, 0x74, 0x69, 0x6f, 0x6e, 0x00, 0x00, 0x00, 0x00, 0x05, 0x00, 0x04, 0x00,
        0x82, 0x00, 0x00, 0x00, 0x43, 0x6f, 0x6c, 0x6f, 0x72, 0x00, 0x00, 0x00, 0x05, 0x00, 0x09, 0x00,
        0x8b, 0x00, 0x00, 0x00, 0x40, 0x65, 0x6e, 0x74, 0x72, 0x79, 0x50, 0x6f, 0x69, 0x6e, 0x74, 0x4f,
        0x75, 0x74, 0x70, 0x75, 0x74, 0x2e, 0x50, 0x6f, 0x73, 0x69, 0x74, 0x69, 0x6f, 0x6e, 0x00, 0x00,
        0x05, 0x00, 0x08, 0x00, 0x8e, 0x00, 0x00, 0x00, 0x40, 0x65, 0x6e, 0x74, 0x72, 0x79, 0x50, 0x6f,
        0x69, 0x6e, 0x74, 0x4f, 0x75, 0x74, 0x70, 0x75, 0x74, 0x2e, 0x43, 0x6f, 0x6c, 0x6f, 0x72, 0x00,
        0x05, 0x00, 0x09, 0x00, 0x91, 0x00, 0x00, 0x00, 0x40, 0x65, 0x6e, 0x74, 0x72, 0x79, 0x50, 0x6f,
        0x69, 0x6e, 0x74, 0x4f, 0x75, 0x74, 0x70, 0x75, 0x74, 0x2e, 0x57, 0x6f, 0x72, 0x6c, 0x64, 0x50,
        0x6f, 0x73, 0x00, 0x00, 0x05, 0x00, 0x05, 0x00, 0x96, 0x00, 0x00, 0x00, 0x53, 0x68, 0x61, 0x64,
        0x6f, 0x77, 0x4d, 0x61, 0x70, 0x30, 0x00, 0x00, 0x05, 0x00, 0x07, 0x00, 0x99, 0x00, 0x00, 0x00,
        0x53, 0x68, 0x61, 0x64, 0x6f, 0x77, 0x4d, 0x61, 0x70, 0x53, 0x61, 0x6d, 0x70, 0x6c, 0x65, 0x72,
        0x30, 0x00, 0x00, 0x00, 0x05, 0x00, 0x05, 0x00, 0x9a, 0x00, 0x00, 0x00, 0x53, 0x68, 0x61, 0x64,
        0x6f, 0x77, 0x4d, 0x61, 0x70, 0x31, 0x00, 0x00, 0x05, 0x00, 0x07, 0x00, 0x9b, 0x00, 0x00, 0x00,
        0x53, 0x68, 0x61, 0x64, 0x6f, 0x77, 0x4d, 0x61, 0x70, 0x53, 0x61, 0x6d, 0x70, 0x6c, 0x65, 0x72,
        0x31, 0x00, 0x00, 0x00, 0x05, 0x00, 0x05, 0x00, 0x9c, 0x00, 0x00, 0x00, 0x53, 0x68, 0x61, 0x64,
        0x6f, 0x77, 0x4d, 0x61, 0x70, 0x32, 0x00, 0x00, 0x05, 0x00, 0x07, 0x00, 0x9d, 0x00, 0x00, 0x00,
        0x53, 0x68, 0x61, 0x64, 0x6f, 0x77, 0x4d, 0x61, 0x70, 0x53, 0x61, 0x6d, 0x70, 0x6c, 0x65, 0x72,
        0x32, 0x00, 0x00, 0x00, 0x4a, 0x01, 0x0a, 0x00, 0x65, 0x6e, 0x74, 0x72, 0x79, 0x2d, 0x70, 0x6f,
        0x69, 0x6e, 0x74, 0x20, 0x56, 0x65, 0x72, 0x74, 0x65, 0x78, 0x53, 0x68, 0x61, 0x64, 0x65, 0x72,
        0x46, 0x75, 0x6e, 0x63, 0x74, 0x69, 0x6f, 0x6e, 0x00, 0x00, 0x00, 0x00, 0x4a, 0x01, 0x06, 0x00,
        0x63, 0x6c, 0x69, 0x65, 0x6e, 0x74, 0x20, 0x76, 0x75, 0x6c, 0x6b, 0x61, 0x6e, 0x31, 0x30, 0x30,
        0x00, 0x00, 0x00, 0x00, 0x4a, 0x01, 0x06, 0x00, 0x74, 0x61, 0x72, 0x67, 0x65, 0x74, 0x2d, 0x65,
        0x6e, 0x76, 0x20, 0x73, 0x70, 0x69, 0x72, 0x76, 0x31, 0x2e, 0x33, 0x00, 0x4a, 0x01, 0x07, 0x00,
        0x74, 0x61, 0x72, 0x67, 0x65, 0x74, 0x2d, 0x65, 0x6e, 0x76, 0x20, 0x76, 0x75, 0x6c, 0x6b, 0x61,
        0x6e, 0x31, 0x2e, 0x31, 0x00, 0x00, 0x00, 0x00, 0x4a, 0x01, 0x05, 0x00, 0x68, 0x6c, 0x73, 0x6c,
        0x2d, 0x6f, 0x66, 0x66, 0x73, 0x65, 0x74, 0x73, 0x00, 0x00, 0x00, 0x00, 0x47, 0x00, 0x03, 0x00,
        0x41, 0x00, 0x00, 0x00, 0x02, 0x00, 0x00, 0x00, 0x48, 0x00, 0x04, 0x00, 0x41, 0x00, 0x00, 0x00,
        0x00, 0x00, 0x00, 0x00, 0x04, 0x00, 0x00, 0x00, 0x48, 0x00, 0x05, 0x00, 0x41, 0x00, 0x00, 0x00,
        0x00, 0x00, 0x00, 0x00, 0x07, 0x00, 0x00, 0x00, 0x10, 0x00, 0x00, 0x00, 0x48, 0x00, 0x05, 0x00,
        0x41, 0x00, 0x00, 0x00, 0x00, 0x00, 0x00, 0x00, 0x23, 0x00, 0x00, 0x00, 0x00, 0x00, 0x00, 0x00,
        0x48, 0x00, 0x04, 0x00, 0x41, 0x00, 0x00, 0x00, 0x01, 0x00, 0x00, 0x00, 0x04, 0x00, 0x00, 0x00,
        0x48, 0x00, 0x05, 0x00, 0x41, 0x00, 0x00, 0x00, 0x01, 0x00, 0x00, 0x00, 0x07, 0x00, 0x00, 0x00,
        0x10, 0x00, 0x00, 0x00, 0x48, 0x00, 0x05, 0x00, 0x41, 0x00, 0x00, 0x00, 0x01, 0x00, 0x00, 0x00,
        0x23, 0x00, 0x00, 0x00, 0x40, 0x00, 0x00, 0x00, 0x48, 0x00, 0x04, 0x00, 0x41, 0x00, 0x00, 0x00,
        0x02, 0x00, 0x00, 0x00, 0x04, 0x00, 0x00, 0x00, 0x48, 0x00, 0x05, 0x00, 0x41, 0x00, 0x00, 0x00,
        0x02, 0x00, 0x00, 0x00, 0x07, 0x00, 0x00, 0x00, 0x10, 0x00, 0x00, 0x00, 0x48, 0x00, 0x05, 0x00,
        0x41, 0x00, 0x00, 0x00, 0x02, 0x00, 0x00, 0x00, 0x23, 0x00, 0x00, 0x00, 0x80, 0x00, 0x00, 0x00,
        0x48, 0x00, 0x05, 0x00, 0x41, 0x00, 0x00, 0x00, 0x03, 0x00, 0x00, 0x00, 0x23, 0x00, 0x00, 0x00,
        0xc0, 0x00, 0x00, 0x00, 0x48, 0x00, 0x05, 0x00, 0x41, 0x00, 0x00, 0x00, 0x04, 0x00, 0x00, 0x00,
        0x23, 0x00, 0x00, 0x00, 0xc4, 0x00, 0x00, 0x00, 0x48, 0x00, 0x05, 0x00, 0x41, 0x00, 0x00, 0x00,
        0x05, 0x00, 0x00, 0x00, 0x23, 0x00, 0x00, 0x00, 0xd0, 0x00, 0x00, 0x00, 0x48, 0x00, 0x04, 0x00,
        0x41, 0x00, 0x00, 0x00, 0x06, 0x00, 0x00, 0x00, 0x04, 0x00, 0x00, 0x00, 0x48, 0x00, 0x05, 0x00,
        0x41, 0x00, 0x00, 0x00, 0x06, 0x00, 0x00, 0x00, 0x07, 0x00, 0x00, 0x00, 0x10, 0x00, 0x00, 0x00,
        0x48, 0x00, 0x05, 0x00, 0x41, 0x00, 0x00, 0x00, 0x06, 0x00, 0x00, 0x00, 0x23, 0x00, 0x00, 0x00,
        0xe0, 0x00, 0x00, 0x00, 0x48, 0x00, 0x04, 0x00, 0x41, 0x00, 0x00, 0x00, 0x07, 0x00, 0x00, 0x00,
        0x04, 0x00, 0x00, 0x00, 0x48, 0x00, 0x05, 0x00, 0x41, 0x00, 0x00, 0x00, 0x07, 0x00, 0x00, 0x00,
        0x07, 0x00, 0x00, 0x00, 0x10, 0x00, 0x00, 0x00, 0x48, 0x00, 0x05, 0x00, 0x41, 0x00, 0x00, 0x00,
        0x07, 0x00, 0x00, 0x00, 0x23, 0x00, 0x00, 0x00, 0x20, 0x01, 0x00, 0x00, 0x48, 0x00, 0x05, 0x00,
        0x41, 0x00, 0x00, 0x00, 0x08, 0x00, 0x00, 0x00, 0x23, 0x00, 0x00, 0x00, 0x60, 0x01, 0x00, 0x00,
        0x48, 0x00, 0x05, 0x00, 0x41, 0x00, 0x00, 0x00, 0x09, 0x00, 0x00, 0x00, 0x23, 0x00, 0x00, 0x00,
        0x6c, 0x01, 0x00, 0x00, 0x48, 0x00, 0x05, 0x00, 0x41, 0x00, 0x00, 0x00, 0x0a, 0x00, 0x00, 0x00,
        0x23, 0x00, 0x00, 0x00, 0x70, 0x01, 0x00, 0x00, 0x47, 0x00, 0x04, 0x00, 0x43, 0x00, 0x00, 0x00,
        0x21, 0x00, 0x00, 0x00, 0x00, 0x00, 0x00, 0x00, 0x47, 0x00, 0x04, 0x00, 0x43, 0x00, 0x00, 0x00,
        0x22, 0x00, 0x00, 0x00, 0x00, 0x00, 0x00, 0x00, 0x47, 0x00, 0x04, 0x00, 0x7e, 0x00, 0x00, 0x00,
        0x1e, 0x00, 0x00, 0x00, 0x00, 0x00, 0x00, 0x00, 0x47, 0x00, 0x04, 0x00, 0x82, 0x00, 0x00, 0x00,
        0x1e, 0x00, 0x00, 0x00, 0x01, 0x00, 0x00, 0x00, 0x47, 0x00, 0x04, 0x00, 0x8b, 0x00, 0x00, 0x00,
        0x0b, 0x00, 0x00, 0x00, 0x00, 0x00, 0x00, 0x00, 0x47, 0x00, 0x04, 0x00, 0x8e, 0x00, 0x00, 0x00,
        0x1e, 0x00, 0x00, 0x00, 0x00, 0x00, 0x00, 0x00, 0x47, 0x00, 0x04, 0x00, 0x91, 0x00, 0x00, 0x00,
        0x1e, 0x00, 0x00, 0x00, 0x01, 0x00, 0x00, 0x00, 0x47, 0x00, 0x04, 0x00, 0x96, 0x00, 0x00, 0x00,
        0x21, 0x00, 0x00, 0x00, 0x00, 0x00, 0x00, 0x00, 0x47, 0x00, 0x04, 0x00, 0x96, 0x00, 0x00, 0x00,
        0x22, 0x00, 0x00, 0x00, 0x00, 0x00, 0x00, 0x00, 0x47, 0x00, 0x04, 0x00, 0x99, 0x00, 0x00, 0x00,
        0x21, 0x00, 0x00, 0x00, 0x00, 0x00, 0x00, 0x00, 0x47, 0x00, 0x04, 0x00, 0x99, 0x00, 0x00, 0x00,
        0x22, 0x00, 0x00, 0x00, 0x00, 0x00, 0x00, 0x00, 0x47, 0x00, 0x04, 0x00, 0x9a, 0x00, 0x00, 0x00,
        0x21, 0x00, 0x00, 0x00, 0x01, 0x00, 0x00, 0x00, 0x47, 0x00, 0x04, 0x00, 0x9a, 0x00, 0x00, 0x00,
        0x22, 0x00, 0x00, 0x00, 0x00, 0x00, 0x00, 0x00, 0x47, 0x00, 0x04, 0x00, 0x9b, 0x00, 0x00, 0x00,
        0x21, 0x00, 0x00, 0x00, 0x01, 0x00, 0x00, 0x00, 0x47, 0x00, 0x04, 0x00, 0x9b, 0x00, 0x00, 0x00,
        0x22, 0x00, 0x00, 0x00, 0x00, 0x00, 0x00, 0x00, 0x47, 0x00, 0x04, 0x00, 0x9c, 0x00, 0x00, 0x00,
        0x21, 0x00, 0x00, 0x00, 0x02, 0x00, 0x00, 0x00, 0x47, 0x00, 0x04, 0x00, 0x9c, 0x00, 0x00, 0x00,
        0x22, 0x00, 0x00, 0x00, 0x00, 0x00, 0x00, 0x00, 0x47, 0x00, 0x04, 0x00, 0x9d, 0x00, 0x00, 0x00,
        0x21, 0x00, 0x00, 0x00, 0x02, 0x00, 0x00, 0x00, 0x47, 0x00, 0x04, 0x00, 0x9d, 0x00, 0x00, 0x00,
        0x22, 0x00, 0x00, 0x00, 0x00, 0x00, 0x00, 0x00, 0x13, 0x00, 0x02, 0x00, 0x04, 0x00, 0x00, 0x00,
        0x21, 0x00, 0x03, 0x00, 0x05, 0x00, 0x00, 0x00, 0x04, 0x00, 0x00, 0x00, 0x16, 0x00, 0x03, 0x00,
        0x08, 0x00, 0x00, 0x00, 0x20, 0x00, 0x00, 0x00, 0x17, 0x00, 0x04, 0x00, 0x09, 0x00, 0x00, 0x00,
        0x08, 0x00, 0x00, 0x00, 0x03, 0x00, 0x00, 0x00, 0x17, 0x00, 0x04, 0x00, 0x18, 0x00, 0x00, 0x00,
        0x08, 0x00, 0x00, 0x00, 0x04, 0x00, 0x00, 0x00, 0x2b, 0x00, 0x04, 0x00, 0x08, 0x00, 0x00, 0x00,
        0x28, 0x00, 0x00, 0x00, 0x00, 0x00, 0x00, 0x00, 0x2b, 0x00, 0x04, 0x00, 0x08, 0x00, 0x00, 0x00,
        0x32, 0x00, 0x00, 0x00, 0x00, 0x00, 0x80, 0x3f, 0x15, 0x00, 0x04, 0x00, 0x3e, 0x00, 0x00, 0x00,
        0x20, 0x00, 0x00, 0x00, 0x01, 0x00, 0x00, 0x00, 0x18, 0x00, 0x04, 0x00, 0x40, 0x00, 0x00, 0x00,
        0x18, 0x00, 0x00, 0x00, 0x04, 0x00, 0x00, 0x00, 0x1e, 0x00, 0x0d, 0x00, 0x41, 0x00, 0x00, 0x00,
        0x40, 0x00, 0x00, 0x00, 0x40, 0x00, 0x00, 0x00, 0x40, 0x00, 0x00, 0x00, 0x08, 0x00, 0x00, 0x00,
        0x08, 0x00, 0x00, 0x00, 0x09, 0x00, 0x00, 0x00, 0x40, 0x00, 0x00, 0x00, 0x40, 0x00, 0x00, 0x00,
        0x09, 0x00, 0x00, 0x00, 0x08, 0x00, 0x00, 0x00, 0x08, 0x00, 0x00, 0x00, 0x20, 0x00, 0x04, 0x00,
        0x42, 0x00, 0x00, 0x00, 0x02, 0x00, 0x00, 0x00, 0x41, 0x00, 0x00, 0x00, 0x3b, 0x00, 0x04, 0x00,
        0x42, 0x00, 0x00, 0x00, 0x43, 0x00, 0x00, 0x00, 0x02, 0x00, 0x00, 0x00, 0x2b, 0x00, 0x04, 0x00,
        0x3e, 0x00, 0x00, 0x00, 0x44, 0x00, 0x00, 0x00, 0x07, 0x00, 0x00, 0x00, 0x20, 0x00, 0x04, 0x00,
        0x45, 0x00, 0x00, 0x00, 0x02, 0x00, 0x00, 0x00, 0x40, 0x00, 0x00, 0x00, 0x2b, 0x00, 0x04, 0x00,
        0x3e, 0x00, 0x00, 0x00, 0x4e, 0x00, 0x00, 0x00, 0x06, 0x00, 0x00, 0x00, 0x2b, 0x00, 0x04, 0x00,
        0x3e, 0x00, 0x00, 0x00, 0x57, 0x00, 0x00, 0x00, 0x08, 0x00, 0x00, 0x00, 0x2b, 0x00, 0x04, 0x00,
        0x3e, 0x00, 0x00, 0x00, 0x58, 0x00, 0x00, 0x00, 0x09, 0x00, 0x00, 0x00, 0x2b, 0x00, 0x04, 0x00,
        0x3e, 0x00, 0x00, 0x00, 0x59, 0x00, 0x00, 0x00, 0x0a, 0x00, 0x00, 0x00, 0x20, 0x00, 0x04, 0x00,
        0x5f, 0x00, 0x00, 0x00, 0x02, 0x00, 0x00, 0x00, 0x09, 0x00, 0x00, 0x00, 0x20, 0x00, 0x04, 0x00,
        0x63, 0x00, 0x00, 0x00, 0x02, 0x00, 0x00, 0x00, 0x08, 0x00, 0x00, 0x00, 0x20, 0x00, 0x04, 0x00,
        0x7d, 0x00, 0x00, 0x00, 0x01, 0x00, 0x00, 0x00, 0x18, 0x00, 0x00, 0x00, 0x3b, 0x00, 0x04, 0x00,
        0x7d, 0x00, 0x00, 0x00, 0x7e, 0x00, 0x00, 0x00, 0x01, 0x00, 0x00, 0x00, 0x20, 0x00, 0x04, 0x00,
        0x81, 0x00, 0x00, 0x00, 0x01, 0x00, 0x00, 0x00, 0x09, 0x00, 0x00, 0x00, 0x3b, 0x00, 0x04, 0x00,
        0x81, 0x00, 0x00, 0x00, 0x82, 0x00, 0x00, 0x00, 0x01, 0x00, 0x00, 0x00, 0x20, 0x00, 0x04, 0x00,
        0x8a, 0x00, 0x00, 0x00, 0x03, 0x00, 0x00, 0x00, 0x18, 0x00, 0x00, 0x00, 0x3b, 0x00, 0x04, 0x00,
        0x8a, 0x00, 0x00, 0x00, 0x8b, 0x00, 0x00, 0x00, 0x03, 0x00, 0x00, 0x00, 0x3b, 0x00, 0x04, 0x00,
        0x8a, 0x00, 0x00, 0x00, 0x8e, 0x00, 0x00, 0x00, 0x03, 0x00, 0x00, 0x00, 0x3b, 0x00, 0x04, 0x00,
        0x8a, 0x00, 0x00, 0x00, 0x91, 0x00, 0x00, 0x00, 0x03, 0x00, 0x00, 0x00, 0x19, 0x00, 0x09, 0x00,
        0x94, 0x00, 0x00, 0x00, 0x08, 0x00, 0x00, 0x00, 0x01, 0x00, 0x00, 0x00, 0x00, 0x00, 0x00, 0x00,
        0x00, 0x00, 0x00, 0x00, 0x00, 0x00, 0x00, 0x00, 0x01, 0x00, 0x00, 0x00, 0x00, 0x00, 0x00, 0x00,
        0x20, 0x00, 0x04, 0x00, 0x95, 0x00, 0x00, 0x00, 0x00, 0x00, 0x00, 0x00, 0x94, 0x00, 0x00, 0x00,
        0x3b, 0x00, 0x04, 0x00, 0x95, 0x00, 0x00, 0x00, 0x96, 0x00, 0x00, 0x00, 0x00, 0x00, 0x00, 0x00,
        0x1a, 0x00, 0x02, 0x00, 0x97, 0x00, 0x00, 0x00, 0x20, 0x00, 0x04, 0x00, 0x98, 0x00, 0x00, 0x00,
        0x00, 0x00, 0x00, 0x00, 0x97, 0x00, 0x00, 0x00, 0x3b, 0x00, 0x04, 0x00, 0x98, 0x00, 0x00, 0x00,
        0x99, 0x00, 0x00, 0x00, 0x00, 0x00, 0x00, 0x00, 0x3b, 0x00, 0x04, 0x00, 0x95, 0x00, 0x00, 0x00,
        0x9a, 0x00, 0x00, 0x00, 0x00, 0x00, 0x00, 0x00, 0x3b, 0x00, 0x04, 0x00, 0x98, 0x00, 0x00, 0x00,
        0x9b, 0x00, 0x00, 0x00, 0x00, 0x00, 0x00, 0x00, 0x3b, 0x00, 0x04, 0x00, 0x95, 0x00, 0x00, 0x00,
        0x9c, 0x00, 0x00, 0x00, 0x00, 0x00, 0x00, 0x00, 0x3b, 0x00, 0x04, 0x00, 0x98, 0x00, 0x00, 0x00,
        0x9d, 0x00, 0x00, 0x00, 0x00, 0x00, 0x00, 0x00, 0x2b, 0x00, 0x04, 0x00, 0x08, 0x00, 0x00, 0x00,
        0xf5, 0x00, 0x00, 0x00, 0x00, 0x00, 0x00, 0x3f, 0x08, 0x00, 0x04, 0x00, 0x01, 0x00, 0x00, 0x00,
        0x1d, 0x00, 0x00, 0x00, 0x01, 0x00, 0x00, 0x00, 0x36, 0x00, 0x05, 0x00, 0x04, 0x00, 0x00, 0x00,
        0x06, 0x00, 0x00, 0x00, 0x00, 0x00, 0x00, 0x00, 0x05, 0x00, 0x00, 0x00, 0x3d, 0x01, 0x01, 0x00,
        0xf8, 0x00, 0x02, 0x00, 0x07, 0x00, 0x00, 0x00, 0x08, 0x00, 0x04, 0x00, 0x01, 0x00, 0x00, 0x00,
        0x1d, 0x00, 0x00, 0x00, 0x00, 0x00, 0x00, 0x00, 0x3d, 0x00, 0x04, 0x00, 0x18, 0x00, 0x00, 0x00,
        0x7f, 0x00, 0x00, 0x00, 0x7e, 0x00, 0x00, 0x00, 0x3d, 0x00, 0x04, 0x00, 0x09, 0x00, 0x00, 0x00,
        0x83, 0x00, 0x00, 0x00, 0x82, 0x00, 0x00, 0x00, 0x08, 0x00, 0x04, 0x00, 0x01, 0x00, 0x00, 0x00,
        0x1f, 0x00, 0x00, 0x00, 0x00, 0x00, 0x00, 0x00, 0x41, 0x00, 0x05, 0x00, 0x45, 0x00, 0x00, 0x00,
        0xaa, 0x00, 0x00, 0x00, 0x43, 0x00, 0x00, 0x00, 0x44, 0x00, 0x00, 0x00, 0x3d, 0x00, 0x04, 0x00,
        0x40, 0x00, 0x00, 0x00, 0xab, 0x00, 0x00, 0x00, 0xaa, 0x00, 0x00, 0x00, 0x91, 0x00, 0x05, 0x00,
        0x18, 0x00, 0x00, 0x00, 0xad, 0x00, 0x00, 0x00, 0xab, 0x00, 0x00, 0x00, 0x7f, 0x00, 0x00, 0x00,
        0x08, 0x00, 0x04, 0x00, 0x01, 0x00, 0x00, 0x00, 0x22, 0x00, 0x00, 0x00, 0x00, 0x00, 0x00, 0x00,
        0x41, 0x00, 0x05, 0x00, 0x45, 0x00, 0x00, 0x00, 0xb0, 0x00, 0x00, 0x00, 0x43, 0x00, 0x00, 0x00,
        0x4e, 0x00, 0x00, 0x00, 0x3d, 0x00, 0x04, 0x00, 0x40, 0x00, 0x00, 0x00, 0xb1, 0x00, 0x00, 0x00,
        0xb0, 0x00, 0x00, 0x00, 0x91, 0x00, 0x05, 0x00, 0x18, 0x00, 0x00, 0x00, 0xb3, 0x00, 0x00, 0x00,
        0xb1, 0x00, 0x00, 0x00, 0x7f, 0x00, 0x00, 0x00, 0x4f, 0x00, 0x08, 0x00, 0x09, 0x00, 0x00, 0x00,
        0xb4, 0x00, 0x00, 0x00, 0xb3, 0x00, 0x00, 0x00, 0xb3, 0x00, 0x00, 0x00, 0x00, 0x00, 0x00, 0x00,
        0x01, 0x00, 0x00, 0x00, 0x02, 0x00, 0x00, 0x00, 0x08, 0x00, 0x04, 0x00, 0x01, 0x00, 0x00, 0x00,
        0x23, 0x00, 0x00, 0x00, 0x00, 0x00, 0x00, 0x00, 0x0c, 0x00, 0x06, 0x00, 0x08, 0x00, 0x00, 0x00,
        0xb6, 0x00, 0x00, 0x00, 0x03, 0x00, 0x00, 0x00, 0x42, 0x00, 0x00, 0x00, 0xb4, 0x00, 0x00, 0x00,
        0x08, 0x00, 0x04, 0x00, 0x01, 0x00, 0x00, 0x00, 0x24, 0x00, 0x00, 0x00, 0x00, 0x00, 0x00, 0x00,
        0x41, 0x00, 0x05, 0x00, 0x5f, 0x00, 0x00, 0x00, 0xb9, 0x00, 0x00, 0x00, 0x43, 0x00, 0x00, 0x00,
        0x57, 0x00, 0x00, 0x00, 0x3d, 0x00, 0x04, 0x00, 0x09, 0x00, 0x00, 0x00, 0xba, 0x00, 0x00, 0x00,
        0xb9, 0x00, 0x00, 0x00, 0x41, 0x00, 0x05, 0x00, 0x63, 0x00, 0x00, 0x00, 0xbb, 0x00, 0x00, 0x00,
        0x43, 0x00, 0x00, 0x00, 0x58, 0x00, 0x00, 0x00, 0x3d, 0x00, 0x04, 0x00, 0x08, 0x00, 0x00, 0x00,
        0xbc, 0x00, 0x00, 0x00, 0xbb, 0x00, 0x00, 0x00, 0x41, 0x00, 0x05, 0x00, 0x63, 0x00, 0x00, 0x00,
        0xbd, 0x00, 0x00, 0x00, 0x43, 0x00, 0x00, 0x00, 0x59, 0x00, 0x00, 0x00, 0x3d, 0x00, 0x04, 0x00,
        0x08, 0x00, 0x00, 0x00, 0xbe, 0x00, 0x00, 0x00, 0xbd, 0x00, 0x00, 0x00, 0x08, 0x00, 0x04, 0x00,
        0x02, 0x00, 0x00, 0x00, 0x98, 0x00, 0x00, 0x00, 0x00, 0x00, 0x00, 0x00, 0x85, 0x00, 0x05, 0x00,
        0x08, 0x00, 0x00, 0x00, 0xd1, 0x00, 0x00, 0x00, 0xbc, 0x00, 0x00, 0x00, 0xf5, 0x00, 0x00, 0x00,
        0x83, 0x00, 0x05, 0x00, 0x08, 0x00, 0x00, 0x00, 0xd2, 0x00, 0x00, 0x00, 0xb6, 0x00, 0x00, 0x00,
        0xd1, 0x00, 0x00, 0x00, 0x88, 0x00, 0x05, 0x00, 0x08, 0x00, 0x00, 0x00, 0xd4, 0x00, 0x00, 0x00,
        0xd2, 0x00, 0x00, 0x00, 0xbc, 0x00, 0x00, 0x00, 0x0c, 0x00, 0x07, 0x00, 0x08, 0x00, 0x00, 0x00,
        0xd5, 0x00, 0x00, 0x00, 0x03, 0x00, 0x00, 0x00, 0x28, 0x00, 0x00, 0x00, 0xd4, 0x00, 0x00, 0x00,
        0x28, 0x00, 0x00, 0x00, 0x85, 0x00, 0x05, 0x00, 0x08, 0x00, 0x00, 0x00, 0xd7, 0x00, 0x00, 0x00,
        0xd5, 0x00, 0x00, 0x00, 0xbe, 0x00, 0x00, 0x00, 0x0c, 0x00, 0x06, 0x00, 0x08, 0x00, 0x00, 0x00,
        0xd8, 0x00, 0x00, 0x00, 0x03, 0x00, 0x00, 0x00, 0x1d, 0x00, 0x00, 0x00, 0xd7, 0x00, 0x00, 0x00,
        0x08, 0x00, 0x04, 0x00, 0x02, 0x00, 0x00, 0x00, 0x9a, 0x00, 0x00, 0x00, 0x00, 0x00, 0x00, 0x00,
        0x50, 0x00, 0x06, 0x00, 0x09, 0x00, 0x00, 0x00, 0xdb, 0x00, 0x00, 0x00, 0xd8, 0x00, 0x00, 0x00,
        0xd8, 0x00, 0x00, 0x00, 0xd8, 0x00, 0x00, 0x00, 0x85, 0x00, 0x05, 0x00, 0x09, 0x00, 0x00, 0x00,
        0xdc, 0x00, 0x00, 0x00, 0x83, 0x00, 0x00, 0x00, 0xdb, 0x00, 0x00, 0x00, 0x83, 0x00, 0x05, 0x00,
        0x08, 0x00, 0x00, 0x00, 0xdf, 0x00, 0x00, 0x00, 0x32, 0x00, 0x00, 0x00, 0xd8, 0x00, 0x00, 0x00,
        0x50, 0x00, 0x06, 0x00, 0x09, 0x00, 0x00, 0x00, 0xe4, 0x00, 0x00, 0x00, 0xdf, 0x00, 0x00, 0x00,
        0xdf, 0x00, 0x00, 0x00, 0xdf, 0x00, 0x00, 0x00, 0x85, 0x00, 0x05, 0x00, 0x09, 0x00, 0x00, 0x00,
        0xe5, 0x00, 0x00, 0x00, 0xba, 0x00, 0x00, 0x00, 0xe4, 0x00, 0x00, 0x00, 0x81, 0x00, 0x05, 0x00,
        0x09, 0x00, 0x00, 0x00, 0xe6, 0x00, 0x00, 0x00, 0xdc, 0x00, 0x00, 0x00, 0xe5, 0x00, 0x00, 0x00,
        0x08, 0x00, 0x04, 0x00, 0x01, 0x00, 0x00, 0x00, 0x28, 0x00, 0x00, 0x00, 0x00, 0x00, 0x00, 0x00,
        0x51, 0x00, 0x05, 0x00, 0x08, 0x00, 0x00, 0x00, 0xc5, 0x00, 0x00, 0x00, 0xe6, 0x00, 0x00, 0x00,
        0x00, 0x00, 0x00, 0x00, 0x51, 0x00, 0x05, 0x00, 0x08, 0x00, 0x00, 0x00, 0xc6, 0x00, 0x00, 0x00,
        0xe6, 0x00, 0x00, 0x00, 0x01, 0x00, 0x00, 0x00, 0x51, 0x00, 0x05, 0x00, 0x08, 0x00, 0x00, 0x00,
        0xc7, 0x00, 0x00, 0x00, 0xe6, 0x00, 0x00, 0x00, 0x02, 0x00, 0x00, 0x00, 0x50, 0x00, 0x07, 0x00,
        0x18, 0x00, 0x00, 0x00, 0xc8, 0x00, 0x00, 0x00, 0xc5, 0x00, 0x00, 0x00, 0xc6, 0x00, 0x00, 0x00,
        0xc7, 0x00, 0x00, 0x00, 0x32, 0x00, 0x00, 0x00, 0x08, 0x00, 0x04, 0x00, 0x01, 0x00, 0x00, 0x00,
        0x1d, 0x00, 0x00, 0x00, 0x00, 0x00, 0x00, 0x00, 0x3e, 0x00, 0x03, 0x00, 0x8b, 0x00, 0x00, 0x00,
        0xad, 0x00, 0x00, 0x00, 0x3e, 0x00, 0x03, 0x00, 0x8e, 0x00, 0x00, 0x00, 0xc8, 0x00, 0x00, 0x00,
        0x3e, 0x00, 0x03, 0x00, 0x91, 0x00, 0x00, 0x00, 0x7f, 0x00, 0x00, 0x00, 0xfd, 0x00, 0x01, 0x00,
        0x38, 0x00, 0x01, 0x00,
    };

    /// <summary>HLSL, compiled by sokol's D3D11 backend.</summary>
    private const string VertexHlsl =
"""
cbuffer _Global : register(b0)
{
    column_major float4x4 _67_LightViewProj0 : packoffset(c0);
    column_major float4x4 _67_LightViewProj1 : packoffset(c4);
    column_major float4x4 _67_LightViewProj2 : packoffset(c8);
    float _67_DepthBias : packoffset(c12);
    float _67_NumCascades : packoffset(c12.y);
    float3 _67_LightDirection : packoffset(c13);
    column_major float4x4 _67_WorldView : packoffset(c14);
    column_major float4x4 _67_WorldViewProj : packoffset(c18);
    float3 _67_FogColor : packoffset(c22);
    float _67_FogDistance : packoffset(c22.w);
    float _67_FogLogDensity : packoffset(c23);
};

Texture2D<float4> ShadowMap0 : register(t0);
SamplerState ShadowMapSampler0 : register(s0);
Texture2D<float4> ShadowMap1 : register(t1);
SamplerState ShadowMapSampler1 : register(s1);
Texture2D<float4> ShadowMap2 : register(t2);
SamplerState ShadowMapSampler2 : register(s2);

static float4 gl_Position;
static float4 Position;
static float3 Color;
static float4 _entryPointOutput_Color;
static float4 _entryPointOutput_WorldPos;

struct SPIRV_Cross_Input
{
    float4 Position : POSITION;
    float3 Color : COLOR0;
};

struct SPIRV_Cross_Output
{
    float4 _entryPointOutput_Color : TEXCOORD0;
    float4 _entryPointOutput_WorldPos : TEXCOORD1;
    float4 gl_Position : SV_Position;
};

void vert_main()
{
    float _216 = exp2(max((length(mul(Position, _67_WorldView).xyz) - (_67_FogDistance * 0.5f)) / _67_FogDistance, 0.0f) * _67_FogLogDensity);
    gl_Position = mul(Position, _67_WorldViewProj);
    _entryPointOutput_Color = float4((Color * _216.xxx) + (_67_FogColor * (1.0f - _216).xxx), 1.0f);
    _entryPointOutput_WorldPos = Position;
}

SPIRV_Cross_Output main(SPIRV_Cross_Input stage_input)
{
    Position = stage_input.Position;
    Color = stage_input.Color;
    vert_main();
    SPIRV_Cross_Output stage_output;
    stage_output.gl_Position = gl_Position;
    stage_output._entryPointOutput_Color = _entryPointOutput_Color;
    stage_output._entryPointOutput_WorldPos = _entryPointOutput_WorldPos;
    return stage_output;
}
""";

    /// <summary>Metal Shading Language, compiled by sokol's Metal backend.</summary>
    private const string VertexMsl =
"""
#include <metal_stdlib>
#include <simd/simd.h>

using namespace metal;

struct _Global
{
    float4x4 LightViewProj0;
    float4x4 LightViewProj1;
    float4x4 LightViewProj2;
    float DepthBias;
    float NumCascades;
    float3 LightDirection;
    float4x4 WorldView;
    float4x4 WorldViewProj;
    packed_float3 FogColor;
    float FogDistance;
    float FogLogDensity;
};

struct main0_out
{
    float4 _entryPointOutput_Color [[user(locn0)]];
    float4 _entryPointOutput_WorldPos [[user(locn1)]];
    float4 gl_Position [[position]];
};

struct main0_in
{
    float4 Position [[attribute(0)]];
    float3 Color [[attribute(1)]];
};

vertex main0_out main0(main0_in in [[stage_in]], constant _Global& _67 [[buffer(0)]])
{
    main0_out out = {};
    float _216 = exp2(fast::max((length((in.Position * _67.WorldView).xyz) - (_67.FogDistance * 0.5)) / _67.FogDistance, 0.0) * _67.FogLogDensity);
    out.gl_Position = in.Position * _67.WorldViewProj;
    out._entryPointOutput_Color = float4((in.Color * float3(_216)) + (float3(_67.FogColor) * float3(1.0 - _216)), 1.0);
    out._entryPointOutput_WorldPos = in.Position;
    return out;
}
""";

    /// <summary>GLSL, compiled by sokol's GL backend.</summary>
    private const string VertexGlsl =
"""
#version 410
#ifdef GL_ARB_shading_language_420pack
#extension GL_ARB_shading_language_420pack : require
#endif

struct _Global
{
    mat4 LightViewProj0;
    mat4 LightViewProj1;
    mat4 LightViewProj2;
    float DepthBias;
    float NumCascades;
    vec3 LightDirection;
    mat4 WorldView;
    mat4 WorldViewProj;
    vec3 FogColor;
    float FogDistance;
    float FogLogDensity;
};

uniform _Global _67;

layout(location = 0) in vec4 Position;
layout(location = 1) in vec3 Color;
layout(location = 0) out vec4 _entryPointOutput_Color;
layout(location = 1) out vec4 _entryPointOutput_WorldPos;

mat4 spvWorkaroundRowMajor(mat4 wrap) { return wrap; }

void main()
{
    float _216 = exp2(max((length((spvWorkaroundRowMajor(_67.WorldView) * Position).xyz) - (_67.FogDistance * 0.5)) / _67.FogDistance, 0.0) * _67.FogLogDensity);
    gl_Position = spvWorkaroundRowMajor(_67.WorldViewProj) * Position;
    _entryPointOutput_Color = vec4((Color * vec3(_216)) + (_67.FogColor * vec3(1.0 - _216)), 1.0);
    _entryPointOutput_WorldPos = Position;
}
""";

    /// <summary>SPIR-V for the Fragment stage (entry point <c>PixelShaderFunction</c>).</summary>
    private static ReadOnlyMemory<byte> PixelSpirv => new byte[]
    {
        0x03, 0x02, 0x23, 0x07, 0x00, 0x03, 0x01, 0x00, 0x0b, 0x00, 0x0d, 0x00, 0x0a, 0x03, 0x00, 0x00,
        0x00, 0x00, 0x00, 0x00, 0x11, 0x00, 0x02, 0x00, 0x01, 0x00, 0x00, 0x00, 0x0b, 0x00, 0x06, 0x00,
        0x03, 0x00, 0x00, 0x00, 0x47, 0x4c, 0x53, 0x4c, 0x2e, 0x73, 0x74, 0x64, 0x2e, 0x34, 0x35, 0x30,
        0x00, 0x00, 0x00, 0x00, 0x0e, 0x00, 0x03, 0x00, 0x00, 0x00, 0x00, 0x00, 0x01, 0x00, 0x00, 0x00,
        0x0f, 0x00, 0x0b, 0x00, 0x04, 0x00, 0x00, 0x00, 0x06, 0x00, 0x00, 0x00, 0x50, 0x69, 0x78, 0x65,
        0x6c, 0x53, 0x68, 0x61, 0x64, 0x65, 0x72, 0x46, 0x75, 0x6e, 0x63, 0x74, 0x69, 0x6f, 0x6e, 0x00,
        0x37, 0x01, 0x00, 0x00, 0x3a, 0x01, 0x00, 0x00, 0x3e, 0x01, 0x00, 0x00, 0x10, 0x00, 0x03, 0x00,
        0x06, 0x00, 0x00, 0x00, 0x07, 0x00, 0x00, 0x00, 0x07, 0x00, 0x10, 0x00, 0x01, 0x00, 0x00, 0x00,
        0x43, 0x3a, 0x2f, 0x55, 0x73, 0x65, 0x72, 0x73, 0x2f, 0x4d, 0x61, 0x78, 0x69, 0x6e, 0x65, 0x2f,
        0x41, 0x70, 0x70, 0x44, 0x61, 0x74, 0x61, 0x2f, 0x4c, 0x6f, 0x63, 0x61, 0x6c, 0x2f, 0x54, 0x65,
        0x6d, 0x70, 0x2f, 0x66, 0x78, 0x6d, 0x69, 0x67, 0x2f, 0x4d, 0x6f, 0x75, 0x6e, 0x74, 0x61, 0x69,
        0x6e, 0x73, 0x2e, 0x66, 0x78, 0x00, 0x00, 0x00, 0x07, 0x00, 0x05, 0x00, 0x02, 0x00, 0x00, 0x00,
        0x2e, 0x2f, 0x4d, 0x61, 0x64, 0x2e, 0x66, 0x78, 0x68, 0x00, 0x00, 0x00, 0x03, 0x00, 0xa0, 0x01,
        0x05, 0x00, 0x00, 0x00, 0xf4, 0x01, 0x00, 0x00, 0x01, 0x00, 0x00, 0x00, 0x23, 0x69, 0x66, 0x20,
        0x4f, 0x50, 0x45, 0x4e, 0x47, 0x4c, 0x0a, 0x09, 0x23, 0x64, 0x65, 0x66, 0x69, 0x6e, 0x65, 0x20,
        0x53, 0x56, 0x5f, 0x50, 0x4f, 0x53, 0x49, 0x54, 0x49, 0x4f, 0x4e, 0x20, 0x50, 0x4f, 0x53, 0x49,
        0x54, 0x49, 0x4f, 0x4e, 0x0a, 0x09, 0x23, 0x64, 0x65, 0x66, 0x69, 0x6e, 0x65, 0x20, 0x56, 0x53,
        0x5f, 0x53, 0x48, 0x41, 0x44, 0x45, 0x52, 0x4d, 0x4f, 0x44, 0x45, 0x4c, 0x20, 0x76, 0x73, 0x5f,
        0x33, 0x5f, 0x30, 0x0a, 0x09, 0x23, 0x64, 0x65, 0x66, 0x69, 0x6e, 0x65, 0x20, 0x50, 0x53, 0x5f,
        0x53, 0x48, 0x41, 0x44, 0x45, 0x52, 0x4d, 0x4f, 0x44, 0x45, 0x4c, 0x20, 0x70, 0x73, 0x5f, 0x33,
        0x5f, 0x30, 0x0a, 0x23, 0x65, 0x6c, 0x73, 0x65, 0x0a, 0x09, 0x23, 0x64, 0x65, 0x66, 0x69, 0x6e,
        0x65, 0x20, 0x56, 0x53, 0x5f, 0x53, 0x48, 0x41, 0x44, 0x45, 0x52, 0x4d, 0x4f, 0x44, 0x45, 0x4c,
        0x20, 0x76, 0x73, 0x5f, 0x33, 0x5f, 0x30, 0x0a, 0x09, 0x23, 0x64, 0x65, 0x66, 0x69, 0x6e, 0x65,
        0x20, 0x50, 0x53, 0x5f, 0x53, 0x48, 0x41, 0x44, 0x45, 0x52, 0x4d, 0x4f, 0x44, 0x45, 0x4c, 0x20,
        0x70, 0x73, 0x5f, 0x33, 0x5f, 0x30, 0x0a, 0x23, 0x65, 0x6e, 0x64, 0x69, 0x66, 0x0a, 0x0a, 0x23,
        0x69, 0x6e, 0x63, 0x6c, 0x75, 0x64, 0x65, 0x20, 0x22, 0x2e, 0x2f, 0x4d, 0x61, 0x64, 0x2e, 0x66,
        0x78, 0x68, 0x22, 0x0a, 0x0a, 0x66, 0x6c, 0x6f, 0x61, 0x74, 0x34, 0x78, 0x34, 0x20, 0x57, 0x6f,
        0x72, 0x6c, 0x64, 0x56, 0x69, 0x65, 0x77, 0x3b, 0x0a, 0x66, 0x6c, 0x6f, 0x61, 0x74, 0x34, 0x78,
        0x34, 0x20, 0x57, 0x6f, 0x72, 0x6c, 0x64, 0x56, 0x69, 0x65, 0x77, 0x50, 0x72, 0x6f, 0x6a, 0x3b,
        0x0a, 0x0a, 0x66, 0x6c, 0x6f, 0x61, 0x74, 0x33, 0x20, 0x46, 0x6f, 0x67, 0x43, 0x6f, 0x6c, 0x6f,
        0x72, 0x3b, 0x0a, 0x66, 0x6c, 0x6f, 0x61, 0x74, 0x20, 0x46, 0x6f, 0x67, 0x44, 0x69, 0x73, 0x74,
        0x61, 0x6e, 0x63, 0x65, 0x3b, 0x0a, 0x2f, 0x2f, 0x20, 0x6c, 0x6f, 0x67, 0x32, 0x20, 0x6f, 0x66,
        0x20, 0x74, 0x68, 0x65, 0x20, 0x6e, 0x6f, 0x72, 0x6d, 0x61, 0x6c, 0x69, 0x7a, 0x65, 0x64, 0x20,
        0x66, 0x6f, 0x67, 0x20, 0x64, 0x65, 0x6e, 0x73, 0x69, 0x74, 0x79, 0x20, 0x28, 0x73, 0x65, 0x65,
        0x20, 0x56, 0x53, 0x5f, 0x41, 0x70, 0x70, 0x6c, 0x79, 0x46, 0x6f, 0x67, 0x29, 0x0a, 0x66, 0x6c,
        0x6f, 0x61, 0x74, 0x20, 0x46, 0x6f, 0x67, 0x4c, 0x6f, 0x67, 0x44, 0x65, 0x6e, 0x73, 0x69, 0x74,
        0x79, 0x3b, 0x0a, 0x0a, 0x73, 0x74, 0x72, 0x75, 0x63, 0x74, 0x20, 0x56, 0x65, 0x72, 0x74, 0x65,
        0x78, 0x53, 0x68, 0x61, 0x64, 0x65, 0x72, 0x4f, 0x75, 0x74, 0x70, 0x75, 0x74, 0x0a, 0x7b, 0x0a,
        0x20, 0x20, 0x20, 0x20, 0x66, 0x6c, 0x6f, 0x61, 0x74, 0x34, 0x20, 0x50, 0x6f, 0x73, 0x69, 0x74,
        0x69, 0x6f, 0x6e, 0x20, 0x3a, 0x20, 0x53, 0x56, 0x5f, 0x50, 0x4f, 0x53, 0x49, 0x54, 0x49, 0x4f,
        0x4e, 0x3b, 0x20, 0x2f, 0x2f, 0x20, 0x56, 0x65, 0x72, 0x74, 0x65, 0x78, 0x20, 0x70, 0x6f, 0x73,
        0x69, 0x74, 0x69, 0x6f, 0x6e, 0x20, 0x69, 0x6e, 0x20, 0x73, 0x63, 0x72, 0x65, 0x65, 0x6e, 0x20,
        0x73, 0x70, 0x61, 0x63, 0x65, 0x0a, 0x20, 0x20, 0x20, 0x20, 0x66, 0x6c, 0x6f, 0x61, 0x74, 0x34,
        0x20, 0x43, 0x6f, 0x6c, 0x6f, 0x72, 0x20, 0x3a, 0x20, 0x43, 0x4f, 0x4c, 0x4f, 0x52, 0x30, 0x3b,
        0x20, 0x2f, 0x2f, 0x20, 0x56, 0x65, 0x72, 0x74, 0x65, 0x78, 0x20, 0x63, 0x6f, 0x6c, 0x6f, 0x72,
        0x0a, 0x20, 0x20, 0x20, 0x20, 0x66, 0x6c, 0x6f, 0x61, 0x74, 0x34, 0x20, 0x57, 0x6f, 0x72, 0x6c,
        0x64, 0x50, 0x6f, 0x73, 0x20, 0x3a, 0x20, 0x54, 0x45, 0x58, 0x43, 0x4f, 0x4f, 0x52, 0x44, 0x32,
        0x3b, 0x0a, 0x7d, 0x3b, 0x0a, 0x0a, 0x56, 0x65, 0x72, 0x74, 0x65, 0x78, 0x53, 0x68, 0x61, 0x64,
        0x65, 0x72, 0x4f, 0x75, 0x74, 0x70, 0x75, 0x74, 0x20, 0x56, 0x65, 0x72, 0x74, 0x65, 0x78, 0x53,
        0x68, 0x61, 0x64, 0x65, 0x72, 0x46, 0x75, 0x6e, 0x63, 0x74, 0x69, 0x6f, 0x6e, 0x28, 0x0a, 0x20,
        0x20, 0x20, 0x20, 0x66, 0x6c, 0x6f, 0x61, 0x74, 0x34, 0x20, 0x50, 0x6f, 0x73, 0x69, 0x74, 0x69,
        0x6f, 0x6e, 0x20, 0x3a, 0x20, 0x50, 0x4f, 0x53, 0x49, 0x54, 0x49, 0x4f, 0x4e, 0x2c, 0x20, 0x66,
        0x6c, 0x6f, 0x61, 0x74, 0x33, 0x20, 0x43, 0x6f, 0x6c, 0x6f, 0x72, 0x20, 0x3a, 0x20, 0x43, 0x4f,
        0x4c, 0x4f, 0x52, 0x30, 0x29, 0x0a, 0x7b, 0x0a, 0x20, 0x20, 0x20, 0x20, 0x56, 0x65, 0x72, 0x74,
        0x65, 0x78, 0x53, 0x68, 0x61, 0x64, 0x65, 0x72, 0x4f, 0x75, 0x74, 0x70, 0x75, 0x74, 0x20, 0x6f,
        0x75, 0x74, 0x70, 0x75, 0x74, 0x3b, 0x0a, 0x20, 0x20, 0x20, 0x20, 0x6f, 0x75, 0x74, 0x70, 0x75,
        0x74, 0x2e, 0x50, 0x6f, 0x73, 0x69, 0x74, 0x69, 0x6f, 0x6e, 0x20, 0x3d, 0x20, 0x6d, 0x75, 0x6c,
        0x28, 0x50, 0x6f, 0x73, 0x69, 0x74, 0x69, 0x6f, 0x6e, 0x2c, 0x20, 0x57, 0x6f, 0x72, 0x6c, 0x64,
        0x56, 0x69, 0x65, 0x77, 0x50, 0x72, 0x6f, 0x6a, 0x29, 0x3b, 0x20, 0x2f, 0x2f, 0x20, 0x54, 0x72,
        0x61, 0x6e, 0x73, 0x66, 0x6f, 0x72, 0x6d, 0x20, 0x76, 0x65, 0x72, 0x74, 0x65, 0x78, 0x20, 0x70,
        0x6f, 0x73, 0x69, 0x74, 0x69, 0x6f, 0x6e, 0x0a, 0x0a, 0x20, 0x20, 0x20, 0x20, 0x66, 0x6c, 0x6f,
        0x61, 0x74, 0x33, 0x20, 0x63, 0x6f, 0x6c, 0x6f, 0x72, 0x20, 0x3d, 0x20, 0x43, 0x6f, 0x6c, 0x6f,
        0x72, 0x3b, 0x0a, 0x09, 0x66, 0x6c, 0x6f, 0x61, 0x74, 0x33, 0x20, 0x76, 0x69, 0x65, 0x77, 0x50,
        0x6f, 0x73, 0x20, 0x3d, 0x20, 0x6d, 0x75, 0x6c, 0x28, 0x50, 0x6f, 0x73, 0x69, 0x74, 0x69, 0x6f,
        0x6e, 0x2c, 0x20, 0x57, 0x6f, 0x72, 0x6c, 0x64, 0x56, 0x69, 0x65, 0x77, 0x29, 0x2e, 0x78, 0x79,
        0x7a, 0x3b, 0x0a, 0x20, 0x20, 0x20, 0x20, 0x66, 0x6c, 0x6f, 0x61, 0x74, 0x20, 0x76, 0x69, 0x65,
        0x77, 0x4c, 0x65, 0x6e, 0x67, 0x74, 0x68, 0x20, 0x3d, 0x20, 0x6c, 0x65, 0x6e, 0x67, 0x74, 0x68,
        0x28, 0x76, 0x69, 0x65, 0x77, 0x50, 0x6f, 0x73, 0x29, 0x3b, 0x0a, 0x20, 0x20, 0x20, 0x20, 0x56,
        0x53, 0x5f, 0x41, 0x70, 0x70, 0x6c, 0x79, 0x46, 0x6f, 0x67, 0x28, 0x63, 0x6f, 0x6c, 0x6f, 0x72,
        0x2c, 0x20, 0x76, 0x69, 0x65, 0x77, 0x4c, 0x65, 0x6e, 0x67, 0x74, 0x68, 0x2c, 0x20, 0x46, 0x6f,
        0x67, 0x43, 0x6f, 0x6c, 0x6f, 0x72, 0x2c, 0x20, 0x46, 0x6f, 0x67, 0x44, 0x69, 0x73, 0x74, 0x61,
        0x6e, 0x63, 0x65, 0x2c, 0x20, 0x46, 0x6f, 0x67, 0x4c, 0x6f, 0x67, 0x44, 0x65, 0x6e, 0x73, 0x69,
        0x74, 0x79, 0x29, 0x3b, 0x0a, 0x0a, 0x20, 0x20, 0x20, 0x20, 0x56, 0x53, 0x5f, 0x43, 0x6f, 0x6c,
        0x6f, 0x72, 0x43, 0x6f, 0x72, 0x72, 0x65, 0x63, 0x74, 0x28, 0x63, 0x6f, 0x6c, 0x6f, 0x72, 0x29,
        0x3b, 0x0a, 0x0a, 0x20, 0x20, 0x20, 0x20, 0x6f, 0x75, 0x74, 0x70, 0x75, 0x74, 0x2e, 0x43, 0x6f,
        0x6c, 0x6f, 0x72, 0x20, 0x3d, 0x20, 0x66, 0x6c, 0x6f, 0x61, 0x74, 0x34, 0x28, 0x63, 0x6f, 0x6c,
        0x6f, 0x72, 0x2c, 0x20, 0x31, 0x2e, 0x30, 0x29, 0x3b, 0x0a, 0x0a, 0x20, 0x20, 0x20, 0x20, 0x2f,
        0x2f, 0x20, 0x53, 0x61, 0x76, 0x65, 0x20, 0x74, 0x68, 0x65, 0x20, 0x76, 0x65, 0x72, 0x74, 0x69,
        0x63, 0x65, 0x73, 0x20, 0x70, 0x6f, 0x73, 0x74, 0x69, 0x6f, 0x6e, 0x20, 0x69, 0x6e, 0x20, 0x77,
        0x6f, 0x72, 0x6c, 0x64, 0x20, 0x73, 0x70, 0x61, 0x63, 0x65, 0x20, 0x28, 0x66, 0x6f, 0x72, 0x20,
        0x73, 0x68, 0x61, 0x64, 0x6f, 0x77, 0x20, 0x6d, 0x61, 0x70, 0x70, 0x69, 0x6e, 0x67, 0x29, 0x0a,
        0x20, 0x20, 0x20, 0x20, 0x6f, 0x75, 0x74, 0x70, 0x75, 0x74, 0x2e, 0x57, 0x6f, 0x72, 0x6c, 0x64,
        0x50, 0x6f, 0x73, 0x20, 0x3d, 0x20, 0x50, 0x6f, 0x73, 0x69, 0x74, 0x69, 0x6f, 0x6e, 0x3b, 0x0a,
        0x0a, 0x20, 0x20, 0x20, 0x20, 0x72, 0x65, 0x74, 0x75, 0x72, 0x6e, 0x20, 0x6f, 0x75, 0x74, 0x70,
        0x75, 0x74, 0x3b, 0x0a, 0x7d, 0x0a, 0x0a, 0x66, 0x6c, 0x6f, 0x61, 0x74, 0x34, 0x20, 0x50, 0x69,
        0x78, 0x65, 0x6c, 0x53, 0x68, 0x61, 0x64, 0x65, 0x72, 0x46, 0x75, 0x6e, 0x63, 0x74, 0x69, 0x6f,
        0x6e, 0x28, 0x56, 0x65, 0x72, 0x74, 0x65, 0x78, 0x53, 0x68, 0x61, 0x64, 0x65, 0x72, 0x4f, 0x75,
        0x74, 0x70, 0x75, 0x74, 0x20, 0x69, 0x6e, 0x70, 0x75, 0x74, 0x29, 0x20, 0x3a, 0x20, 0x53, 0x56,
        0x5f, 0x54, 0x41, 0x52, 0x47, 0x45, 0x54, 0x0a, 0x7b, 0x0a, 0x20, 0x20, 0x20, 0x20, 0x66, 0x6c,
        0x6f, 0x61, 0x74, 0x33, 0x20, 0x64, 0x69, 0x66, 0x66, 0x75, 0x73, 0x65, 0x20, 0x3d, 0x20, 0x69,
        0x6e, 0x70, 0x75, 0x74, 0x2e, 0x43, 0x6f, 0x6c, 0x6f, 0x72, 0x2e, 0x78, 0x79, 0x7a, 0x3b, 0x0a,
        0x0a, 0x20, 0x20, 0x20, 0x20, 0x2f, 0x2f, 0x20, 0x4d, 0x6f, 0x75, 0x6e, 0x74, 0x61, 0x69, 0x6e,
        0x73, 0x20, 0x68, 0x61, 0x76, 0x65, 0x20, 0x6e, 0x6f, 0x20, 0x76, 0x65, 0x72, 0x74, 0x65, 0x78,
        0x20, 0x6e, 0x6f, 0x72, 0x6d, 0x61, 0x6c, 0x20, 0xe2, 0x80, 0x94, 0x20, 0x72, 0x65, 0x63, 0x6f,
        0x6e, 0x73, 0x74, 0x72, 0x75, 0x63, 0x74, 0x20, 0x66, 0x72, 0x6f, 0x6d, 0x20, 0x77, 0x6f, 0x72,
        0x6c, 0x64, 0x2d, 0x70, 0x6f, 0x73, 0x20, 0x64, 0x65, 0x72, 0x69, 0x76, 0x61, 0x74, 0x69, 0x76,
        0x65, 0x73, 0x2e, 0x0a, 0x20, 0x20, 0x20, 0x20, 0x2f, 0x2f, 0x20, 0x54, 0x68, 0x69, 0x73, 0x20,
        0x69, 0x73, 0x20, 0x66, 0x69, 0x6e, 0x65, 0x20, 0x66, 0x6f, 0x72, 0x20, 0x6d, 0x6f, 0x75, 0x6e,
        0x74, 0x61, 0x69, 0x6e, 0x73, 0x20, 0x73, 0x69, 0x6e, 0x63, 0x65, 0x20, 0x74, 0x68, 0x65, 0x79,
        0x20, 0x61, 0x72, 0x65, 0x20, 0x72, 0x65, 0x67, 0x75, 0x6c, 0x61, 0x72, 0x20, 0x70, 0x6f, 0x6c,
        0x79, 0x67, 0x6f, 0x6e, 0x20, 0x67, 0x65, 0x6f, 0x6d, 0x65, 0x74, 0x72, 0x79, 0x2e, 0x0a, 0x20,
        0x20, 0x20, 0x20, 0x66, 0x6c, 0x6f, 0x61, 0x74, 0x33, 0x20, 0x66, 0x61, 0x63, 0x65, 0x4e, 0x6f,
        0x72, 0x6d, 0x61, 0x6c, 0x20, 0x3d, 0x20, 0x6e, 0x6f, 0x72, 0x6d, 0x61, 0x6c, 0x69, 0x7a, 0x65,
        0x28, 0x63, 0x72, 0x6f, 0x73, 0x73, 0x28, 0x64, 0x64, 0x78, 0x28, 0x69, 0x6e, 0x70, 0x75, 0x74,
        0x2e, 0x57, 0x6f, 0x72, 0x6c, 0x64, 0x50, 0x6f, 0x73, 0x2e, 0x78, 0x79, 0x7a, 0x29, 0x2c, 0x20,
        0x64, 0x64, 0x79, 0x28, 0x69, 0x6e, 0x70, 0x75, 0x74, 0x2e, 0x57, 0x6f, 0x72, 0x6c, 0x64, 0x50,
        0x6f, 0x73, 0x2e, 0x78, 0x79, 0x7a, 0x29, 0x29, 0x29, 0x3b, 0x0a, 0x0a, 0x20, 0x20, 0x20, 0x20,
        0x50, 0x53, 0x5f, 0x41, 0x70, 0x70, 0x6c, 0x79, 0x53, 0x68, 0x61, 0x64, 0x6f, 0x77, 0x69, 0x6e,
        0x67, 0x28, 0x64, 0x69, 0x66, 0x66, 0x75, 0x73, 0x65, 0x2c, 0x20, 0x66, 0x6c, 0x6f, 0x61, 0x74,
        0x34, 0x28, 0x69, 0x6e, 0x70, 0x75, 0x74, 0x2e, 0x57, 0x6f, 0x72, 0x6c, 0x64, 0x50, 0x6f, 0x73,
        0x2e, 0x78, 0x79, 0x7a, 0x2c, 0x20, 0x31, 0x29, 0x2c, 0x20, 0x66, 0x61, 0x63, 0x65, 0x4e, 0x6f,
        0x72, 0x6d, 0x61, 0x6c, 0x29, 0x3b, 0x0a, 0x20, 0x20, 0x20, 0x20, 0x72, 0x65, 0x74, 0x75, 0x72,
        0x6e, 0x20, 0x66, 0x6c, 0x6f, 0x61, 0x74, 0x34, 0x28, 0x64, 0x69, 0x66, 0x66, 0x75, 0x73, 0x65,
        0x2c, 0x20, 0x69, 0x6e, 0x70, 0x75, 0x74, 0x2e, 0x43, 0x6f, 0x6c, 0x6f, 0x72, 0x2e, 0x77, 0x29,
        0x3b, 0x0a, 0x7d, 0x0a, 0x0a, 0x2f, 0x2f, 0x20, 0x54, 0x65, 0x63, 0x68, 0x6e, 0x69, 0x71, 0x75,
        0x65, 0x20, 0x64, 0x65, 0x66, 0x69, 0x6e, 0x69, 0x74, 0x69, 0x6f, 0x6e, 0x20, 0x66, 0x6f, 0x72,
        0x20, 0x75, 0x73, 0x65, 0x20, 0x69, 0x6e, 0x20, 0x43, 0x23, 0x0a, 0x00, 0x03, 0x00, 0xfa, 0x08,
        0x05, 0x00, 0x00, 0x00, 0xf4, 0x01, 0x00, 0x00, 0x02, 0x00, 0x00, 0x00, 0x76, 0x6f, 0x69, 0x64,
        0x20, 0x56, 0x53, 0x5f, 0x55, 0x6e, 0x70, 0x61, 0x63, 0x6b, 0x50, 0x61, 0x72, 0x61, 0x6d, 0x65,
        0x74, 0x65, 0x72, 0x73, 0x28, 0x69, 0x6e, 0x20, 0x66, 0x6c, 0x6f, 0x61, 0x74, 0x34, 0x20, 0x70,
        0x61, 0x72, 0x61, 0x6d, 0x65, 0x74, 0x65, 0x72, 0x73, 0x2c, 0x20, 0x6f, 0x75, 0x74, 0x20, 0x62,
        0x6f, 0x6f, 0x6c, 0x20, 0x67, 0x65, 0x74, 0x73, 0x53, 0x68, 0x61, 0x64, 0x6f, 0x77, 0x65, 0x64,
        0x2c, 0x20, 0x6f, 0x75, 0x74, 0x20, 0x66, 0x6c, 0x6f, 0x61, 0x74, 0x20, 0x61, 0x6c, 0x70, 0x68,
        0x61, 0x4f, 0x76, 0x65, 0x72, 0x72, 0x69, 0x64, 0x65, 0x2c, 0x20, 0x6f, 0x75, 0x74, 0x20, 0x62,
        0x6f, 0x6f, 0x6c, 0x20, 0x69, 0x73, 0x46, 0x75, 0x6c, 0x6c, 0x62, 0x72, 0x69, 0x67, 0x68, 0x74,
        0x2c, 0x20, 0x6f, 0x75, 0x74, 0x20, 0x62, 0x6f, 0x6f, 0x6c, 0x20, 0x67, 0x6c, 0x6f, 0x77, 0x29,
        0x0a, 0x7b, 0x0a, 0x20, 0x20, 0x20, 0x20, 0x67, 0x65, 0x74, 0x73, 0x53, 0x68, 0x61, 0x64, 0x6f,
        0x77, 0x65, 0x64, 0x20, 0x3d, 0x20, 0x70, 0x61, 0x72, 0x61, 0x6d, 0x65, 0x74, 0x65, 0x72, 0x73,
        0x2e, 0x78, 0x20, 0x3e, 0x20, 0x30, 0x2e, 0x30, 0x66, 0x3b, 0x0a, 0x20, 0x20, 0x20, 0x20, 0x61,
        0x6c, 0x70, 0x68, 0x61, 0x4f, 0x76, 0x65, 0x72, 0x72, 0x69, 0x64, 0x65, 0x20, 0x3d, 0x20, 0x70,
        0x61, 0x72, 0x61, 0x6d, 0x65, 0x74, 0x65, 0x72, 0x73, 0x2e, 0x79, 0x3b, 0x0a, 0x20, 0x20, 0x20,
        0x20, 0x69, 0x73, 0x46, 0x75, 0x6c, 0x6c, 0x62, 0x72, 0x69, 0x67, 0x68, 0x74, 0x20, 0x3d, 0x20,
        0x70, 0x61, 0x72, 0x61, 0x6d, 0x65, 0x74, 0x65, 0x72, 0x73, 0x2e, 0x7a, 0x20, 0x3e, 0x20, 0x30,
        0x2e, 0x30, 0x66, 0x3b, 0x0a, 0x20, 0x20, 0x20, 0x20, 0x67, 0x6c, 0x6f, 0x77, 0x20, 0x3d, 0x20,
        0x70, 0x61, 0x72, 0x61, 0x6d, 0x65, 0x74, 0x65, 0x72, 0x73, 0x2e, 0x77, 0x20, 0x3e, 0x20, 0x30,
        0x2e, 0x30, 0x66, 0x3b, 0x0a, 0x7d, 0x0a, 0x0a, 0x76, 0x6f, 0x69, 0x64, 0x20, 0x56, 0x53, 0x5f,
        0x55, 0x6e, 0x70, 0x61, 0x63, 0x6b, 0x50, 0x61, 0x72, 0x61, 0x6d, 0x65, 0x74, 0x65, 0x72, 0x73,
        0x32, 0x28, 0x69, 0x6e, 0x20, 0x66, 0x6c, 0x6f, 0x61, 0x74, 0x34, 0x20, 0x70, 0x61, 0x72, 0x61,
        0x6d, 0x65, 0x74, 0x65, 0x72, 0x73, 0x2c, 0x20, 0x6f, 0x75, 0x74, 0x20, 0x66, 0x6c, 0x6f, 0x61,
        0x74, 0x20, 0x6c, 0x61, 0x79, 0x65, 0x72, 0x29, 0x0a, 0x7b, 0x0a, 0x20, 0x20, 0x20, 0x20, 0x6c,
        0x61, 0x79, 0x65, 0x72, 0x20, 0x3d, 0x20, 0x70, 0x61, 0x72, 0x61, 0x6d, 0x65, 0x74, 0x65, 0x72,
        0x73, 0x2e, 0x78, 0x3b, 0x0a, 0x7d, 0x0a, 0x0a, 0x2f, 0x2f, 0x20, 0x41, 0x6c, 0x6c, 0x20, 0x63,
        0x6f, 0x6d, 0x70, 0x6f, 0x6e, 0x65, 0x6e, 0x74, 0x73, 0x20, 0x61, 0x72, 0x65, 0x20, 0x69, 0x6e,
        0x20, 0x74, 0x68, 0x65, 0x20, 0x72, 0x61, 0x6e, 0x67, 0x65, 0x20, 0x5b, 0x30, 0xe2, 0x80, 0xa6,
        0x31, 0x5d, 0x2c, 0x20, 0x69, 0x6e, 0x63, 0x6c, 0x75, 0x64, 0x69, 0x6e, 0x67, 0x20, 0x68, 0x75,
        0x65, 0x2e, 0x0a, 0x66, 0x6c, 0x6f, 0x61, 0x74, 0x33, 0x20, 0x72, 0x67, 0x62, 0x32, 0x68, 0x73,
        0x76, 0x28, 0x66, 0x6c, 0x6f, 0x61, 0x74, 0x33, 0x20, 0x63, 0x29, 0x0a, 0x7b, 0x0a, 0x20, 0x20,
        0x20, 0x20, 0x66, 0x6c, 0x6f, 0x61, 0x74, 0x34, 0x20, 0x4b, 0x20, 0x3d, 0x20, 0x66, 0x6c, 0x6f,
        0x61, 0x74, 0x34, 0x28, 0x30, 0x2e, 0x30, 0x2c, 0x20, 0x2d, 0x31, 0x2e, 0x30, 0x20, 0x2f, 0x20,
        0x33, 0x2e, 0x30, 0x2c, 0x20, 0x32, 0x2e, 0x30, 0x20, 0x2f, 0x20, 0x33, 0x2e, 0x30, 0x2c, 0x20,
        0x2d, 0x31, 0x2e, 0x30, 0x29, 0x3b, 0x0a, 0x20, 0x20, 0x20, 0x20, 0x66, 0x6c, 0x6f, 0x61, 0x74,
        0x34, 0x20, 0x70, 0x20, 0x3d, 0x20, 0x6c, 0x65, 0x72, 0x70, 0x28, 0x66, 0x6c, 0x6f, 0x61, 0x74,
        0x34, 0x28, 0x63, 0x2e, 0x62, 0x67, 0x2c, 0x20, 0x4b, 0x2e, 0x77, 0x7a, 0x29, 0x2c, 0x20, 0x66,
        0x6c, 0x6f, 0x61, 0x74, 0x34, 0x28, 0x63, 0x2e, 0x67, 0x62, 0x2c, 0x20, 0x4b, 0x2e, 0x78, 0x79,
        0x29, 0x2c, 0x20, 0x73, 0x74, 0x65, 0x70, 0x28, 0x63, 0x2e, 0x62, 0x2c, 0x20, 0x63, 0x2e, 0x67,
        0x29, 0x29, 0x3b, 0x0a, 0x20, 0x20, 0x20, 0x20, 0x66, 0x6c, 0x6f, 0x61, 0x74, 0x34, 0x20, 0x71,
        0x20, 0x3d, 0x20, 0x6c, 0x65, 0x72, 0x70, 0x28, 0x66, 0x6c, 0x6f, 0x61, 0x74, 0x34, 0x28, 0x70,
        0x2e, 0x78, 0x79, 0x77, 0x2c, 0x20, 0x63, 0x2e, 0x72, 0x29, 0x2c, 0x20, 0x66, 0x6c, 0x6f, 0x61,
        0x74, 0x34, 0x28, 0x63, 0x2e, 0x72, 0x2c, 0x20, 0x70, 0x2e, 0x79, 0x7a, 0x78, 0x29, 0x2c, 0x20,
        0x73, 0x74, 0x65, 0x70, 0x28, 0x70, 0x2e, 0x78, 0x2c, 0x20, 0x63, 0x2e, 0x72, 0x29, 0x29, 0x3b,
        0x0a, 0x0a, 0x20, 0x20, 0x20, 0x20, 0x66, 0x6c, 0x6f, 0x61, 0x74, 0x20, 0x64, 0x20, 0x3d, 0x20,
        0x71, 0x2e, 0x78, 0x20, 0x2d, 0x20, 0x6d, 0x69, 0x6e, 0x28, 0x71, 0x2e, 0x77, 0x2c, 0x20, 0x71,
        0x2e, 0x79, 0x29, 0x3b, 0x0a, 0x20, 0x20, 0x20, 0x20, 0x66, 0x6c, 0x6f, 0x61, 0x74, 0x20, 0x65,
        0x20, 0x3d, 0x20, 0x31, 0x2e, 0x30, 0x65, 0x2d, 0x31, 0x30, 0x3b, 0x0a, 0x20, 0x20, 0x20, 0x20,
        0x72, 0x65, 0x74, 0x75, 0x72, 0x6e, 0x20, 0x66, 0x6c, 0x6f, 0x61, 0x74, 0x33, 0x28, 0x61, 0x62,
        0x73, 0x28, 0x71, 0x2e, 0x7a, 0x20, 0x2b, 0x20, 0x28, 0x71, 0x2e, 0x77, 0x20, 0x2d, 0x20, 0x71,
        0x2e, 0x79, 0x29, 0x20, 0x2f, 0x20, 0x28, 0x36, 0x2e, 0x30, 0x20, 0x2a, 0x20, 0x64, 0x20, 0x2b,
        0x20, 0x65, 0x29, 0x29, 0x2c, 0x20, 0x64, 0x20, 0x2f, 0x20, 0x28, 0x71, 0x2e, 0x78, 0x20, 0x2b,
        0x20, 0x65, 0x29, 0x2c, 0x20, 0x71, 0x2e, 0x78, 0x29, 0x3b, 0x0a, 0x7d, 0x0a, 0x0a, 0x2f, 0x2f,
        0x20, 0x41, 0x6c, 0x6c, 0x20, 0x63, 0x6f, 0x6d, 0x70, 0x6f, 0x6e, 0x65, 0x6e, 0x74, 0x73, 0x20,
        0x61, 0x72, 0x65, 0x20, 0x69, 0x6e, 0x20, 0x74, 0x68, 0x65, 0x20, 0x72, 0x61, 0x6e, 0x67, 0x65,
        0x20, 0x5b, 0x30, 0xe2, 0x80, 0xa6, 0x31, 0x5d, 0x2c, 0x20, 0x69, 0x6e, 0x63, 0x6c, 0x75, 0x64,
        0x69, 0x6e, 0x67, 0x20, 0x68, 0x75, 0x65, 0x2e, 0x0a, 0x66, 0x6c, 0x6f, 0x61, 0x74, 0x33, 0x20,
        0x68, 0x73, 0x76, 0x32, 0x72, 0x67, 0x62, 0x28, 0x66, 0x6c, 0x6f, 0x61, 0x74, 0x33, 0x20, 0x63,
        0x29, 0x0a, 0x7b, 0x0a, 0x20, 0x20, 0x20, 0x20, 0x66, 0x6c, 0x6f, 0x61, 0x74, 0x34, 0x20, 0x4b,
        0x20, 0x3d, 0x20, 0x66, 0x6c, 0x6f, 0x61, 0x74, 0x34, 0x28, 0x31, 0x2e, 0x30, 0x2c, 0x20, 0x32,
        0x2e, 0x30, 0x20, 0x2f, 0x20, 0x33, 0x2e, 0x30, 0x2c, 0x20, 0x31, 0x2e, 0x30, 0x20, 0x2f, 0x20,
        0x33, 0x2e, 0x30, 0x2c, 0x20, 0x33, 0x2e, 0x30, 0x29, 0x3b, 0x0a, 0x20, 0x20, 0x20, 0x20, 0x66,
        0x6c, 0x6f, 0x61, 0x74, 0x33, 0x20, 0x70, 0x20, 0x3d, 0x20, 0x61, 0x62, 0x73, 0x28, 0x66, 0x72,
        0x61, 0x63, 0x28, 0x63, 0x2e, 0x78, 0x78, 0x78, 0x20, 0x2b, 0x20, 0x4b, 0x2e, 0x78, 0x79, 0x7a,
        0x29, 0x20, 0x2a, 0x20, 0x36, 0x2e, 0x30, 0x20, 0x2d, 0x20, 0x4b, 0x2e, 0x77, 0x77, 0x77, 0x29,
        0x3b, 0x0a, 0x20, 0x20, 0x20, 0x20, 0x72, 0x65, 0x74, 0x75, 0x72, 0x6e, 0x20, 0x63, 0x2e, 0x7a,
        0x20, 0x2a, 0x20, 0x6c, 0x65, 0x72, 0x70, 0x28, 0x4b, 0x2e, 0x78, 0x78, 0x78, 0x2c, 0x20, 0x63,
        0x6c, 0x61, 0x6d, 0x70, 0x28, 0x70, 0x20, 0x2d, 0x20, 0x4b, 0x2e, 0x78, 0x78, 0x78, 0x2c, 0x20,
        0x30, 0x2e, 0x30, 0x2c, 0x20, 0x31, 0x2e, 0x30, 0x29, 0x2c, 0x20, 0x63, 0x2e, 0x79, 0x29, 0x3b,
        0x0a, 0x7d, 0x0a, 0x0a, 0x76, 0x6f, 0x69, 0x64, 0x20, 0x56, 0x53, 0x5f, 0x43, 0x6f, 0x6c, 0x6f,
        0x72, 0x43, 0x6f, 0x72, 0x72, 0x65, 0x63, 0x74, 0x28, 0x69, 0x6e, 0x6f, 0x75, 0x74, 0x20, 0x66,
        0x6c, 0x6f, 0x61, 0x74, 0x33, 0x20, 0x63, 0x6f, 0x6c, 0x6f, 0x72, 0x29, 0x0a, 0x7b, 0x0a, 0x20,
        0x20, 0x20, 0x20, 0x2f, 0x2f, 0x20, 0x66, 0x6c, 0x6f, 0x61, 0x74, 0x33, 0x20, 0x68, 0x73, 0x76,
        0x20, 0x3d, 0x20, 0x72, 0x67, 0x62, 0x32, 0x68, 0x73, 0x76, 0x28, 0x63, 0x6f, 0x6c, 0x6f, 0x72,
        0x29, 0x3b, 0x0a, 0x20, 0x20, 0x20, 0x20, 0x2f, 0x2f, 0x20, 0x68, 0x73, 0x76, 0x2e, 0x7a, 0x20,
        0x2a, 0x3d, 0x20, 0x30, 0x2e, 0x39, 0x3b, 0x0a, 0x20, 0x20, 0x20, 0x20, 0x2f, 0x2f, 0x20, 0x63,
        0x6f, 0x6c, 0x6f, 0x72, 0x20, 0x3d, 0x20, 0x68, 0x73, 0x76, 0x32, 0x72, 0x67, 0x62, 0x28, 0x68,
        0x73, 0x76, 0x29, 0x3b, 0x0a, 0x7d, 0x0a, 0x0a, 0x2f, 0x2f, 0x20, 0x47, 0x65, 0x74, 0x20, 0x75,
        0x6e, 0x69, 0x71, 0x75, 0x65, 0x6c, 0x79, 0x20, 0x6c, 0x6f, 0x6f, 0x6b, 0x69, 0x6e, 0x67, 0x20,
        0x72, 0x61, 0x6e, 0x64, 0x6f, 0x6d, 0x20, 0x66, 0x6c, 0x6f, 0x61, 0x74, 0x20, 0x62, 0x65, 0x74,
        0x77, 0x65, 0x65, 0x6e, 0x20, 0x30, 0x20, 0x61, 0x6e, 0x64, 0x20, 0x31, 0x20, 0x66, 0x72, 0x6f,
        0x6d, 0x20, 0x66, 0x6c, 0x6f, 0x61, 0x74, 0x20, 0x69, 0x6e, 0x70, 0x75, 0x74, 0x20, 0x77, 0x69,
        0x74, 0x68, 0x6f, 0x75, 0x74, 0x20, 0x75, 0x73, 0x69, 0x6e, 0x67, 0x20, 0x62, 0x69, 0x74, 0x77,
        0x69, 0x73, 0x65, 0x20, 0x6f, 0x70, 0x65, 0x72, 0x61, 0x74, 0x69, 0x6f, 0x6e, 0x73, 0x20, 0x28,
        0x6e, 0x6f, 0x74, 0x20, 0x73, 0x75, 0x70, 0x70, 0x6f, 0x72, 0x74, 0x65, 0x64, 0x20, 0x69, 0x6e,
        0x20, 0x76, 0x73, 0x5f, 0x33, 0x5f, 0x30, 0x29, 0x0a, 0x66, 0x6c, 0x6f, 0x61, 0x74, 0x20, 0x52,
        0x61, 0x6e, 0x64, 0x6f, 0x6d, 0x28, 0x66, 0x6c, 0x6f, 0x61, 0x74, 0x20, 0x69, 0x6e, 0x70, 0x75,
        0x74, 0x29, 0x0a, 0x7b, 0x0a, 0x20, 0x20, 0x20, 0x20, 0x72, 0x65, 0x74, 0x75, 0x72, 0x6e, 0x20,
        0x66, 0x72, 0x61, 0x63, 0x28, 0x73, 0x69, 0x6e, 0x28, 0x69, 0x6e, 0x70, 0x75, 0x74, 0x20, 0x2a,
        0x20, 0x31, 0x32, 0x2e, 0x39, 0x38, 0x39, 0x38, 0x29, 0x20, 0x2a, 0x20, 0x34, 0x33, 0x37, 0x35,
        0x38, 0x2e, 0x35, 0x34, 0x35, 0x33, 0x29, 0x3b, 0x0a, 0x7d, 0x0a, 0x0a, 0x76, 0x6f, 0x69, 0x64,
        0x20, 0x56, 0x53, 0x5f, 0x44, 0x65, 0x63, 0x61, 0x6c, 0x4f, 0x66, 0x66, 0x73, 0x65, 0x74, 0x28,
        0x0a, 0x20, 0x20, 0x20, 0x20, 0x69, 0x6e, 0x6f, 0x75, 0x74, 0x20, 0x66, 0x6c, 0x6f, 0x61, 0x74,
        0x33, 0x20, 0x70, 0x6f, 0x73, 0x69, 0x74, 0x69, 0x6f, 0x6e, 0x2c, 0x0a, 0x20, 0x20, 0x20, 0x20,
        0x69, 0x6e, 0x20, 0x66, 0x6c, 0x6f, 0x61, 0x74, 0x33, 0x20, 0x6e, 0x6f, 0x72, 0x6d, 0x61, 0x6c,
        0x2c, 0x0a, 0x20, 0x20, 0x20, 0x20, 0x69, 0x6e, 0x20, 0x66, 0x6c, 0x6f, 0x61, 0x74, 0x20, 0x64,
        0x65, 0x63, 0x61, 0x6c, 0x4f, 0x66, 0x66, 0x73, 0x65, 0x74, 0x0a, 0x29, 0x20, 0x7b, 0x0a, 0x20,
        0x20, 0x20, 0x20, 0x2f, 0x2f, 0x20, 0x44, 0x65, 0x63, 0x61, 0x6c, 0x4f, 0x66, 0x66, 0x73, 0x65,
        0x74, 0x20, 0x69, 0x73, 0x20, 0x6e, 0x65, 0x67, 0x61, 0x74, 0x69, 0x76, 0x65, 0x20, 0x74, 0x6f,
        0x20, 0x70, 0x75, 0x6c, 0x6c, 0x20, 0x61, 0x77, 0x61, 0x79, 0x20, 0x66, 0x72, 0x6f, 0x6d, 0x20,
        0x73, 0x75, 0x72, 0x66, 0x61, 0x63, 0x65, 0x2c, 0x20, 0x70, 0x6f, 0x73, 0x69, 0x74, 0x69, 0x76,
        0x65, 0x20, 0x74, 0x6f, 0x20, 0x70, 0x75, 0x73, 0x68, 0x20, 0x69, 0x6e, 0x74, 0x6f, 0x20, 0x69,
        0x74, 0x0a, 0x20, 0x20, 0x20, 0x20, 0x2f, 0x2f, 0x20, 0x4d, 0x75, 0x6c, 0x74, 0x69, 0x70, 0x6c,
        0x79, 0x20, 0x62, 0x79, 0x20, 0x74, 0x68, 0x65, 0x20, 0x73, 0x69, 0x67, 0x6e, 0x20, 0x74, 0x6f,
        0x20, 0x63, 0x6f, 0x6e, 0x74, 0x72, 0x6f, 0x6c, 0x20, 0x64, 0x69, 0x72, 0x65, 0x63, 0x74, 0x69,
        0x6f, 0x6e, 0x0a, 0x20, 0x20, 0x20, 0x20, 0x70, 0x6f, 0x73, 0x69, 0x74, 0x69, 0x6f, 0x6e, 0x20,
        0x3d, 0x20, 0x70, 0x6f, 0x73, 0x69, 0x74, 0x69, 0x6f, 0x6e, 0x20, 0x2d, 0x20, 0x6e, 0x6f, 0x72,
        0x6d, 0x61, 0x6c, 0x20, 0x2a, 0x20, 0x64, 0x65, 0x63, 0x61, 0x6c, 0x4f, 0x66, 0x66, 0x73, 0x65,
        0x74, 0x20, 0x2a, 0x20, 0x30, 0x2e, 0x31, 0x3b, 0x0a, 0x7d, 0x0a, 0x0a, 0x76, 0x6f, 0x69, 0x64,
        0x20, 0x56, 0x53, 0x5f, 0x45, 0x78, 0x70, 0x61, 0x6e, 0x64, 0x28, 0x0a, 0x20, 0x20, 0x20, 0x20,
        0x69, 0x6e, 0x6f, 0x75, 0x74, 0x20, 0x66, 0x6c, 0x6f, 0x61, 0x74, 0x33, 0x20, 0x70, 0x6f, 0x73,
        0x69, 0x74, 0x69, 0x6f, 0x6e, 0x2c, 0x0a, 0x20, 0x20, 0x20, 0x20, 0x69, 0x6e, 0x20, 0x66, 0x6c,
        0x6f, 0x61, 0x74, 0x33, 0x20, 0x61, 0x63, 0x65, 0x6e, 0x74, 0x72, 0x6f, 0x69, 0x64, 0x2c, 0x0a,
        0x20, 0x20, 0x20, 0x20, 0x69, 0x6e, 0x20, 0x66, 0x6c, 0x6f, 0x61, 0x74, 0x20, 0x72, 0x61, 0x6e,
        0x64, 0x6f, 0x6d, 0x46, 0x6c, 0x6f, 0x61, 0x74, 0x0a, 0x29, 0x20, 0x7b, 0x0a, 0x20, 0x20, 0x20,
        0x20, 0x2f, 0x2f, 0x20, 0x54, 0x72, 0x61, 0x6e, 0x73, 0x6c, 0x61, 0x74, 0x65, 0x20, 0x76, 0x65,
        0x72, 0x74, 0x65, 0x78, 0x20, 0x61, 0x72, 0x6f, 0x75, 0x6e, 0x64, 0x20, 0x63, 0x65, 0x6e, 0x74,
        0x72, 0x6f, 0x69, 0x64, 0x20, 0x62, 0x79, 0x20, 0x61, 0x20, 0x72, 0x61, 0x6e, 0x64, 0x6f, 0x6d,
        0x20, 0x66, 0x61, 0x63, 0x74, 0x6f, 0x72, 0x20, 0x62, 0x65, 0x74, 0x77, 0x65, 0x65, 0x6e, 0x20,
        0x2d, 0x31, 0x35, 0x20, 0x61, 0x6e, 0x64, 0x20, 0x31, 0x35, 0x20, 0x75, 0x6e, 0x69, 0x74, 0x73,
        0x0a, 0x0a, 0x20, 0x20, 0x20, 0x20, 0x66, 0x6c, 0x6f, 0x61, 0x74, 0x33, 0x20, 0x64, 0x69, 0x72,
        0x65, 0x63, 0x74, 0x69, 0x6f, 0x6e, 0x20, 0x3d, 0x20, 0x6e, 0x6f, 0x72, 0x6d, 0x61, 0x6c, 0x69,
        0x7a, 0x65, 0x28, 0x70, 0x6f, 0x73, 0x69, 0x74, 0x69, 0x6f, 0x6e, 0x20, 0x2d, 0x20, 0x61, 0x63,
        0x65, 0x6e, 0x74, 0x72, 0x6f, 0x69, 0x64, 0x29, 0x3b, 0x0a, 0x20, 0x20, 0x20, 0x20, 0x66, 0x6c,
        0x6f, 0x61, 0x74, 0x33, 0x20, 0x72, 0x61, 0x6e, 0x64, 0x6f, 0x6d, 0x53, 0x63, 0x61, 0x6c, 0x65,
        0x20, 0x3d, 0x20, 0x66, 0x6c, 0x6f, 0x61, 0x74, 0x33, 0x28, 0x0a, 0x20, 0x20, 0x20, 0x20, 0x20,
        0x20, 0x20, 0x20, 0x31, 0x35, 0x2e, 0x30, 0x20, 0x2d, 0x20, 0x52, 0x61, 0x6e, 0x64, 0x6f, 0x6d,
        0x28, 0x61, 0x63, 0x65, 0x6e, 0x74, 0x72, 0x6f, 0x69, 0x64, 0x2e, 0x78, 0x20, 0x2b, 0x20, 0x72,
        0x61, 0x6e, 0x64, 0x6f, 0x6d, 0x46, 0x6c, 0x6f, 0x61, 0x74, 0x29, 0x20, 0x2a, 0x20, 0x33, 0x30,
        0x2e, 0x30, 0x2c, 0x0a, 0x20, 0x20, 0x20, 0x20, 0x20, 0x20, 0x20, 0x20, 0x31, 0x35, 0x2e, 0x30,
        0x20, 0x2d, 0x20, 0x52, 0x61, 0x6e, 0x64, 0x6f, 0x6d, 0x28, 0x61, 0x63, 0x65, 0x6e, 0x74, 0x72,
        0x6f, 0x69, 0x64, 0x2e, 0x79, 0x20, 0x2b, 0x20, 0x72, 0x61, 0x6e, 0x64, 0x6f, 0x6d, 0x46, 0x6c,
        0x6f, 0x61, 0x74, 0x29, 0x20, 0x2a, 0x20, 0x33, 0x30, 0x2e, 0x30, 0x2c, 0x0a, 0x20, 0x20, 0x20,
        0x20, 0x20, 0x20, 0x20, 0x20, 0x31, 0x35, 0x2e, 0x30, 0x20, 0x2d, 0x20, 0x52, 0x61, 0x6e, 0x64,
        0x6f, 0x6d, 0x28, 0x61, 0x63, 0x65, 0x6e, 0x74, 0x72, 0x6f, 0x69, 0x64, 0x2e, 0x7a, 0x20, 0x2b,
        0x20, 0x72, 0x61, 0x6e, 0x64, 0x6f, 0x6d, 0x46, 0x6c, 0x6f, 0x61, 0x74, 0x29, 0x20, 0x2a, 0x20,
        0x33, 0x30, 0x2e, 0x30, 0x0a, 0x20, 0x20, 0x20, 0x20, 0x29, 0x3b, 0x0a, 0x20, 0x20, 0x20, 0x20,
        0x70, 0x6f, 0x73, 0x69, 0x74, 0x69, 0x6f, 0x6e, 0x20, 0x3d, 0x20, 0x70, 0x6f, 0x73, 0x69, 0x74,
        0x69, 0x6f, 0x6e, 0x20, 0x2b, 0x20, 0x64, 0x69, 0x72, 0x65, 0x63, 0x74, 0x69, 0x6f, 0x6e, 0x20,
        0x2a, 0x20, 0x72, 0x61, 0x6e, 0x64, 0x6f, 0x6d, 0x53, 0x63, 0x61, 0x6c, 0x65, 0x3b, 0x0a, 0x7d,
        0x0a, 0x0a, 0x76, 0x6f, 0x69, 0x64, 0x20, 0x56, 0x53, 0x5f, 0x44, 0x61, 0x72, 0x6b, 0x65, 0x6e,
        0x28, 0x0a, 0x20, 0x20, 0x20, 0x20, 0x69, 0x6e, 0x6f, 0x75, 0x74, 0x20, 0x66, 0x6c, 0x6f, 0x61,
        0x74, 0x33, 0x20, 0x63, 0x6f, 0x6c, 0x6f, 0x72, 0x2c, 0x0a, 0x20, 0x20, 0x20, 0x20, 0x69, 0x6e,
        0x20, 0x66, 0x6c, 0x6f, 0x61, 0x74, 0x20, 0x64, 0x61, 0x72, 0x6b, 0x65, 0x6e, 0x0a, 0x29, 0x20,
        0x7b, 0x0a, 0x20, 0x20, 0x20, 0x20, 0x66, 0x6c, 0x6f, 0x61, 0x74, 0x33, 0x20, 0x68, 0x73, 0x76,
        0x20, 0x3d, 0x20, 0x72, 0x67, 0x62, 0x32, 0x68, 0x73, 0x76, 0x28, 0x63, 0x6f, 0x6c, 0x6f, 0x72,
        0x29, 0x3b, 0x0a, 0x20, 0x20, 0x20, 0x20, 0x69, 0x66, 0x20, 0x28, 0x68, 0x73, 0x76, 0x2e, 0x7a,
        0x20, 0x3e, 0x20, 0x64, 0x61, 0x72, 0x6b, 0x65, 0x6e, 0x29, 0x0a, 0x20, 0x20, 0x20, 0x20, 0x7b,
        0x0a, 0x20, 0x20, 0x20, 0x20, 0x20, 0x20, 0x20, 0x20, 0x68, 0x73, 0x76, 0x2e, 0x7a, 0x20, 0x3d,
        0x20, 0x64, 0x61, 0x72, 0x6b, 0x65, 0x6e, 0x3b, 0x0a, 0x20, 0x20, 0x20, 0x20, 0x20, 0x20, 0x20,
        0x20, 0x63, 0x6f, 0x6c, 0x6f, 0x72, 0x20, 0x3d, 0x20, 0x68, 0x73, 0x76, 0x32, 0x72, 0x67, 0x62,
        0x28, 0x68, 0x73, 0x76, 0x29, 0x3b, 0x0a, 0x20, 0x20, 0x20, 0x20, 0x7d, 0x0a, 0x7d, 0x0a, 0x0a,
        0x76, 0x6f, 0x69, 0x64, 0x20, 0x56, 0x53, 0x5f, 0x53, 0x6e, 0x61, 0x70, 0x28, 0x0a, 0x20, 0x20,
        0x20, 0x20, 0x69, 0x6e, 0x6f, 0x75, 0x74, 0x20, 0x66, 0x6c, 0x6f, 0x61, 0x74, 0x33, 0x20, 0x63,
        0x6f, 0x6c, 0x6f, 0x72, 0x2c, 0x0a, 0x20, 0x20, 0x20, 0x20, 0x69, 0x6e, 0x20, 0x66, 0x6c, 0x6f,
        0x61, 0x74, 0x33, 0x20, 0x73, 0x6e, 0x61, 0x70, 0x43, 0x6f, 0x6c, 0x6f, 0x72, 0x0a, 0x29, 0x0a,
        0x7b, 0x0a, 0x20, 0x20, 0x20, 0x20, 0x63, 0x6f, 0x6c, 0x6f, 0x72, 0x20, 0x2b, 0x3d, 0x20, 0x28,
        0x63, 0x6f, 0x6c, 0x6f, 0x72, 0x20, 0x2a, 0x20, 0x28, 0x73, 0x6e, 0x61, 0x70, 0x43, 0x6f, 0x6c,
        0x6f, 0x72, 0x20, 0x2a, 0x20, 0x32, 0x35, 0x35, 0x2e, 0x30, 0x20, 0x2f, 0x20, 0x31, 0x30, 0x30,
        0x2e, 0x30, 0x29, 0x29, 0x3b, 0x0a, 0x20, 0x20, 0x20, 0x20, 0x2f, 0x2f, 0x20, 0x63, 0x6c, 0x61,
        0x6d, 0x70, 0x20, 0x74, 0x6f, 0x20, 0x31, 0x2e, 0x30, 0x0a, 0x20, 0x20, 0x20, 0x20, 0x63, 0x6f,
        0x6c, 0x6f, 0x72, 0x20, 0x3d, 0x20, 0x6d, 0x69, 0x6e, 0x28, 0x63, 0x6f, 0x6c, 0x6f, 0x72, 0x2c,
        0x20, 0x66, 0x6c, 0x6f, 0x61, 0x74, 0x33, 0x28, 0x31, 0x2e, 0x30, 0x2c, 0x20, 0x31, 0x2e, 0x30,
        0x2c, 0x20, 0x31, 0x2e, 0x30, 0x29, 0x29, 0x3b, 0x0a, 0x7d, 0x0a, 0x0a, 0x2f, 0x2f, 0x20, 0x52,
        0x65, 0x74, 0x75, 0x72, 0x6e, 0x73, 0x20, 0x74, 0x68, 0x65, 0x20, 0x67, 0x65, 0x6f, 0x6d, 0x65,
        0x74, 0x72, 0x69, 0x63, 0x20, 0x64, 0x69, 0x66, 0x66, 0x75, 0x73, 0x65, 0x20, 0x66, 0x61, 0x63,
        0x74, 0x6f, 0x72, 0x20, 0x69, 0x6e, 0x20, 0x5b, 0x30, 0x2e, 0x2e, 0x31, 0x5d, 0x2e, 0x20, 0x52,
        0x65, 0x74, 0x75, 0x72, 0x6e, 0x73, 0x20, 0x30, 0x20, 0x77, 0x68, 0x65, 0x6e, 0x20, 0x74, 0x68,
        0x65, 0x20, 0x63, 0x61, 0x6d, 0x65, 0x72, 0x61, 0x20, 0x69, 0x73, 0x0a, 0x2f, 0x2f, 0x20, 0x6f,
        0x6e, 0x20, 0x74, 0x68, 0x65, 0x20, 0x6f, 0x70, 0x70, 0x6f, 0x73, 0x69, 0x74, 0x65, 0x20, 0x73,
        0x69, 0x64, 0x65, 0x20, 0x6f, 0x66, 0x20, 0x74, 0x68, 0x65, 0x20, 0x66, 0x61, 0x63, 0x65, 0x20,
        0x66, 0x72, 0x6f, 0x6d, 0x20, 0x74, 0x68, 0x65, 0x20, 0x6c, 0x69, 0x67, 0x68, 0x74, 0x20, 0x28,
        0x61, 0x20, 0x22, 0x6d, 0x61, 0x78, 0x20, 0x73, 0x68, 0x61, 0x64, 0x6f, 0x77, 0x22, 0x20, 0x73,
        0x69, 0x74, 0x75, 0x61, 0x74, 0x69, 0x6f, 0x6e, 0x29, 0x2c, 0x0a, 0x2f, 0x2f, 0x20, 0x6f, 0x74,
        0x68, 0x65, 0x72, 0x77, 0x69, 0x73, 0x65, 0x20, 0x74, 0x68, 0x65, 0x20, 0x61, 0x6e, 0x67, 0x6c,
        0x65, 0x2d, 0x62, 0x61, 0x73, 0x65, 0x64, 0x20, 0x74, 0x65, 0x72, 0x6d, 0x20, 0x61, 0x62, 0x73,
        0x28, 0x64, 0x6f, 0x74, 0x28, 0x6e, 0x2c, 0x20, 0x4c, 0x29, 0x29, 0x2e, 0x0a, 0x66, 0x6c, 0x6f,
        0x61, 0x74, 0x20, 0x43, 0x6f, 0x6d, 0x70, 0x75, 0x74, 0x65, 0x50, 0x6f, 0x6c, 0x79, 0x67, 0x6f,
        0x6e, 0x44, 0x69, 0x66, 0x66, 0x75, 0x73, 0x65, 0x28, 0x0a, 0x20, 0x20, 0x20, 0x20, 0x69, 0x6e,
        0x20, 0x66, 0x6c, 0x6f, 0x61, 0x74, 0x33, 0x20, 0x43, 0x65, 0x6e, 0x74, 0x72, 0x6f, 0x69, 0x64,
        0x57, 0x6f, 0x72, 0x6c, 0x64, 0x2c, 0x0a, 0x20, 0x20, 0x20, 0x20, 0x69, 0x6e, 0x20, 0x66, 0x6c,
        0x6f, 0x61, 0x74, 0x33, 0x20, 0x4e, 0x6f, 0x72, 0x6d, 0x61, 0x6c, 0x57, 0x6f, 0x72, 0x6c, 0x64,
        0x2c, 0x0a, 0x20, 0x20, 0x20, 0x20, 0x69, 0x6e, 0x20, 0x66, 0x6c, 0x6f, 0x61, 0x74, 0x33, 0x20,
        0x4c, 0x69, 0x67, 0x68, 0x74, 0x44, 0x69, 0x72, 0x65, 0x63, 0x74, 0x69, 0x6f, 0x6e, 0x2c, 0x0a,
        0x20, 0x20, 0x20, 0x20, 0x69, 0x6e, 0x20, 0x66, 0x6c, 0x6f, 0x61, 0x74, 0x33, 0x20, 0x43, 0x61,
        0x6d, 0x65, 0x72, 0x61, 0x50, 0x6f, 0x73, 0x69, 0x74, 0x69, 0x6f, 0x6e, 0x0a, 0x29, 0x0a, 0x7b,
        0x0a, 0x20, 0x20, 0x20, 0x20, 0x66, 0x6c, 0x6f, 0x61, 0x74, 0x33, 0x20, 0x63, 0x20, 0x3d, 0x20,
        0x43, 0x65, 0x6e, 0x74, 0x72, 0x6f, 0x69, 0x64, 0x57, 0x6f, 0x72, 0x6c, 0x64, 0x3b, 0x0a, 0x20,
        0x20, 0x20, 0x20, 0x66, 0x6c, 0x6f, 0x61, 0x74, 0x33, 0x20, 0x6e, 0x20, 0x3d, 0x20, 0x4e, 0x6f,
        0x72, 0x6d, 0x61, 0x6c, 0x57, 0x6f, 0x72, 0x6c, 0x64, 0x3b, 0x0a, 0x20, 0x20, 0x20, 0x20, 0x66,
        0x6c, 0x6f, 0x61, 0x74, 0x20, 0x64, 0x69, 0x66, 0x66, 0x20, 0x3d, 0x20, 0x30, 0x2e, 0x30, 0x3b,
        0x0a, 0x20, 0x20, 0x20, 0x20, 0x2f, 0x2f, 0x20, 0x70, 0x68, 0x79, 0x20, 0x6f, 0x72, 0x69, 0x67,
        0x69, 0x6e, 0x61, 0x6c, 0x0a, 0x20, 0x20, 0x20, 0x20, 0x69, 0x66, 0x20, 0x28, 0x73, 0x69, 0x67,
        0x6e, 0x28, 0x64, 0x6f, 0x74, 0x28, 0x6e, 0x2c, 0x20, 0x4c, 0x69, 0x67, 0x68, 0x74, 0x44, 0x69,
        0x72, 0x65, 0x63, 0x74, 0x69, 0x6f, 0x6e, 0x29, 0x29, 0x20, 0x3d, 0x3d, 0x20, 0x73, 0x69, 0x67,
        0x6e, 0x28, 0x64, 0x6f, 0x74, 0x28, 0x6e, 0x2c, 0x20, 0x63, 0x20, 0x2d, 0x20, 0x43, 0x61, 0x6d,
        0x65, 0x72, 0x61, 0x50, 0x6f, 0x73, 0x69, 0x74, 0x69, 0x6f, 0x6e, 0x29, 0x29, 0x29, 0x0a, 0x20,
        0x20, 0x20, 0x20, 0x7b, 0x0a, 0x20, 0x20, 0x20, 0x20, 0x20, 0x20, 0x20, 0x20, 0x64, 0x69, 0x66,
        0x66, 0x20, 0x3d, 0x20, 0x61, 0x62, 0x73, 0x28, 0x64, 0x6f, 0x74, 0x28, 0x6e, 0x2c, 0x20, 0x4c,
        0x69, 0x67, 0x68, 0x74, 0x44, 0x69, 0x72, 0x65, 0x63, 0x74, 0x69, 0x6f, 0x6e, 0x29, 0x29, 0x3b,
        0x0a, 0x20, 0x20, 0x20, 0x20, 0x7d, 0x0a, 0x20, 0x20, 0x20, 0x20, 0x72, 0x65, 0x74, 0x75, 0x72,
        0x6e, 0x20, 0x64, 0x69, 0x66, 0x66, 0x3b, 0x0a, 0x7d, 0x0a, 0x0a, 0x2f, 0x2f, 0x20, 0x41, 0x70,
        0x70, 0x6c, 0x69, 0x65, 0x73, 0x20, 0x61, 0x20, 0x64, 0x69, 0x66, 0x66, 0x75, 0x73, 0x65, 0x20,
        0x66, 0x61, 0x63, 0x74, 0x6f, 0x72, 0x20, 0x74, 0x6f, 0x20, 0x63, 0x6f, 0x6c, 0x6f, 0x72, 0x20,
        0x65, 0x78, 0x61, 0x63, 0x74, 0x6c, 0x79, 0x20, 0x6f, 0x6e, 0x63, 0x65, 0x20, 0x28, 0x61, 0x6d,
        0x62, 0x69, 0x65, 0x6e, 0x74, 0x20, 0x2b, 0x20, 0x64, 0x69, 0x72, 0x65, 0x63, 0x74, 0x69, 0x6f,
        0x6e, 0x61, 0x6c, 0x20, 0x74, 0x65, 0x72, 0x6d, 0x29, 0x2e, 0x0a, 0x76, 0x6f, 0x69, 0x64, 0x20,
        0x41, 0x70, 0x70, 0x6c, 0x79, 0x44, 0x69, 0x66, 0x66, 0x75, 0x73, 0x65, 0x46, 0x61, 0x63, 0x74,
        0x6f, 0x72, 0x28, 0x0a, 0x20, 0x20, 0x20, 0x20, 0x69, 0x6e, 0x6f, 0x75, 0x74, 0x20, 0x66, 0x6c,
        0x6f, 0x61, 0x74, 0x33, 0x20, 0x63, 0x6f, 0x6c, 0x6f, 0x72, 0x2c, 0x0a, 0x20, 0x20, 0x20, 0x20,
        0x69, 0x6e, 0x20, 0x66, 0x6c, 0x6f, 0x61, 0x74, 0x20, 0x64, 0x69, 0x66, 0x66, 0x2c, 0x0a, 0x20,
        0x20, 0x20, 0x20, 0x69, 0x6e, 0x20, 0x66, 0x6c, 0x6f, 0x61, 0x74, 0x32, 0x20, 0x45, 0x6e, 0x76,
        0x69, 0x72, 0x6f, 0x6e, 0x6d, 0x65, 0x6e, 0x74, 0x4c, 0x69, 0x67, 0x68, 0x74, 0x0a, 0x29, 0x0a,
        0x7b, 0x0a, 0x20, 0x20, 0x20, 0x20, 0x63, 0x6f, 0x6c, 0x6f, 0x72, 0x20, 0x3d, 0x20, 0x28, 0x45,
        0x6e, 0x76, 0x69, 0x72, 0x6f, 0x6e, 0x6d, 0x65, 0x6e, 0x74, 0x4c, 0x69, 0x67, 0x68, 0x74, 0x2e,
        0x78, 0x20, 0x2b, 0x20, 0x45, 0x6e, 0x76, 0x69, 0x72, 0x6f, 0x6e, 0x6d, 0x65, 0x6e, 0x74, 0x4c,
        0x69, 0x67, 0x68, 0x74, 0x2e, 0x79, 0x20, 0x2a, 0x20, 0x64, 0x69, 0x66, 0x66, 0x29, 0x20, 0x2a,
        0x20, 0x63, 0x6f, 0x6c, 0x6f, 0x72, 0x3b, 0x0a, 0x7d, 0x0a, 0x0a, 0x76, 0x6f, 0x69, 0x64, 0x20,
        0x56, 0x53, 0x5f, 0x41, 0x70, 0x70, 0x6c, 0x79, 0x50, 0x6f, 0x6c, 0x79, 0x67, 0x6f, 0x6e, 0x44,
        0x69, 0x66, 0x66, 0x75, 0x73, 0x65, 0x28, 0x0a, 0x20, 0x20, 0x20, 0x20, 0x69, 0x6e, 0x6f, 0x75,
        0x74, 0x20, 0x66, 0x6c, 0x6f, 0x61, 0x74, 0x33, 0x20, 0x63, 0x6f, 0x6c, 0x6f, 0x72, 0x2c, 0x0a,
        0x20, 0x20, 0x20, 0x20, 0x69, 0x6e, 0x20, 0x66, 0x6c, 0x6f, 0x61, 0x74, 0x33, 0x20, 0x43, 0x65,
        0x6e, 0x74, 0x72, 0x6f, 0x69, 0x64, 0x57, 0x6f, 0x72, 0x6c, 0x64, 0x2c, 0x0a, 0x20, 0x20, 0x20,
        0x20, 0x69, 0x6e, 0x20, 0x66, 0x6c, 0x6f, 0x61, 0x74, 0x33, 0x20, 0x4e, 0x6f, 0x72, 0x6d, 0x61,
        0x6c, 0x57, 0x6f, 0x72, 0x6c, 0x64, 0x2c, 0x0a, 0x20, 0x20, 0x20, 0x20, 0x69, 0x6e, 0x20, 0x66,
        0x6c, 0x6f, 0x61, 0x74, 0x33, 0x20, 0x4c, 0x69, 0x67, 0x68, 0x74, 0x44, 0x69, 0x72, 0x65, 0x63,
        0x74, 0x69, 0x6f, 0x6e, 0x2c, 0x0a, 0x20, 0x20, 0x20, 0x20, 0x69, 0x6e, 0x20, 0x66, 0x6c, 0x6f,
        0x61, 0x74, 0x33, 0x20, 0x43, 0x61, 0x6d, 0x65, 0x72, 0x61, 0x50, 0x6f, 0x73, 0x69, 0x74, 0x69,
        0x6f, 0x6e, 0x2c, 0x0a, 0x20, 0x20, 0x20, 0x20, 0x69, 0x6e, 0x20, 0x66, 0x6c, 0x6f, 0x61, 0x74,
        0x32, 0x20, 0x45, 0x6e, 0x76, 0x69, 0x72, 0x6f, 0x6e, 0x6d, 0x65, 0x6e, 0x74, 0x4c, 0x69, 0x67,
        0x68, 0x74, 0x0a, 0x29, 0x0a, 0x7b, 0x0a, 0x20, 0x20, 0x20, 0x20, 0x66, 0x6c, 0x6f, 0x61, 0x74,
        0x20, 0x64, 0x69, 0x66, 0x66, 0x20, 0x3d, 0x20, 0x43, 0x6f, 0x6d, 0x70, 0x75, 0x74, 0x65, 0x50,
        0x6f, 0x6c, 0x79, 0x67, 0x6f, 0x6e, 0x44, 0x69, 0x66, 0x66, 0x75, 0x73, 0x65, 0x28, 0x43, 0x65,
        0x6e, 0x74, 0x72, 0x6f, 0x69, 0x64, 0x57, 0x6f, 0x72, 0x6c, 0x64, 0x2c, 0x20, 0x4e, 0x6f, 0x72,
        0x6d, 0x61, 0x6c, 0x57, 0x6f, 0x72, 0x6c, 0x64, 0x2c, 0x20, 0x4c, 0x69, 0x67, 0x68, 0x74, 0x44,
        0x69, 0x72, 0x65, 0x63, 0x74, 0x69, 0x6f, 0x6e, 0x2c, 0x20, 0x43, 0x61, 0x6d, 0x65, 0x72, 0x61,
        0x50, 0x6f, 0x73, 0x69, 0x74, 0x69, 0x6f, 0x6e, 0x29, 0x3b, 0x0a, 0x20, 0x20, 0x20, 0x20, 0x41,
        0x70, 0x70, 0x6c, 0x79, 0x44, 0x69, 0x66, 0x66, 0x75, 0x73, 0x65, 0x46, 0x61, 0x63, 0x74, 0x6f,
        0x72, 0x28, 0x63, 0x6f, 0x6c, 0x6f, 0x72, 0x2c, 0x20, 0x64, 0x69, 0x66, 0x66, 0x2c, 0x20, 0x45,
        0x6e, 0x76, 0x69, 0x72, 0x6f, 0x6e, 0x6d, 0x65, 0x6e, 0x74, 0x4c, 0x69, 0x67, 0x68, 0x74, 0x29,
        0x3b, 0x0a, 0x7d, 0x0a, 0x0a, 0x2f, 0x2f, 0x20, 0x46, 0x6f, 0x67, 0x4c, 0x6f, 0x67, 0x44, 0x65,
        0x6e, 0x73, 0x69, 0x74, 0x79, 0x20, 0x69, 0x73, 0x20, 0x6c, 0x6f, 0x67, 0x32, 0x20, 0x6f, 0x66,
        0x20, 0x74, 0x68, 0x65, 0x20, 0x66, 0x6f, 0x67, 0x20, 0x64, 0x65, 0x6e, 0x73, 0x69, 0x74, 0x79,
        0x2c, 0x20, 0x6e, 0x6f, 0x72, 0x6d, 0x61, 0x6c, 0x69, 0x7a, 0x65, 0x64, 0x20, 0x6f, 0x6e, 0x20,
        0x74, 0x68, 0x65, 0x20, 0x43, 0x50, 0x55, 0x20, 0x28, 0x73, 0x65, 0x65, 0x20, 0x57, 0x6f, 0x72,
        0x6c, 0x64, 0x2e, 0x46, 0x6f, 0x67, 0x4c, 0x6f, 0x67, 0x44, 0x65, 0x6e, 0x73, 0x69, 0x74, 0x79,
        0x29, 0x2e, 0x0a, 0x2f, 0x2f, 0x20, 0x70, 0x6f, 0x77, 0x28, 0x64, 0x65, 0x6e, 0x73, 0x69, 0x74,
        0x79, 0x2c, 0x20, 0x74, 0x29, 0x20, 0x69, 0x73, 0x20, 0x65, 0x78, 0x61, 0x63, 0x74, 0x6c, 0x79,
        0x20, 0x65, 0x78, 0x70, 0x32, 0x28, 0x74, 0x20, 0x2a, 0x20, 0x6c, 0x6f, 0x67, 0x32, 0x28, 0x64,
        0x65, 0x6e, 0x73, 0x69, 0x74, 0x79, 0x29, 0x29, 0x2c, 0x20, 0x73, 0x6f, 0x20, 0x66, 0x6f, 0x6c,
        0x64, 0x69, 0x6e, 0x67, 0x20, 0x74, 0x68, 0x65, 0x20, 0x28, 0x75, 0x6e, 0x69, 0x66, 0x6f, 0x72,
        0x6d, 0x29, 0x20, 0x6c, 0x6f, 0x67, 0x32, 0x20, 0x69, 0x6e, 0x74, 0x6f, 0x20, 0x74, 0x68, 0x65,
        0x0a, 0x2f, 0x2f, 0x20, 0x63, 0x6f, 0x6e, 0x73, 0x74, 0x61, 0x6e, 0x74, 0x20, 0x6c, 0x65, 0x61,
        0x76, 0x65, 0x73, 0x20, 0x74, 0x68, 0x65, 0x20, 0x72, 0x65, 0x73, 0x75, 0x6c, 0x74, 0x20, 0x75,
        0x6e, 0x63, 0x68, 0x61, 0x6e, 0x67, 0x65, 0x64, 0x20, 0x77, 0x68, 0x69, 0x6c, 0x65, 0x20, 0x72,
        0x65, 0x70, 0x6c, 0x61, 0x63, 0x69, 0x6e, 0x67, 0x20, 0x61, 0x20, 0x70, 0x65, 0x72, 0x2d, 0x70,
        0x69, 0x78, 0x65, 0x6c, 0x20, 0x6c, 0x6f, 0x67, 0x32, 0x20, 0x2b, 0x20, 0x65, 0x78, 0x70, 0x32,
        0x20, 0x70, 0x61, 0x69, 0x72, 0x20, 0x77, 0x69, 0x74, 0x68, 0x20, 0x61, 0x0a, 0x2f, 0x2f, 0x20,
        0x73, 0x69, 0x6e, 0x67, 0x6c, 0x65, 0x20, 0x65, 0x78, 0x70, 0x32, 0x2e, 0x0a, 0x76, 0x6f, 0x69,
        0x64, 0x20, 0x56, 0x53, 0x5f, 0x41, 0x70, 0x70, 0x6c, 0x79, 0x46, 0x6f, 0x67, 0x28, 0x0a, 0x20,
        0x20, 0x20, 0x20, 0x69, 0x6e, 0x6f, 0x75, 0x74, 0x20, 0x66, 0x6c, 0x6f, 0x61, 0x74, 0x33, 0x20,
        0x63, 0x6f, 0x6c, 0x6f, 0x72, 0x2c, 0x0a, 0x20, 0x20, 0x20, 0x20, 0x69, 0x6e, 0x20, 0x66, 0x6c,
        0x6f, 0x61, 0x74, 0x20, 0x56, 0x69, 0x65, 0x77, 0x4c, 0x65, 0x6e, 0x67, 0x74, 0x68, 0x2c, 0x0a,
        0x20, 0x20, 0x20, 0x20, 0x69, 0x6e, 0x20, 0x66, 0x6c, 0x6f, 0x61, 0x74, 0x33, 0x20, 0x46, 0x6f,
        0x67, 0x43, 0x6f, 0x6c, 0x6f, 0x72, 0x2c, 0x0a, 0x20, 0x20, 0x20, 0x20, 0x69, 0x6e, 0x20, 0x66,
        0x6c, 0x6f, 0x61, 0x74, 0x20, 0x46, 0x6f, 0x67, 0x44, 0x69, 0x73, 0x74, 0x61, 0x6e, 0x63, 0x65,
        0x2c, 0x0a, 0x20, 0x20, 0x20, 0x20, 0x69, 0x6e, 0x20, 0x66, 0x6c, 0x6f, 0x61, 0x74, 0x20, 0x46,
        0x6f, 0x67, 0x4c, 0x6f, 0x67, 0x44, 0x65, 0x6e, 0x73, 0x69, 0x74, 0x79, 0x0a, 0x29, 0x0a, 0x7b,
        0x0a, 0x0a, 0x09, 0x66, 0x6c, 0x6f, 0x61, 0x74, 0x20, 0x66, 0x20, 0x3d, 0x20, 0x65, 0x78, 0x70,
        0x32, 0x28, 0x6d, 0x61, 0x78, 0x28, 0x28, 0x56, 0x69, 0x65, 0x77, 0x4c, 0x65, 0x6e, 0x67, 0x74,
        0x68, 0x20, 0x2d, 0x20, 0x46, 0x6f, 0x67, 0x44, 0x69, 0x73, 0x74, 0x61, 0x6e, 0x63, 0x65, 0x20,
        0x2f, 0x20, 0x32, 0x2e, 0x30, 0x29, 0x20, 0x2f, 0x20, 0x46, 0x6f, 0x67, 0x44, 0x69, 0x73, 0x74,
        0x61, 0x6e, 0x63, 0x65, 0x2c, 0x20, 0x30, 0x2e, 0x30, 0x29, 0x20, 0x2a, 0x20, 0x46, 0x6f, 0x67,
        0x4c, 0x6f, 0x67, 0x44, 0x65, 0x6e, 0x73, 0x69, 0x74, 0x79, 0x29, 0x3b, 0x0a, 0x0a, 0x09, 0x63,
        0x6f, 0x6c, 0x6f, 0x72, 0x20, 0x3d, 0x20, 0x63, 0x6f, 0x6c, 0x6f, 0x72, 0x20, 0x2a, 0x20, 0x66,
        0x6c, 0x6f, 0x61, 0x74, 0x33, 0x28, 0x66, 0x2c, 0x20, 0x66, 0x2c, 0x20, 0x66, 0x29, 0x20, 0x2b,
        0x20, 0x46, 0x6f, 0x67, 0x43, 0x6f, 0x6c, 0x6f, 0x72, 0x20, 0x2a, 0x20, 0x66, 0x6c, 0x6f, 0x61,
        0x74, 0x33, 0x28, 0x31, 0x2e, 0x30, 0x20, 0x2d, 0x20, 0x66, 0x2c, 0x20, 0x31, 0x2e, 0x30, 0x20,
        0x2d, 0x20, 0x66, 0x2c, 0x20, 0x31, 0x2e, 0x30, 0x20, 0x2d, 0x20, 0x66, 0x29, 0x3b, 0x0a, 0x7d,
        0x0a, 0x0a, 0x66, 0x6c, 0x6f, 0x61, 0x74, 0x34, 0x78, 0x34, 0x20, 0x4c, 0x69, 0x67, 0x68, 0x74,
        0x56, 0x69, 0x65, 0x77, 0x50, 0x72, 0x6f, 0x6a, 0x30, 0x3b, 0x0a, 0x54, 0x65, 0x78, 0x74, 0x75,
        0x72, 0x65, 0x32, 0x44, 0x20, 0x53, 0x68, 0x61, 0x64, 0x6f, 0x77, 0x4d, 0x61, 0x70, 0x30, 0x20,
        0x3a, 0x20, 0x72, 0x65, 0x67, 0x69, 0x73, 0x74, 0x65, 0x72, 0x28, 0x74, 0x30, 0x29, 0x3b, 0x0a,
        0x53, 0x61, 0x6d, 0x70, 0x6c, 0x65, 0x72, 0x53, 0x74, 0x61, 0x74, 0x65, 0x20, 0x53, 0x68, 0x61,
        0x64, 0x6f, 0x77, 0x4d, 0x61, 0x70, 0x53, 0x61, 0x6d, 0x70, 0x6c, 0x65, 0x72, 0x30, 0x20, 0x3a,
        0x20, 0x72, 0x65, 0x67, 0x69, 0x73, 0x74, 0x65, 0x72, 0x28, 0x73, 0x30, 0x29, 0x3b, 0x0a, 0x66,
        0x6c, 0x6f, 0x61, 0x74, 0x34, 0x78, 0x34, 0x20, 0x4c, 0x69, 0x67, 0x68, 0x74, 0x56, 0x69, 0x65,
        0x77, 0x50, 0x72, 0x6f, 0x6a, 0x31, 0x3b, 0x0a, 0x54, 0x65, 0x78, 0x74, 0x75, 0x72, 0x65, 0x32,
        0x44, 0x20, 0x53, 0x68, 0x61, 0x64, 0x6f, 0x77, 0x4d, 0x61, 0x70, 0x31, 0x20, 0x3a, 0x20, 0x72,
        0x65, 0x67, 0x69, 0x73, 0x74, 0x65, 0x72, 0x28, 0x74, 0x31, 0x29, 0x3b, 0x0a, 0x53, 0x61, 0x6d,
        0x70, 0x6c, 0x65, 0x72, 0x53, 0x74, 0x61, 0x74, 0x65, 0x20, 0x53, 0x68, 0x61, 0x64, 0x6f, 0x77,
        0x4d, 0x61, 0x70, 0x53, 0x61, 0x6d, 0x70, 0x6c, 0x65, 0x72, 0x31, 0x20, 0x3a, 0x20, 0x72, 0x65,
        0x67, 0x69, 0x73, 0x74, 0x65, 0x72, 0x28, 0x73, 0x31, 0x29, 0x3b, 0x0a, 0x66, 0x6c, 0x6f, 0x61,
        0x74, 0x34, 0x78, 0x34, 0x20, 0x4c, 0x69, 0x67, 0x68, 0x74, 0x56, 0x69, 0x65, 0x77, 0x50, 0x72,
        0x6f, 0x6a, 0x32, 0x3b, 0x0a, 0x54, 0x65, 0x78, 0x74, 0x75, 0x72, 0x65, 0x32, 0x44, 0x20, 0x53,
        0x68, 0x61, 0x64, 0x6f, 0x77, 0x4d, 0x61, 0x70, 0x32, 0x20, 0x3a, 0x20, 0x72, 0x65, 0x67, 0x69,
        0x73, 0x74, 0x65, 0x72, 0x28, 0x74, 0x32, 0x29, 0x3b, 0x0a, 0x53, 0x61, 0x6d, 0x70, 0x6c, 0x65,
        0x72, 0x53, 0x74, 0x61, 0x74, 0x65, 0x20, 0x53, 0x68, 0x61, 0x64, 0x6f, 0x77, 0x4d, 0x61, 0x70,
        0x53, 0x61, 0x6d, 0x70, 0x6c, 0x65, 0x72, 0x32, 0x20, 0x3a, 0x20, 0x72, 0x65, 0x67, 0x69, 0x73,
        0x74, 0x65, 0x72, 0x28, 0x73, 0x32, 0x29, 0x3b, 0x0a, 0x2f, 0x2f, 0x20, 0x53, 0x68, 0x61, 0x64,
        0x6f, 0x77, 0x2d, 0x6d, 0x61, 0x70, 0x20, 0x64, 0x65, 0x70, 0x74, 0x68, 0x20, 0x62, 0x69, 0x61,
        0x73, 0x2c, 0x20, 0x69, 0x6e, 0x20, 0x6e, 0x6f, 0x72, 0x6d, 0x61, 0x6c, 0x69, 0x7a, 0x65, 0x64,
        0x20, 0x73, 0x68, 0x61, 0x64, 0x6f, 0x77, 0x2d, 0x6d, 0x61, 0x70, 0x20, 0x64, 0x65, 0x70, 0x74,
        0x68, 0x20, 0x28, 0x72, 0x61, 0x6e, 0x67, 0x65, 0x20, 0x5b, 0x30, 0x2e, 0x2e, 0x31, 0x5d, 0x29,
        0x2e, 0x0a, 0x2f, 0x2f, 0x20, 0x20, 0x20, 0x54, 0x6f, 0x6f, 0x20, 0x73, 0x6d, 0x61, 0x6c, 0x6c,
        0x20, 0x2d, 0x3e, 0x20, 0x73, 0x68, 0x61, 0x64, 0x6f, 0x77, 0x20, 0x61, 0x63, 0x6e, 0x65, 0x20,
        0x28, 0x73, 0x68, 0x69, 0x6d, 0x6d, 0x65, 0x72, 0x69, 0x6e, 0x67, 0x20, 0x73, 0x65, 0x6c, 0x66,
        0x2d, 0x73, 0x68, 0x61, 0x64, 0x6f, 0x77, 0x20, 0x6f, 0x6e, 0x20, 0x6c, 0x69, 0x74, 0x20, 0x66,
        0x61, 0x63, 0x65, 0x73, 0x29, 0x2e, 0x0a, 0x2f, 0x2f, 0x20, 0x20, 0x20, 0x54, 0x6f, 0x6f, 0x20,
        0x6c, 0x61, 0x72, 0x67, 0x65, 0x20, 0x2d, 0x3e, 0x20, 0x70, 0x65, 0x74, 0x65, 0x72, 0x2d, 0x70,
        0x61, 0x6e, 0x6e, 0x69, 0x6e, 0x67, 0x20, 0x28, 0x73, 0x68, 0x61, 0x64, 0x6f, 0x77, 0x20, 0x64,
        0x65, 0x74, 0x61, 0x63, 0x68, 0x65, 0x73, 0x20, 0x2f, 0x20, 0x73, 0x6c, 0x69, 0x64, 0x65, 0x73,
        0x20, 0x6f, 0x66, 0x66, 0x20, 0x69, 0x74, 0x73, 0x20, 0x63, 0x61, 0x73, 0x74, 0x65, 0x72, 0x29,
        0x2e, 0x0a, 0x2f, 0x2f, 0x20, 0x4c, 0x6f, 0x77, 0x65, 0x72, 0x65, 0x64, 0x20, 0x66, 0x72, 0x6f,
        0x6d, 0x20, 0x30, 0x2e, 0x32, 0x35, 0x2c, 0x20, 0x77, 0x68, 0x69, 0x63, 0x68, 0x20, 0x77, 0x61,
        0x73, 0x20, 0x7e, 0x31, 0x2f, 0x34, 0x20, 0x6f, 0x66, 0x20, 0x74, 0x68, 0x65, 0x20, 0x77, 0x68,
        0x6f, 0x6c, 0x65, 0x20, 0x64, 0x65, 0x70, 0x74, 0x68, 0x20, 0x72, 0x61, 0x6e, 0x67, 0x65, 0x20,
        0x61, 0x6e, 0x64, 0x20, 0x6d, 0x61, 0x64, 0x65, 0x20, 0x73, 0x68, 0x61, 0x64, 0x6f, 0x77, 0x73,
        0x0a, 0x2f, 0x2f, 0x20, 0x64, 0x65, 0x74, 0x61, 0x63, 0x68, 0x65, 0x64, 0x20, 0x61, 0x6e, 0x64,
        0x20, 0x69, 0x6e, 0x61, 0x63, 0x63, 0x75, 0x72, 0x61, 0x74, 0x65, 0x2e, 0x20, 0x54, 0x75, 0x6e,
        0x65, 0x20, 0x69, 0x6e, 0x20, 0x74, 0x68, 0x65, 0x20, 0x30, 0x2e, 0x30, 0x30, 0x30, 0x35, 0x20,
        0x2e, 0x2e, 0x20, 0x30, 0x2e, 0x30, 0x30, 0x33, 0x20, 0x72, 0x61, 0x6e, 0x67, 0x65, 0x3b, 0x20,
        0x72, 0x61, 0x69, 0x73, 0x65, 0x20, 0x6f, 0x6e, 0x6c, 0x79, 0x20, 0x75, 0x6e, 0x74, 0x69, 0x6c,
        0x0a, 0x2f, 0x2f, 0x20, 0x61, 0x63, 0x6e, 0x65, 0x20, 0x64, 0x69, 0x73, 0x61, 0x70, 0x70, 0x65,
        0x61, 0x72, 0x73, 0x2c, 0x20, 0x6e, 0x6f, 0x20, 0x66, 0x75, 0x72, 0x74, 0x68, 0x65, 0x72, 0x2e,
        0x0a, 0x2f, 0x2f, 0x20, 0x4e, 0x4f, 0x54, 0x45, 0x3a, 0x20, 0x69, 0x66, 0x20, 0x44, 0x65, 0x70,
        0x74, 0x68, 0x42, 0x69, 0x61, 0x73, 0x20, 0x69, 0x73, 0x20, 0x61, 0x6c, 0x73, 0x6f, 0x20, 0x73,
        0x65, 0x74, 0x20, 0x66, 0x72, 0x6f, 0x6d, 0x20, 0x68, 0x6f, 0x73, 0x74, 0x2f, 0x43, 0x23, 0x20,
        0x63, 0x6f, 0x64, 0x65, 0x2c, 0x20, 0x74, 0x68, 0x61, 0x74, 0x20, 0x76, 0x61, 0x6c, 0x75, 0x65,
        0x20, 0x6f, 0x76, 0x65, 0x72, 0x72, 0x69, 0x64, 0x65, 0x73, 0x20, 0x74, 0x68, 0x69, 0x73, 0x0a,
        0x2f, 0x2f, 0x20, 0x64, 0x65, 0x66, 0x61, 0x75, 0x6c, 0x74, 0x20, 0xe2, 0x80, 0x94, 0x20, 0x6c,
        0x6f, 0x77, 0x65, 0x72, 0x20, 0x69, 0x74, 0x20, 0x74, 0x68, 0x65, 0x72, 0x65, 0x20, 0x74, 0x6f,
        0x6f, 0x2e, 0x0a, 0x66, 0x6c, 0x6f, 0x61, 0x74, 0x20, 0x44, 0x65, 0x70, 0x74, 0x68, 0x42, 0x69,
        0x61, 0x73, 0x20, 0x3d, 0x20, 0x30, 0x2e, 0x30, 0x30, 0x30, 0x35, 0x66, 0x3b, 0x0a, 0x66, 0x6c,
        0x6f, 0x61, 0x74, 0x20, 0x4e, 0x75, 0x6d, 0x43, 0x61, 0x73, 0x63, 0x61, 0x64, 0x65, 0x73, 0x20,
        0x3d, 0x20, 0x33, 0x3b, 0x0a, 0x66, 0x6c, 0x6f, 0x61, 0x74, 0x33, 0x20, 0x4c, 0x69, 0x67, 0x68,
        0x74, 0x44, 0x69, 0x72, 0x65, 0x63, 0x74, 0x69, 0x6f, 0x6e, 0x3b, 0x0a, 0x0a, 0x76, 0x6f, 0x69,
        0x64, 0x20, 0x61, 0x70, 0x70, 0x6c, 0x79, 0x53, 0x68, 0x61, 0x64, 0x6f, 0x77, 0x69, 0x6e, 0x67,
        0x53, 0x69, 0x6e, 0x67, 0x6c, 0x65, 0x28, 0x0a, 0x20, 0x20, 0x20, 0x20, 0x69, 0x6e, 0x20, 0x66,
        0x6c, 0x6f, 0x61, 0x74, 0x34, 0x20, 0x77, 0x6f, 0x72, 0x6c, 0x64, 0x50, 0x6f, 0x73, 0x2c, 0x0a,
        0x20, 0x20, 0x20, 0x20, 0x69, 0x6e, 0x20, 0x66, 0x6c, 0x6f, 0x61, 0x74, 0x34, 0x78, 0x34, 0x20,
        0x6c, 0x69, 0x67, 0x68, 0x74, 0x56, 0x69, 0x65, 0x77, 0x50, 0x72, 0x6f, 0x6a, 0x2c, 0x0a, 0x20,
        0x20, 0x20, 0x20, 0x69, 0x6e, 0x20, 0x54, 0x65, 0x78, 0x74, 0x75, 0x72, 0x65, 0x32, 0x44, 0x20,
        0x73, 0x68, 0x61, 0x64, 0x6f, 0x77, 0x4d, 0x61, 0x70, 0x53, 0x61, 0x6d, 0x70, 0x6c, 0x65, 0x72,
        0x54, 0x65, 0x78, 0x74, 0x75, 0x72, 0x65, 0x2c, 0x20, 0x69, 0x6e, 0x20, 0x53, 0x61, 0x6d, 0x70,
        0x6c, 0x65, 0x72, 0x53, 0x74, 0x61, 0x74, 0x65, 0x20, 0x73, 0x68, 0x61, 0x64, 0x6f, 0x77, 0x4d,
        0x61, 0x70, 0x53, 0x61, 0x6d, 0x70, 0x6c, 0x65, 0x72, 0x2c, 0x0a, 0x20, 0x20, 0x20, 0x20, 0x6f,
        0x75, 0x74, 0x20, 0x62, 0x6f, 0x6f, 0x6c, 0x20, 0x69, 0x73, 0x49, 0x6e, 0x4c, 0x69, 0x67, 0x68,
        0x74, 0x2c, 0x0a, 0x20, 0x20, 0x20, 0x20, 0x6f, 0x75, 0x74, 0x20, 0x62, 0x6f, 0x6f, 0x6c, 0x20,
        0x69, 0x73, 0x53, 0x68, 0x61, 0x64, 0x6f, 0x77, 0x65, 0x64, 0x0a, 0x29, 0x7b, 0x0a, 0x20, 0x20,
        0x20, 0x20, 0x69, 0x73, 0x53, 0x68, 0x61, 0x64, 0x6f, 0x77, 0x65, 0x64, 0x20, 0x3d, 0x20, 0x66,
        0x61, 0x6c, 0x73, 0x65, 0x3b, 0x0a, 0x0a, 0x20, 0x20, 0x20, 0x20, 0x2f, 0x2f, 0x20, 0x46, 0x69,
        0x6e, 0x64, 0x20, 0x74, 0x68, 0x65, 0x20, 0x70, 0x6f, 0x73, 0x69, 0x74, 0x69, 0x6f, 0x6e, 0x20,
        0x6f, 0x66, 0x20, 0x74, 0x68, 0x69, 0x73, 0x20, 0x70, 0x69, 0x78, 0x65, 0x6c, 0x20, 0x69, 0x6e,
        0x20, 0x6c, 0x69, 0x67, 0x68, 0x74, 0x20, 0x73, 0x70, 0x61, 0x63, 0x65, 0x0a, 0x20, 0x20, 0x20,
        0x20, 0x66, 0x6c, 0x6f, 0x61, 0x74, 0x34, 0x20, 0x6c, 0x69, 0x67, 0x68, 0x74, 0x69, 0x6e, 0x67,
        0x50, 0x6f, 0x73, 0x69, 0x74, 0x69, 0x6f, 0x6e, 0x20, 0x3d, 0x20, 0x6d, 0x75, 0x6c, 0x28, 0x77,
        0x6f, 0x72, 0x6c, 0x64, 0x50, 0x6f, 0x73, 0x2c, 0x20, 0x6c, 0x69, 0x67, 0x68, 0x74, 0x56, 0x69,
        0x65, 0x77, 0x50, 0x72, 0x6f, 0x6a, 0x29, 0x3b, 0x0a, 0x0a, 0x20, 0x20, 0x20, 0x20, 0x2f, 0x2f,
        0x20, 0x46, 0x69, 0x6e, 0x64, 0x20, 0x74, 0x68, 0x65, 0x20, 0x70, 0x6f, 0x73, 0x69, 0x74, 0x69,
        0x6f, 0x6e, 0x20, 0x69, 0x6e, 0x20, 0x74, 0x68, 0x65, 0x20, 0x73, 0x68, 0x61, 0x64, 0x6f, 0x77,
        0x20, 0x6d, 0x61, 0x70, 0x20, 0x66, 0x6f, 0x72, 0x20, 0x74, 0x68, 0x69, 0x73, 0x20, 0x70, 0x69,
        0x78, 0x65, 0x6c, 0x0a, 0x20, 0x20, 0x20, 0x20, 0x66, 0x6c, 0x6f, 0x61, 0x74, 0x32, 0x20, 0x73,
        0x68, 0x61, 0x64, 0x6f, 0x77, 0x54, 0x65, 0x78, 0x43, 0x6f, 0x6f, 0x72, 0x64, 0x20, 0x3d, 0x20,
        0x30, 0x2e, 0x35, 0x20, 0x2a, 0x20, 0x6c, 0x69, 0x67, 0x68, 0x74, 0x69, 0x6e, 0x67, 0x50, 0x6f,
        0x73, 0x69, 0x74, 0x69, 0x6f, 0x6e, 0x2e, 0x78, 0x79, 0x20, 0x2f, 0x0a, 0x20, 0x20, 0x20, 0x20,
        0x20, 0x20, 0x20, 0x20, 0x20, 0x20, 0x20, 0x20, 0x20, 0x20, 0x20, 0x20, 0x20, 0x20, 0x20, 0x20,
        0x20, 0x20, 0x20, 0x20, 0x20, 0x20, 0x20, 0x20, 0x6c, 0x69, 0x67, 0x68, 0x74, 0x69, 0x6e, 0x67,
        0x50, 0x6f, 0x73, 0x69, 0x74, 0x69, 0x6f, 0x6e, 0x2e, 0x77, 0x20, 0x2b, 0x20, 0x66, 0x6c, 0x6f,
        0x61, 0x74, 0x32, 0x28, 0x20, 0x30, 0x2e, 0x35, 0x2c, 0x20, 0x30, 0x2e, 0x35, 0x20, 0x29, 0x3b,
        0x0a, 0x20, 0x20, 0x20, 0x20, 0x73, 0x68, 0x61, 0x64, 0x6f, 0x77, 0x54, 0x65, 0x78, 0x43, 0x6f,
        0x6f, 0x72, 0x64, 0x2e, 0x79, 0x20, 0x3d, 0x20, 0x31, 0x2e, 0x30, 0x66, 0x20, 0x2d, 0x20, 0x73,
        0x68, 0x61, 0x64, 0x6f, 0x77, 0x54, 0x65, 0x78, 0x43, 0x6f, 0x6f, 0x72, 0x64, 0x2e, 0x79, 0x3b,
        0x0a, 0x0a, 0x20, 0x20, 0x20, 0x20, 0x2f, 0x2f, 0x20, 0x4f, 0x6e, 0x6c, 0x79, 0x20, 0x61, 0x70,
        0x70, 0x6c, 0x79, 0x20, 0x73, 0x68, 0x61, 0x64, 0x6f, 0x77, 0x73, 0x20, 0x69, 0x66, 0x20, 0x77,
        0x65, 0x27, 0x72, 0x65, 0x20, 0x69, 0x6e, 0x73, 0x69, 0x64, 0x65, 0x20, 0x74, 0x68, 0x65, 0x20,
        0x6c, 0x69, 0x67, 0x68, 0x74, 0x27, 0x73, 0x20, 0x76, 0x69, 0x65, 0x77, 0x20, 0x66, 0x72, 0x75,
        0x73, 0x74, 0x75, 0x6d, 0x0a, 0x20, 0x20, 0x20, 0x20, 0x69, 0x66, 0x20, 0x28, 0x73, 0x68, 0x61,
        0x64, 0x6f, 0x77, 0x54, 0x65, 0x78, 0x43, 0x6f, 0x6f, 0x72, 0x64, 0x2e, 0x78, 0x20, 0x3e, 0x3d,
        0x20, 0x30, 0x2e, 0x30, 0x20, 0x26, 0x26, 0x20, 0x73, 0x68, 0x61, 0x64, 0x6f, 0x77, 0x54, 0x65,
        0x78, 0x43, 0x6f, 0x6f, 0x72, 0x64, 0x2e, 0x78, 0x20, 0x3c, 0x3d, 0x20, 0x31, 0x2e, 0x30, 0x20,
        0x26, 0x26, 0x0a, 0x20, 0x20, 0x20, 0x20, 0x20, 0x20, 0x20, 0x20, 0x73, 0x68, 0x61, 0x64, 0x6f,
        0x77, 0x54, 0x65, 0x78, 0x43, 0x6f, 0x6f, 0x72, 0x64, 0x2e, 0x79, 0x20, 0x3e, 0x3d, 0x20, 0x30,
        0x2e, 0x30, 0x20, 0x26, 0x26, 0x20, 0x73, 0x68, 0x61, 0x64, 0x6f, 0x77, 0x54, 0x65, 0x78, 0x43,
        0x6f, 0x6f, 0x72, 0x64, 0x2e, 0x79, 0x20, 0x3c, 0x3d, 0x20, 0x31, 0x2e, 0x30, 0x20, 0x26, 0x26,
        0x0a, 0x20, 0x20, 0x20, 0x20, 0x20, 0x20, 0x20, 0x20, 0x6c, 0x69, 0x67, 0x68, 0x74, 0x69, 0x6e,
        0x67, 0x50, 0x6f, 0x73, 0x69, 0x74, 0x69, 0x6f, 0x6e, 0x2e, 0x7a, 0x20, 0x3e, 0x20, 0x30, 0x2e,
        0x30, 0x29, 0x0a, 0x20, 0x20, 0x20, 0x20, 0x7b, 0x0a, 0x20, 0x20, 0x20, 0x20, 0x20, 0x20, 0x20,
        0x20, 0x2f, 0x2f, 0x20, 0x47, 0x65, 0x74, 0x20, 0x74, 0x68, 0x65, 0x20, 0x63, 0x75, 0x72, 0x72,
        0x65, 0x6e, 0x74, 0x20, 0x64, 0x65, 0x70, 0x74, 0x68, 0x20, 0x73, 0x74, 0x6f, 0x72, 0x65, 0x64,
        0x20, 0x69, 0x6e, 0x20, 0x74, 0x68, 0x65, 0x20, 0x73, 0x68, 0x61, 0x64, 0x6f, 0x77, 0x20, 0x6d,
        0x61, 0x70, 0x0a, 0x20, 0x20, 0x20, 0x20, 0x20, 0x20, 0x20, 0x20, 0x66, 0x6c, 0x6f, 0x61, 0x74,
        0x20, 0x73, 0x68, 0x61, 0x64, 0x6f, 0x77, 0x64, 0x65, 0x70, 0x74, 0x68, 0x20, 0x3d, 0x20, 0x73,
        0x68, 0x61, 0x64, 0x6f, 0x77, 0x4d, 0x61, 0x70, 0x53, 0x61, 0x6d, 0x70, 0x6c, 0x65, 0x72, 0x54,
        0x65, 0x78, 0x74, 0x75, 0x72, 0x65, 0x2e, 0x53, 0x61, 0x6d, 0x70, 0x6c, 0x65, 0x28, 0x73, 0x68,
        0x61, 0x64, 0x6f, 0x77, 0x4d, 0x61, 0x70, 0x53, 0x61, 0x6d, 0x70, 0x6c, 0x65, 0x72, 0x2c, 0x20,
        0x73, 0x68, 0x61, 0x64, 0x6f, 0x77, 0x54, 0x65, 0x78, 0x43, 0x6f, 0x6f, 0x72, 0x64, 0x29, 0x2e,
        0x72, 0x3b, 0x0a, 0x0a, 0x20, 0x20, 0x20, 0x20, 0x20, 0x20, 0x20, 0x20, 0x2f, 0x2f, 0x20, 0x43,
        0x61, 0x6c, 0x63, 0x75, 0x6c, 0x61, 0x74, 0x65, 0x20, 0x74, 0x68, 0x65, 0x20, 0x63, 0x75, 0x72,
        0x72, 0x65, 0x6e, 0x74, 0x20, 0x70, 0x69, 0x78, 0x65, 0x6c, 0x20, 0x64, 0x65, 0x70, 0x74, 0x68,
        0x0a, 0x20, 0x20, 0x20, 0x20, 0x20, 0x20, 0x20, 0x20, 0x2f, 0x2f, 0x20, 0x54, 0x68, 0x65, 0x20,
        0x62, 0x69, 0x61, 0x73, 0x20, 0x69, 0x73, 0x20, 0x75, 0x73, 0x65, 0x64, 0x20, 0x74, 0x6f, 0x20,
        0x70, 0x72, 0x65, 0x76, 0x65, 0x6e, 0x74, 0x20, 0x66, 0x6c, 0x6f, 0x61, 0x74, 0x69, 0x6e, 0x67,
        0x20, 0x70, 0x6f, 0x69, 0x6e, 0x74, 0x20, 0x65, 0x72, 0x72, 0x6f, 0x72, 0x73, 0x20, 0x74, 0x68,
        0x61, 0x74, 0x20, 0x6f, 0x63, 0x63, 0x75, 0x72, 0x20, 0x77, 0x68, 0x65, 0x6e, 0x0a, 0x20, 0x20,
        0x20, 0x20, 0x20, 0x20, 0x20, 0x20, 0x2f, 0x2f, 0x20, 0x74, 0x68, 0x65, 0x20, 0x70, 0x69, 0x78,
        0x65, 0x6c, 0x20, 0x6f, 0x66, 0x20, 0x74, 0x68, 0x65, 0x20, 0x6f, 0x63, 0x63, 0x6c, 0x75, 0x64,
        0x65, 0x72, 0x20, 0x69, 0x73, 0x20, 0x62, 0x65, 0x69, 0x6e, 0x67, 0x20, 0x64, 0x72, 0x61, 0x77,
        0x6e, 0x0a, 0x20, 0x20, 0x20, 0x20, 0x20, 0x20, 0x20, 0x20, 0x66, 0x6c, 0x6f, 0x61, 0x74, 0x20,
        0x6f, 0x75, 0x72, 0x64, 0x65, 0x70, 0x74, 0x68, 0x20, 0x3d, 0x20, 0x28, 0x6c, 0x69, 0x67, 0x68,
        0x74, 0x69, 0x6e, 0x67, 0x50, 0x6f, 0x73, 0x69, 0x74, 0x69, 0x6f, 0x6e, 0x2e, 0x7a, 0x20, 0x2f,
        0x20, 0x6c, 0x69, 0x67, 0x68, 0x74, 0x69, 0x6e, 0x67, 0x50, 0x6f, 0x73, 0x69, 0x74, 0x69, 0x6f,
        0x6e, 0x2e, 0x77, 0x29, 0x3b, 0x0a, 0x0a, 0x20, 0x20, 0x20, 0x20, 0x20, 0x20, 0x20, 0x20, 0x2f,
        0x2f, 0x20, 0x53, 0x6c, 0x6f, 0x70, 0x65, 0x2d, 0x73, 0x63, 0x61, 0x6c, 0x65, 0x64, 0x20, 0x62,
        0x69, 0x61, 0x73, 0x20, 0x66, 0x72, 0x6f, 0x6d, 0x20, 0x6c, 0x69, 0x67, 0x68, 0x74, 0x2d, 0x73,
        0x70, 0x61, 0x63, 0x65, 0x20, 0x64, 0x65, 0x70, 0x74, 0x68, 0x20, 0x64, 0x65, 0x72, 0x69, 0x76,
        0x61, 0x74, 0x69, 0x76, 0x65, 0x73, 0x0a, 0x20, 0x20, 0x20, 0x20, 0x20, 0x20, 0x20, 0x20, 0x66,
        0x6c, 0x6f, 0x61, 0x74, 0x20, 0x64, 0x7a, 0x64, 0x78, 0x20, 0x3d, 0x20, 0x64, 0x64, 0x78, 0x28,
        0x6f, 0x75, 0x72, 0x64, 0x65, 0x70, 0x74, 0x68, 0x29, 0x3b, 0x0a, 0x20, 0x20, 0x20, 0x20, 0x20,
        0x20, 0x20, 0x20, 0x66, 0x6c, 0x6f, 0x61, 0x74, 0x20, 0x64, 0x7a, 0x64, 0x79, 0x20, 0x3d, 0x20,
        0x64, 0x64, 0x79, 0x28, 0x6f, 0x75, 0x72, 0x64, 0x65, 0x70, 0x74, 0x68, 0x29, 0x3b, 0x0a, 0x20,
        0x20, 0x20, 0x20, 0x20, 0x20, 0x20, 0x20, 0x66, 0x6c, 0x6f, 0x61, 0x74, 0x20, 0x73, 0x6c, 0x6f,
        0x70, 0x65, 0x46, 0x61, 0x63, 0x74, 0x6f, 0x72, 0x20, 0x3d, 0x20, 0x73, 0x71, 0x72, 0x74, 0x28,
        0x64, 0x7a, 0x64, 0x78, 0x20, 0x2a, 0x20, 0x64, 0x7a, 0x64, 0x78, 0x20, 0x2b, 0x20, 0x64, 0x7a,
        0x64, 0x79, 0x20, 0x2a, 0x20, 0x64, 0x7a, 0x64, 0x79, 0x29, 0x3b, 0x0a, 0x20, 0x20, 0x20, 0x20,
        0x20, 0x20, 0x20, 0x20, 0x66, 0x6c, 0x6f, 0x61, 0x74, 0x20, 0x62, 0x69, 0x61, 0x73, 0x20, 0x3d,
        0x20, 0x44, 0x65, 0x70, 0x74, 0x68, 0x42, 0x69, 0x61, 0x73, 0x20, 0x2b, 0x20, 0x63, 0x6c, 0x61,
        0x6d, 0x70, 0x28, 0x73, 0x6c, 0x6f, 0x70, 0x65, 0x46, 0x61, 0x63, 0x74, 0x6f, 0x72, 0x20, 0x2a,
        0x20, 0x31, 0x2e, 0x30, 0x2c, 0x20, 0x30, 0x2e, 0x30, 0x2c, 0x20, 0x30, 0x2e, 0x30, 0x31, 0x29,
        0x3b, 0x20, 0x2f, 0x2f, 0x20, 0x73, 0x6c, 0x6f, 0x70, 0x65, 0x2d, 0x73, 0x63, 0x61, 0x6c, 0x65,
        0x64, 0x20, 0x61, 0x64, 0x64, 0x2d, 0x6f, 0x6e, 0x20, 0x28, 0x30, 0x20, 0x2e, 0x2e, 0x20, 0x30,
        0x2e, 0x30, 0x31, 0x29, 0x0a, 0x0a, 0x20, 0x20, 0x20, 0x20, 0x20, 0x20, 0x20, 0x20, 0x6f, 0x75,
        0x72, 0x64, 0x65, 0x70, 0x74, 0x68, 0x20, 0x2d, 0x3d, 0x20, 0x62, 0x69, 0x61, 0x73, 0x3b, 0x0a,
        0x0a, 0x20, 0x20, 0x20, 0x20, 0x20, 0x20, 0x20, 0x20, 0x2f, 0x2f, 0x20, 0x43, 0x68, 0x65, 0x63,
        0x6b, 0x20, 0x74, 0x6f, 0x20, 0x73, 0x65, 0x65, 0x20, 0x69, 0x66, 0x20, 0x74, 0x68, 0x69, 0x73,
        0x20, 0x70, 0x69, 0x78, 0x65, 0x6c, 0x20, 0x69, 0x73, 0x20, 0x69, 0x6e, 0x20, 0x66, 0x72, 0x6f,
        0x6e, 0x74, 0x20, 0x6f, 0x72, 0x20, 0x62, 0x65, 0x68, 0x69, 0x6e, 0x64, 0x20, 0x74, 0x68, 0x65,
        0x20, 0x76, 0x61, 0x6c, 0x75, 0x65, 0x20, 0x69, 0x6e, 0x20, 0x74, 0x68, 0x65, 0x20, 0x73, 0x68,
        0x61, 0x64, 0x6f, 0x77, 0x20, 0x6d, 0x61, 0x70, 0x0a, 0x20, 0x20, 0x20, 0x20, 0x20, 0x20, 0x20,
        0x20, 0x69, 0x66, 0x20, 0x28, 0x73, 0x68, 0x61, 0x64, 0x6f, 0x77, 0x64, 0x65, 0x70, 0x74, 0x68,
        0x20, 0x3c, 0x20, 0x6f, 0x75, 0x72, 0x64, 0x65, 0x70, 0x74, 0x68, 0x29, 0x0a, 0x20, 0x20, 0x20,
        0x20, 0x20, 0x20, 0x20, 0x20, 0x7b, 0x0a, 0x20, 0x20, 0x20, 0x20, 0x20, 0x20, 0x20, 0x20, 0x20,
        0x20, 0x20, 0x20, 0x2f, 0x2f, 0x20, 0x54, 0x68, 0x69, 0x73, 0x20, 0x70, 0x69, 0x78, 0x65, 0x6c,
        0x20, 0x69, 0x73, 0x20, 0x6f, 0x63, 0x63, 0x6c, 0x75, 0x64, 0x65, 0x64, 0x20, 0x66, 0x72, 0x6f,
        0x6d, 0x20, 0x74, 0x68, 0x65, 0x20, 0x6c, 0x69, 0x67, 0x68, 0x74, 0x0a, 0x20, 0x20, 0x20, 0x20,
        0x20, 0x20, 0x20, 0x20, 0x20, 0x20, 0x20, 0x20, 0x69, 0x73, 0x53, 0x68, 0x61, 0x64, 0x6f, 0x77,
        0x65, 0x64, 0x20, 0x3d, 0x20, 0x74, 0x72, 0x75, 0x65, 0x3b, 0x0a, 0x20, 0x20, 0x20, 0x20, 0x20,
        0x20, 0x20, 0x20, 0x7d, 0x0a, 0x0a, 0x20, 0x20, 0x20, 0x20, 0x20, 0x20, 0x20, 0x20, 0x69, 0x73,
        0x49, 0x6e, 0x4c, 0x69, 0x67, 0x68, 0x74, 0x20, 0x3d, 0x20, 0x74, 0x72, 0x75, 0x65, 0x3b, 0x0a,
        0x20, 0x20, 0x20, 0x20, 0x7d, 0x20, 0x65, 0x6c, 0x73, 0x65, 0x20, 0x7b, 0x0a, 0x20, 0x20, 0x20,
        0x20, 0x20, 0x20, 0x20, 0x20, 0x69, 0x73, 0x49, 0x6e, 0x4c, 0x69, 0x67, 0x68, 0x74, 0x20, 0x3d,
        0x20, 0x66, 0x61, 0x6c, 0x73, 0x65, 0x3b, 0x0a, 0x20, 0x20, 0x20, 0x20, 0x7d, 0x0a, 0x7d, 0x0a,
        0x0a, 0x62, 0x6f, 0x6f, 0x6c, 0x20, 0x50, 0x53, 0x5f, 0x49, 0x73, 0x53, 0x68, 0x61, 0x64, 0x6f,
        0x77, 0x65, 0x64, 0x28, 0x0a, 0x20, 0x20, 0x20, 0x20, 0x69, 0x6e, 0x20, 0x66, 0x6c, 0x6f, 0x61,
        0x74, 0x34, 0x20, 0x77, 0x6f, 0x72, 0x6c, 0x64, 0x50, 0x6f, 0x73, 0x2c, 0x0a, 0x20, 0x20, 0x20,
        0x20, 0x69, 0x6e, 0x20, 0x66, 0x6c, 0x6f, 0x61, 0x74, 0x33, 0x20, 0x66, 0x61, 0x63, 0x65, 0x4e,
        0x6f, 0x72, 0x6d, 0x61, 0x6c, 0x0a, 0x29, 0x0a, 0x7b, 0x0a, 0x20, 0x20, 0x20, 0x20, 0x69, 0x66,
        0x20, 0x28, 0x4e, 0x75, 0x6d, 0x43, 0x61, 0x73, 0x63, 0x61, 0x64, 0x65, 0x73, 0x20, 0x3e, 0x20,
        0x30, 0x29, 0x0a, 0x20, 0x20, 0x20, 0x20, 0x7b, 0x0a, 0x20, 0x20, 0x20, 0x20, 0x20, 0x20, 0x20,
        0x20, 0x2f, 0x2f, 0x20, 0x48, 0x6f, 0x77, 0x20, 0x6d, 0x75, 0x63, 0x68, 0x20, 0x64, 0x6f, 0x65,
        0x73, 0x20, 0x74, 0x68, 0x69, 0x73, 0x20, 0x73, 0x75, 0x72, 0x66, 0x61, 0x63, 0x65, 0x20, 0x66,
        0x61, 0x63, 0x65, 0x20, 0x74, 0x68, 0x65, 0x20, 0x6c, 0x69, 0x67, 0x68, 0x74, 0x3f, 0x0a, 0x20,
        0x20, 0x20, 0x20, 0x20, 0x20, 0x20, 0x20, 0x2f, 0x2f, 0x20, 0x4c, 0x69, 0x67, 0x68, 0x74, 0x44,
        0x69, 0x72, 0x65, 0x63, 0x74, 0x69, 0x6f, 0x6e, 0x20, 0x70, 0x6f, 0x69, 0x6e, 0x74, 0x73, 0x20,
        0x54, 0x4f, 0x57, 0x41, 0x52, 0x44, 0x20, 0x74, 0x68, 0x65, 0x20, 0x6c, 0x69, 0x67, 0x68, 0x74,
        0x20, 0x28, 0x65, 0x2e, 0x67, 0x2e, 0x20, 0x28, 0x30, 0x2c, 0x31, 0x2c, 0x30, 0x29, 0x20, 0x3d,
        0x20, 0x6c, 0x69, 0x67, 0x68, 0x74, 0x20, 0x61, 0x62, 0x6f, 0x76, 0x65, 0x29, 0x2e, 0x0a, 0x20,
        0x20, 0x20, 0x20, 0x20, 0x20, 0x20, 0x20, 0x2f, 0x2f, 0x20, 0x41, 0x20, 0x64, 0x6f, 0x74, 0x20,
        0x70, 0x72, 0x6f, 0x64, 0x75, 0x63, 0x74, 0x20, 0x6e, 0x65, 0x61, 0x72, 0x20, 0x30, 0x20, 0x6d,
        0x65, 0x61, 0x6e, 0x73, 0x20, 0x74, 0x68, 0x65, 0x20, 0x73, 0x75, 0x72, 0x66, 0x61, 0x63, 0x65,
        0x20, 0x69, 0x73, 0x20, 0x70, 0x61, 0x72, 0x61, 0x6c, 0x6c, 0x65, 0x6c, 0x20, 0x74, 0x6f, 0x20,
        0x74, 0x68, 0x65, 0x20, 0x6c, 0x69, 0x67, 0x68, 0x74, 0x20, 0x72, 0x61, 0x79, 0x73, 0x0a, 0x20,
        0x20, 0x20, 0x20, 0x20, 0x20, 0x20, 0x20, 0x2f, 0x2f, 0x20, 0xe2, 0x80, 0x94, 0x20, 0x74, 0x68,
        0x65, 0x73, 0x65, 0x20, 0x61, 0x72, 0x65, 0x20, 0x74, 0x68, 0x65, 0x20, 0x73, 0x75, 0x72, 0x66,
        0x61, 0x63, 0x65, 0x73, 0x20, 0x74, 0x68, 0x61, 0x74, 0x20, 0x66, 0x6c, 0x69, 0x63, 0x6b, 0x65,
        0x72, 0x2e, 0x20, 0x53, 0x6b, 0x69, 0x70, 0x20, 0x73, 0x68, 0x61, 0x64, 0x6f, 0x77, 0x69, 0x6e,
        0x67, 0x20, 0x66, 0x6f, 0x72, 0x20, 0x74, 0x68, 0x65, 0x6d, 0x2e, 0x0a, 0x20, 0x20, 0x20, 0x20,
        0x20, 0x20, 0x20, 0x20, 0x66, 0x6c, 0x6f, 0x61, 0x74, 0x20, 0x4e, 0x64, 0x6f, 0x74, 0x4c, 0x20,
        0x3d, 0x20, 0x61, 0x62, 0x73, 0x28, 0x64, 0x6f, 0x74, 0x28, 0x66, 0x61, 0x63, 0x65, 0x4e, 0x6f,
        0x72, 0x6d, 0x61, 0x6c, 0x2c, 0x20, 0x4c, 0x69, 0x67, 0x68, 0x74, 0x44, 0x69, 0x72, 0x65, 0x63,
        0x74, 0x69, 0x6f, 0x6e, 0x29, 0x29, 0x3b, 0x0a, 0x0a, 0x20, 0x20, 0x20, 0x20, 0x20, 0x20, 0x20,
        0x20, 0x2f, 0x2f, 0x20, 0x54, 0x68, 0x72, 0x65, 0x73, 0x68, 0x6f, 0x6c, 0x64, 0x20, 0x62, 0x65,
        0x6c, 0x6f, 0x77, 0x20, 0x77, 0x68, 0x69, 0x63, 0x68, 0x20, 0x77, 0x65, 0x20, 0x63, 0x6f, 0x6e,
        0x73, 0x69, 0x64, 0x65, 0x72, 0x20, 0x74, 0x68, 0x65, 0x20, 0x73, 0x75, 0x72, 0x66, 0x61, 0x63,
        0x65, 0x20, 0x74, 0x6f, 0x6f, 0x20, 0x70, 0x61, 0x72, 0x61, 0x6c, 0x6c, 0x65, 0x6c, 0x20, 0x74,
        0x6f, 0x20, 0x73, 0x68, 0x61, 0x64, 0x6f, 0x77, 0x20, 0x72, 0x65, 0x6c, 0x69, 0x61, 0x62, 0x6c,
        0x79, 0x2e, 0x0a, 0x20, 0x20, 0x20, 0x20, 0x20, 0x20, 0x20, 0x20, 0x2f, 0x2f, 0x20, 0x30, 0x2e,
        0x31, 0x20, 0xe2, 0x89, 0x88, 0x20, 0x73, 0x75, 0x72, 0x66, 0x61, 0x63, 0x65, 0x73, 0x20, 0x77,
        0x69, 0x74, 0x68, 0x69, 0x6e, 0x20, 0x7e, 0x38, 0x34, 0xc2, 0xb0, 0x20, 0x6f, 0x66, 0x20, 0x74,
        0x68, 0x65, 0x20, 0x6c, 0x69, 0x67, 0x68, 0x74, 0x20, 0x64, 0x69, 0x72, 0x65, 0x63, 0x74, 0x69,
        0x6f, 0x6e, 0x20, 0x61, 0x72, 0x65, 0x20, 0x65, 0x78, 0x63, 0x6c, 0x75, 0x64, 0x65, 0x64, 0x2e,
        0x0a, 0x20, 0x20, 0x20, 0x20, 0x20, 0x20, 0x20, 0x20, 0x69, 0x66, 0x20, 0x28, 0x4e, 0x64, 0x6f,
        0x74, 0x4c, 0x20, 0x3e, 0x3d, 0x20, 0x30, 0x2e, 0x30, 0x35, 0x29, 0x0a, 0x20, 0x20, 0x20, 0x20,
        0x20, 0x20, 0x20, 0x20, 0x7b, 0x0a, 0x20, 0x20, 0x20, 0x20, 0x20, 0x20, 0x20, 0x20, 0x20, 0x20,
        0x20, 0x20, 0x62, 0x6f, 0x6f, 0x6c, 0x20, 0x69, 0x73, 0x49, 0x6e, 0x4c, 0x69, 0x67, 0x68, 0x74,
        0x30, 0x20, 0x3d, 0x20, 0x66, 0x61, 0x6c, 0x73, 0x65, 0x3b, 0x0a, 0x20, 0x20, 0x20, 0x20, 0x20,
        0x20, 0x20, 0x20, 0x20, 0x20, 0x20, 0x20, 0x62, 0x6f, 0x6f, 0x6c, 0x20, 0x69, 0x73, 0x53, 0x68,
        0x61, 0x64, 0x6f, 0x77, 0x65, 0x64, 0x30, 0x20, 0x3d, 0x20, 0x66, 0x61, 0x6c, 0x73, 0x65, 0x3b,
        0x0a, 0x20, 0x20, 0x20, 0x20, 0x20, 0x20, 0x20, 0x20, 0x20, 0x20, 0x20, 0x20, 0x61, 0x70, 0x70,
        0x6c, 0x79, 0x53, 0x68, 0x61, 0x64, 0x6f, 0x77, 0x69, 0x6e, 0x67, 0x53, 0x69, 0x6e, 0x67, 0x6c,
        0x65, 0x28, 0x77, 0x6f, 0x72, 0x6c, 0x64, 0x50, 0x6f, 0x73, 0x2c, 0x20, 0x4c, 0x69, 0x67, 0x68,
        0x74, 0x56, 0x69, 0x65, 0x77, 0x50, 0x72, 0x6f, 0x6a, 0x30, 0x2c, 0x20, 0x53, 0x68, 0x61, 0x64,
        0x6f, 0x77, 0x4d, 0x61, 0x70, 0x30, 0x2c, 0x20, 0x53, 0x68, 0x61, 0x64, 0x6f, 0x77, 0x4d, 0x61,
        0x70, 0x53, 0x61, 0x6d, 0x70, 0x6c, 0x65, 0x72, 0x30, 0x2c, 0x20, 0x69, 0x73, 0x49, 0x6e, 0x4c,
        0x69, 0x67, 0x68, 0x74, 0x30, 0x2c, 0x20, 0x69, 0x73, 0x53, 0x68, 0x61, 0x64, 0x6f, 0x77, 0x65,
        0x64, 0x30, 0x29, 0x3b, 0x0a, 0x20, 0x20, 0x20, 0x20, 0x20, 0x20, 0x20, 0x20, 0x20, 0x20, 0x20,
        0x20, 0x69, 0x66, 0x20, 0x28, 0x69, 0x73, 0x49, 0x6e, 0x4c, 0x69, 0x67, 0x68, 0x74, 0x30, 0x29,
        0x20, 0x72, 0x65, 0x74, 0x75, 0x72, 0x6e, 0x20, 0x69, 0x73, 0x53, 0x68, 0x61, 0x64, 0x6f, 0x77,
        0x65, 0x64, 0x30, 0x3b, 0x0a, 0x0a, 0x20, 0x20, 0x20, 0x20, 0x20, 0x20, 0x20, 0x20, 0x20, 0x20,
        0x20, 0x20, 0x69, 0x66, 0x20, 0x28, 0x4e, 0x75, 0x6d, 0x43, 0x61, 0x73, 0x63, 0x61, 0x64, 0x65,
        0x73, 0x20, 0x3e, 0x20, 0x31, 0x29, 0x0a, 0x20, 0x20, 0x20, 0x20, 0x20, 0x20, 0x20, 0x20, 0x20,
        0x20, 0x20, 0x20, 0x7b, 0x0a, 0x20, 0x20, 0x20, 0x20, 0x20, 0x20, 0x20, 0x20, 0x20, 0x20, 0x20,
        0x20, 0x20, 0x20, 0x20, 0x20, 0x62, 0x6f, 0x6f, 0x6c, 0x20, 0x69, 0x73, 0x49, 0x6e, 0x4c, 0x69,
        0x67, 0x68, 0x74, 0x31, 0x20, 0x3d, 0x20, 0x66, 0x61, 0x6c, 0x73, 0x65, 0x3b, 0x0a, 0x20, 0x20,
        0x20, 0x20, 0x20, 0x20, 0x20, 0x20, 0x20, 0x20, 0x20, 0x20, 0x20, 0x20, 0x20, 0x20, 0x62, 0x6f,
        0x6f, 0x6c, 0x20, 0x69, 0x73, 0x53, 0x68, 0x61, 0x64, 0x6f, 0x77, 0x65, 0x64, 0x31, 0x20, 0x3d,
        0x20, 0x66, 0x61, 0x6c, 0x73, 0x65, 0x3b, 0x0a, 0x20, 0x20, 0x20, 0x20, 0x20, 0x20, 0x20, 0x20,
        0x20, 0x20, 0x20, 0x20, 0x20, 0x20, 0x20, 0x20, 0x61, 0x70, 0x70, 0x6c, 0x79, 0x53, 0x68, 0x61,
        0x64, 0x6f, 0x77, 0x69, 0x6e, 0x67, 0x53, 0x69, 0x6e, 0x67, 0x6c, 0x65, 0x28, 0x77, 0x6f, 0x72,
        0x6c, 0x64, 0x50, 0x6f, 0x73, 0x2c, 0x20, 0x4c, 0x69, 0x67, 0x68, 0x74, 0x56, 0x69, 0x65, 0x77,
        0x50, 0x72, 0x6f, 0x6a, 0x31, 0x2c, 0x20, 0x53, 0x68, 0x61, 0x64, 0x6f, 0x77, 0x4d, 0x61, 0x70,
        0x31, 0x2c, 0x20, 0x53, 0x68, 0x61, 0x64, 0x6f, 0x77, 0x4d, 0x61, 0x70, 0x53, 0x61, 0x6d, 0x70,
        0x6c, 0x65, 0x72, 0x31, 0x2c, 0x20, 0x69, 0x73, 0x49, 0x6e, 0x4c, 0x69, 0x67, 0x68, 0x74, 0x31,
        0x2c, 0x20, 0x69, 0x73, 0x53, 0x68, 0x61, 0x64, 0x6f, 0x77, 0x65, 0x64, 0x31, 0x29, 0x3b, 0x0a,
        0x20, 0x20, 0x20, 0x20, 0x20, 0x20, 0x20, 0x20, 0x20, 0x20, 0x20, 0x20, 0x20, 0x20, 0x20, 0x20,
        0x69, 0x66, 0x20, 0x28, 0x69, 0x73, 0x49, 0x6e, 0x4c, 0x69, 0x67, 0x68, 0x74, 0x31, 0x29, 0x20,
        0x72, 0x65, 0x74, 0x75, 0x72, 0x6e, 0x20, 0x69, 0x73, 0x53, 0x68, 0x61, 0x64, 0x6f, 0x77, 0x65,
        0x64, 0x31, 0x3b, 0x0a, 0x0a, 0x20, 0x20, 0x20, 0x20, 0x20, 0x20, 0x20, 0x20, 0x20, 0x20, 0x20,
        0x20, 0x20, 0x20, 0x20, 0x20, 0x69, 0x66, 0x20, 0x28, 0x4e, 0x75, 0x6d, 0x43, 0x61, 0x73, 0x63,
        0x61, 0x64, 0x65, 0x73, 0x20, 0x3e, 0x20, 0x32, 0x29, 0x0a, 0x20, 0x20, 0x20, 0x20, 0x20, 0x20,
        0x20, 0x20, 0x20, 0x20, 0x20, 0x20, 0x20, 0x20, 0x20, 0x20, 0x7b, 0x0a, 0x20, 0x20, 0x20, 0x20,
        0x20, 0x20, 0x20, 0x20, 0x20, 0x20, 0x20, 0x20, 0x20, 0x20, 0x20, 0x20, 0x20, 0x20, 0x20, 0x20,
        0x62, 0x6f, 0x6f, 0x6c, 0x20, 0x69, 0x73, 0x49, 0x6e, 0x4c, 0x69, 0x67, 0x68, 0x74, 0x32, 0x20,
        0x3d, 0x20, 0x66, 0x61, 0x6c, 0x73, 0x65, 0x3b, 0x0a, 0x20, 0x20, 0x20, 0x20, 0x20, 0x20, 0x20,
        0x20, 0x20, 0x20, 0x20, 0x20, 0x20, 0x20, 0x20, 0x20, 0x20, 0x20, 0x20, 0x20, 0x62, 0x6f, 0x6f,
        0x6c, 0x20, 0x69, 0x73, 0x53, 0x68, 0x61, 0x64, 0x6f, 0x77, 0x65, 0x64, 0x32, 0x20, 0x3d, 0x20,
        0x66, 0x61, 0x6c, 0x73, 0x65, 0x3b, 0x0a, 0x20, 0x20, 0x20, 0x20, 0x20, 0x20, 0x20, 0x20, 0x20,
        0x20, 0x20, 0x20, 0x20, 0x20, 0x20, 0x20, 0x20, 0x20, 0x20, 0x20, 0x61, 0x70, 0x70, 0x6c, 0x79,
        0x53, 0x68, 0x61, 0x64, 0x6f, 0x77, 0x69, 0x6e, 0x67, 0x53, 0x69, 0x6e, 0x67, 0x6c, 0x65, 0x28,
        0x77, 0x6f, 0x72, 0x6c, 0x64, 0x50, 0x6f, 0x73, 0x2c, 0x20, 0x4c, 0x69, 0x67, 0x68, 0x74, 0x56,
        0x69, 0x65, 0x77, 0x50, 0x72, 0x6f, 0x6a, 0x32, 0x2c, 0x20, 0x53, 0x68, 0x61, 0x64, 0x6f, 0x77,
        0x4d, 0x61, 0x70, 0x32, 0x2c, 0x20, 0x53, 0x68, 0x61, 0x64, 0x6f, 0x77, 0x4d, 0x61, 0x70, 0x53,
        0x61, 0x6d, 0x70, 0x6c, 0x65, 0x72, 0x32, 0x2c, 0x20, 0x69, 0x73, 0x49, 0x6e, 0x4c, 0x69, 0x67,
        0x68, 0x74, 0x32, 0x2c, 0x20, 0x69, 0x73, 0x53, 0x68, 0x61, 0x64, 0x6f, 0x77, 0x65, 0x64, 0x32,
        0x29, 0x3b, 0x0a, 0x20, 0x20, 0x20, 0x20, 0x20, 0x20, 0x20, 0x20, 0x20, 0x20, 0x20, 0x20, 0x20,
        0x20, 0x20, 0x20, 0x20, 0x20, 0x20, 0x20, 0x69, 0x66, 0x20, 0x28, 0x69, 0x73, 0x49, 0x6e, 0x4c,
        0x69, 0x67, 0x68, 0x74, 0x32, 0x29, 0x20, 0x72, 0x65, 0x74, 0x75, 0x72, 0x6e, 0x20, 0x69, 0x73,
        0x53, 0x68, 0x61, 0x64, 0x6f, 0x77, 0x65, 0x64, 0x32, 0x3b, 0x0a, 0x20, 0x20, 0x20, 0x20, 0x20,
        0x20, 0x20, 0x20, 0x20, 0x20, 0x20, 0x20, 0x20, 0x20, 0x20, 0x20, 0x7d, 0x0a, 0x20, 0x20, 0x20,
        0x20, 0x20, 0x20, 0x20, 0x20, 0x20, 0x20, 0x20, 0x20, 0x7d, 0x0a, 0x20, 0x20, 0x20, 0x20, 0x20,
        0x20, 0x20, 0x20, 0x7d, 0x0a, 0x20, 0x20, 0x20, 0x20, 0x7d, 0x0a, 0x0a, 0x20, 0x20, 0x20, 0x20,
        0x72, 0x65, 0x74, 0x75, 0x72, 0x6e, 0x20, 0x66, 0x61, 0x6c, 0x73, 0x65, 0x3b, 0x0a, 0x7d, 0x0a,
        0x0a, 0x2f, 0x2f, 0x20, 0x4c, 0x65, 0x67, 0x61, 0x63, 0x79, 0x20, 0x70, 0x61, 0x74, 0x68, 0x20,
        0x66, 0x6f, 0x72, 0x20, 0x66, 0x75, 0x6c, 0x6c, 0x62, 0x72, 0x69, 0x67, 0x68, 0x74, 0x20, 0x73,
        0x68, 0x61, 0x64, 0x65, 0x72, 0x73, 0x20, 0x28, 0x74, 0x65, 0x72, 0x72, 0x61, 0x69, 0x6e, 0x29,
        0x20, 0x77, 0x69, 0x74, 0x68, 0x20, 0x6e, 0x6f, 0x20, 0x64, 0x69, 0x66, 0x66, 0x75, 0x73, 0x65,
        0x20, 0x74, 0x65, 0x72, 0x6d, 0x3a, 0x20, 0x64, 0x61, 0x72, 0x6b, 0x65, 0x6e, 0x0a, 0x2f, 0x2f,
        0x20, 0x74, 0x68, 0x65, 0x20, 0x63, 0x6f, 0x6c, 0x6f, 0x72, 0x20, 0x6f, 0x6e, 0x63, 0x65, 0x20,
        0x77, 0x68, 0x65, 0x72, 0x65, 0x20, 0x74, 0x68, 0x65, 0x20, 0x70, 0x69, 0x78, 0x65, 0x6c, 0x20,
        0x69, 0x73, 0x20, 0x73, 0x68, 0x61, 0x64, 0x6f, 0x77, 0x65, 0x64, 0x2e, 0x20, 0x55, 0x73, 0x65,
        0x64, 0x20, 0x62, 0x79, 0x20, 0x47, 0x72, 0x6f, 0x75, 0x6e, 0x64, 0x2e, 0x66, 0x78, 0x20, 0x2f,
        0x20, 0x4d, 0x6f, 0x75, 0x6e, 0x74, 0x61, 0x69, 0x6e, 0x73, 0x2e, 0x66, 0x78, 0x2e, 0x0a, 0x76,
        0x6f, 0x69, 0x64, 0x20, 0x50, 0x53, 0x5f, 0x41, 0x70, 0x70, 0x6c, 0x79, 0x53, 0x68, 0x61, 0x64,
        0x6f, 0x77, 0x69, 0x6e, 0x67, 0x28, 0x0a, 0x20, 0x20, 0x20, 0x20, 0x69, 0x6e, 0x6f, 0x75, 0x74,
        0x20, 0x66, 0x6c, 0x6f, 0x61, 0x74, 0x33, 0x20, 0x64, 0x69, 0x66, 0x66, 0x75, 0x73, 0x65, 0x2c,
        0x0a, 0x20, 0x20, 0x20, 0x20, 0x69, 0x6e, 0x20, 0x66, 0x6c, 0x6f, 0x61, 0x74, 0x34, 0x20, 0x77,
        0x6f, 0x72, 0x6c, 0x64, 0x50, 0x6f, 0x73, 0x2c, 0x0a, 0x20, 0x20, 0x20, 0x20, 0x69, 0x6e, 0x20,
        0x66, 0x6c, 0x6f, 0x61, 0x74, 0x33, 0x20, 0x66, 0x61, 0x63, 0x65, 0x4e, 0x6f, 0x72, 0x6d, 0x61,
        0x6c, 0x0a, 0x29, 0x0a, 0x7b, 0x0a, 0x20, 0x20, 0x20, 0x20, 0x69, 0x66, 0x20, 0x28, 0x50, 0x53,
        0x5f, 0x49, 0x73, 0x53, 0x68, 0x61, 0x64, 0x6f, 0x77, 0x65, 0x64, 0x28, 0x77, 0x6f, 0x72, 0x6c,
        0x64, 0x50, 0x6f, 0x73, 0x2c, 0x20, 0x66, 0x61, 0x63, 0x65, 0x4e, 0x6f, 0x72, 0x6d, 0x61, 0x6c,
        0x29, 0x29, 0x0a, 0x20, 0x20, 0x20, 0x20, 0x7b, 0x0a, 0x20, 0x20, 0x20, 0x20, 0x20, 0x20, 0x20,
        0x20, 0x64, 0x69, 0x66, 0x66, 0x75, 0x73, 0x65, 0x20, 0x3d, 0x20, 0x64, 0x69, 0x66, 0x66, 0x75,
        0x73, 0x65, 0x20, 0x2a, 0x20, 0x66, 0x6c, 0x6f, 0x61, 0x74, 0x33, 0x28, 0x30, 0x2e, 0x35, 0x2c,
        0x20, 0x30, 0x2e, 0x35, 0x2c, 0x20, 0x30, 0x2e, 0x35, 0x29, 0x3b, 0x0a, 0x20, 0x20, 0x20, 0x20,
        0x7d, 0x0a, 0x7d, 0x00, 0x04, 0x00, 0x0a, 0x00, 0x47, 0x4c, 0x5f, 0x47, 0x4f, 0x4f, 0x47, 0x4c,
        0x45, 0x5f, 0x63, 0x70, 0x70, 0x5f, 0x73, 0x74, 0x79, 0x6c, 0x65, 0x5f, 0x6c, 0x69, 0x6e, 0x65,
        0x5f, 0x64, 0x69, 0x72, 0x65, 0x63, 0x74, 0x69, 0x76, 0x65, 0x00, 0x00, 0x04, 0x00, 0x08, 0x00,
        0x47, 0x4c, 0x5f, 0x47, 0x4f, 0x4f, 0x47, 0x4c, 0x45, 0x5f, 0x69, 0x6e, 0x63, 0x6c, 0x75, 0x64,
        0x65, 0x5f, 0x64, 0x69, 0x72, 0x65, 0x63, 0x74, 0x69, 0x76, 0x65, 0x00, 0x05, 0x00, 0x07, 0x00,
        0x06, 0x00, 0x00, 0x00, 0x50, 0x69, 0x78, 0x65, 0x6c, 0x53, 0x68, 0x61, 0x64, 0x65, 0x72, 0x46,
        0x75, 0x6e, 0x63, 0x74, 0x69, 0x6f, 0x6e, 0x00, 0x05, 0x00, 0x04, 0x00, 0x80, 0x00, 0x00, 0x00,
        0x24, 0x47, 0x6c, 0x6f, 0x62, 0x61, 0x6c, 0x00, 0x06, 0x00, 0x07, 0x00, 0x80, 0x00, 0x00, 0x00,
        0x00, 0x00, 0x00, 0x00, 0x4c, 0x69, 0x67, 0x68, 0x74, 0x56, 0x69, 0x65, 0x77, 0x50, 0x72, 0x6f,
        0x6a, 0x30, 0x00, 0x00, 0x06, 0x00, 0x07, 0x00, 0x80, 0x00, 0x00, 0x00, 0x01, 0x00, 0x00, 0x00,
        0x4c, 0x69, 0x67, 0x68, 0x74, 0x56, 0x69, 0x65, 0x77, 0x50, 0x72, 0x6f, 0x6a, 0x31, 0x00, 0x00,
        0x06, 0x00, 0x07, 0x00, 0x80, 0x00, 0x00, 0x00, 0x02, 0x00, 0x00, 0x00, 0x4c, 0x69, 0x67, 0x68,
        0x74, 0x56, 0x69, 0x65, 0x77, 0x50, 0x72, 0x6f, 0x6a, 0x32, 0x00, 0x00, 0x06, 0x00, 0x06, 0x00,
        0x80, 0x00, 0x00, 0x00, 0x03, 0x00, 0x00, 0x00, 0x44, 0x65, 0x70, 0x74, 0x68, 0x42, 0x69, 0x61,
        0x73, 0x00, 0x00, 0x00, 0x06, 0x00, 0x06, 0x00, 0x80, 0x00, 0x00, 0x00, 0x04, 0x00, 0x00, 0x00,
        0x4e, 0x75, 0x6d, 0x43, 0x61, 0x73, 0x63, 0x61, 0x64, 0x65, 0x73, 0x00, 0x06, 0x00, 0x07, 0x00,
        0x80, 0x00, 0x00, 0x00, 0x05, 0x00, 0x00, 0x00, 0x4c, 0x69, 0x67, 0x68, 0x74, 0x44, 0x69, 0x72,
        0x65, 0x63, 0x74, 0x69, 0x6f, 0x6e, 0x00, 0x00, 0x06, 0x00, 0x06, 0x00, 0x80, 0x00, 0x00, 0x00,
        0x06, 0x00, 0x00, 0x00, 0x57, 0x6f, 0x72, 0x6c, 0x64, 0x56, 0x69, 0x65, 0x77, 0x00, 0x00, 0x00,
        0x06, 0x00, 0x07, 0x00, 0x80, 0x00, 0x00, 0x00, 0x07, 0x00, 0x00, 0x00, 0x57, 0x6f, 0x72, 0x6c,
        0x64, 0x56, 0x69, 0x65, 0x77, 0x50, 0x72, 0x6f, 0x6a, 0x00, 0x00, 0x00, 0x06, 0x00, 0x06, 0x00,
        0x80, 0x00, 0x00, 0x00, 0x08, 0x00, 0x00, 0x00, 0x46, 0x6f, 0x67, 0x43, 0x6f, 0x6c, 0x6f, 0x72,
        0x00, 0x00, 0x00, 0x00, 0x06, 0x00, 0x06, 0x00, 0x80, 0x00, 0x00, 0x00, 0x09, 0x00, 0x00, 0x00,
        0x46, 0x6f, 0x67, 0x44, 0x69, 0x73, 0x74, 0x61, 0x6e, 0x63, 0x65, 0x00, 0x06, 0x00, 0x07, 0x00,
        0x80, 0x00, 0x00, 0x00, 0x0a, 0x00, 0x00, 0x00, 0x46, 0x6f, 0x67, 0x4c, 0x6f, 0x67, 0x44, 0x65,
        0x6e, 0x73, 0x69, 0x74, 0x79, 0x00, 0x00, 0x00, 0x05, 0x00, 0x03, 0x00, 0x82, 0x00, 0x00, 0x00,
        0x00, 0x00, 0x00, 0x00, 0x05, 0x00, 0x05, 0x00, 0xae, 0x00, 0x00, 0x00, 0x53, 0x68, 0x61, 0x64,
        0x6f, 0x77, 0x4d, 0x61, 0x70, 0x30, 0x00, 0x00, 0x05, 0x00, 0x07, 0x00, 0xb0, 0x00, 0x00, 0x00,
        0x53, 0x68, 0x61, 0x64, 0x6f, 0x77, 0x4d, 0x61, 0x70, 0x53, 0x61, 0x6d, 0x70, 0x6c, 0x65, 0x72,
        0x30, 0x00, 0x00, 0x00, 0x05, 0x00, 0x05, 0x00, 0xcd, 0x00, 0x00, 0x00, 0x53, 0x68, 0x61, 0x64,
        0x6f, 0x77, 0x4d, 0x61, 0x70, 0x31, 0x00, 0x00, 0x05, 0x00, 0x07, 0x00, 0xce, 0x00, 0x00, 0x00,
        0x53, 0x68, 0x61, 0x64, 0x6f, 0x77, 0x4d, 0x61, 0x70, 0x53, 0x61, 0x6d, 0x70, 0x6c, 0x65, 0x72,
        0x31, 0x00, 0x00, 0x00, 0x05, 0x00, 0x05, 0x00, 0xeb, 0x00, 0x00, 0x00, 0x53, 0x68, 0x61, 0x64,
        0x6f, 0x77, 0x4d, 0x61, 0x70, 0x32, 0x00, 0x00, 0x05, 0x00, 0x07, 0x00, 0xec, 0x00, 0x00, 0x00,
        0x53, 0x68, 0x61, 0x64, 0x6f, 0x77, 0x4d, 0x61, 0x70, 0x53, 0x61, 0x6d, 0x70, 0x6c, 0x65, 0x72,
        0x32, 0x00, 0x00, 0x00, 0x05, 0x00, 0x05, 0x00, 0x37, 0x01, 0x00, 0x00, 0x69, 0x6e, 0x70, 0x75,
        0x74, 0x2e, 0x43, 0x6f, 0x6c, 0x6f, 0x72, 0x00, 0x05, 0x00, 0x06, 0x00, 0x3a, 0x01, 0x00, 0x00,
        0x69, 0x6e, 0x70, 0x75, 0x74, 0x2e, 0x57, 0x6f, 0x72, 0x6c, 0x64, 0x50, 0x6f, 0x73, 0x00, 0x00,
        0x05, 0x00, 0x07, 0x00, 0x3e, 0x01, 0x00, 0x00, 0x40, 0x65, 0x6e, 0x74, 0x72, 0x79, 0x50, 0x6f,
        0x69, 0x6e, 0x74, 0x4f, 0x75, 0x74, 0x70, 0x75, 0x74, 0x00, 0x00, 0x00, 0x4a, 0x01, 0x09, 0x00,
        0x65, 0x6e, 0x74, 0x72, 0x79, 0x2d, 0x70, 0x6f, 0x69, 0x6e, 0x74, 0x20, 0x50, 0x69, 0x78, 0x65,
        0x6c, 0x53, 0x68, 0x61, 0x64, 0x65, 0x72, 0x46, 0x75, 0x6e, 0x63, 0x74, 0x69, 0x6f, 0x6e, 0x00,
        0x4a, 0x01, 0x06, 0x00, 0x63, 0x6c, 0x69, 0x65, 0x6e, 0x74, 0x20, 0x76, 0x75, 0x6c, 0x6b, 0x61,
        0x6e, 0x31, 0x30, 0x30, 0x00, 0x00, 0x00, 0x00, 0x4a, 0x01, 0x06, 0x00, 0x74, 0x61, 0x72, 0x67,
        0x65, 0x74, 0x2d, 0x65, 0x6e, 0x76, 0x20, 0x73, 0x70, 0x69, 0x72, 0x76, 0x31, 0x2e, 0x33, 0x00,
        0x4a, 0x01, 0x07, 0x00, 0x74, 0x61, 0x72, 0x67, 0x65, 0x74, 0x2d, 0x65, 0x6e, 0x76, 0x20, 0x76,
        0x75, 0x6c, 0x6b, 0x61, 0x6e, 0x31, 0x2e, 0x31, 0x00, 0x00, 0x00, 0x00, 0x4a, 0x01, 0x05, 0x00,
        0x68, 0x6c, 0x73, 0x6c, 0x2d, 0x6f, 0x66, 0x66, 0x73, 0x65, 0x74, 0x73, 0x00, 0x00, 0x00, 0x00,
        0x47, 0x00, 0x03, 0x00, 0x80, 0x00, 0x00, 0x00, 0x02, 0x00, 0x00, 0x00, 0x48, 0x00, 0x04, 0x00,
        0x80, 0x00, 0x00, 0x00, 0x00, 0x00, 0x00, 0x00, 0x04, 0x00, 0x00, 0x00, 0x48, 0x00, 0x05, 0x00,
        0x80, 0x00, 0x00, 0x00, 0x00, 0x00, 0x00, 0x00, 0x07, 0x00, 0x00, 0x00, 0x10, 0x00, 0x00, 0x00,
        0x48, 0x00, 0x05, 0x00, 0x80, 0x00, 0x00, 0x00, 0x00, 0x00, 0x00, 0x00, 0x23, 0x00, 0x00, 0x00,
        0x00, 0x00, 0x00, 0x00, 0x48, 0x00, 0x04, 0x00, 0x80, 0x00, 0x00, 0x00, 0x01, 0x00, 0x00, 0x00,
        0x04, 0x00, 0x00, 0x00, 0x48, 0x00, 0x05, 0x00, 0x80, 0x00, 0x00, 0x00, 0x01, 0x00, 0x00, 0x00,
        0x07, 0x00, 0x00, 0x00, 0x10, 0x00, 0x00, 0x00, 0x48, 0x00, 0x05, 0x00, 0x80, 0x00, 0x00, 0x00,
        0x01, 0x00, 0x00, 0x00, 0x23, 0x00, 0x00, 0x00, 0x40, 0x00, 0x00, 0x00, 0x48, 0x00, 0x04, 0x00,
        0x80, 0x00, 0x00, 0x00, 0x02, 0x00, 0x00, 0x00, 0x04, 0x00, 0x00, 0x00, 0x48, 0x00, 0x05, 0x00,
        0x80, 0x00, 0x00, 0x00, 0x02, 0x00, 0x00, 0x00, 0x07, 0x00, 0x00, 0x00, 0x10, 0x00, 0x00, 0x00,
        0x48, 0x00, 0x05, 0x00, 0x80, 0x00, 0x00, 0x00, 0x02, 0x00, 0x00, 0x00, 0x23, 0x00, 0x00, 0x00,
        0x80, 0x00, 0x00, 0x00, 0x48, 0x00, 0x05, 0x00, 0x80, 0x00, 0x00, 0x00, 0x03, 0x00, 0x00, 0x00,
        0x23, 0x00, 0x00, 0x00, 0xc0, 0x00, 0x00, 0x00, 0x48, 0x00, 0x05, 0x00, 0x80, 0x00, 0x00, 0x00,
        0x04, 0x00, 0x00, 0x00, 0x23, 0x00, 0x00, 0x00, 0xc4, 0x00, 0x00, 0x00, 0x48, 0x00, 0x05, 0x00,
        0x80, 0x00, 0x00, 0x00, 0x05, 0x00, 0x00, 0x00, 0x23, 0x00, 0x00, 0x00, 0xd0, 0x00, 0x00, 0x00,
        0x48, 0x00, 0x04, 0x00, 0x80, 0x00, 0x00, 0x00, 0x06, 0x00, 0x00, 0x00, 0x04, 0x00, 0x00, 0x00,
        0x48, 0x00, 0x05, 0x00, 0x80, 0x00, 0x00, 0x00, 0x06, 0x00, 0x00, 0x00, 0x07, 0x00, 0x00, 0x00,
        0x10, 0x00, 0x00, 0x00, 0x48, 0x00, 0x05, 0x00, 0x80, 0x00, 0x00, 0x00, 0x06, 0x00, 0x00, 0x00,
        0x23, 0x00, 0x00, 0x00, 0xe0, 0x00, 0x00, 0x00, 0x48, 0x00, 0x04, 0x00, 0x80, 0x00, 0x00, 0x00,
        0x07, 0x00, 0x00, 0x00, 0x04, 0x00, 0x00, 0x00, 0x48, 0x00, 0x05, 0x00, 0x80, 0x00, 0x00, 0x00,
        0x07, 0x00, 0x00, 0x00, 0x07, 0x00, 0x00, 0x00, 0x10, 0x00, 0x00, 0x00, 0x48, 0x00, 0x05, 0x00,
        0x80, 0x00, 0x00, 0x00, 0x07, 0x00, 0x00, 0x00, 0x23, 0x00, 0x00, 0x00, 0x20, 0x01, 0x00, 0x00,
        0x48, 0x00, 0x05, 0x00, 0x80, 0x00, 0x00, 0x00, 0x08, 0x00, 0x00, 0x00, 0x23, 0x00, 0x00, 0x00,
        0x60, 0x01, 0x00, 0x00, 0x48, 0x00, 0x05, 0x00, 0x80, 0x00, 0x00, 0x00, 0x09, 0x00, 0x00, 0x00,
        0x23, 0x00, 0x00, 0x00, 0x6c, 0x01, 0x00, 0x00, 0x48, 0x00, 0x05, 0x00, 0x80, 0x00, 0x00, 0x00,
        0x0a, 0x00, 0x00, 0x00, 0x23, 0x00, 0x00, 0x00, 0x70, 0x01, 0x00, 0x00, 0x47, 0x00, 0x04, 0x00,
        0x82, 0x00, 0x00, 0x00, 0x21, 0x00, 0x00, 0x00, 0x00, 0x00, 0x00, 0x00, 0x47, 0x00, 0x04, 0x00,
        0x82, 0x00, 0x00, 0x00, 0x22, 0x00, 0x00, 0x00, 0x00, 0x00, 0x00, 0x00, 0x47, 0x00, 0x04, 0x00,
        0xae, 0x00, 0x00, 0x00, 0x21, 0x00, 0x00, 0x00, 0x00, 0x00, 0x00, 0x00, 0x47, 0x00, 0x04, 0x00,
        0xae, 0x00, 0x00, 0x00, 0x22, 0x00, 0x00, 0x00, 0x00, 0x00, 0x00, 0x00, 0x47, 0x00, 0x04, 0x00,
        0xb0, 0x00, 0x00, 0x00, 0x21, 0x00, 0x00, 0x00, 0x00, 0x00, 0x00, 0x00, 0x47, 0x00, 0x04, 0x00,
        0xb0, 0x00, 0x00, 0x00, 0x22, 0x00, 0x00, 0x00, 0x00, 0x00, 0x00, 0x00, 0x47, 0x00, 0x04, 0x00,
        0xcd, 0x00, 0x00, 0x00, 0x21, 0x00, 0x00, 0x00, 0x01, 0x00, 0x00, 0x00, 0x47, 0x00, 0x04, 0x00,
        0xcd, 0x00, 0x00, 0x00, 0x22, 0x00, 0x00, 0x00, 0x00, 0x00, 0x00, 0x00, 0x47, 0x00, 0x04, 0x00,
        0xce, 0x00, 0x00, 0x00, 0x21, 0x00, 0x00, 0x00, 0x01, 0x00, 0x00, 0x00, 0x47, 0x00, 0x04, 0x00,
        0xce, 0x00, 0x00, 0x00, 0x22, 0x00, 0x00, 0x00, 0x00, 0x00, 0x00, 0x00, 0x47, 0x00, 0x04, 0x00,
        0xeb, 0x00, 0x00, 0x00, 0x21, 0x00, 0x00, 0x00, 0x02, 0x00, 0x00, 0x00, 0x47, 0x00, 0x04, 0x00,
        0xeb, 0x00, 0x00, 0x00, 0x22, 0x00, 0x00, 0x00, 0x00, 0x00, 0x00, 0x00, 0x47, 0x00, 0x04, 0x00,
        0xec, 0x00, 0x00, 0x00, 0x21, 0x00, 0x00, 0x00, 0x02, 0x00, 0x00, 0x00, 0x47, 0x00, 0x04, 0x00,
        0xec, 0x00, 0x00, 0x00, 0x22, 0x00, 0x00, 0x00, 0x00, 0x00, 0x00, 0x00, 0x47, 0x00, 0x04, 0x00,
        0x37, 0x01, 0x00, 0x00, 0x1e, 0x00, 0x00, 0x00, 0x00, 0x00, 0x00, 0x00, 0x47, 0x00, 0x04, 0x00,
        0x3a, 0x01, 0x00, 0x00, 0x1e, 0x00, 0x00, 0x00, 0x01, 0x00, 0x00, 0x00, 0x47, 0x00, 0x04, 0x00,
        0x3e, 0x01, 0x00, 0x00, 0x1e, 0x00, 0x00, 0x00, 0x00, 0x00, 0x00, 0x00, 0x13, 0x00, 0x02, 0x00,
        0x04, 0x00, 0x00, 0x00, 0x21, 0x00, 0x03, 0x00, 0x05, 0x00, 0x00, 0x00, 0x04, 0x00, 0x00, 0x00,
        0x16, 0x00, 0x03, 0x00, 0x08, 0x00, 0x00, 0x00, 0x20, 0x00, 0x00, 0x00, 0x17, 0x00, 0x04, 0x00,
        0x09, 0x00, 0x00, 0x00, 0x08, 0x00, 0x00, 0x00, 0x04, 0x00, 0x00, 0x00, 0x18, 0x00, 0x04, 0x00,
        0x0b, 0x00, 0x00, 0x00, 0x09, 0x00, 0x00, 0x00, 0x04, 0x00, 0x00, 0x00, 0x19, 0x00, 0x09, 0x00,
        0x0d, 0x00, 0x00, 0x00, 0x08, 0x00, 0x00, 0x00, 0x01, 0x00, 0x00, 0x00, 0x00, 0x00, 0x00, 0x00,
        0x00, 0x00, 0x00, 0x00, 0x00, 0x00, 0x00, 0x00, 0x01, 0x00, 0x00, 0x00, 0x00, 0x00, 0x00, 0x00,
        0x1a, 0x00, 0x02, 0x00, 0x0f, 0x00, 0x00, 0x00, 0x14, 0x00, 0x02, 0x00, 0x11, 0x00, 0x00, 0x00,
        0x17, 0x00, 0x04, 0x00, 0x1c, 0x00, 0x00, 0x00, 0x08, 0x00, 0x00, 0x00, 0x03, 0x00, 0x00, 0x00,
        0x2a, 0x00, 0x03, 0x00, 0x11, 0x00, 0x00, 0x00, 0x2f, 0x00, 0x00, 0x00, 0x17, 0x00, 0x04, 0x00,
        0x34, 0x00, 0x00, 0x00, 0x08, 0x00, 0x00, 0x00, 0x02, 0x00, 0x00, 0x00, 0x2b, 0x00, 0x04, 0x00,
        0x08, 0x00, 0x00, 0x00, 0x37, 0x00, 0x00, 0x00, 0x00, 0x00, 0x00, 0x3f, 0x15, 0x00, 0x04, 0x00,
        0x3b, 0x00, 0x00, 0x00, 0x20, 0x00, 0x00, 0x00, 0x00, 0x00, 0x00, 0x00, 0x2b, 0x00, 0x04, 0x00,
        0x3b, 0x00, 0x00, 0x00, 0x3c, 0x00, 0x00, 0x00, 0x03, 0x00, 0x00, 0x00, 0x2c, 0x00, 0x05, 0x00,
        0x34, 0x00, 0x00, 0x00, 0x42, 0x00, 0x00, 0x00, 0x37, 0x00, 0x00, 0x00, 0x37, 0x00, 0x00, 0x00,
        0x2b, 0x00, 0x04, 0x00, 0x08, 0x00, 0x00, 0x00, 0x44, 0x00, 0x00, 0x00, 0x00, 0x00, 0x80, 0x3f,
        0x2b, 0x00, 0x04, 0x00, 0x3b, 0x00, 0x00, 0x00, 0x4a, 0x00, 0x00, 0x00, 0x00, 0x00, 0x00, 0x00,
        0x2b, 0x00, 0x04, 0x00, 0x08, 0x00, 0x00, 0x00, 0x4d, 0x00, 0x00, 0x00, 0x00, 0x00, 0x00, 0x00,
        0x1b, 0x00, 0x03, 0x00, 0x65, 0x00, 0x00, 0x00, 0x0d, 0x00, 0x00, 0x00, 0x1e, 0x00, 0x0d, 0x00,
        0x80, 0x00, 0x00, 0x00, 0x0b, 0x00, 0x00, 0x00, 0x0b, 0x00, 0x00, 0x00, 0x0b, 0x00, 0x00, 0x00,
        0x08, 0x00, 0x00, 0x00, 0x08, 0x00, 0x00, 0x00, 0x1c, 0x00, 0x00, 0x00, 0x0b, 0x00, 0x00, 0x00,
        0x0b, 0x00, 0x00, 0x00, 0x1c, 0x00, 0x00, 0x00, 0x08, 0x00, 0x00, 0x00, 0x08, 0x00, 0x00, 0x00,
        0x20, 0x00, 0x04, 0x00, 0x81, 0x00, 0x00, 0x00, 0x02, 0x00, 0x00, 0x00, 0x80, 0x00, 0x00, 0x00,
        0x3b, 0x00, 0x04, 0x00, 0x81, 0x00, 0x00, 0x00, 0x82, 0x00, 0x00, 0x00, 0x02, 0x00, 0x00, 0x00,
        0x15, 0x00, 0x04, 0x00, 0x83, 0x00, 0x00, 0x00, 0x20, 0x00, 0x00, 0x00, 0x01, 0x00, 0x00, 0x00,
        0x2b, 0x00, 0x04, 0x00, 0x83, 0x00, 0x00, 0x00, 0x84, 0x00, 0x00, 0x00, 0x03, 0x00, 0x00, 0x00,
        0x20, 0x00, 0x04, 0x00, 0x85, 0x00, 0x00, 0x00, 0x02, 0x00, 0x00, 0x00, 0x08, 0x00, 0x00, 0x00,
        0x2b, 0x00, 0x04, 0x00, 0x08, 0x00, 0x00, 0x00, 0x8a, 0x00, 0x00, 0x00, 0x0a, 0xd7, 0x23, 0x3c,
        0x29, 0x00, 0x03, 0x00, 0x11, 0x00, 0x00, 0x00, 0x95, 0x00, 0x00, 0x00, 0x2b, 0x00, 0x04, 0x00,
        0x83, 0x00, 0x00, 0x00, 0x97, 0x00, 0x00, 0x00, 0x04, 0x00, 0x00, 0x00, 0x2b, 0x00, 0x04, 0x00,
        0x83, 0x00, 0x00, 0x00, 0x9f, 0x00, 0x00, 0x00, 0x05, 0x00, 0x00, 0x00, 0x20, 0x00, 0x04, 0x00,
        0xa0, 0x00, 0x00, 0x00, 0x02, 0x00, 0x00, 0x00, 0x1c, 0x00, 0x00, 0x00, 0x2b, 0x00, 0x04, 0x00,
        0x08, 0x00, 0x00, 0x00, 0xa6, 0x00, 0x00, 0x00, 0xcd, 0xcc, 0x4c, 0x3d, 0x2b, 0x00, 0x04, 0x00,
        0x83, 0x00, 0x00, 0x00, 0xac, 0x00, 0x00, 0x00, 0x00, 0x00, 0x00, 0x00, 0x20, 0x00, 0x04, 0x00,
        0xad, 0x00, 0x00, 0x00, 0x00, 0x00, 0x00, 0x00, 0x0d, 0x00, 0x00, 0x00, 0x3b, 0x00, 0x04, 0x00,
        0xad, 0x00, 0x00, 0x00, 0xae, 0x00, 0x00, 0x00, 0x00, 0x00, 0x00, 0x00, 0x20, 0x00, 0x04, 0x00,
        0xaf, 0x00, 0x00, 0x00, 0x00, 0x00, 0x00, 0x00, 0x0f, 0x00, 0x00, 0x00, 0x3b, 0x00, 0x04, 0x00,
        0xaf, 0x00, 0x00, 0x00, 0xb0, 0x00, 0x00, 0x00, 0x00, 0x00, 0x00, 0x00, 0x20, 0x00, 0x04, 0x00,
        0xb4, 0x00, 0x00, 0x00, 0x02, 0x00, 0x00, 0x00, 0x0b, 0x00, 0x00, 0x00, 0x2b, 0x00, 0x04, 0x00,
        0x83, 0x00, 0x00, 0x00, 0xcc, 0x00, 0x00, 0x00, 0x01, 0x00, 0x00, 0x00, 0x3b, 0x00, 0x04, 0x00,
        0xad, 0x00, 0x00, 0x00, 0xcd, 0x00, 0x00, 0x00, 0x00, 0x00, 0x00, 0x00, 0x3b, 0x00, 0x04, 0x00,
        0xaf, 0x00, 0x00, 0x00, 0xce, 0x00, 0x00, 0x00, 0x00, 0x00, 0x00, 0x00, 0x2b, 0x00, 0x04, 0x00,
        0x08, 0x00, 0x00, 0x00, 0xe4, 0x00, 0x00, 0x00, 0x00, 0x00, 0x00, 0x40, 0x2b, 0x00, 0x04, 0x00,
        0x83, 0x00, 0x00, 0x00, 0xea, 0x00, 0x00, 0x00, 0x02, 0x00, 0x00, 0x00, 0x3b, 0x00, 0x04, 0x00,
        0xad, 0x00, 0x00, 0x00, 0xeb, 0x00, 0x00, 0x00, 0x00, 0x00, 0x00, 0x00, 0x3b, 0x00, 0x04, 0x00,
        0xaf, 0x00, 0x00, 0x00, 0xec, 0x00, 0x00, 0x00, 0x00, 0x00, 0x00, 0x00, 0x2c, 0x00, 0x06, 0x00,
        0x1c, 0x00, 0x00, 0x00, 0x0a, 0x01, 0x00, 0x00, 0x37, 0x00, 0x00, 0x00, 0x37, 0x00, 0x00, 0x00,
        0x37, 0x00, 0x00, 0x00, 0x20, 0x00, 0x04, 0x00, 0x33, 0x01, 0x00, 0x00, 0x01, 0x00, 0x00, 0x00,
        0x09, 0x00, 0x00, 0x00, 0x3b, 0x00, 0x04, 0x00, 0x33, 0x01, 0x00, 0x00, 0x37, 0x01, 0x00, 0x00,
        0x01, 0x00, 0x00, 0x00, 0x3b, 0x00, 0x04, 0x00, 0x33, 0x01, 0x00, 0x00, 0x3a, 0x01, 0x00, 0x00,
        0x01, 0x00, 0x00, 0x00, 0x20, 0x00, 0x04, 0x00, 0x3d, 0x01, 0x00, 0x00, 0x03, 0x00, 0x00, 0x00,
        0x09, 0x00, 0x00, 0x00, 0x3b, 0x00, 0x04, 0x00, 0x3d, 0x01, 0x00, 0x00, 0x3e, 0x01, 0x00, 0x00,
        0x03, 0x00, 0x00, 0x00, 0x20, 0x00, 0x04, 0x00, 0xef, 0x02, 0x00, 0x00, 0x01, 0x00, 0x00, 0x00,
        0x08, 0x00, 0x00, 0x00, 0x08, 0x00, 0x04, 0x00, 0x01, 0x00, 0x00, 0x00, 0x31, 0x00, 0x00, 0x00,
        0x01, 0x00, 0x00, 0x00, 0x36, 0x00, 0x05, 0x00, 0x04, 0x00, 0x00, 0x00, 0x06, 0x00, 0x00, 0x00,
        0x00, 0x00, 0x00, 0x00, 0x05, 0x00, 0x00, 0x00, 0x3d, 0x01, 0x01, 0x00, 0xf8, 0x00, 0x02, 0x00,
        0x07, 0x00, 0x00, 0x00, 0x08, 0x00, 0x04, 0x00, 0x01, 0x00, 0x00, 0x00, 0x31, 0x00, 0x00, 0x00,
        0x00, 0x00, 0x00, 0x00, 0x3d, 0x00, 0x04, 0x00, 0x09, 0x00, 0x00, 0x00, 0x38, 0x01, 0x00, 0x00,
        0x37, 0x01, 0x00, 0x00, 0x3d, 0x00, 0x04, 0x00, 0x09, 0x00, 0x00, 0x00, 0x3b, 0x01, 0x00, 0x00,
        0x3a, 0x01, 0x00, 0x00, 0x08, 0x00, 0x04, 0x00, 0x01, 0x00, 0x00, 0x00, 0x32, 0x00, 0x00, 0x00,
        0x00, 0x00, 0x00, 0x00, 0x4f, 0x00, 0x08, 0x00, 0x1c, 0x00, 0x00, 0x00, 0x50, 0x01, 0x00, 0x00,
        0x38, 0x01, 0x00, 0x00, 0x38, 0x01, 0x00, 0x00, 0x00, 0x00, 0x00, 0x00, 0x01, 0x00, 0x00, 0x00,
        0x02, 0x00, 0x00, 0x00, 0x08, 0x00, 0x04, 0x00, 0x01, 0x00, 0x00, 0x00, 0x36, 0x00, 0x00, 0x00,
        0x00, 0x00, 0x00, 0x00, 0x4f, 0x00, 0x08, 0x00, 0x1c, 0x00, 0x00, 0x00, 0x53, 0x01, 0x00, 0x00,
        0x3b, 0x01, 0x00, 0x00, 0x3b, 0x01, 0x00, 0x00, 0x00, 0x00, 0x00, 0x00, 0x01, 0x00, 0x00, 0x00,
        0x02, 0x00, 0x00, 0x00, 0xcf, 0x00, 0x04, 0x00, 0x1c, 0x00, 0x00, 0x00, 0x54, 0x01, 0x00, 0x00,
        0x53, 0x01, 0x00, 0x00, 0xd0, 0x00, 0x04, 0x00, 0x1c, 0x00, 0x00, 0x00, 0x58, 0x01, 0x00, 0x00,
        0x53, 0x01, 0x00, 0x00, 0x0c, 0x00, 0x07, 0x00, 0x1c, 0x00, 0x00, 0x00, 0x59, 0x01, 0x00, 0x00,
        0x03, 0x00, 0x00, 0x00, 0x44, 0x00, 0x00, 0x00, 0x54, 0x01, 0x00, 0x00, 0x58, 0x01, 0x00, 0x00,
        0x0c, 0x00, 0x06, 0x00, 0x1c, 0x00, 0x00, 0x00, 0x5a, 0x01, 0x00, 0x00, 0x03, 0x00, 0x00, 0x00,
        0x45, 0x00, 0x00, 0x00, 0x59, 0x01, 0x00, 0x00, 0x08, 0x00, 0x04, 0x00, 0x01, 0x00, 0x00, 0x00,
        0x38, 0x00, 0x00, 0x00, 0x00, 0x00, 0x00, 0x00, 0x51, 0x00, 0x05, 0x00, 0x08, 0x00, 0x00, 0x00,
        0x5e, 0x01, 0x00, 0x00, 0x3b, 0x01, 0x00, 0x00, 0x00, 0x00, 0x00, 0x00, 0x51, 0x00, 0x05, 0x00,
        0x08, 0x00, 0x00, 0x00, 0x5f, 0x01, 0x00, 0x00, 0x3b, 0x01, 0x00, 0x00, 0x01, 0x00, 0x00, 0x00,
        0x51, 0x00, 0x05, 0x00, 0x08, 0x00, 0x00, 0x00, 0x60, 0x01, 0x00, 0x00, 0x3b, 0x01, 0x00, 0x00,
        0x02, 0x00, 0x00, 0x00, 0x50, 0x00, 0x07, 0x00, 0x09, 0x00, 0x00, 0x00, 0x61, 0x01, 0x00, 0x00,
        0x5e, 0x01, 0x00, 0x00, 0x5f, 0x01, 0x00, 0x00, 0x60, 0x01, 0x00, 0x00, 0x44, 0x00, 0x00, 0x00,
        0x3d, 0x01, 0x01, 0x00, 0xf7, 0x00, 0x03, 0x00, 0xd1, 0x01, 0x00, 0x00, 0x00, 0x00, 0x00, 0x00,
        0xfb, 0x00, 0x03, 0x00, 0x4a, 0x00, 0x00, 0x00, 0x94, 0x01, 0x00, 0x00, 0xf8, 0x00, 0x02, 0x00,
        0x94, 0x01, 0x00, 0x00, 0x08, 0x00, 0x04, 0x00, 0x02, 0x00, 0x00, 0x00, 0xea, 0x00, 0x00, 0x00,
        0x00, 0x00, 0x00, 0x00, 0x41, 0x00, 0x05, 0x00, 0x85, 0x00, 0x00, 0x00, 0x95, 0x01, 0x00, 0x00,
        0x82, 0x00, 0x00, 0x00, 0x97, 0x00, 0x00, 0x00, 0x3d, 0x00, 0x04, 0x00, 0x08, 0x00, 0x00, 0x00,
        0x96, 0x01, 0x00, 0x00, 0x95, 0x01, 0x00, 0x00, 0xba, 0x00, 0x05, 0x00, 0x11, 0x00, 0x00, 0x00,
        0x97, 0x01, 0x00, 0x00, 0x96, 0x01, 0x00, 0x00, 0x4d, 0x00, 0x00, 0x00, 0xf7, 0x00, 0x03, 0x00,
        0xd0, 0x01, 0x00, 0x00, 0x00, 0x00, 0x00, 0x00, 0xfa, 0x00, 0x04, 0x00, 0x97, 0x01, 0x00, 0x00,
        0x98, 0x01, 0x00, 0x00, 0xd0, 0x01, 0x00, 0x00, 0xf8, 0x00, 0x02, 0x00, 0x98, 0x01, 0x00, 0x00,
        0x08, 0x00, 0x04, 0x00, 0x02, 0x00, 0x00, 0x00, 0xf0, 0x00, 0x00, 0x00, 0x00, 0x00, 0x00, 0x00,
        0x41, 0x00, 0x05, 0x00, 0xa0, 0x00, 0x00, 0x00, 0x9a, 0x01, 0x00, 0x00, 0x82, 0x00, 0x00, 0x00,
        0x9f, 0x00, 0x00, 0x00, 0x3d, 0x00, 0x04, 0x00, 0x1c, 0x00, 0x00, 0x00, 0x9b, 0x01, 0x00, 0x00,
        0x9a, 0x01, 0x00, 0x00, 0x94, 0x00, 0x05, 0x00, 0x08, 0x00, 0x00, 0x00, 0x9c, 0x01, 0x00, 0x00,
        0x5a, 0x01, 0x00, 0x00, 0x9b, 0x01, 0x00, 0x00, 0x0c, 0x00, 0x06, 0x00, 0x08, 0x00, 0x00, 0x00,
        0x9d, 0x01, 0x00, 0x00, 0x03, 0x00, 0x00, 0x00, 0x04, 0x00, 0x00, 0x00, 0x9c, 0x01, 0x00, 0x00,
        0x08, 0x00, 0x04, 0x00, 0x02, 0x00, 0x00, 0x00, 0xf4, 0x00, 0x00, 0x00, 0x00, 0x00, 0x00, 0x00,
        0xbe, 0x00, 0x05, 0x00, 0x11, 0x00, 0x00, 0x00, 0x9f, 0x01, 0x00, 0x00, 0x9d, 0x01, 0x00, 0x00,
        0xa6, 0x00, 0x00, 0x00, 0xf7, 0x00, 0x03, 0x00, 0xcf, 0x01, 0x00, 0x00, 0x00, 0x00, 0x00, 0x00,
        0xfa, 0x00, 0x04, 0x00, 0x9f, 0x01, 0x00, 0x00, 0xa0, 0x01, 0x00, 0x00, 0xcf, 0x01, 0x00, 0x00,
        0xf8, 0x00, 0x02, 0x00, 0xa0, 0x01, 0x00, 0x00, 0x08, 0x00, 0x04, 0x00, 0x02, 0x00, 0x00, 0x00,
        0xf8, 0x00, 0x00, 0x00, 0x00, 0x00, 0x00, 0x00, 0x41, 0x00, 0x05, 0x00, 0xb4, 0x00, 0x00, 0x00,
        0xa2, 0x01, 0x00, 0x00, 0x82, 0x00, 0x00, 0x00, 0xac, 0x00, 0x00, 0x00, 0x3d, 0x00, 0x04, 0x00,
        0x0b, 0x00, 0x00, 0x00, 0xa3, 0x01, 0x00, 0x00, 0xa2, 0x01, 0x00, 0x00, 0x3d, 0x00, 0x04, 0x00,
        0x0d, 0x00, 0x00, 0x00, 0xa4, 0x01, 0x00, 0x00, 0xae, 0x00, 0x00, 0x00, 0x3d, 0x00, 0x04, 0x00,
        0x0f, 0x00, 0x00, 0x00, 0xa5, 0x01, 0x00, 0x00, 0xb0, 0x00, 0x00, 0x00, 0x08, 0x00, 0x04, 0x00,
        0x02, 0x00, 0x00, 0x00, 0xbc, 0x00, 0x00, 0x00, 0x00, 0x00, 0x00, 0x00, 0x91, 0x00, 0x05, 0x00,
        0x09, 0x00, 0x00, 0x00, 0xde, 0x01, 0x00, 0x00, 0xa3, 0x01, 0x00, 0x00, 0x61, 0x01, 0x00, 0x00,
        0x08, 0x00, 0x04, 0x00, 0x02, 0x00, 0x00, 0x00, 0xbf, 0x00, 0x00, 0x00, 0x00, 0x00, 0x00, 0x00,
        0x4f, 0x00, 0x07, 0x00, 0x34, 0x00, 0x00, 0x00, 0xe0, 0x01, 0x00, 0x00, 0xde, 0x01, 0x00, 0x00,
        0xde, 0x01, 0x00, 0x00, 0x00, 0x00, 0x00, 0x00, 0x01, 0x00, 0x00, 0x00, 0x8e, 0x00, 0x05, 0x00,
        0x34, 0x00, 0x00, 0x00, 0xe1, 0x01, 0x00, 0x00, 0xe0, 0x01, 0x00, 0x00, 0x37, 0x00, 0x00, 0x00,
        0x08, 0x00, 0x04, 0x00, 0x02, 0x00, 0x00, 0x00, 0xc0, 0x00, 0x00, 0x00, 0x00, 0x00, 0x00, 0x00,
        0x51, 0x00, 0x05, 0x00, 0x08, 0x00, 0x00, 0x00, 0xe3, 0x01, 0x00, 0x00, 0xde, 0x01, 0x00, 0x00,
        0x03, 0x00, 0x00, 0x00, 0x50, 0x00, 0x05, 0x00, 0x34, 0x00, 0x00, 0x00, 0xe4, 0x01, 0x00, 0x00,
        0xe3, 0x01, 0x00, 0x00, 0xe3, 0x01, 0x00, 0x00, 0x88, 0x00, 0x05, 0x00, 0x34, 0x00, 0x00, 0x00,
        0xe5, 0x01, 0x00, 0x00, 0xe1, 0x01, 0x00, 0x00, 0xe4, 0x01, 0x00, 0x00, 0x81, 0x00, 0x05, 0x00,
        0x34, 0x00, 0x00, 0x00, 0xe6, 0x01, 0x00, 0x00, 0xe5, 0x01, 0x00, 0x00, 0x42, 0x00, 0x00, 0x00,
        0x08, 0x00, 0x04, 0x00, 0x02, 0x00, 0x00, 0x00, 0xc1, 0x00, 0x00, 0x00, 0x00, 0x00, 0x00, 0x00,
        0x51, 0x00, 0x05, 0x00, 0x08, 0x00, 0x00, 0x00, 0xe8, 0x01, 0x00, 0x00, 0xe6, 0x01, 0x00, 0x00,
        0x01, 0x00, 0x00, 0x00, 0x83, 0x00, 0x05, 0x00, 0x08, 0x00, 0x00, 0x00, 0xe9, 0x01, 0x00, 0x00,
        0x44, 0x00, 0x00, 0x00, 0xe8, 0x01, 0x00, 0x00, 0x52, 0x00, 0x06, 0x00, 0x34, 0x00, 0x00, 0x00,
        0xf3, 0x02, 0x00, 0x00, 0xe9, 0x01, 0x00, 0x00, 0xe6, 0x01, 0x00, 0x00, 0x01, 0x00, 0x00, 0x00,
        0x08, 0x00, 0x04, 0x00, 0x02, 0x00, 0x00, 0x00, 0xc4, 0x00, 0x00, 0x00, 0x00, 0x00, 0x00, 0x00,
        0x51, 0x00, 0x05, 0x00, 0x08, 0x00, 0x00, 0x00, 0xec, 0x01, 0x00, 0x00, 0xe6, 0x01, 0x00, 0x00,
        0x00, 0x00, 0x00, 0x00, 0xbe, 0x00, 0x05, 0x00, 0x11, 0x00, 0x00, 0x00, 0xed, 0x01, 0x00, 0x00,
        0xec, 0x01, 0x00, 0x00, 0x4d, 0x00, 0x00, 0x00, 0xbc, 0x00, 0x05, 0x00, 0x11, 0x00, 0x00, 0x00,
        0xf0, 0x01, 0x00, 0x00, 0xec, 0x01, 0x00, 0x00, 0x44, 0x00, 0x00, 0x00, 0xa7, 0x00, 0x05, 0x00,
        0x11, 0x00, 0x00, 0x00, 0xf1, 0x01, 0x00, 0x00, 0xed, 0x01, 0x00, 0x00, 0xf0, 0x01, 0x00, 0x00,
        0x08, 0x00, 0x04, 0x00, 0x02, 0x00, 0x00, 0x00, 0xc5, 0x00, 0x00, 0x00, 0x00, 0x00, 0x00, 0x00,
        0xbe, 0x00, 0x05, 0x00, 0x11, 0x00, 0x00, 0x00, 0xf4, 0x01, 0x00, 0x00, 0xe9, 0x01, 0x00, 0x00,
        0x4d, 0x00, 0x00, 0x00, 0xa7, 0x00, 0x05, 0x00, 0x11, 0x00, 0x00, 0x00, 0xf5, 0x01, 0x00, 0x00,
        0xf1, 0x01, 0x00, 0x00, 0xf4, 0x01, 0x00, 0x00, 0xbc, 0x00, 0x05, 0x00, 0x11, 0x00, 0x00, 0x00,
        0xf8, 0x01, 0x00, 0x00, 0xe9, 0x01, 0x00, 0x00, 0x44, 0x00, 0x00, 0x00, 0xa7, 0x00, 0x05, 0x00,
        0x11, 0x00, 0x00, 0x00, 0xf9, 0x01, 0x00, 0x00, 0xf5, 0x01, 0x00, 0x00, 0xf8, 0x01, 0x00, 0x00,
        0x08, 0x00, 0x04, 0x00, 0x02, 0x00, 0x00, 0x00, 0xc6, 0x00, 0x00, 0x00, 0x00, 0x00, 0x00, 0x00,
        0x51, 0x00, 0x05, 0x00, 0x08, 0x00, 0x00, 0x00, 0xfb, 0x01, 0x00, 0x00, 0xde, 0x01, 0x00, 0x00,
        0x02, 0x00, 0x00, 0x00, 0xba, 0x00, 0x05, 0x00, 0x11, 0x00, 0x00, 0x00, 0xfc, 0x01, 0x00, 0x00,
        0xfb, 0x01, 0x00, 0x00, 0x4d, 0x00, 0x00, 0x00, 0xa7, 0x00, 0x05, 0x00, 0x11, 0x00, 0x00, 0x00,
        0xfd, 0x01, 0x00, 0x00, 0xf9, 0x01, 0x00, 0x00, 0xfc, 0x01, 0x00, 0x00, 0xf7, 0x00, 0x03, 0x00,
        0x25, 0x02, 0x00, 0x00, 0x00, 0x00, 0x00, 0x00, 0xfa, 0x00, 0x04, 0x00, 0xfd, 0x01, 0x00, 0x00,
        0xfe, 0x01, 0x00, 0x00, 0x24, 0x02, 0x00, 0x00, 0xf8, 0x00, 0x02, 0x00, 0xfe, 0x01, 0x00, 0x00,
        0x08, 0x00, 0x04, 0x00, 0x02, 0x00, 0x00, 0x00, 0xc9, 0x00, 0x00, 0x00, 0x00, 0x00, 0x00, 0x00,
        0x56, 0x00, 0x05, 0x00, 0x65, 0x00, 0x00, 0x00, 0x01, 0x02, 0x00, 0x00, 0xa4, 0x01, 0x00, 0x00,
        0xa5, 0x01, 0x00, 0x00, 0x57, 0x00, 0x05, 0x00, 0x09, 0x00, 0x00, 0x00, 0x03, 0x02, 0x00, 0x00,
        0x01, 0x02, 0x00, 0x00, 0xf3, 0x02, 0x00, 0x00, 0x51, 0x00, 0x05, 0x00, 0x08, 0x00, 0x00, 0x00,
        0x04, 0x02, 0x00, 0x00, 0x03, 0x02, 0x00, 0x00, 0x00, 0x00, 0x00, 0x00, 0x08, 0x00, 0x04, 0x00,
        0x02, 0x00, 0x00, 0x00, 0xce, 0x00, 0x00, 0x00, 0x00, 0x00, 0x00, 0x00, 0x88, 0x00, 0x05, 0x00,
        0x08, 0x00, 0x00, 0x00, 0x09, 0x02, 0x00, 0x00, 0xfb, 0x01, 0x00, 0x00, 0xe3, 0x01, 0x00, 0x00,
        0x08, 0x00, 0x04, 0x00, 0x02, 0x00, 0x00, 0x00, 0xd1, 0x00, 0x00, 0x00, 0x00, 0x00, 0x00, 0x00,
        0xcf, 0x00, 0x04, 0x00, 0x08, 0x00, 0x00, 0x00, 0x0b, 0x02, 0x00, 0x00, 0x09, 0x02, 0x00, 0x00,
        0x08, 0x00, 0x04, 0x00, 0x02, 0x00, 0x00, 0x00, 0xd2, 0x00, 0x00, 0x00, 0x00, 0x00, 0x00, 0x00,
        0xd0, 0x00, 0x04, 0x00, 0x08, 0x00, 0x00, 0x00, 0x0d, 0x02, 0x00, 0x00, 0x09, 0x02, 0x00, 0x00,
        0x08, 0x00, 0x04, 0x00, 0x02, 0x00, 0x00, 0x00, 0xd3, 0x00, 0x00, 0x00, 0x00, 0x00, 0x00, 0x00,
        0x85, 0x00, 0x05, 0x00, 0x08, 0x00, 0x00, 0x00, 0x10, 0x02, 0x00, 0x00, 0x0b, 0x02, 0x00, 0x00,
        0x0b, 0x02, 0x00, 0x00, 0x85, 0x00, 0x05, 0x00, 0x08, 0x00, 0x00, 0x00, 0x13, 0x02, 0x00, 0x00,
        0x0d, 0x02, 0x00, 0x00, 0x0d, 0x02, 0x00, 0x00, 0x81, 0x00, 0x05, 0x00, 0x08, 0x00, 0x00, 0x00,
        0x14, 0x02, 0x00, 0x00, 0x10, 0x02, 0x00, 0x00, 0x13, 0x02, 0x00, 0x00, 0x0c, 0x00, 0x06, 0x00,
        0x08, 0x00, 0x00, 0x00, 0x15, 0x02, 0x00, 0x00, 0x03, 0x00, 0x00, 0x00, 0x1f, 0x00, 0x00, 0x00,
        0x14, 0x02, 0x00, 0x00, 0x08, 0x00, 0x04, 0x00, 0x02, 0x00, 0x00, 0x00, 0xd4, 0x00, 0x00, 0x00,
        0x00, 0x00, 0x00, 0x00, 0x41, 0x00, 0x05, 0x00, 0x85, 0x00, 0x00, 0x00, 0x16, 0x02, 0x00, 0x00,
        0x82, 0x00, 0x00, 0x00, 0x84, 0x00, 0x00, 0x00, 0x3d, 0x00, 0x04, 0x00, 0x08, 0x00, 0x00, 0x00,
        0x17, 0x02, 0x00, 0x00, 0x16, 0x02, 0x00, 0x00, 0x0c, 0x00, 0x08, 0x00, 0x08, 0x00, 0x00, 0x00,
        0x1a, 0x02, 0x00, 0x00, 0x03, 0x00, 0x00, 0x00, 0x2b, 0x00, 0x00, 0x00, 0x15, 0x02, 0x00, 0x00,
        0x4d, 0x00, 0x00, 0x00, 0x8a, 0x00, 0x00, 0x00, 0x81, 0x00, 0x05, 0x00, 0x08, 0x00, 0x00, 0x00,
        0x1b, 0x02, 0x00, 0x00, 0x17, 0x02, 0x00, 0x00, 0x1a, 0x02, 0x00, 0x00, 0x08, 0x00, 0x04, 0x00,
        0x02, 0x00, 0x00, 0x00, 0xd6, 0x00, 0x00, 0x00, 0x00, 0x00, 0x00, 0x00, 0x83, 0x00, 0x05, 0x00,
        0x08, 0x00, 0x00, 0x00, 0x1e, 0x02, 0x00, 0x00, 0x09, 0x02, 0x00, 0x00, 0x1b, 0x02, 0x00, 0x00,
        0x08, 0x00, 0x04, 0x00, 0x02, 0x00, 0x00, 0x00, 0xd9, 0x00, 0x00, 0x00, 0x00, 0x00, 0x00, 0x00,
        0xb8, 0x00, 0x05, 0x00, 0x11, 0x00, 0x00, 0x00, 0x21, 0x02, 0x00, 0x00, 0x04, 0x02, 0x00, 0x00,
        0x1e, 0x02, 0x00, 0x00, 0x08, 0x00, 0x04, 0x00, 0x02, 0x00, 0x00, 0x00, 0xdf, 0x00, 0x00, 0x00,
        0x00, 0x00, 0x00, 0x00, 0xf9, 0x00, 0x02, 0x00, 0x25, 0x02, 0x00, 0x00, 0xf8, 0x00, 0x02, 0x00,
        0x24, 0x02, 0x00, 0x00, 0x08, 0x00, 0x04, 0x00, 0x02, 0x00, 0x00, 0x00, 0xe1, 0x00, 0x00, 0x00,
        0x00, 0x00, 0x00, 0x00, 0xf9, 0x00, 0x02, 0x00, 0x25, 0x02, 0x00, 0x00, 0xf8, 0x00, 0x02, 0x00,
        0x25, 0x02, 0x00, 0x00, 0xf5, 0x00, 0x07, 0x00, 0x11, 0x00, 0x00, 0x00, 0xda, 0x02, 0x00, 0x00,
        0x21, 0x02, 0x00, 0x00, 0xfe, 0x01, 0x00, 0x00, 0x2f, 0x00, 0x00, 0x00, 0x24, 0x02, 0x00, 0x00,
        0x08, 0x00, 0x04, 0x00, 0x02, 0x00, 0x00, 0x00, 0xf9, 0x00, 0x00, 0x00, 0x00, 0x00, 0x00, 0x00,
        0xf7, 0x00, 0x03, 0x00, 0xac, 0x01, 0x00, 0x00, 0x00, 0x00, 0x00, 0x00, 0xfa, 0x00, 0x04, 0x00,
        0xfd, 0x01, 0x00, 0x00, 0xaa, 0x01, 0x00, 0x00, 0xac, 0x01, 0x00, 0x00, 0xf8, 0x00, 0x02, 0x00,
        0xaa, 0x01, 0x00, 0x00, 0x08, 0x00, 0x04, 0x00, 0x02, 0x00, 0x00, 0x00, 0xf9, 0x00, 0x00, 0x00,
        0x00, 0x00, 0x00, 0x00, 0xf9, 0x00, 0x02, 0x00, 0xd1, 0x01, 0x00, 0x00, 0xf8, 0x00, 0x02, 0x00,
        0xac, 0x01, 0x00, 0x00, 0x08, 0x00, 0x04, 0x00, 0x02, 0x00, 0x00, 0x00, 0xfb, 0x00, 0x00, 0x00,
        0x00, 0x00, 0x00, 0x00, 0xba, 0x00, 0x05, 0x00, 0x11, 0x00, 0x00, 0x00, 0xaf, 0x01, 0x00, 0x00,
        0x96, 0x01, 0x00, 0x00, 0x44, 0x00, 0x00, 0x00, 0xf7, 0x00, 0x03, 0x00, 0xce, 0x01, 0x00, 0x00,
        0x00, 0x00, 0x00, 0x00, 0xfa, 0x00, 0x04, 0x00, 0xaf, 0x01, 0x00, 0x00, 0xb0, 0x01, 0x00, 0x00,
        0xce, 0x01, 0x00, 0x00, 0xf8, 0x00, 0x02, 0x00, 0xb0, 0x01, 0x00, 0x00, 0x08, 0x00, 0x04, 0x00,
        0x02, 0x00, 0x00, 0x00, 0xff, 0x00, 0x00, 0x00, 0x00, 0x00, 0x00, 0x00, 0x41, 0x00, 0x05, 0x00,
        0xb4, 0x00, 0x00, 0x00, 0xb2, 0x01, 0x00, 0x00, 0x82, 0x00, 0x00, 0x00, 0xcc, 0x00, 0x00, 0x00,
        0x3d, 0x00, 0x04, 0x00, 0x0b, 0x00, 0x00, 0x00, 0xb3, 0x01, 0x00, 0x00, 0xb2, 0x01, 0x00, 0x00,
        0x3d, 0x00, 0x04, 0x00, 0x0d, 0x00, 0x00, 0x00, 0xb4, 0x01, 0x00, 0x00, 0xcd, 0x00, 0x00, 0x00,
        0x3d, 0x00, 0x04, 0x00, 0x0f, 0x00, 0x00, 0x00, 0xb5, 0x01, 0x00, 0x00, 0xce, 0x00, 0x00, 0x00,
        0x08, 0x00, 0x04, 0x00, 0x02, 0x00, 0x00, 0x00, 0xbc, 0x00, 0x00, 0x00, 0x00, 0x00, 0x00, 0x00,
        0x91, 0x00, 0x05, 0x00, 0x09, 0x00, 0x00, 0x00, 0x31, 0x02, 0x00, 0x00, 0xb3, 0x01, 0x00, 0x00,
        0x61, 0x01, 0x00, 0x00, 0x08, 0x00, 0x04, 0x00, 0x02, 0x00, 0x00, 0x00, 0xbf, 0x00, 0x00, 0x00,
        0x00, 0x00, 0x00, 0x00, 0x4f, 0x00, 0x07, 0x00, 0x34, 0x00, 0x00, 0x00, 0x33, 0x02, 0x00, 0x00,
        0x31, 0x02, 0x00, 0x00, 0x31, 0x02, 0x00, 0x00, 0x00, 0x00, 0x00, 0x00, 0x01, 0x00, 0x00, 0x00,
        0x8e, 0x00, 0x05, 0x00, 0x34, 0x00, 0x00, 0x00, 0x34, 0x02, 0x00, 0x00, 0x33, 0x02, 0x00, 0x00,
        0x37, 0x00, 0x00, 0x00, 0x08, 0x00, 0x04, 0x00, 0x02, 0x00, 0x00, 0x00, 0xc0, 0x00, 0x00, 0x00,
        0x00, 0x00, 0x00, 0x00, 0x51, 0x00, 0x05, 0x00, 0x08, 0x00, 0x00, 0x00, 0x36, 0x02, 0x00, 0x00,
        0x31, 0x02, 0x00, 0x00, 0x03, 0x00, 0x00, 0x00, 0x50, 0x00, 0x05, 0x00, 0x34, 0x00, 0x00, 0x00,
        0x37, 0x02, 0x00, 0x00, 0x36, 0x02, 0x00, 0x00, 0x36, 0x02, 0x00, 0x00, 0x88, 0x00, 0x05, 0x00,
        0x34, 0x00, 0x00, 0x00, 0x38, 0x02, 0x00, 0x00, 0x34, 0x02, 0x00, 0x00, 0x37, 0x02, 0x00, 0x00,
        0x81, 0x00, 0x05, 0x00, 0x34, 0x00, 0x00, 0x00, 0x39, 0x02, 0x00, 0x00, 0x38, 0x02, 0x00, 0x00,
        0x42, 0x00, 0x00, 0x00, 0x08, 0x00, 0x04, 0x00, 0x02, 0x00, 0x00, 0x00, 0xc1, 0x00, 0x00, 0x00,
        0x00, 0x00, 0x00, 0x00, 0x51, 0x00, 0x05, 0x00, 0x08, 0x00, 0x00, 0x00, 0x3b, 0x02, 0x00, 0x00,
        0x39, 0x02, 0x00, 0x00, 0x01, 0x00, 0x00, 0x00, 0x83, 0x00, 0x05, 0x00, 0x08, 0x00, 0x00, 0x00,
        0x3c, 0x02, 0x00, 0x00, 0x44, 0x00, 0x00, 0x00, 0x3b, 0x02, 0x00, 0x00, 0x52, 0x00, 0x06, 0x00,
        0x34, 0x00, 0x00, 0x00, 0xfe, 0x02, 0x00, 0x00, 0x3c, 0x02, 0x00, 0x00, 0x39, 0x02, 0x00, 0x00,
        0x01, 0x00, 0x00, 0x00, 0x08, 0x00, 0x04, 0x00, 0x02, 0x00, 0x00, 0x00, 0xc4, 0x00, 0x00, 0x00,
        0x00, 0x00, 0x00, 0x00, 0x51, 0x00, 0x05, 0x00, 0x08, 0x00, 0x00, 0x00, 0x3f, 0x02, 0x00, 0x00,
        0x39, 0x02, 0x00, 0x00, 0x00, 0x00, 0x00, 0x00, 0xbe, 0x00, 0x05, 0x00, 0x11, 0x00, 0x00, 0x00,
        0x40, 0x02, 0x00, 0x00, 0x3f, 0x02, 0x00, 0x00, 0x4d, 0x00, 0x00, 0x00, 0xbc, 0x00, 0x05, 0x00,
        0x11, 0x00, 0x00, 0x00, 0x43, 0x02, 0x00, 0x00, 0x3f, 0x02, 0x00, 0x00, 0x44, 0x00, 0x00, 0x00,
        0xa7, 0x00, 0x05, 0x00, 0x11, 0x00, 0x00, 0x00, 0x44, 0x02, 0x00, 0x00, 0x40, 0x02, 0x00, 0x00,
        0x43, 0x02, 0x00, 0x00, 0x08, 0x00, 0x04, 0x00, 0x02, 0x00, 0x00, 0x00, 0xc5, 0x00, 0x00, 0x00,
        0x00, 0x00, 0x00, 0x00, 0xbe, 0x00, 0x05, 0x00, 0x11, 0x00, 0x00, 0x00, 0x47, 0x02, 0x00, 0x00,
        0x3c, 0x02, 0x00, 0x00, 0x4d, 0x00, 0x00, 0x00, 0xa7, 0x00, 0x05, 0x00, 0x11, 0x00, 0x00, 0x00,
        0x48, 0x02, 0x00, 0x00, 0x44, 0x02, 0x00, 0x00, 0x47, 0x02, 0x00, 0x00, 0xbc, 0x00, 0x05, 0x00,
        0x11, 0x00, 0x00, 0x00, 0x4b, 0x02, 0x00, 0x00, 0x3c, 0x02, 0x00, 0x00, 0x44, 0x00, 0x00, 0x00,
        0xa7, 0x00, 0x05, 0x00, 0x11, 0x00, 0x00, 0x00, 0x4c, 0x02, 0x00, 0x00, 0x48, 0x02, 0x00, 0x00,
        0x4b, 0x02, 0x00, 0x00, 0x08, 0x00, 0x04, 0x00, 0x02, 0x00, 0x00, 0x00, 0xc6, 0x00, 0x00, 0x00,
        0x00, 0x00, 0x00, 0x00, 0x51, 0x00, 0x05, 0x00, 0x08, 0x00, 0x00, 0x00, 0x4e, 0x02, 0x00, 0x00,
        0x31, 0x02, 0x00, 0x00, 0x02, 0x00, 0x00, 0x00, 0xba, 0x00, 0x05, 0x00, 0x11, 0x00, 0x00, 0x00,
        0x4f, 0x02, 0x00, 0x00, 0x4e, 0x02, 0x00, 0x00, 0x4d, 0x00, 0x00, 0x00, 0xa7, 0x00, 0x05, 0x00,
        0x11, 0x00, 0x00, 0x00, 0x50, 0x02, 0x00, 0x00, 0x4c, 0x02, 0x00, 0x00, 0x4f, 0x02, 0x00, 0x00,
        0xf7, 0x00, 0x03, 0x00, 0x78, 0x02, 0x00, 0x00, 0x00, 0x00, 0x00, 0x00, 0xfa, 0x00, 0x04, 0x00,
        0x50, 0x02, 0x00, 0x00, 0x51, 0x02, 0x00, 0x00, 0x77, 0x02, 0x00, 0x00, 0xf8, 0x00, 0x02, 0x00,
        0x51, 0x02, 0x00, 0x00, 0x08, 0x00, 0x04, 0x00, 0x02, 0x00, 0x00, 0x00, 0xc9, 0x00, 0x00, 0x00,
        0x00, 0x00, 0x00, 0x00, 0x56, 0x00, 0x05, 0x00, 0x65, 0x00, 0x00, 0x00, 0x54, 0x02, 0x00, 0x00,
        0xb4, 0x01, 0x00, 0x00, 0xb5, 0x01, 0x00, 0x00, 0x57, 0x00, 0x05, 0x00, 0x09, 0x00, 0x00, 0x00,
        0x56, 0x02, 0x00, 0x00, 0x54, 0x02, 0x00, 0x00, 0xfe, 0x02, 0x00, 0x00, 0x51, 0x00, 0x05, 0x00,
        0x08, 0x00, 0x00, 0x00, 0x57, 0x02, 0x00, 0x00, 0x56, 0x02, 0x00, 0x00, 0x00, 0x00, 0x00, 0x00,
        0x08, 0x00, 0x04, 0x00, 0x02, 0x00, 0x00, 0x00, 0xce, 0x00, 0x00, 0x00, 0x00, 0x00, 0x00, 0x00,
        0x88, 0x00, 0x05, 0x00, 0x08, 0x00, 0x00, 0x00, 0x5c, 0x02, 0x00, 0x00, 0x4e, 0x02, 0x00, 0x00,
        0x36, 0x02, 0x00, 0x00, 0x08, 0x00, 0x04, 0x00, 0x02, 0x00, 0x00, 0x00, 0xd1, 0x00, 0x00, 0x00,
        0x00, 0x00, 0x00, 0x00, 0xcf, 0x00, 0x04, 0x00, 0x08, 0x00, 0x00, 0x00, 0x5e, 0x02, 0x00, 0x00,
        0x5c, 0x02, 0x00, 0x00, 0x08, 0x00, 0x04, 0x00, 0x02, 0x00, 0x00, 0x00, 0xd2, 0x00, 0x00, 0x00,
        0x00, 0x00, 0x00, 0x00, 0xd0, 0x00, 0x04, 0x00, 0x08, 0x00, 0x00, 0x00, 0x60, 0x02, 0x00, 0x00,
        0x5c, 0x02, 0x00, 0x00, 0x08, 0x00, 0x04, 0x00, 0x02, 0x00, 0x00, 0x00, 0xd3, 0x00, 0x00, 0x00,
        0x00, 0x00, 0x00, 0x00, 0x85, 0x00, 0x05, 0x00, 0x08, 0x00, 0x00, 0x00, 0x63, 0x02, 0x00, 0x00,
        0x5e, 0x02, 0x00, 0x00, 0x5e, 0x02, 0x00, 0x00, 0x85, 0x00, 0x05, 0x00, 0x08, 0x00, 0x00, 0x00,
        0x66, 0x02, 0x00, 0x00, 0x60, 0x02, 0x00, 0x00, 0x60, 0x02, 0x00, 0x00, 0x81, 0x00, 0x05, 0x00,
        0x08, 0x00, 0x00, 0x00, 0x67, 0x02, 0x00, 0x00, 0x63, 0x02, 0x00, 0x00, 0x66, 0x02, 0x00, 0x00,
        0x0c, 0x00, 0x06, 0x00, 0x08, 0x00, 0x00, 0x00, 0x68, 0x02, 0x00, 0x00, 0x03, 0x00, 0x00, 0x00,
        0x1f, 0x00, 0x00, 0x00, 0x67, 0x02, 0x00, 0x00, 0x08, 0x00, 0x04, 0x00, 0x02, 0x00, 0x00, 0x00,
        0xd4, 0x00, 0x00, 0x00, 0x00, 0x00, 0x00, 0x00, 0x41, 0x00, 0x05, 0x00, 0x85, 0x00, 0x00, 0x00,
        0x69, 0x02, 0x00, 0x00, 0x82, 0x00, 0x00, 0x00, 0x84, 0x00, 0x00, 0x00, 0x3d, 0x00, 0x04, 0x00,
        0x08, 0x00, 0x00, 0x00, 0x6a, 0x02, 0x00, 0x00, 0x69, 0x02, 0x00, 0x00, 0x0c, 0x00, 0x08, 0x00,
        0x08, 0x00, 0x00, 0x00, 0x6d, 0x02, 0x00, 0x00, 0x03, 0x00, 0x00, 0x00, 0x2b, 0x00, 0x00, 0x00,
        0x68, 0x02, 0x00, 0x00, 0x4d, 0x00, 0x00, 0x00, 0x8a, 0x00, 0x00, 0x00, 0x81, 0x00, 0x05, 0x00,
        0x08, 0x00, 0x00, 0x00, 0x6e, 0x02, 0x00, 0x00, 0x6a, 0x02, 0x00, 0x00, 0x6d, 0x02, 0x00, 0x00,
        0x08, 0x00, 0x04, 0x00, 0x02, 0x00, 0x00, 0x00, 0xd6, 0x00, 0x00, 0x00, 0x00, 0x00, 0x00, 0x00,
        0x83, 0x00, 0x05, 0x00, 0x08, 0x00, 0x00, 0x00, 0x71, 0x02, 0x00, 0x00, 0x5c, 0x02, 0x00, 0x00,
        0x6e, 0x02, 0x00, 0x00, 0x08, 0x00, 0x04, 0x00, 0x02, 0x00, 0x00, 0x00, 0xd9, 0x00, 0x00, 0x00,
        0x00, 0x00, 0x00, 0x00, 0xb8, 0x00, 0x05, 0x00, 0x11, 0x00, 0x00, 0x00, 0x74, 0x02, 0x00, 0x00,
        0x57, 0x02, 0x00, 0x00, 0x71, 0x02, 0x00, 0x00, 0x08, 0x00, 0x04, 0x00, 0x02, 0x00, 0x00, 0x00,
        0xdf, 0x00, 0x00, 0x00, 0x00, 0x00, 0x00, 0x00, 0xf9, 0x00, 0x02, 0x00, 0x78, 0x02, 0x00, 0x00,
        0xf8, 0x00, 0x02, 0x00, 0x77, 0x02, 0x00, 0x00, 0x08, 0x00, 0x04, 0x00, 0x02, 0x00, 0x00, 0x00,
        0xe1, 0x00, 0x00, 0x00, 0x00, 0x00, 0x00, 0x00, 0xf9, 0x00, 0x02, 0x00, 0x78, 0x02, 0x00, 0x00,
        0xf8, 0x00, 0x02, 0x00, 0x78, 0x02, 0x00, 0x00, 0xf5, 0x00, 0x07, 0x00, 0x11, 0x00, 0x00, 0x00,
        0xdd, 0x02, 0x00, 0x00, 0x74, 0x02, 0x00, 0x00, 0x51, 0x02, 0x00, 0x00, 0x2f, 0x00, 0x00, 0x00,
        0x77, 0x02, 0x00, 0x00, 0x08, 0x00, 0x04, 0x00, 0x02, 0x00, 0x00, 0x00, 0x00, 0x01, 0x00, 0x00,
        0x00, 0x00, 0x00, 0x00, 0xf7, 0x00, 0x03, 0x00, 0xbc, 0x01, 0x00, 0x00, 0x00, 0x00, 0x00, 0x00,
        0xfa, 0x00, 0x04, 0x00, 0x50, 0x02, 0x00, 0x00, 0xba, 0x01, 0x00, 0x00, 0xbc, 0x01, 0x00, 0x00,
        0xf8, 0x00, 0x02, 0x00, 0xba, 0x01, 0x00, 0x00, 0x08, 0x00, 0x04, 0x00, 0x02, 0x00, 0x00, 0x00,
        0x00, 0x01, 0x00, 0x00, 0x00, 0x00, 0x00, 0x00, 0xf9, 0x00, 0x02, 0x00, 0xd1, 0x01, 0x00, 0x00,
        0xf8, 0x00, 0x02, 0x00, 0xbc, 0x01, 0x00, 0x00, 0x08, 0x00, 0x04, 0x00, 0x02, 0x00, 0x00, 0x00,
        0x02, 0x01, 0x00, 0x00, 0x00, 0x00, 0x00, 0x00, 0xba, 0x00, 0x05, 0x00, 0x11, 0x00, 0x00, 0x00,
        0xbf, 0x01, 0x00, 0x00, 0x96, 0x01, 0x00, 0x00, 0xe4, 0x00, 0x00, 0x00, 0xf7, 0x00, 0x03, 0x00,
        0xcd, 0x01, 0x00, 0x00, 0x00, 0x00, 0x00, 0x00, 0xfa, 0x00, 0x04, 0x00, 0xbf, 0x01, 0x00, 0x00,
        0xc0, 0x01, 0x00, 0x00, 0xcd, 0x01, 0x00, 0x00, 0xf8, 0x00, 0x02, 0x00, 0xc0, 0x01, 0x00, 0x00,
        0x08, 0x00, 0x04, 0x00, 0x02, 0x00, 0x00, 0x00, 0x06, 0x01, 0x00, 0x00, 0x00, 0x00, 0x00, 0x00,
        0x41, 0x00, 0x05, 0x00, 0xb4, 0x00, 0x00, 0x00, 0xc2, 0x01, 0x00, 0x00, 0x82, 0x00, 0x00, 0x00,
        0xea, 0x00, 0x00, 0x00, 0x3d, 0x00, 0x04, 0x00, 0x0b, 0x00, 0x00, 0x00, 0xc3, 0x01, 0x00, 0x00,
        0xc2, 0x01, 0x00, 0x00, 0x3d, 0x00, 0x04, 0x00, 0x0d, 0x00, 0x00, 0x00, 0xc4, 0x01, 0x00, 0x00,
        0xeb, 0x00, 0x00, 0x00, 0x3d, 0x00, 0x04, 0x00, 0x0f, 0x00, 0x00, 0x00, 0xc5, 0x01, 0x00, 0x00,
        0xec, 0x00, 0x00, 0x00, 0x08, 0x00, 0x04, 0x00, 0x02, 0x00, 0x00, 0x00, 0xbc, 0x00, 0x00, 0x00,
        0x00, 0x00, 0x00, 0x00, 0x91, 0x00, 0x05, 0x00, 0x09, 0x00, 0x00, 0x00, 0x84, 0x02, 0x00, 0x00,
        0xc3, 0x01, 0x00, 0x00, 0x61, 0x01, 0x00, 0x00, 0x08, 0x00, 0x04, 0x00, 0x02, 0x00, 0x00, 0x00,
        0xbf, 0x00, 0x00, 0x00, 0x00, 0x00, 0x00, 0x00, 0x4f, 0x00, 0x07, 0x00, 0x34, 0x00, 0x00, 0x00,
        0x86, 0x02, 0x00, 0x00, 0x84, 0x02, 0x00, 0x00, 0x84, 0x02, 0x00, 0x00, 0x00, 0x00, 0x00, 0x00,
        0x01, 0x00, 0x00, 0x00, 0x8e, 0x00, 0x05, 0x00, 0x34, 0x00, 0x00, 0x00, 0x87, 0x02, 0x00, 0x00,
        0x86, 0x02, 0x00, 0x00, 0x37, 0x00, 0x00, 0x00, 0x08, 0x00, 0x04, 0x00, 0x02, 0x00, 0x00, 0x00,
        0xc0, 0x00, 0x00, 0x00, 0x00, 0x00, 0x00, 0x00, 0x51, 0x00, 0x05, 0x00, 0x08, 0x00, 0x00, 0x00,
        0x89, 0x02, 0x00, 0x00, 0x84, 0x02, 0x00, 0x00, 0x03, 0x00, 0x00, 0x00, 0x50, 0x00, 0x05, 0x00,
        0x34, 0x00, 0x00, 0x00, 0x8a, 0x02, 0x00, 0x00, 0x89, 0x02, 0x00, 0x00, 0x89, 0x02, 0x00, 0x00,
        0x88, 0x00, 0x05, 0x00, 0x34, 0x00, 0x00, 0x00, 0x8b, 0x02, 0x00, 0x00, 0x87, 0x02, 0x00, 0x00,
        0x8a, 0x02, 0x00, 0x00, 0x81, 0x00, 0x05, 0x00, 0x34, 0x00, 0x00, 0x00, 0x8c, 0x02, 0x00, 0x00,
        0x8b, 0x02, 0x00, 0x00, 0x42, 0x00, 0x00, 0x00, 0x08, 0x00, 0x04, 0x00, 0x02, 0x00, 0x00, 0x00,
        0xc1, 0x00, 0x00, 0x00, 0x00, 0x00, 0x00, 0x00, 0x51, 0x00, 0x05, 0x00, 0x08, 0x00, 0x00, 0x00,
        0x8e, 0x02, 0x00, 0x00, 0x8c, 0x02, 0x00, 0x00, 0x01, 0x00, 0x00, 0x00, 0x83, 0x00, 0x05, 0x00,
        0x08, 0x00, 0x00, 0x00, 0x8f, 0x02, 0x00, 0x00, 0x44, 0x00, 0x00, 0x00, 0x8e, 0x02, 0x00, 0x00,
        0x52, 0x00, 0x06, 0x00, 0x34, 0x00, 0x00, 0x00, 0x09, 0x03, 0x00, 0x00, 0x8f, 0x02, 0x00, 0x00,
        0x8c, 0x02, 0x00, 0x00, 0x01, 0x00, 0x00, 0x00, 0x08, 0x00, 0x04, 0x00, 0x02, 0x00, 0x00, 0x00,
        0xc4, 0x00, 0x00, 0x00, 0x00, 0x00, 0x00, 0x00, 0x51, 0x00, 0x05, 0x00, 0x08, 0x00, 0x00, 0x00,
        0x92, 0x02, 0x00, 0x00, 0x8c, 0x02, 0x00, 0x00, 0x00, 0x00, 0x00, 0x00, 0xbe, 0x00, 0x05, 0x00,
        0x11, 0x00, 0x00, 0x00, 0x93, 0x02, 0x00, 0x00, 0x92, 0x02, 0x00, 0x00, 0x4d, 0x00, 0x00, 0x00,
        0xbc, 0x00, 0x05, 0x00, 0x11, 0x00, 0x00, 0x00, 0x96, 0x02, 0x00, 0x00, 0x92, 0x02, 0x00, 0x00,
        0x44, 0x00, 0x00, 0x00, 0xa7, 0x00, 0x05, 0x00, 0x11, 0x00, 0x00, 0x00, 0x97, 0x02, 0x00, 0x00,
        0x93, 0x02, 0x00, 0x00, 0x96, 0x02, 0x00, 0x00, 0x08, 0x00, 0x04, 0x00, 0x02, 0x00, 0x00, 0x00,
        0xc5, 0x00, 0x00, 0x00, 0x00, 0x00, 0x00, 0x00, 0xbe, 0x00, 0x05, 0x00, 0x11, 0x00, 0x00, 0x00,
        0x9a, 0x02, 0x00, 0x00, 0x8f, 0x02, 0x00, 0x00, 0x4d, 0x00, 0x00, 0x00, 0xa7, 0x00, 0x05, 0x00,
        0x11, 0x00, 0x00, 0x00, 0x9b, 0x02, 0x00, 0x00, 0x97, 0x02, 0x00, 0x00, 0x9a, 0x02, 0x00, 0x00,
        0xbc, 0x00, 0x05, 0x00, 0x11, 0x00, 0x00, 0x00, 0x9e, 0x02, 0x00, 0x00, 0x8f, 0x02, 0x00, 0x00,
        0x44, 0x00, 0x00, 0x00, 0xa7, 0x00, 0x05, 0x00, 0x11, 0x00, 0x00, 0x00, 0x9f, 0x02, 0x00, 0x00,
        0x9b, 0x02, 0x00, 0x00, 0x9e, 0x02, 0x00, 0x00, 0x08, 0x00, 0x04, 0x00, 0x02, 0x00, 0x00, 0x00,
        0xc6, 0x00, 0x00, 0x00, 0x00, 0x00, 0x00, 0x00, 0x51, 0x00, 0x05, 0x00, 0x08, 0x00, 0x00, 0x00,
        0xa1, 0x02, 0x00, 0x00, 0x84, 0x02, 0x00, 0x00, 0x02, 0x00, 0x00, 0x00, 0xba, 0x00, 0x05, 0x00,
        0x11, 0x00, 0x00, 0x00, 0xa2, 0x02, 0x00, 0x00, 0xa1, 0x02, 0x00, 0x00, 0x4d, 0x00, 0x00, 0x00,
        0xa7, 0x00, 0x05, 0x00, 0x11, 0x00, 0x00, 0x00, 0xa3, 0x02, 0x00, 0x00, 0x9f, 0x02, 0x00, 0x00,
        0xa2, 0x02, 0x00, 0x00, 0xf7, 0x00, 0x03, 0x00, 0xcb, 0x02, 0x00, 0x00, 0x00, 0x00, 0x00, 0x00,
        0xfa, 0x00, 0x04, 0x00, 0xa3, 0x02, 0x00, 0x00, 0xa4, 0x02, 0x00, 0x00, 0xca, 0x02, 0x00, 0x00,
        0xf8, 0x00, 0x02, 0x00, 0xa4, 0x02, 0x00, 0x00, 0x08, 0x00, 0x04, 0x00, 0x02, 0x00, 0x00, 0x00,
        0xc9, 0x00, 0x00, 0x00, 0x00, 0x00, 0x00, 0x00, 0x56, 0x00, 0x05, 0x00, 0x65, 0x00, 0x00, 0x00,
        0xa7, 0x02, 0x00, 0x00, 0xc4, 0x01, 0x00, 0x00, 0xc5, 0x01, 0x00, 0x00, 0x57, 0x00, 0x05, 0x00,
        0x09, 0x00, 0x00, 0x00, 0xa9, 0x02, 0x00, 0x00, 0xa7, 0x02, 0x00, 0x00, 0x09, 0x03, 0x00, 0x00,
        0x51, 0x00, 0x05, 0x00, 0x08, 0x00, 0x00, 0x00, 0xaa, 0x02, 0x00, 0x00, 0xa9, 0x02, 0x00, 0x00,
        0x00, 0x00, 0x00, 0x00, 0x08, 0x00, 0x04, 0x00, 0x02, 0x00, 0x00, 0x00, 0xce, 0x00, 0x00, 0x00,
        0x00, 0x00, 0x00, 0x00, 0x88, 0x00, 0x05, 0x00, 0x08, 0x00, 0x00, 0x00, 0xaf, 0x02, 0x00, 0x00,
        0xa1, 0x02, 0x00, 0x00, 0x89, 0x02, 0x00, 0x00, 0x08, 0x00, 0x04, 0x00, 0x02, 0x00, 0x00, 0x00,
        0xd1, 0x00, 0x00, 0x00, 0x00, 0x00, 0x00, 0x00, 0xcf, 0x00, 0x04, 0x00, 0x08, 0x00, 0x00, 0x00,
        0xb1, 0x02, 0x00, 0x00, 0xaf, 0x02, 0x00, 0x00, 0x08, 0x00, 0x04, 0x00, 0x02, 0x00, 0x00, 0x00,
        0xd2, 0x00, 0x00, 0x00, 0x00, 0x00, 0x00, 0x00, 0xd0, 0x00, 0x04, 0x00, 0x08, 0x00, 0x00, 0x00,
        0xb3, 0x02, 0x00, 0x00, 0xaf, 0x02, 0x00, 0x00, 0x08, 0x00, 0x04, 0x00, 0x02, 0x00, 0x00, 0x00,
        0xd3, 0x00, 0x00, 0x00, 0x00, 0x00, 0x00, 0x00, 0x85, 0x00, 0x05, 0x00, 0x08, 0x00, 0x00, 0x00,
        0xb6, 0x02, 0x00, 0x00, 0xb1, 0x02, 0x00, 0x00, 0xb1, 0x02, 0x00, 0x00, 0x85, 0x00, 0x05, 0x00,
        0x08, 0x00, 0x00, 0x00, 0xb9, 0x02, 0x00, 0x00, 0xb3, 0x02, 0x00, 0x00, 0xb3, 0x02, 0x00, 0x00,
        0x81, 0x00, 0x05, 0x00, 0x08, 0x00, 0x00, 0x00, 0xba, 0x02, 0x00, 0x00, 0xb6, 0x02, 0x00, 0x00,
        0xb9, 0x02, 0x00, 0x00, 0x0c, 0x00, 0x06, 0x00, 0x08, 0x00, 0x00, 0x00, 0xbb, 0x02, 0x00, 0x00,
        0x03, 0x00, 0x00, 0x00, 0x1f, 0x00, 0x00, 0x00, 0xba, 0x02, 0x00, 0x00, 0x08, 0x00, 0x04, 0x00,
        0x02, 0x00, 0x00, 0x00, 0xd4, 0x00, 0x00, 0x00, 0x00, 0x00, 0x00, 0x00, 0x41, 0x00, 0x05, 0x00,
        0x85, 0x00, 0x00, 0x00, 0xbc, 0x02, 0x00, 0x00, 0x82, 0x00, 0x00, 0x00, 0x84, 0x00, 0x00, 0x00,
        0x3d, 0x00, 0x04, 0x00, 0x08, 0x00, 0x00, 0x00, 0xbd, 0x02, 0x00, 0x00, 0xbc, 0x02, 0x00, 0x00,
        0x0c, 0x00, 0x08, 0x00, 0x08, 0x00, 0x00, 0x00, 0xc0, 0x02, 0x00, 0x00, 0x03, 0x00, 0x00, 0x00,
        0x2b, 0x00, 0x00, 0x00, 0xbb, 0x02, 0x00, 0x00, 0x4d, 0x00, 0x00, 0x00, 0x8a, 0x00, 0x00, 0x00,
        0x81, 0x00, 0x05, 0x00, 0x08, 0x00, 0x00, 0x00, 0xc1, 0x02, 0x00, 0x00, 0xbd, 0x02, 0x00, 0x00,
        0xc0, 0x02, 0x00, 0x00, 0x08, 0x00, 0x04, 0x00, 0x02, 0x00, 0x00, 0x00, 0xd6, 0x00, 0x00, 0x00,
        0x00, 0x00, 0x00, 0x00, 0x83, 0x00, 0x05, 0x00, 0x08, 0x00, 0x00, 0x00, 0xc4, 0x02, 0x00, 0x00,
        0xaf, 0x02, 0x00, 0x00, 0xc1, 0x02, 0x00, 0x00, 0x08, 0x00, 0x04, 0x00, 0x02, 0x00, 0x00, 0x00,
        0xd9, 0x00, 0x00, 0x00, 0x00, 0x00, 0x00, 0x00, 0xb8, 0x00, 0x05, 0x00, 0x11, 0x00, 0x00, 0x00,
        0xc7, 0x02, 0x00, 0x00, 0xaa, 0x02, 0x00, 0x00, 0xc4, 0x02, 0x00, 0x00, 0x08, 0x00, 0x04, 0x00,
        0x02, 0x00, 0x00, 0x00, 0xdf, 0x00, 0x00, 0x00, 0x00, 0x00, 0x00, 0x00, 0xf9, 0x00, 0x02, 0x00,
        0xcb, 0x02, 0x00, 0x00, 0xf8, 0x00, 0x02, 0x00, 0xca, 0x02, 0x00, 0x00, 0x08, 0x00, 0x04, 0x00,
        0x02, 0x00, 0x00, 0x00, 0xe1, 0x00, 0x00, 0x00, 0x00, 0x00, 0x00, 0x00, 0xf9, 0x00, 0x02, 0x00,
        0xcb, 0x02, 0x00, 0x00, 0xf8, 0x00, 0x02, 0x00, 0xcb, 0x02, 0x00, 0x00, 0xf5, 0x00, 0x07, 0x00,
        0x11, 0x00, 0x00, 0x00, 0xe0, 0x02, 0x00, 0x00, 0xc7, 0x02, 0x00, 0x00, 0xa4, 0x02, 0x00, 0x00,
        0x2f, 0x00, 0x00, 0x00, 0xca, 0x02, 0x00, 0x00, 0x08, 0x00, 0x04, 0x00, 0x02, 0x00, 0x00, 0x00,
        0x07, 0x01, 0x00, 0x00, 0x00, 0x00, 0x00, 0x00, 0xf7, 0x00, 0x03, 0x00, 0xcc, 0x01, 0x00, 0x00,
        0x00, 0x00, 0x00, 0x00, 0xfa, 0x00, 0x04, 0x00, 0xa3, 0x02, 0x00, 0x00, 0xca, 0x01, 0x00, 0x00,
        0xcc, 0x01, 0x00, 0x00, 0xf8, 0x00, 0x02, 0x00, 0xca, 0x01, 0x00, 0x00, 0x08, 0x00, 0x04, 0x00,
        0x02, 0x00, 0x00, 0x00, 0x07, 0x01, 0x00, 0x00, 0x00, 0x00, 0x00, 0x00, 0xf9, 0x00, 0x02, 0x00,
        0xd1, 0x01, 0x00, 0x00, 0xf8, 0x00, 0x02, 0x00, 0xcc, 0x01, 0x00, 0x00, 0xf9, 0x00, 0x02, 0x00,
        0xcd, 0x01, 0x00, 0x00, 0xf8, 0x00, 0x02, 0x00, 0xcd, 0x01, 0x00, 0x00, 0xf9, 0x00, 0x02, 0x00,
        0xce, 0x01, 0x00, 0x00, 0xf8, 0x00, 0x02, 0x00, 0xce, 0x01, 0x00, 0x00, 0xf9, 0x00, 0x02, 0x00,
        0xcf, 0x01, 0x00, 0x00, 0xf8, 0x00, 0x02, 0x00, 0xcf, 0x01, 0x00, 0x00, 0xf9, 0x00, 0x02, 0x00,
        0xd0, 0x01, 0x00, 0x00, 0xf8, 0x00, 0x02, 0x00, 0xd0, 0x01, 0x00, 0x00, 0x08, 0x00, 0x04, 0x00,
        0x02, 0x00, 0x00, 0x00, 0x0d, 0x01, 0x00, 0x00, 0x00, 0x00, 0x00, 0x00, 0xf9, 0x00, 0x02, 0x00,
        0xd1, 0x01, 0x00, 0x00, 0xf8, 0x00, 0x02, 0x00, 0xd1, 0x01, 0x00, 0x00, 0xf5, 0x00, 0x0b, 0x00,
        0x11, 0x00, 0x00, 0x00, 0xe2, 0x02, 0x00, 0x00, 0xda, 0x02, 0x00, 0x00, 0xaa, 0x01, 0x00, 0x00,
        0xdd, 0x02, 0x00, 0x00, 0xba, 0x01, 0x00, 0x00, 0xe0, 0x02, 0x00, 0x00, 0xca, 0x01, 0x00, 0x00,
        0x2f, 0x00, 0x00, 0x00, 0xd0, 0x01, 0x00, 0x00, 0x08, 0x00, 0x04, 0x00, 0x02, 0x00, 0x00, 0x00,
        0x18, 0x01, 0x00, 0x00, 0x00, 0x00, 0x00, 0x00, 0xf7, 0x00, 0x03, 0x00, 0x76, 0x01, 0x00, 0x00,
        0x00, 0x00, 0x00, 0x00, 0xfa, 0x00, 0x04, 0x00, 0xe2, 0x02, 0x00, 0x00, 0x73, 0x01, 0x00, 0x00,
        0x76, 0x01, 0x00, 0x00, 0xf8, 0x00, 0x02, 0x00, 0x73, 0x01, 0x00, 0x00, 0x08, 0x00, 0x04, 0x00,
        0x02, 0x00, 0x00, 0x00, 0x1a, 0x01, 0x00, 0x00, 0x00, 0x00, 0x00, 0x00, 0x85, 0x00, 0x05, 0x00,
        0x1c, 0x00, 0x00, 0x00, 0x75, 0x01, 0x00, 0x00, 0x50, 0x01, 0x00, 0x00, 0x0a, 0x01, 0x00, 0x00,
        0xf9, 0x00, 0x02, 0x00, 0x76, 0x01, 0x00, 0x00, 0xf8, 0x00, 0x02, 0x00, 0x76, 0x01, 0x00, 0x00,
        0xf5, 0x00, 0x07, 0x00, 0x1c, 0x00, 0x00, 0x00, 0xee, 0x02, 0x00, 0x00, 0x50, 0x01, 0x00, 0x00,
        0xd1, 0x01, 0x00, 0x00, 0x75, 0x01, 0x00, 0x00, 0x73, 0x01, 0x00, 0x00, 0x08, 0x00, 0x04, 0x00,
        0x01, 0x00, 0x00, 0x00, 0x39, 0x00, 0x00, 0x00, 0x00, 0x00, 0x00, 0x00, 0x41, 0x00, 0x05, 0x00,
        0xef, 0x02, 0x00, 0x00, 0xd8, 0x02, 0x00, 0x00, 0x37, 0x01, 0x00, 0x00, 0x3c, 0x00, 0x00, 0x00,
        0x3d, 0x00, 0x04, 0x00, 0x08, 0x00, 0x00, 0x00, 0x68, 0x01, 0x00, 0x00, 0xd8, 0x02, 0x00, 0x00,
        0x51, 0x00, 0x05, 0x00, 0x08, 0x00, 0x00, 0x00, 0x69, 0x01, 0x00, 0x00, 0xee, 0x02, 0x00, 0x00,
        0x00, 0x00, 0x00, 0x00, 0x51, 0x00, 0x05, 0x00, 0x08, 0x00, 0x00, 0x00, 0x6a, 0x01, 0x00, 0x00,
        0xee, 0x02, 0x00, 0x00, 0x01, 0x00, 0x00, 0x00, 0x51, 0x00, 0x05, 0x00, 0x08, 0x00, 0x00, 0x00,
        0x6b, 0x01, 0x00, 0x00, 0xee, 0x02, 0x00, 0x00, 0x02, 0x00, 0x00, 0x00, 0x50, 0x00, 0x07, 0x00,
        0x09, 0x00, 0x00, 0x00, 0x6c, 0x01, 0x00, 0x00, 0x69, 0x01, 0x00, 0x00, 0x6a, 0x01, 0x00, 0x00,
        0x6b, 0x01, 0x00, 0x00, 0x68, 0x01, 0x00, 0x00, 0x08, 0x00, 0x04, 0x00, 0x01, 0x00, 0x00, 0x00,
        0x31, 0x00, 0x00, 0x00, 0x00, 0x00, 0x00, 0x00, 0x3e, 0x00, 0x03, 0x00, 0x3e, 0x01, 0x00, 0x00,
        0x6c, 0x01, 0x00, 0x00, 0xfd, 0x00, 0x01, 0x00, 0x38, 0x00, 0x01, 0x00,
    };

    /// <summary>HLSL, compiled by sokol's D3D11 backend.</summary>
    private const string PixelHlsl =
"""
cbuffer _Global : register(b0)
{
    column_major float4x4 _130_LightViewProj0 : packoffset(c0);
    column_major float4x4 _130_LightViewProj1 : packoffset(c4);
    column_major float4x4 _130_LightViewProj2 : packoffset(c8);
    float _130_DepthBias : packoffset(c12);
    float _130_NumCascades : packoffset(c12.y);
    float3 _130_LightDirection : packoffset(c13);
    column_major float4x4 _130_WorldView : packoffset(c14);
    column_major float4x4 _130_WorldViewProj : packoffset(c18);
    float3 _130_FogColor : packoffset(c22);
    float _130_FogDistance : packoffset(c22.w);
    float _130_FogLogDensity : packoffset(c23);
};

Texture2D<float4> ShadowMap0 : register(t0);
SamplerState ShadowMapSampler0 : register(s0);
Texture2D<float4> ShadowMap1 : register(t1);
SamplerState ShadowMapSampler1 : register(s1);
Texture2D<float4> ShadowMap2 : register(t2);
SamplerState ShadowMapSampler2 : register(s2);

static float4 input_Color;
static float4 input_WorldPos;
static float4 _entryPointOutput;

struct SPIRV_Cross_Input
{
    float4 input_Color : TEXCOORD0;
    float4 input_WorldPos : TEXCOORD1;
};

struct SPIRV_Cross_Output
{
    float4 _entryPointOutput : SV_Target0;
};

void frag_main()
{
    float3 _340 = ddx(input_WorldPos.xyz);
    float3 _344 = ddy(input_WorldPos.xyz);
    float4 _353 = float4(input_WorldPos.xyz, 1.0f);
    bool _738;
    do
    {
        if (_130_NumCascades > 0.0f)
        {
            if (abs(dot(normalize(cross(_340, _344)), _130_LightDirection)) >= 0.0500000007450580596923828125f)
            {
                float4 _478 = mul(_353, _130_LightViewProj0);
                float _483 = _478.w;
                float2 _486 = ((_478.xy * 0.5f) / _483.xx) + 0.5f.xx;
                float _489 = 1.0f - _486.y;
                float2 _755 = _486;
                _755.y = _489;
                float _492 = _486.x;
                float _507 = _478.z;
                bool _509 = ((((_492 >= 0.0f) && (_492 <= 1.0f)) && (_489 >= 0.0f)) && (_489 <= 1.0f)) && (_507 > 0.0f);
                bool _730;
                if (_509)
                {
                    float _521 = _507 / _483;
                    float _523 = ddx(_521);
                    float _525 = ddy(_521);
                    _730 = ShadowMap0.Sample(ShadowMapSampler0, _755).x < (_521 - (_130_DepthBias + clamp(sqrt((_523 * _523) + (_525 * _525)), 0.0f, 0.00999999977648258209228515625f)));
                }
                else
                {
                    _730 = false;
                }
                if (_509)
                {
                    _738 = _730;
                    break;
                }
                if (_130_NumCascades > 1.0f)
                {
                    float4 _561 = mul(_353, _130_LightViewProj1);
                    float _566 = _561.w;
                    float2 _569 = ((_561.xy * 0.5f) / _566.xx) + 0.5f.xx;
                    float _572 = 1.0f - _569.y;
                    float2 _766 = _569;
                    _766.y = _572;
                    float _575 = _569.x;
                    float _590 = _561.z;
                    bool _592 = ((((_575 >= 0.0f) && (_575 <= 1.0f)) && (_572 >= 0.0f)) && (_572 <= 1.0f)) && (_590 > 0.0f);
                    bool _733;
                    if (_592)
                    {
                        float _604 = _590 / _566;
                        float _606 = ddx(_604);
                        float _608 = ddy(_604);
                        _733 = ShadowMap1.Sample(ShadowMapSampler1, _766).x < (_604 - (_130_DepthBias + clamp(sqrt((_606 * _606) + (_608 * _608)), 0.0f, 0.00999999977648258209228515625f)));
                    }
                    else
                    {
                        _733 = false;
                    }
                    if (_592)
                    {
                        _738 = _733;
                        break;
                    }
                    if (_130_NumCascades > 2.0f)
                    {
                        float4 _644 = mul(_353, _130_LightViewProj2);
                        float _649 = _644.w;
                        float2 _652 = ((_644.xy * 0.5f) / _649.xx) + 0.5f.xx;
                        float _655 = 1.0f - _652.y;
                        float2 _777 = _652;
                        _777.y = _655;
                        float _658 = _652.x;
                        float _673 = _644.z;
                        bool _675 = ((((_658 >= 0.0f) && (_658 <= 1.0f)) && (_655 >= 0.0f)) && (_655 <= 1.0f)) && (_673 > 0.0f);
                        bool _736;
                        if (_675)
                        {
                            float _687 = _673 / _649;
                            float _689 = ddx(_687);
                            float _691 = ddy(_687);
                            _736 = ShadowMap2.Sample(ShadowMapSampler2, _777).x < (_687 - (_130_DepthBias + clamp(sqrt((_689 * _689) + (_691 * _691)), 0.0f, 0.00999999977648258209228515625f)));
                        }
                        else
                        {
                            _736 = false;
                        }
                        if (_675)
                        {
                            _738 = _736;
                            break;
                        }
                    }
                }
            }
        }
        _738 = false;
        break;
    } while(false);
    float3 _750;
    if (_738)
    {
        _750 = input_Color.xyz * 0.5f.xxx;
    }
    else
    {
        _750 = input_Color.xyz;
    }
    _entryPointOutput = float4(_750, input_Color.w);
}

SPIRV_Cross_Output main(SPIRV_Cross_Input stage_input)
{
    input_Color = stage_input.input_Color;
    input_WorldPos = stage_input.input_WorldPos;
    frag_main();
    SPIRV_Cross_Output stage_output;
    stage_output._entryPointOutput = _entryPointOutput;
    return stage_output;
}
""";

    /// <summary>Metal Shading Language, compiled by sokol's Metal backend.</summary>
    private const string PixelMsl =
"""
#include <metal_stdlib>
#include <simd/simd.h>

using namespace metal;

struct _Global
{
    float4x4 LightViewProj0;
    float4x4 LightViewProj1;
    float4x4 LightViewProj2;
    float DepthBias;
    float NumCascades;
    float3 LightDirection;
    float4x4 WorldView;
    float4x4 WorldViewProj;
    packed_float3 FogColor;
    float FogDistance;
    float FogLogDensity;
};

struct main0_out
{
    float4 _entryPointOutput [[color(0)]];
};

struct main0_in
{
    float4 input_Color [[user(locn0)]];
    float4 input_WorldPos [[user(locn1)]];
};

fragment main0_out main0(main0_in in [[stage_in]], constant _Global& _130 [[buffer(0)]], texture2d<float> ShadowMap0 [[texture(0)]], texture2d<float> ShadowMap1 [[texture(1)]], texture2d<float> ShadowMap2 [[texture(2)]], sampler ShadowMapSampler0 [[sampler(0)]], sampler ShadowMapSampler1 [[sampler(1)]], sampler ShadowMapSampler2 [[sampler(2)]])
{
    main0_out out = {};
    float3 _340 = dfdx(in.input_WorldPos.xyz);
    float3 _344 = dfdy(in.input_WorldPos.xyz);
    float4 _353 = float4(in.input_WorldPos.xyz, 1.0);
    bool _738;
    do
    {
        if (_130.NumCascades > 0.0)
        {
            if (abs(dot(fast::normalize(cross(_340, _344)), _130.LightDirection)) >= 0.0500000007450580596923828125)
            {
                float4 _478 = _353 * _130.LightViewProj0;
                float _483 = _478.w;
                float2 _486 = ((_478.xy * 0.5) / float2(_483)) + float2(0.5);
                float _489 = 1.0 - _486.y;
                float2 _755 = _486;
                _755.y = _489;
                float _492 = _486.x;
                float _507 = _478.z;
                bool _509 = ((((_492 >= 0.0) && (_492 <= 1.0)) && (_489 >= 0.0)) && (_489 <= 1.0)) && (_507 > 0.0);
                bool _730;
                if (_509)
                {
                    float _521 = _507 / _483;
                    float _523 = dfdx(_521);
                    float _525 = dfdy(_521);
                    _730 = ShadowMap0.sample(ShadowMapSampler0, _755).x < (_521 - (_130.DepthBias + fast::clamp(sqrt((_523 * _523) + (_525 * _525)), 0.0, 0.00999999977648258209228515625)));
                }
                else
                {
                    _730 = false;
                }
                if (_509)
                {
                    _738 = _730;
                    break;
                }
                if (_130.NumCascades > 1.0)
                {
                    float4 _561 = _353 * _130.LightViewProj1;
                    float _566 = _561.w;
                    float2 _569 = ((_561.xy * 0.5) / float2(_566)) + float2(0.5);
                    float _572 = 1.0 - _569.y;
                    float2 _766 = _569;
                    _766.y = _572;
                    float _575 = _569.x;
                    float _590 = _561.z;
                    bool _592 = ((((_575 >= 0.0) && (_575 <= 1.0)) && (_572 >= 0.0)) && (_572 <= 1.0)) && (_590 > 0.0);
                    bool _733;
                    if (_592)
                    {
                        float _604 = _590 / _566;
                        float _606 = dfdx(_604);
                        float _608 = dfdy(_604);
                        _733 = ShadowMap1.sample(ShadowMapSampler1, _766).x < (_604 - (_130.DepthBias + fast::clamp(sqrt((_606 * _606) + (_608 * _608)), 0.0, 0.00999999977648258209228515625)));
                    }
                    else
                    {
                        _733 = false;
                    }
                    if (_592)
                    {
                        _738 = _733;
                        break;
                    }
                    if (_130.NumCascades > 2.0)
                    {
                        float4 _644 = _353 * _130.LightViewProj2;
                        float _649 = _644.w;
                        float2 _652 = ((_644.xy * 0.5) / float2(_649)) + float2(0.5);
                        float _655 = 1.0 - _652.y;
                        float2 _777 = _652;
                        _777.y = _655;
                        float _658 = _652.x;
                        float _673 = _644.z;
                        bool _675 = ((((_658 >= 0.0) && (_658 <= 1.0)) && (_655 >= 0.0)) && (_655 <= 1.0)) && (_673 > 0.0);
                        bool _736;
                        if (_675)
                        {
                            float _687 = _673 / _649;
                            float _689 = dfdx(_687);
                            float _691 = dfdy(_687);
                            _736 = ShadowMap2.sample(ShadowMapSampler2, _777).x < (_687 - (_130.DepthBias + fast::clamp(sqrt((_689 * _689) + (_691 * _691)), 0.0, 0.00999999977648258209228515625)));
                        }
                        else
                        {
                            _736 = false;
                        }
                        if (_675)
                        {
                            _738 = _736;
                            break;
                        }
                    }
                }
            }
        }
        _738 = false;
        break;
    } while(false);
    float3 _750;
    if (_738)
    {
        _750 = in.input_Color.xyz * float3(0.5);
    }
    else
    {
        _750 = in.input_Color.xyz;
    }
    out._entryPointOutput = float4(_750, in.input_Color.w);
    return out;
}
""";

    /// <summary>GLSL, compiled by sokol's GL backend.</summary>
    private const string PixelGlsl =
"""
#version 410
#ifdef GL_ARB_shading_language_420pack
#extension GL_ARB_shading_language_420pack : require
#endif

struct _Global
{
    mat4 LightViewProj0;
    mat4 LightViewProj1;
    mat4 LightViewProj2;
    float DepthBias;
    float NumCascades;
    vec3 LightDirection;
    mat4 WorldView;
    mat4 WorldViewProj;
    vec3 FogColor;
    float FogDistance;
    float FogLogDensity;
};

uniform _Global _130;

uniform sampler2D _779;
uniform sampler2D _781;
uniform sampler2D _783;

layout(location = 0) in vec4 input_Color;
layout(location = 1) in vec4 input_WorldPos;
layout(location = 0) out vec4 _entryPointOutput;

mat4 spvWorkaroundRowMajor(mat4 wrap) { return wrap; }

void main()
{
    vec3 _340 = dFdx(input_WorldPos.xyz);
    vec3 _344 = dFdy(input_WorldPos.xyz);
    vec4 _353 = vec4(input_WorldPos.xyz, 1.0);
    bool _738;
    do
    {
        if (_130.NumCascades > 0.0)
        {
            if (abs(dot(normalize(cross(_340, _344)), _130.LightDirection)) >= 0.0500000007450580596923828125)
            {
                vec4 _478 = spvWorkaroundRowMajor(_130.LightViewProj0) * _353;
                float _483 = _478.w;
                vec2 _486 = ((_478.xy * 0.5) / vec2(_483)) + vec2(0.5);
                float _489 = 1.0 - _486.y;
                vec2 _755 = _486;
                _755.y = _489;
                float _492 = _486.x;
                float _507 = _478.z;
                bool _509 = ((((_492 >= 0.0) && (_492 <= 1.0)) && (_489 >= 0.0)) && (_489 <= 1.0)) && (_507 > 0.0);
                bool _730;
                if (_509)
                {
                    float _521 = _507 / _483;
                    float _523 = dFdx(_521);
                    float _525 = dFdy(_521);
                    _730 = texture(_779, _755).x < (_521 - (_130.DepthBias + clamp(sqrt((_523 * _523) + (_525 * _525)), 0.0, 0.00999999977648258209228515625)));
                }
                else
                {
                    _730 = false;
                }
                if (_509)
                {
                    _738 = _730;
                    break;
                }
                if (_130.NumCascades > 1.0)
                {
                    vec4 _561 = spvWorkaroundRowMajor(_130.LightViewProj1) * _353;
                    float _566 = _561.w;
                    vec2 _569 = ((_561.xy * 0.5) / vec2(_566)) + vec2(0.5);
                    float _572 = 1.0 - _569.y;
                    vec2 _766 = _569;
                    _766.y = _572;
                    float _575 = _569.x;
                    float _590 = _561.z;
                    bool _592 = ((((_575 >= 0.0) && (_575 <= 1.0)) && (_572 >= 0.0)) && (_572 <= 1.0)) && (_590 > 0.0);
                    bool _733;
                    if (_592)
                    {
                        float _604 = _590 / _566;
                        float _606 = dFdx(_604);
                        float _608 = dFdy(_604);
                        _733 = texture(_781, _766).x < (_604 - (_130.DepthBias + clamp(sqrt((_606 * _606) + (_608 * _608)), 0.0, 0.00999999977648258209228515625)));
                    }
                    else
                    {
                        _733 = false;
                    }
                    if (_592)
                    {
                        _738 = _733;
                        break;
                    }
                    if (_130.NumCascades > 2.0)
                    {
                        vec4 _644 = spvWorkaroundRowMajor(_130.LightViewProj2) * _353;
                        float _649 = _644.w;
                        vec2 _652 = ((_644.xy * 0.5) / vec2(_649)) + vec2(0.5);
                        float _655 = 1.0 - _652.y;
                        vec2 _777 = _652;
                        _777.y = _655;
                        float _658 = _652.x;
                        float _673 = _644.z;
                        bool _675 = ((((_658 >= 0.0) && (_658 <= 1.0)) && (_655 >= 0.0)) && (_655 <= 1.0)) && (_673 > 0.0);
                        bool _736;
                        if (_675)
                        {
                            float _687 = _673 / _649;
                            float _689 = dFdx(_687);
                            float _691 = dFdy(_687);
                            _736 = texture(_783, _777).x < (_687 - (_130.DepthBias + clamp(sqrt((_689 * _689) + (_691 * _691)), 0.0, 0.00999999977648258209228515625)));
                        }
                        else
                        {
                            _736 = false;
                        }
                        if (_675)
                        {
                            _738 = _736;
                            break;
                        }
                    }
                }
            }
        }
        _738 = false;
        break;
    } while(false);
    vec3 _750;
    if (_738)
    {
        _750 = input_Color.xyz * vec3(0.5);
    }
    else
    {
        _750 = input_Color.xyz;
    }
    _entryPointOutput = vec4(_750, input_Color.w);
}
""";

    /// <summary>
    /// Builds this program's modules and reflection. The reflection is parsed once here,
    /// not re-derived from source at runtime.
    /// </summary>
    public static MountainsProgram Create() => new(
        new ShaderStageSources(
            VertexSpirv,
            VertexHlsl,
            VertexMsl,
            VertexGlsl),
        new ShaderStageSources(
            PixelSpirv,
            PixelHlsl,
            PixelMsl,
            PixelGlsl),
        new ShaderReflection
        {
            Uniforms = new UniformParam[]
            {
                new("LightViewProj0", 0, 64, UniformType.Matrix4x4),
                new("LightViewProj1", 64, 64, UniformType.Matrix4x4),
                new("LightViewProj2", 128, 64, UniformType.Matrix4x4),
                new("DepthBias", 192, 4, UniformType.Float),
                new("NumCascades", 196, 4, UniformType.Float),
                new("LightDirection", 208, 12, UniformType.Vector3),
                new("WorldView", 224, 64, UniformType.Matrix4x4),
                new("WorldViewProj", 288, 64, UniformType.Matrix4x4),
                new("FogColor", 352, 12, UniformType.Vector3),
                new("FogDistance", 364, 4, UniformType.Float),
                new("FogLogDensity", 368, 4, UniformType.Float),
            },
            Textures = new ResourceBinding[]
            {
                new("ShadowMap0", 0),
                new("ShadowMap1", 1),
                new("ShadowMap2", 2),
            },
            Samplers = new ResourceBinding[]
            {
                new("ShadowMapSampler0", 0),
                new("ShadowMapSampler1", 1),
                new("ShadowMapSampler2", 2),
            },
        }
    );

    /// <summary>Resolves this program's uniform slots against a built pipeline's reflection.</summary>
    public readonly struct MountainsParameters
    {
        internal MountainsParameters(ShaderReflection reflection)
        {
            LightViewProj0 = SlotOf(reflection, "LightViewProj0");
            LightViewProj1 = SlotOf(reflection, "LightViewProj1");
            LightViewProj2 = SlotOf(reflection, "LightViewProj2");
            DepthBias = SlotOf(reflection, "DepthBias");
            NumCascades = SlotOf(reflection, "NumCascades");
            LightDirection = SlotOf(reflection, "LightDirection");
            WorldView = SlotOf(reflection, "WorldView");
            WorldViewProj = SlotOf(reflection, "WorldViewProj");
            FogColor = SlotOf(reflection, "FogColor");
            FogDistance = SlotOf(reflection, "FogDistance");
            FogLogDensity = SlotOf(reflection, "FogLogDensity");
        }

        public int LightViewProj0 { get; }
        public int LightViewProj1 { get; }
        public int LightViewProj2 { get; }
        public int DepthBias { get; }
        public int NumCascades { get; }
        public int LightDirection { get; }
        public int WorldView { get; }
        public int WorldViewProj { get; }
        public int FogColor { get; }
        public int FogDistance { get; }
        public int FogLogDensity { get; }

        private static int SlotOf(ShaderReflection reflection, string name)
        {
            foreach (var uniform in reflection.Uniforms)
            {
                if (uniform.Name == name) return uniform.Offset;
            }
            return -1;
        }
    }

    public sealed record MountainsProgram(
        ShaderStageSources Vertex,
        ShaderStageSources Pixel,
        ShaderReflection Reflection)
    {
        public ReadOnlyMemory<byte> VertexSpirv => Vertex.Spirv;
        public ReadOnlyMemory<byte> PixelSpirv => Pixel.Spirv;

        public MountainsParameters Bind() => new(Reflection);
    }
}
